0.6825173497200012,0.7345579862594604,-3.092275235871966e-08,0.6635202169418335,0.6791421175003052,0.011923674494028091,0.6301097869873047,0.6272516250610352,0.012201335281133652,0.5984379649162292,0.5952898263931274,0.00932594109326601,0.5721432566642761,0.5780957341194153,0.004122111015021801,0.6258571743965149,0.5961005687713623,-0.008042018860578537,0.574338972568512,0.5362597107887268,-0.021767310798168182,0.5431496500968933,0.49549514055252075,-0.030211543664336205,0.5189443230628967,0.4625774621963501,-0.036208346486091614,0.6247621178627014,0.6071927547454834,-0.02324840985238552,0.5659551620483398,0.5396971702575684,-0.03562648221850395,0.5329915881156921,0.49633848667144775,-0.042705733329057693,0.5086571574211121,0.46096861362457275,-0.048362165689468384,0.619637668132782,0.6297370791435242,-0.037269726395606995,0.5657936930656433,0.5695116519927979,-0.049609750509262085,0.5339102149009705,0.5313355922698975,-0.05626890808343887,0.511634349822998,0.4988023042678833,-0.06103859841823578,0.6115285754203796,0.6628588438034058,-0.04971959441900253,0.5676711797714233,0.624971330165863,-0.06319621950387955,0.5401875376701355,0.6005598306655884,-0.06824814528226852,0.5173872709274292,0.5783317685127258,-0.07123501598834991,0.34401634335517883,0.7433856129646301,2.63849926795956e-07,0.3789912760257721,0.6942120790481567,0.013171586208045483,0.4056173861026764,0.6366069912910461,0.013516426086425781,0.4303557872772217,0.6047026515007019,0.008253722451627254,0.45009130239486694,0.581337034702301,0.0021213521249592304,0.38526105880737305,0.5799076557159424,-0.0008697605226188898,0.44082048535346985,0.5300801396369934,-0.014916010200977325,0.4734768569469452,0.49864885210990906,-0.023835331201553345,0.4971832036972046,0.469661146402359,-0.029974695295095444,0.382485032081604,0.5892266035079956,-0.019065769389271736,0.4454238712787628,0.5334981679916382,-0.03536942973732948,0.4808006286621094,0.49445033073425293,-0.046177733689546585,0.5065279006958008,0.45889049768447876,-0.052722152322530746,0.3881368041038513,0.6143097281455994,-0.03669752553105354,0.44845113158226013,0.5589802265167236,-0.05172980576753616,0.4825577437877655,0.5214396119117737,-0.06103873997926712,0.5067708492279053,0.48811542987823486,-0.06647995114326477,0.40062084794044495,0.6521466374397278,-0.05324176326394081,0.44973644614219666,0.6193934679031372,-0.06451558321714401,0.4784888029098511,0.5972815155982971,-0.06947055459022522,0.5023494958877563,0.5771040320396423,-0.0726424902677536
0.684762716293335,0.7347010374069214,1.967639207123284e-08,0.6667463779449463,0.6834567785263062,0.010421070270240307,0.6325112581253052,0.6295494437217712,0.010975034907460213,0.6014086604118347,0.5941066145896912,0.00874609500169754,0.5760842561721802,0.5741525888442993,0.0044482918456196785,0.6280294060707092,0.6000902652740479,-0.007921119220554829,0.5780885815620422,0.5398365259170532,-0.021267300471663475,0.5459378361701965,0.49658775329589844,-0.029488401487469673,0.5208404064178467,0.4624074697494507,-0.03561662137508392,0.62657630443573,0.6089867949485779,-0.022584516555070877,0.568909764289856,0.539120078086853,-0.03431626781821251,0.5360556244850159,0.4937417209148407,-0.041289545595645905,0.5114628076553345,0.45623311400413513,-0.046911969780921936,0.6206225156784058,0.6307485699653625,-0.03624988719820976,0.5666728019714355,0.5677272081375122,-0.04863031953573227,0.534186065196991,0.5289068222045898,-0.055636242032051086,0.5111366510391235,0.49475812911987305,-0.06066317483782768,0.6111901998519897,0.6648209095001221,-0.048499103635549545,0.5683570504188538,0.6265212297439575,-0.06300586462020874,0.5408241152763367,0.6015062928199768,-0.06914091855287552,0.5174867510795593,0.5783851146697998,-0.07279985398054123,0.34798794984817505,0.7334741353988647,2.8313934308243915e-07,0.3786928057670593,0.6820299625396729,0.013281740248203278,0.4058164358139038,0.6301714777946472,0.012796382419764996,0.43250811100006104,0.6028687953948975,0.0068198759108781815,0.45274344086647034,0.5819494128227234,-0.00022041490592528135,0.38585764169692993,0.5758093595504761,-0.003027958096936345,0.4402518570423126,0.5273202657699585,-0.017783723771572113,0.4727984666824341,0.49593326449394226,-0.027111975476145744,0.49602657556533813,0.4663280248641968,-0.03325214982032776,0.38258296251296997,0.5852525234222412,-0.021372146904468536,0.4453642666339874,0.5307436585426331,-0.03779103234410286,0.48058611154556274,0.492676705121994,-0.04836887866258621,0.5055951476097107,0.4581111669540405,-0.05475904420018196,0.38737326860427856,0.6095252633094788,-0.03894329443573952,0.44761142134666443,0.5575056076049805,-0.0540938675403595,0.48175162076950073,0.5202621817588806,-0.06317393481731415,0.5052393674850464,0.48779189586639404,-0.06839366257190704,0.3992152214050293,0.645654559135437,-0.05535438284277916,0.44960206747055054,0.615086555480957,-0.06626765429973602,0.47922003269195557,0.5953157544136047,-0.0705636665225029,0.5033178925514221,0.5777190923690796,-0.07328178733587265
0.687076210975647,0.7255075573921204,9.103855802550243e-08,0.6669945120811462,0.6770001649856567,0.00837091263383627,0.6316914558410645,0.6221485733985901,0.0063562639988958836,0.6001926064491272,0.586659848690033,0.0018966647330671549,0.5734760165214539,0.5647517442703247,-0.004833229351788759,0.6314221620559692,0.5938047766685486,-0.014006011188030243,0.5829193592071533,0.5401663780212402,-0.030337901785969734,0.5493577718734741,0.49920064210891724,-0.041641686111688614,0.5229624509811401,0.46545782685279846,-0.050240740180015564,0.6294721961021423,0.6041802763938904,-0.0293788630515337,0.5744075179100037,0.5398582816123962,-0.04621386528015137,0.5366420745849609,0.4950777292251587,-0.05819282680749893,0.5083436369895935,0.4592035412788391,-0.06711176037788391,0.6243524551391602,0.6286802887916565,-0.04315638542175293,0.5701411962509155,0.5676190853118896,-0.059450484812259674,0.5327495336532593,0.5267707705497742,-0.06845457851886749,0.5072237253189087,0.49184006452560425,-0.0743531584739685,0.6159026026725769,0.6640108823776245,-0.05542765557765961,0.5718549489974976,0.6249197125434875,-0.07245431840419769,0.5419880747795105,0.5986183285713196,-0.07876617461442947,0.5178332328796387,0.5752631425857544,-0.08220791816711426,0.3467950224876404,0.7120011448860168,3.205334166977991e-07,0.3681468665599823,0.6623693108558655,0.006573596503585577,0.3941088020801544,0.6121376752853394,0.004097609780728817,0.422654390335083,0.5874596238136292,-0.0023271229583770037,0.4446539580821991,0.5710933804512024,-0.008938277140259743,0.3839930593967438,0.5714733004570007,-0.007133280858397484,0.4374760389328003,0.5263069868087769,-0.02164359763264656,0.4694550335407257,0.4968501031398773,-0.029827933758497238,0.4916404187679291,0.4706052541732788,-0.035005632787942886,0.3829871714115143,0.5801206231117249,-0.02153083309531212,0.4435029923915863,0.5280663967132568,-0.03847039118409157,0.4777573347091675,0.49270743131637573,-0.04826336354017258,0.5019413232803345,0.46124500036239624,-0.05340429022908211,0.3894982635974884,0.6040613651275635,-0.035724539309740067,0.44787681102752686,0.5493267178535461,-0.051906611770391464,0.47984233498573303,0.5142296552658081,-0.0604117251932621,0.501914381980896,0.4840517044067383,-0.06453050673007965,0.4021371603012085,0.640450656414032,-0.049283549189567566,0.45096245408058167,0.6107017397880554,-0.06182055547833443,0.4785604476928711,0.5902577638626099,-0.06719352304935455,0.5012297630310059,0.5709558129310608,-0.07004059851169586
0.6790013909339905,0.7226241827011108,1.6309419592630547e-08,0.6611619591712952,0.6731802821159363,0.006868564523756504,0.6278325915336609,0.6194027662277222,0.006175587885081768,0.5974796414375305,0.5834894180297852,0.0036088228225708008,0.5728020668029785,0.5621880292892456,-0.0007331501110456884,0.626350462436676,0.5910550951957703,-0.010309417732059956,0.5761130452156067,0.5344997644424438,-0.02391788922250271,0.5435175895690918,0.4930618405342102,-0.032694876194000244,0.5182706713676453,0.46025967597961426,-0.03911411017179489,0.6248726844787598,0.600940465927124,-0.022916452959179878,0.5671684741973877,0.5352811217308044,-0.03501329571008682,0.5327017903327942,0.4911884665489197,-0.042782146483659744,0.5069390535354614,0.4544839859008789,-0.048829592764377594,0.6187927722930908,0.6229224801063538,-0.0346667505800724,0.5651369690895081,0.5637720823287964,-0.04757941514253616,0.5323270559310913,0.5261779427528381,-0.05485241487622261,0.5094636082649231,0.4929357171058655,-0.05974500626325607,0.608940839767456,0.6566011309623718,-0.04522182419896126,0.5651624202728271,0.6203010678291321,-0.05988563597202301,0.5374294519424438,0.5965954065322876,-0.0657220259308815,0.5142130851745605,0.5743454098701477,-0.06893502175807953,0.34126079082489014,0.7318252325057983,2.9259618372634577e-07,0.3756966292858124,0.6828003525733948,0.01315054390579462,0.40321534872055054,0.6269404292106628,0.013847878202795982,0.4291386306285858,0.5953111052513123,0.00898370984941721,0.44884365797042847,0.570798933506012,0.003416216466575861,0.3828781843185425,0.5728738903999329,0.0007650672341696918,0.437490850687027,0.5283955931663513,-0.012517770752310753,0.4702363610267639,0.4977741837501526,-0.020747918635606766,0.49375954270362854,0.46932053565979004,-0.026334501802921295,0.37922200560569763,0.580430805683136,-0.01732971891760826,0.4426264464855194,0.5280777215957642,-0.03266609087586403,0.4773912727832794,0.4905964732170105,-0.04250096529722214,0.5022291541099548,0.4563608169555664,-0.048089005053043365,0.38433778285980225,0.6046881675720215,-0.03492356836795807,0.44579166173934937,0.5529282689094543,-0.04898922145366669,0.4796009659767151,0.5165808796882629,-0.05724875256419182,0.5033974051475525,0.48443081974983215,-0.0617835707962513,0.3968198597431183,0.6421430110931396,-0.0515131950378418,0.447314977645874,0.6101546287536621,-0.061632007360458374,0.47624731063842773,0.5890510082244873,-0.06568443775177002,0.4997352063655853,0.5692511200904846,-0.06811433285474777
0.6787558197975159,0.7221531867980957,2.4443643553695438e-08,0.660257875919342,0.6751639246940613,0.008485904894769192,0.6260451078414917,0.6251830458641052,0.007719194982200861,0.5940040349960327,0.5943025350570679,0.0046498593874275684,0.567982017993927,0.579340398311615,-0.0004820421163458377,0.6233572363853455,0.5931798815727234,-0.011778576299548149,0.5738133788108826,0.5374487042427063,-0.025934068486094475,0.5418300032615662,0.49774330854415894,-0.0349549725651741,0.5169826149940491,0.46588724851608276,-0.041555892676115036,0.6225565671920776,0.6025144457817078,-0.025369958952069283,0.5655511021614075,0.5379268527030945,-0.037766337394714355,0.5320602059364319,0.4953070282936096,-0.045565612614154816,0.5073354244232178,0.45983216166496277,-0.05176980048418045,0.6176245808601379,0.6247910857200623,-0.03780703246593475,0.5637789368629456,0.5647948384284973,-0.050931401550769806,0.5312862396240234,0.5284780263900757,-0.05857051536440849,0.5087502002716064,0.4967082142829895,-0.06386900693178177,0.6093950271606445,0.6583447456359863,-0.04884680360555649,0.5662789344787598,0.6227613687515259,-0.06396758556365967,0.537958562374115,0.5999038815498352,-0.07026433944702148,0.51466965675354,0.5797259211540222,-0.07386381924152374,0.3391064405441284,0.7387073040008545,3.241157742195355e-07,0.38105079531669617,0.6976704001426697,0.013180566020309925,0.4066935181617737,0.6396629810333252,0.01504290010780096,0.4281218945980072,0.6052031517028809,0.011321415193378925,0.44430461525917053,0.5807305574417114,0.007075050380080938,0.3795394003391266,0.5776941776275635,0.00400138646364212,0.4336591362953186,0.5324152112007141,-0.008714393712580204,0.4666251540184021,0.503429651260376,-0.017280856147408485,0.49115556478500366,0.4767870008945465,-0.02318526990711689,0.37521108984947205,0.5844243764877319,-0.013209883123636246,0.43853721022605896,0.5322256684303284,-0.02809940092265606,0.47393521666526794,0.4977242350578308,-0.038430023938417435,0.5000632405281067,0.4669331908226013,-0.04437270015478134,0.38055339455604553,0.6072777509689331,-0.030098460614681244,0.4419924020767212,0.5549161434173584,-0.044052258133888245,0.47610974311828613,0.5205047726631165,-0.05334378778934479,0.5000783801078796,0.4915732145309448,-0.05835891515016556,0.39418619871139526,0.642812967300415,-0.04595281928777695,0.44412702322006226,0.6118480563163757,-0.05570131912827492,0.47310972213745117,0.5910540819168091,-0.06029665842652321,0.49660271406173706,0.5721710324287415,-0.06312672793865204
0.6830474138259888,0.7323441505432129,1.4130931980105288e-08,0.6624155640602112,0.6831328272819519,0.013309620320796967,0.6286064982414246,0.632211446762085,0.014622997492551804,0.5969648361206055,0.6012675762176514,0.012564294971525669,0.5697478652000427,0.5869489908218384,0.008163929916918278,0.6227237582206726,0.595559298992157,-0.006274601444602013,0.5727709531784058,0.5375131368637085,-0.019152367487549782,0.5420608520507812,0.49903255701065063,-0.026805954053997993,0.518153190612793,0.46747082471847534,-0.03252352029085159,0.6238377094268799,0.6046158671379089,-0.02233487367630005,0.5637645125389099,0.536589503288269,-0.03401404246687889,0.5300488471984863,0.4935188293457031,-0.04068195819854736,0.5051645040512085,0.45740193128585815,-0.04614154249429703,0.6199761033058167,0.6276655197143555,-0.03721015900373459,0.5631313323974609,0.5632885694503784,-0.050586290657520294,0.5303865671157837,0.5270397067070007,-0.057907089591026306,0.5083580613136292,0.49509185552597046,-0.06283175945281982,0.6119185090065002,0.6622880697250366,-0.05028394237160683,0.5674441456794739,0.6240749359130859,-0.06568972766399384,0.5398241877555847,0.6006450653076172,-0.0721135288476944,0.5174998044967651,0.5789898037910461,-0.07589204609394073,0.33845847845077515,0.7405824065208435,2.936039322776196e-07,0.38369235396385193,0.6995787024497986,0.016366219148039818,0.4078391492366791,0.6410350203514099,0.01959998533129692,0.42762964963912964,0.6052529811859131,0.016294535249471664,0.44352367520332336,0.5784355998039246,0.012180743739008904,0.38179606199264526,0.5784300565719604,0.008188001811504364,0.43614763021469116,0.5338531732559204,-0.0033978389110416174,0.4691574275493622,0.5051401853561401,-0.011467897333204746,0.49356555938720703,0.47892847657203674,-0.017384424805641174,0.37710076570510864,0.5835525393486023,-0.010963466949760914,0.4402713179588318,0.5308839082717896,-0.02522471733391285,0.47526922821998596,0.4940917491912842,-0.03549712523818016,0.5008922219276428,0.4609415531158447,-0.04180895537137985,0.38164785504341125,0.6052066087722778,-0.02980377897620201,0.44286808371543884,0.5520585775375366,-0.04352199286222458,0.47607070207595825,0.5153234004974365,-0.05321307107806206,0.4990013539791107,0.48387399315834045,-0.059013482183218,0.394634485244751,0.6403893232345581,-0.047417186200618744,0.4456649124622345,0.6119590401649475,-0.05709018558263779,0.4748482406139374,0.5915456414222717,-0.06211579591035843,0.49826544523239136,0.5721471905708313,-0.06579560786485672
0.674964427947998,0.7301517724990845,-6.798125440354852e-08,0.6562057137489319,0.6786941289901733,0.013033418916165829,0.6233258843421936,0.6263832449913025,0.015411585569381714,0.5926418900489807,0.595982551574707,0.014513872563838959,0.5684185028076172,0.5813013911247253,0.01155626680701971,0.6207464337348938,0.5910924077033997,-0.0019334310200065374,0.5705127716064453,0.534295380115509,-0.012826012447476387,0.5404582023620605,0.4954846203327179,-0.019847538322210312,0.5166318416595459,0.4636431336402893,-0.025126907974481583,0.6198814511299133,0.6001565456390381,-0.016476856544613838,0.5622483491897583,0.5336010456085205,-0.025439567863941193,0.5307525396347046,0.49215811491012573,-0.03089374117553234,0.5067853927612305,0.45725226402282715,-0.03565254062414169,0.614709198474884,0.6205248236656189,-0.030061300843954086,0.5616308450698853,0.5610206127166748,-0.039663609117269516,0.530953049659729,0.5244730114936829,-0.0451558455824852,0.5092017650604248,0.49234384298324585,-0.04923245310783386,0.6057954430580139,0.6515142917633057,-0.04223937541246414,0.563718855381012,0.6131210923194885,-0.053157929331064224,0.5379028916358948,0.5886101126670837,-0.05719225853681564,0.5163726806640625,0.5654499530792236,-0.059724897146224976,0.34646743535995483,0.7126123309135437,3.049337351512804e-07,0.37592813372612,0.6638208031654358,0.010013909079134464,0.40267810225486755,0.6127608418464661,0.009821264073252678,0.42999979853630066,0.5864354968070984,0.004899939056485891,0.450812429189682,0.5662274956703186,-0.0003834378148894757,0.38435104489326477,0.5688658356666565,-0.0007850625552237034,0.4363877475261688,0.525309681892395,-0.014374766498804092,0.46821945905685425,0.49551230669021606,-0.022834468632936478,0.49101412296295166,0.46905282139778137,-0.02833709493279457,0.3814539909362793,0.5771584510803223,-0.016512146219611168,0.4413110613822937,0.5260780453681946,-0.0319792702794075,0.4753681421279907,0.49070847034454346,-0.041973523795604706,0.5002526044845581,0.4594791829586029,-0.04763950780034065,0.38682880997657776,0.5996065139770508,-0.032016851007938385,0.44487059116363525,0.5481753349304199,-0.046550434082746506,0.4772754907608032,0.5137292742729187,-0.055157896131277084,0.5001330971717834,0.4846714735031128,-0.05962079390883446,0.3994235694408417,0.6333413124084473,-0.04678810387849808,0.4471283555030823,0.6036165356636047,-0.05747146159410477,0.4746971130371094,0.5826624035835266,-0.06233535706996918,0.49687227606773376,0.5632768273353577,-0.06516310572624207
0.6746219992637634,0.7284457683563232,-5.6980258733574374e-08,0.65483158826828,0.6752522587776184,0.014804591424763203,0.6240636110305786,0.6226195096969604,0.017973165959119797,0.5958450436592102,0.5913047194480896,0.017251035198569298,0.572422981262207,0.5739558935165405,0.01443918514996767,0.6178911924362183,0.586941659450531,0.0015853868098929524,0.5696030855178833,0.530849814414978,-0.008695336058735847,0.5401889681816101,0.4931190013885498,-0.01559791062027216,0.5172330141067505,0.46198731660842896,-0.020750146359205246,0.6175817251205444,0.5951710343360901,-0.01367573719471693,0.5608153343200684,0.5305259227752686,-0.02207419089972973,0.5295261144638062,0.49001190066337585,-0.027159227058291435,0.5065129399299622,0.4557653069496155,-0.031731098890304565,0.613430380821228,0.6157674193382263,-0.028068922460079193,0.5604066848754883,0.5573389530181885,-0.03704999014735222,0.5293760299682617,0.5220111608505249,-0.04210488125681877,0.5083329677581787,0.49088773131370544,-0.046053726226091385,0.6056656837463379,0.6476372480392456,-0.04103678837418556,0.5626232028007507,0.6110149621963501,-0.0511089526116848,0.5365312099456787,0.5863584876060486,-0.05483925715088844,0.5155789852142334,0.5634676218032837,-0.057275690138339996,0.34690409898757935,0.7172161936759949,2.7782451184066304e-07,0.37960752844810486,0.6697819828987122,0.015740225091576576,0.4029528498649597,0.6186819672584534,0.01715850457549095,0.424629271030426,0.5910784006118774,0.012514451518654823,0.4409860074520111,0.5689788460731506,0.006736990064382553,0.3853849172592163,0.567289412021637,0.0038982313126325607,0.4375029504299164,0.5256311297416687,-0.008194501511752605,0.46882131695747375,0.4987233877182007,-0.01627052202820778,0.49116250872612,0.47382664680480957,-0.021709728986024857,0.38222256302833557,0.5741294622421265,-0.014768446795642376,0.44199660420417786,0.5233201384544373,-0.02831239067018032,0.47522762417793274,0.48697346448898315,-0.03784029558300972,0.4993247389793396,0.45319807529449463,-0.043800484389066696,0.38703450560569763,0.5953873991966248,-0.03284130617976189,0.4448024332523346,0.5430240631103516,-0.04568894952535629,0.47657495737075806,0.5077345371246338,-0.05417602136731148,0.4989226758480072,0.47719407081604004,-0.0592627115547657,0.398897260427475,0.6288732886314392,-0.049682699143886566,0.4470994174480438,0.5990185141563416,-0.05878390744328499,0.4751927852630615,0.5795367956161499,-0.06274442374706268,0.4981546103954315,0.5617220997810364,-0.06548795849084854
0.6705502271652222,0.7169239521026611,4.0013794944115944e-08,0.6499195098876953,0.6688681244850159,0.00918178167194128,0.6164246797561646,0.615836501121521,0.009537311270833015,0.587682843208313,0.5814932584762573,0.007298339623957872,0.5641496181488037,0.5604405999183655,0.003398970002308488,0.6124248504638672,0.5867428779602051,-0.005406299605965614,0.5692570209503174,0.534035325050354,-0.01839514635503292,0.539545476436615,0.49358582496643066,-0.027514230459928513,0.5164574384689331,0.46109017729759216,-0.03437710925936699,0.612639307975769,0.5952807068824768,-0.01916017383337021,0.5608498454093933,0.5339590311050415,-0.03163488581776619,0.5282659530639648,0.490556538105011,-0.04045550897717476,0.5045003890991211,0.45385199785232544,-0.047281909734010696,0.6096386909484863,0.6158946752548218,-0.03196665644645691,0.5600054264068604,0.5583881735801697,-0.044644929468631744,0.5283417701721191,0.5205725431442261,-0.051608067005872726,0.5072189569473267,0.486941933631897,-0.056313540786504745,0.6041314601898193,0.6480433940887451,-0.043559808284044266,0.5635204911231995,0.6108397841453552,-0.05762464553117752,0.5378053784370422,0.585469126701355,-0.06289967149496078,0.5172055959701538,0.5614292621612549,-0.06580086797475815,0.35325223207473755,0.7162337303161621,2.584581011433329e-07,0.3894779682159424,0.6751534938812256,0.01237349584698677,0.41363340616226196,0.6223384737968445,0.014949989505112171,0.43481600284576416,0.590501606464386,0.012127146124839783,0.4506802260875702,0.5664581060409546,0.008527610450983047,0.39316263794898987,0.572731077671051,0.006593115162104368,0.43942147493362427,0.5299433469772339,-0.0045471093617379665,0.4687834084033966,0.49889570474624634,-0.01238391175866127,0.49022579193115234,0.4712291359901428,-0.01773989386856556,0.3891183137893677,0.5763200521469116,-0.009100723080337048,0.44402778148651123,0.52778160572052,-0.021632222458720207,0.4752315282821655,0.49188458919525146,-0.030634872615337372,0.4981195330619812,0.460036963224411,-0.035814318805933,0.3929378390312195,0.5950576663017273,-0.02477879449725151,0.44646090269088745,0.545504093170166,-0.03617534786462784,0.477207213640213,0.5100631713867188,-0.04407466948032379,0.49954813718795776,0.48160237073898315,-0.04823984205722809,0.40373513102531433,0.6256693601608276,-0.03977476432919502,0.4473329782485962,0.5936278700828552,-0.04818664863705635,0.4737326502799988,0.5708151459693909,-0.052546095103025436,0.49579712748527527,0.5519200563430786,-0.05503987893462181
0.6695895195007324,0.7164281010627747,5.679279269088511e-08,0.6467086672782898,0.6676419377326965,0.00968419760465622,0.612497091293335,0.6133704781532288,0.009924189187586308,0.5843552947044373,0.5778300762176514,0.007320215459913015,0.5611950159072876,0.5543597340583801,0.0030043204315006733,0.6103348135948181,0.5893170237541199,-0.00458635576069355,0.5683201551437378,0.537670910358429,-0.017644181847572327,0.5388593077659607,0.49713563919067383,-0.02711924910545349,0.5160273909568787,0.46379566192626953,-0.03440359607338905,0.6111926436424255,0.5972899198532104,-0.01896284706890583,0.5618326663970947,0.5363439321517944,-0.03201563283801079,0.5292569994926453,0.492436945438385,-0.04178245738148689,0.5054658651351929,0.4556671977043152,-0.04944436252117157,0.6090849041938782,0.617579460144043,-0.03232124447822571,0.5610636472702026,0.559408962726593,-0.045221831649541855,0.528357982635498,0.5195146799087524,-0.05300484597682953,0.5062271952629089,0.48391759395599365,-0.05846842750906944,0.6038185358047485,0.6490981578826904,-0.04438713565468788,0.5647239685058594,0.6122326254844666,-0.058402664959430695,0.5387925505638123,0.5850854516029358,-0.06423382461071014,0.5175350308418274,0.5595960021018982,-0.06780341267585754,0.36904051899909973,0.6736223101615906,1.844028645336948e-07,0.3881220519542694,0.6284984946250916,0.005110304336994886,0.4140182137489319,0.5888851284980774,0.0029405623208731413,0.44136592745780945,0.5672567486763,-0.0024816803634166718,0.45956453680992126,0.5486924648284912,-0.008543170988559723,0.41260576248168945,0.5560557842254639,-0.005594935733824968,0.45399487018585205,0.5139892101287842,-0.0185986515134573,0.4777488112449646,0.4838640093803406,-0.026944834738969803,0.494022399187088,0.4574185311794281,-0.032499536871910095,0.41181033849716187,0.5626108646392822,-0.017887499183416367,0.45731231570243835,0.5126932859420776,-0.0322139747440815,0.4822135269641876,0.4753847122192383,-0.041327740997076035,0.5000676512718201,0.442308634519577,-0.046790383756160736,0.41429588198661804,0.5820587873458862,-0.03006191924214363,0.4594476819038391,0.5345264673233032,-0.04399646446108818,0.4836941659450531,0.5018151998519897,-0.05126666650176048,0.5014654994010925,0.4728021025657654,-0.055249590426683426,0.420319139957428,0.6116930246353149,-0.04178518429398537,0.45741328597068787,0.5859676003456116,-0.05321469530463219,0.4786878526210785,0.5656203031539917,-0.05760258063673973,0.4967843294143677,0.5460496544837952,-0.06002689525485039
0.6584808826446533,0.7330809235572815,1.9349629098996957e-07,0.6335731744766235,0.6840382814407349,0.009782177396118641,0.5987868905067444,0.6325387954711914,0.009833557531237602,0.5741570591926575,0.5999577641487122,0.006848995573818684,0.552291989326477,0.5779045820236206,0.002182279946282506,0.5958551168441772,0.6105688214302063,-0.005171849392354488,0.5595604181289673,0.5590022802352905,-0.019940681755542755,0.534542977809906,0.5175272226333618,-0.031379181891679764,0.5162402391433716,0.48017680644989014,-0.03995238617062569,0.5989254713058472,0.6175124049186707,-0.019764043390750885,0.5564789175987244,0.5579408407211304,-0.03370923176407814,0.5303805470466614,0.5114635825157166,-0.04482203349471092,0.5126103758811951,0.47000670433044434,-0.05374648794531822,0.5983750820159912,0.6367347836494446,-0.0332188755273819,0.554749071598053,0.5797991752624512,-0.04767881706357002,0.5259513258934021,0.5388461351394653,-0.05613131448626518,0.5065086483955383,0.501602053642273,-0.061872515827417374,0.5945191979408264,0.6669428944587708,-0.04526502639055252,0.5617084503173828,0.6273070573806763,-0.059879984706640244,0.5414793491363525,0.598120391368866,-0.06523426622152328,0.5248375535011292,0.5712964534759521,-0.06850267201662064,0.39860475063323975,0.651394784450531,-6.590353507363034e-08,0.4213450253009796,0.5962831377983093,0.01380519662052393,0.44805049896240234,0.5639751553535461,0.017383752390742302,0.4709301292896271,0.5472526550292969,0.016897665336728096,0.48867812752723694,0.5345408916473389,0.015623969957232475,0.4536866843700409,0.5345892906188965,0.007468870375305414,0.48181700706481934,0.49027684330940247,0.0010092564625665545,0.4951522946357727,0.46107006072998047,-0.0034815336111932993,0.5048096179962158,0.4362027645111084,-0.006929534021764994,0.4568437933921814,0.542913019657135,-0.00540542509406805,0.48223501443862915,0.4917313754558563,-0.012998947873711586,0.496690571308136,0.45841822028160095,-0.018725179135799408,0.5069100260734558,0.42954644560813904,-0.023264341056346893,0.45908671617507935,0.5613325238227844,-0.017862172797322273,0.48450419306755066,0.5125384330749512,-0.027272850275039673,0.4953574538230896,0.4794105589389801,-0.03424609825015068,0.5015639662742615,0.45065057277679443,-0.03951665386557579,0.46191614866256714,0.5871762037277222,-0.02898566983640194,0.4827386736869812,0.5685840845108032,-0.037298064678907394,0.4946225881576538,0.5534297227859497,-0.04227008298039436,0.503691554069519,0.5383253693580627,-0.04639086127281189
0.6570672988891602,0.7388325929641724,1.8527170198012755e-07,0.6314107775688171,0.688793420791626,0.010075966827571392,0.5973004102706909,0.636323869228363,0.010209357365965843,0.5735273957252502,0.6012134552001953,0.007048219908028841,0.5524191856384277,0.5765424370765686,0.002380757825449109,0.5965075492858887,0.6173810362815857,-0.002893146127462387,0.5609298944473267,0.5652872920036316,-0.01825832948088646,0.5349424481391907,0.5207180380821228,-0.03064759448170662,0.5157811641693115,0.48104429244995117,-0.039863165467977524,0.5987012386322021,0.6223957538604736,-0.01767192967236042,0.5568090677261353,0.5625665783882141,-0.03278113901615143,0.5298126339912415,0.5125002264976501,-0.04531575366854668,0.5114006996154785,0.4684312641620636,-0.05502760782837868,0.5969830751419067,0.638465940952301,-0.03135288506746292,0.554312527179718,0.5799211859703064,-0.04615337401628494,0.5263075232505798,0.5361953973770142,-0.05463477224111557,0.5072264671325684,0.49714195728302,-0.06014174595475197,0.5920047760009766,0.665332555770874,-0.04373052716255188,0.5603545904159546,0.6238882541656494,-0.057736821472644806,0.5412091612815857,0.593690037727356,-0.0624944306910038,0.5251550078392029,0.5663123726844788,-0.06528101861476898,0.3998727798461914,0.6555392742156982,-6.159527288218669e-08,0.41845929622650146,0.596565842628479,0.011300312355160713,0.444915771484375,0.5622240900993347,0.013858504593372345,0.46944907307624817,0.5427124500274658,0.012807521037757397,0.4878581762313843,0.5277937650680542,0.01071261614561081,0.45523303747177124,0.5368353128433228,0.00490389671176672,0.48063838481903076,0.493391752243042,-0.003617197973653674,0.4935058355331421,0.46354979276657104,-0.010116948746144772,0.5027656555175781,0.4373410940170288,-0.01482110284268856,0.4588163197040558,0.5457488894462585,-0.0075144050642848015,0.48360675573349,0.49552682042121887,-0.01706053875386715,0.4979490339756012,0.46020016074180603,-0.023878417909145355,0.5083051919937134,0.4280587434768677,-0.028799040243029594,0.46032437682151794,0.5642212629318237,-0.019720977172255516,0.4841943085193634,0.5157355666160583,-0.03065607324242592,0.4953458607196808,0.4813733696937561,-0.03734034672379494,0.5027991533279419,0.4512746334075928,-0.04198255389928818,0.46087417006492615,0.589221179485321,-0.030888082459568977,0.4814487099647522,0.5672811269760132,-0.040621317923069,0.49366456270217896,0.5508536100387573,-0.04527054727077484,0.5038418769836426,0.5353806614875793,-0.048764318227767944
0.6552594900131226,0.7281531691551208,2.7854051154463377e-07,0.6324729919433594,0.6819922924041748,0.005584237165749073,0.6007886528968811,0.6342804431915283,0.00351891852915287,0.5787184238433838,0.6017146706581116,-0.0006116311415098608,0.5586133003234863,0.5800818800926208,-0.006231688428670168,0.5927097797393799,0.6165654063224792,-0.01213871780782938,0.5593343377113342,0.5639170408248901,-0.02901129424571991,0.5372369289398193,0.521458625793457,-0.04183964803814888,0.5211101770401001,0.48169904947280884,-0.051089756190776825,0.595173180103302,0.62385493516922,-0.024149473756551743,0.556499719619751,0.569359540939331,-0.03992872312664986,0.5316190719604492,0.5218401551246643,-0.05235017463564873,0.5137887597084045,0.47769397497177124,-0.06210034713149071,0.5961727499961853,0.6437778472900391,-0.034819766879081726,0.5572054386138916,0.5978065729141235,-0.050483644008636475,0.5310086011886597,0.5669761896133423,-0.058406468480825424,0.5124197006225586,0.537234365940094,-0.06338685005903244,0.5958124399185181,0.6737416386604309,-0.044435374438762665,0.5700232982635498,0.6415811777114868,-0.06010419502854347,0.5541470050811768,0.6198493838310242,-0.065141461789608,0.539456844329834,0.5984898805618286,-0.0676790103316307,0.41342246532440186,0.6442118883132935,-1.523167298955741e-07,0.4295828640460968,0.5958551168441772,0.005829758942127228,0.4531975984573364,0.559879720211029,0.00754271587356925,0.4750266671180725,0.5370445251464844,0.006521738134324551,0.48881226778030396,0.5182831287384033,0.005064419005066156,0.4663388133049011,0.5299013257026672,0.00459367735311389,0.4900147020816803,0.4849274754524231,-0.004641974810510874,0.4992515444755554,0.4571685791015625,-0.011569041758775711,0.5040451288223267,0.43372929096221924,-0.016044344753026962,0.46959927678108215,0.5367467403411865,-0.004078152123838663,0.48913031816482544,0.48652446269989014,-0.014840448275208473,0.49784165620803833,0.4548676013946533,-0.022616500034928322,0.5030708312988281,0.4278358817100525,-0.027467943727970123,0.47133272886276245,0.5546241402626038,-0.01327431108802557,0.4902782142162323,0.5068163871765137,-0.02586061879992485,0.4979373514652252,0.4742586612701416,-0.03419020026922226,0.5024998784065247,0.4462401866912842,-0.0390193834900856,0.4724651575088501,0.5800438523292542,-0.021741028875112534,0.48931145668029785,0.5620874166488647,-0.03258826583623886,0.499324232339859,0.5478702187538147,-0.03836638852953911,0.5082294344902039,0.533882737159729,-0.04200371354818344
0.6586214303970337,0.7400625348091125,1.954808226400928e-07,0.6325280666351318,0.6956946849822998,0.006494814995676279,0.5970253348350525,0.6423191428184509,0.0062234969809651375,0.573139488697052,0.606063961982727,0.003509657457470894,0.5516111254692078,0.5822144150733948,-0.0006752333720214665,0.5955892205238342,0.617648720741272,-0.007105549331754446,0.5623120665550232,0.5647915601730347,-0.02280525118112564,0.5378125309944153,0.5204756259918213,-0.03538607805967331,0.5194700360298157,0.48058634996414185,-0.04487501457333565,0.5983110070228577,0.6240361928939819,-0.01966465264558792,0.5573549866676331,0.5658259987831116,-0.03491688892245293,0.5323273539543152,0.5169777870178223,-0.04713847115635872,0.5152024626731873,0.4704514443874359,-0.05692235380411148,0.5978155136108398,0.6408803462982178,-0.031411074101924896,0.5564787983894348,0.5858690738677979,-0.04694892093539238,0.5292388796806335,0.5482069849967957,-0.05523621663451195,0.5102419853210449,0.5129242539405823,-0.06051824986934662,0.5942674279212952,0.667788028717041,-0.042255450040102005,0.5631372928619385,0.6255128979682922,-0.057847343385219574,0.5445538759231567,0.5957925915718079,-0.06391491740942001,0.5296227931976318,0.5675684809684753,-0.06751170009374619,0.4163694381713867,0.6457251310348511,-1.5860078406149114e-07,0.43301519751548767,0.5975993275642395,0.010107286274433136,0.45589831471443176,0.5594357848167419,0.012229274027049541,0.4763387441635132,0.5357805490493774,0.010666613467037678,0.4892650544643402,0.5174440145492554,0.008125350810587406,0.4672936201095581,0.5318108201026917,0.004296722821891308,0.49209699034690857,0.4852091073989868,-0.005202499683946371,0.501502513885498,0.4576475918292999,-0.012346104718744755,0.50599604845047,0.4337804615497589,-0.016781555488705635,0.4686969816684723,0.5390886664390564,-0.007022997364401817,0.48959314823150635,0.48765015602111816,-0.017474547028541565,0.5000755786895752,0.4563665986061096,-0.025204647332429886,0.5076830983161926,0.42940273880958557,-0.030158892273902893,0.4699140191078186,0.5570926070213318,-0.018227294087409973,0.489966481924057,0.5091099739074707,-0.029359079897403717,0.49943333864212036,0.4771459698677063,-0.03675708919763565,0.5058611631393433,0.4491659700870514,-0.04134438931941986,0.4718206524848938,0.5832284092903137,-0.028396690264344215,0.48937976360321045,0.5634446144104004,-0.03705894947052002,0.4998212158679962,0.5478711128234863,-0.04082928225398064,0.5090000033378601,0.5325239896774292,-0.04325830563902855
0.6638604998588562,0.743536114692688,1.832210756447239e-07,0.6407490968704224,0.694039523601532,0.008764383383095264,0.6066006422042847,0.641918420791626,0.009489009156823158,0.5823018550872803,0.6061128377914429,0.007106027565896511,0.5604478120803833,0.5826029181480408,0.0034008719958364964,0.601830780506134,0.619303286075592,-0.0024780239909887314,0.5672007203102112,0.5674477815628052,-0.017490986734628677,0.5424181222915649,0.523573637008667,-0.02930276095867157,0.5243931412696838,0.48444077372550964,-0.038195326924324036,0.6043401956558228,0.6258081197738647,-0.01601720228791237,0.5624153017997742,0.5674073696136475,-0.031573038548231125,0.5370396375656128,0.5185543298721313,-0.04337333142757416,0.5201107263565063,0.47327613830566406,-0.05248004570603371,0.6031763553619385,0.6429509520530701,-0.028794942423701286,0.5598005056381226,0.5903222560882568,-0.04364512115716934,0.533531129360199,0.555012583732605,-0.04969466105103493,0.5165975689888,0.5225293636322021,-0.05313076078891754,0.5988590121269226,0.6703420281410217,-0.040702998638153076,0.5663654804229736,0.6288350224494934,-0.05487888678908348,0.5483603477478027,0.6010323166847229,-0.05914781242609024,0.5338870882987976,0.5747645497322083,-0.061292361468076706,0.42801034450531006,0.648969292640686,-1.69483797662906e-07,0.44812726974487305,0.6071819067001343,0.008837432600557804,0.47367948293685913,0.5714843273162842,0.010685729794204235,0.49660924077033997,0.5492637753486633,0.009345454163849354,0.5115317106246948,0.5302750468254089,0.0073359631933271885,0.47886765003204346,0.5371829271316528,0.000268224801402539,0.5001588463783264,0.4875127077102661,-0.009804089553654194,0.5081967115402222,0.45901674032211304,-0.017494916915893555,0.5131197571754456,0.43415290117263794,-0.02299577370285988,0.4785018563270569,0.5418105721473694,-0.011170982383191586,0.4967859983444214,0.49036288261413574,-0.022733941674232483,0.5081007480621338,0.4565812051296234,-0.031124770641326904,0.5163431763648987,0.4261190891265869,-0.03717249259352684,0.47836989164352417,0.5589224696159363,-0.02248874120414257,0.49657368659973145,0.511789083480835,-0.03483155742287636,0.5057156682014465,0.47785770893096924,-0.04342285171151161,0.5124401450157166,0.447478711605072,-0.04968147724866867,0.4797898828983307,0.5847577452659607,-0.03285806253552437,0.49371954798698425,0.5677064657211304,-0.04469888657331467,0.503451943397522,0.5517135858535767,-0.05117170512676239,0.5123786926269531,0.536510169506073,-0.05593197047710419
0.6680221557617188,0.7447054982185364,2.3007419258647133e-07,0.6444684863090515,0.6945269107818604,0.010074097663164139,0.611294150352478,0.6449508666992188,0.010639472864568233,0.5880722403526306,0.6130818724632263,0.007830091752111912,0.5663837194442749,0.5908612012863159,0.00354879186488688,0.605207085609436,0.6263992786407471,-0.0025130414869636297,0.5709269046783447,0.5739425420761108,-0.017175087705254555,0.5459319353103638,0.5307667851448059,-0.028658796101808548,0.5282260179519653,0.49198010563850403,-0.037095364183187485,0.6066789031028748,0.6308632493019104,-0.016886502504348755,0.5669924020767212,0.5746602416038513,-0.03261818736791611,0.5403148531913757,0.524082601070404,-0.04566304385662079,0.5228239297866821,0.4797963500022888,-0.055396903306245804,0.6053233742713928,0.6465341448783875,-0.030073028057813644,0.5622060894966125,0.5912399291992188,-0.04526212438941002,0.5331650972366333,0.5502253174781799,-0.05337368696928024,0.5142903327941895,0.5140236020088196,-0.05811091139912605,0.6010538935661316,0.6732487678527832,-0.04195184260606766,0.5676102042198181,0.6322288513183594,-0.055887024849653244,0.5482962727546692,0.602271318435669,-0.06019769608974457,0.5330448746681213,0.5750817060470581,-0.062321197241544724,0.4095180332660675,0.6577861905097961,-9.251893118289445e-08,0.42580562829971313,0.6114773750305176,0.010686893947422504,0.45086079835891724,0.576498806476593,0.012709763832390308,0.4751042127609253,0.553564727306366,0.010814957320690155,0.4916124939918518,0.5340710282325745,0.007828690111637115,0.4590783715248108,0.5417984127998352,0.00153870671056211,0.4857323169708252,0.49316081404685974,-0.008509070612490177,0.49923622608184814,0.46090516448020935,-0.015093282796442509,0.5088738799095154,0.4330942630767822,-0.019846469163894653,0.462160587310791,0.5482990145683289,-0.011694410815834999,0.4878123998641968,0.49556779861450195,-0.024026134982705116,0.5032033324241638,0.4583672285079956,-0.03264719247817993,0.5152497291564941,0.4256114363670349,-0.03830918297171593,0.4650304913520813,0.56831955909729,-0.024523863568902016,0.4888415038585663,0.5192223191261292,-0.03820095583796501,0.501081645488739,0.48354098200798035,-0.04737314581871033,0.5107409358024597,0.45179247856140137,-0.0531446672976017,0.46922722458839417,0.5981154441833496,-0.03619154915213585,0.4886561930179596,0.5760727524757385,-0.04836076498031616,0.5005567073822021,0.5572634339332581,-0.05479922145605087,0.5115740895271301,0.5392997860908508,-0.059077758342027664
0.6672477126121521,0.7371854782104492,1.8302749538179341e-07,0.6441884636878967,0.6864100098609924,0.007757306098937988,0.609694242477417,0.6375923752784729,0.007432454731315374,0.5841856598854065,0.6057111024856567,0.004251016303896904,0.5626718997955322,0.5836478471755981,-0.00044897975749336183,0.6060877442359924,0.6191362738609314,-0.002578580053523183,0.5704178214073181,0.570814847946167,-0.017260190099477768,0.5442333817481995,0.5304893255233765,-0.029248230159282684,0.5254506468772888,0.49480652809143066,-0.03803669288754463,0.6075690388679504,0.6256911158561707,-0.015545310452580452,0.5654879212379456,0.571857213973999,-0.028986351564526558,0.5373608469963074,0.5276365280151367,-0.04010293632745743,0.5184369087219238,0.4889940023422241,-0.04872697591781616,0.6061080098152161,0.643761396408081,-0.027808064594864845,0.56288743019104,0.5917185544967651,-0.04113588482141495,0.5326464772224426,0.5542629957199097,-0.04800782352685928,0.512710452079773,0.5200397968292236,-0.05231323838233948,0.6023010611534119,0.6729226112365723,-0.03908389061689377,0.5702540874481201,0.6357405185699463,-0.05230157822370529,0.549726128578186,0.608150064945221,-0.05616990849375725,0.5331616997718811,0.5825504660606384,-0.057983577251434326,0.40988972783088684,0.6486398577690125,-8.675343821096249e-08,0.4187285006046295,0.6035929918289185,0.007951751351356506,0.4390277862548828,0.5682825446128845,0.008570992387831211,0.4573134183883667,0.5467839241027832,0.005950939375907183,0.47000670433044434,0.5309386849403381,0.0022976924665272236,0.4580826759338379,0.535650908946991,0.00011029032611986622,0.4863913357257843,0.48858967423439026,-0.009268874302506447,0.49944162368774414,0.4594992995262146,-0.015459873713552952,0.5069829225540161,0.43531009554862976,-0.019618310034275055,0.4623878002166748,0.5412482619285583,-0.01088961772620678,0.4876551330089569,0.48904508352279663,-0.02238249033689499,0.5017033219337463,0.4551399052143097,-0.02990003488957882,0.5122010707855225,0.42510896921157837,-0.034669723361730576,0.46549808979034424,0.5584762692451477,-0.02170899696648121,0.4911326467990875,0.5101017355918884,-0.03444451466202736,0.5020720362663269,0.4770340323448181,-0.0420810841023922,0.5096391439437866,0.4482964277267456,-0.04664503037929535,0.4686012864112854,0.5847179889678955,-0.03151921555399895,0.489971399307251,0.5654502511024475,-0.04217163845896721,0.5023335218429565,0.5509750843048096,-0.04683846980333328,0.5128921270370483,0.5372007489204407,-0.04972271993756294
0.6667706966400146,0.7348278760910034,2.1356264312544226e-07,0.642618715763092,0.6843811273574829,0.010169876739382744,0.6077691912651062,0.6359451413154602,0.010364360176026821,0.5829429030418396,0.605161190032959,0.006988695822656155,0.5609006285667419,0.5842502117156982,0.0019186350982636213,0.6027606725692749,0.6155577898025513,-0.002341852057725191,0.5670758485794067,0.5647194981575012,-0.017893154174089432,0.5411750674247742,0.5224554538726807,-0.030309660360217094,0.521973192691803,0.48451900482177734,-0.039341770112514496,0.6047341823577881,0.6211676597595215,-0.01726936176419258,0.5631375312805176,0.5659670233726501,-0.03215259313583374,0.5349855422973633,0.5185160636901855,-0.044428594410419464,0.5156485438346863,0.4767371714115143,-0.05383136123418808,0.6034734845161438,0.6384968161582947,-0.03127685934305191,0.559120774269104,0.5847727060317993,-0.04626116901636124,0.5282700657844543,0.5454398989677429,-0.05421660467982292,0.5075648427009583,0.5099874138832092,-0.05898945406079292,0.5991516709327698,0.6670308709144592,-0.044026657938957214,0.5650917887687683,0.6252585053443909,-0.05826737731695175,0.5437178611755371,0.5946699380874634,-0.06269155442714691,0.5266433954238892,0.5669146180152893,-0.0649249404668808,0.40865272283554077,0.639467179775238,-9.127762012894891e-08,0.4222366213798523,0.5894980430603027,0.006284469738602638,0.44958773255348206,0.5531690716743469,0.004619250074028969,0.4735907316207886,0.5346667170524597,9.207279072143137e-05,0.49024876952171326,0.5199522376060486,-0.00545868556946516,0.46371904015541077,0.5304840207099915,-0.007442590780556202,0.49123504757881165,0.48206648230552673,-0.020190710201859474,0.5025101900100708,0.45262208580970764,-0.028510168194770813,0.5091620087623596,0.42714744806289673,-0.034087780863046646,0.46412530541419983,0.5405246615409851,-0.01942816935479641,0.49084386229515076,0.48642149567604065,-0.033571794629096985,0.5037665963172913,0.4537956714630127,-0.042696163058280945,0.5127414464950562,0.42482471466064453,-0.04869323968887329,0.46325936913490295,0.5612902045249939,-0.030994568020105362,0.48858126997947693,0.5114246010780334,-0.04589078947901726,0.49988964200019836,0.4791877567768097,-0.05479148030281067,0.5078639388084412,0.45024800300598145,-0.06041331961750984,0.462236613035202,0.5893726944923401,-0.04156610742211342,0.4840041995048523,0.5694159865379333,-0.05389110743999481,0.4968874454498291,0.552706778049469,-0.059636346995830536,0.5084068775177002,0.536176323890686,-0.06353090703487396
0.6679685711860657,0.7400949001312256,1.8327830275666201e-07,0.6440403461456299,0.6896197199821472,0.009129130281507969,0.6095442175865173,0.6378532648086548,0.00945737399160862,0.5844333171844482,0.6053534746170044,0.006588488817214966,0.5622078776359558,0.5834949016571045,0.0020855111069977283,0.6042824983596802,0.6169687509536743,-0.0018782042898237705,0.568045973777771,0.5679619312286377,-0.016953637823462486,0.5413745045661926,0.526152491569519,-0.02930937334895134,0.5214515924453735,0.48977988958358765,-0.03863542154431343,0.6065600514411926,0.6229668259620667,-0.016242025420069695,0.5639575123786926,0.5680977702140808,-0.03153863549232483,0.5351263284683228,0.5209638476371765,-0.044326603412628174,0.5155447721481323,0.4799254536628723,-0.05401760712265968,0.605895459651947,0.6410698294639587,-0.029758838936686516,0.5623085498809814,0.5857835412025452,-0.04483775794506073,0.5327382683753967,0.5441513061523438,-0.052622854709625244,0.5132961273193359,0.5057181119918823,-0.05739065632224083,0.6025910973548889,0.670778214931488,-0.0420914962887764,0.5699669122695923,0.632222056388855,-0.05675065889954567,0.5496930480003357,0.6020038723945618,-0.061256781220436096,0.5334132313728333,0.5736205577850342,-0.06358200311660767,0.4256853759288788,0.6296542882919312,-1.8168235271787125e-07,0.44654613733291626,0.5830578804016113,0.009672222658991814,0.4710332453250885,0.5474148392677307,0.011789008043706417,0.4905698597431183,0.5287255048751831,0.010793459601700306,0.5032095313072205,0.5134515762329102,0.009529001079499722,0.47593438625335693,0.5165197253227234,0.004128036089241505,0.4999454915523529,0.4699833393096924,-0.005172820296138525,0.5078884959220886,0.4468722641468048,-0.011959467083215714,0.5114989280700684,0.4294084310531616,-0.016099585220217705,0.4754546582698822,0.5274370312690735,-0.006572478450834751,0.49325478076934814,0.47782301902770996,-0.01714226044714451,0.5026878118515015,0.4505581855773926,-0.02486332505941391,0.5089624524116516,0.42817631363868713,-0.02955114282667637,0.47573572397232056,0.5509679913520813,-0.017224309965968132,0.49286845326423645,0.5058912038803101,-0.02869570627808571,0.5018592476844788,0.47527456283569336,-0.03648155927658081,0.5082045197486877,0.4480947256088257,-0.041176289319992065,0.47785672545433044,0.5829922556877136,-0.026719091460108757,0.4925728142261505,0.5648876428604126,-0.03701728582382202,0.5020028948783875,0.547303318977356,-0.042016126215457916,0.509956955909729,0.5298352837562561,-0.04492798075079918
0.6707298159599304,0.7342358827590942,2.0996009197915555e-07,0.6479367613792419,0.684548020362854,0.01081050280481577,0.6138094067573547,0.638233482837677,0.011126462370157242,0.5896719098091125,0.6092857718467712,0.008039404638111591,0.5676110982894897,0.5890598893165588,0.0031715305522084236,0.6087883710861206,0.6209470629692078,-0.0028172375168651342,0.5717334151268005,0.5724489688873291,-0.017481772229075432,0.5453144907951355,0.5331982374191284,-0.028605710715055466,0.5259197950363159,0.4976375102996826,-0.03676549717783928,0.6109828352928162,0.626704216003418,-0.01775386743247509,0.5673750042915344,0.5712037682533264,-0.03212958574295044,0.5389657616615295,0.5266454815864563,-0.043209027498960495,0.5197718143463135,0.4878050684928894,-0.05162055790424347,0.6096173524856567,0.6446947455406189,-0.031597353518009186,0.5647243857383728,0.5910661816596985,-0.046246353536844254,0.533884584903717,0.5537269711494446,-0.05351949483156204,0.5132121443748474,0.5197874307632446,-0.05783042684197426,0.6051924228668213,0.6733042597770691,-0.04402026906609535,0.5721349716186523,0.6343376636505127,-0.0585283525288105,0.5509815812110901,0.605667233467102,-0.06302156299352646,0.5333787798881531,0.5790891647338867,-0.06516516208648682,0.42574071884155273,0.6337484121322632,-1.8773698684526607e-07,0.4441615343093872,0.5858953595161438,0.009897100739181042,0.46837887167930603,0.5492017269134521,0.012043273076415062,0.4875064790248871,0.5301260948181152,0.01100972667336464,0.5002295970916748,0.5167092680931091,0.009321204386651516,0.4752599895000458,0.5196189284324646,0.002789860125631094,0.500693678855896,0.4729793071746826,-0.0057318867184221745,0.5087576508522034,0.4503152668476105,-0.011656281538307667,0.5128899216651917,0.431679904460907,-0.01531047374010086,0.47463738918304443,0.5290834307670593,-0.008035041391849518,0.4931546747684479,0.4804195761680603,-0.018299490213394165,0.5028034448623657,0.45297402143478394,-0.02607627585530281,0.5100132822990417,0.42905330657958984,-0.031009595841169357,0.4751071035861969,0.5507957935333252,-0.018477320671081543,0.4928455352783203,0.5072396397590637,-0.030333425849676132,0.5011852979660034,0.47674304246902466,-0.038700442761182785,0.5071362257003784,0.44955968856811523,-0.043708961457014084,0.4776139259338379,0.5802969336509705,-0.02756180427968502,0.4940836429595947,0.5604405403137207,-0.03759775310754776,0.5039123296737671,0.5453366041183472,-0.042072802782058716,0.5123368501663208,0.531047523021698,-0.044670529663562775
0.6581059694290161,0.7342346906661987,1.9870013545641996e-07,0.6321742534637451,0.6863729953765869,0.01002157386392355,0.5991538166999817,0.6398550868034363,0.010287389159202576,0.5761787295341492,0.610640823841095,0.007264371961355209,0.5544312000274658,0.5917547345161438,0.0024724137037992477,0.5935838222503662,0.6199974417686462,-0.0017805605893954635,0.5576493144035339,0.5742413401603699,-0.016092268750071526,0.5312691330909729,0.5352022647857666,-0.02753409929573536,0.5125312209129333,0.49979501962661743,-0.036020178347826004,0.5969808101654053,0.6245853304862976,-0.01594974659383297,0.5548129081726074,0.5720672607421875,-0.029735760763287544,0.5273574590682983,0.5272367000579834,-0.041173335164785385,0.5091666579246521,0.4872615337371826,-0.05010140314698219,0.5976846814155579,0.6418901085853577,-0.029132923111319542,0.5539178848266602,0.5918221473693848,-0.04274551197886467,0.5245804786682129,0.5561693906784058,-0.050031695514917374,0.505111575126648,0.523382842540741,-0.0547596700489521,0.5955760478973389,0.6709591150283813,-0.041110679507255554,0.5643972754478455,0.6349043846130371,-0.0545075424015522,0.5453287363052368,0.6087978482246399,-0.058752961456775665,0.5295985341072083,0.5839596390724182,-0.061062224209308624,0.41092756390571594,0.6275649070739746,-1.4158780459183617e-07,0.4282805621623993,0.5813027024269104,0.011170568875968456,0.4518827795982361,0.5462659597396851,0.01284454483538866,0.4703001379966736,0.5256630182266235,0.010976859368383884,0.48317113518714905,0.5124529004096985,0.008429458364844322,0.45864731073379517,0.5188784003257751,0.0012947478098794818,0.48775923252105713,0.4750949442386627,-0.007873756811022758,0.49707284569740295,0.4525684714317322,-0.013629896566271782,0.5014335513114929,0.4327530562877655,-0.01697881519794464,0.4600690007209778,0.5285477042198181,-0.010456006042659283,0.4841175377368927,0.4804319739341736,-0.02123231068253517,0.4959595799446106,0.4523940980434418,-0.028025152161717415,0.5043508410453796,0.4270486831665039,-0.03193463385105133,0.4620964229106903,0.5489241480827332,-0.021570906043052673,0.4846290349960327,0.5020849108695984,-0.033016663044691086,0.4948630928993225,0.473153293132782,-0.03978557884693146,0.5022108554840088,0.44665399193763733,-0.043602559715509415,0.4654702842235565,0.5766209959983826,-0.031354229897260666,0.4837227463722229,0.5560193061828613,-0.04012031853199005,0.493585467338562,0.5411555171012878,-0.043516743928194046,0.5022313594818115,0.5264724493026733,-0.045447394251823425
0.6598942875862122,0.7347956895828247,1.8053458461508853e-07,0.6354637742042542,0.6875218749046326,0.01420008298009634,0.6006231904029846,0.6429451107978821,0.017261357977986336,0.5766072869300842,0.6158885955810547,0.01591755822300911,0.5553513765335083,0.5962576270103455,0.012495113536715508,0.5973219871520996,0.6257282495498657,0.005262636113911867,0.5598670840263367,0.5799227952957153,-0.007641700562089682,0.5329986214637756,0.538256824016571,-0.018444271758198738,0.5126064419746399,0.5001055002212524,-0.02663460001349449,0.5990998148918152,0.6269803643226624,-0.010787686333060265,0.557107150554657,0.5722393989562988,-0.023609818890690804,0.5283002853393555,0.5238664746284485,-0.035260751843452454,0.5078755021095276,0.4802098274230957,-0.044290438294410706,0.5951458811759949,0.6381052136421204,-0.02591303363442421,0.5524406433105469,0.5810747146606445,-0.03941768780350685,0.5244201421737671,0.5387418866157532,-0.04832972213625908,0.5054153203964233,0.5021394491195679,-0.05378088355064392,0.5860269665718079,0.660444974899292,-0.03946187347173691,0.5528662204742432,0.6169126629829407,-0.052210524678230286,0.5327353477478027,0.5850222706794739,-0.05724186450242996,0.5167757272720337,0.5568320751190186,-0.06020807474851608,0.40617164969444275,0.633334219455719,-9.927416755317608e-08,0.42008811235427856,0.5891398787498474,0.00844296719878912,0.44390004873275757,0.5565636157989502,0.00869497749954462,0.46484243869781494,0.5390347242355347,0.005392734427005053,0.4804016649723053,0.5255206823348999,0.0014683699700981379,0.4544258713722229,0.5283883213996887,0.0015965275233611465,0.4823950231075287,0.485786110162735,-0.008331609889864922,0.49417659640312195,0.46023038029670715,-0.015157220885157585,0.5003505349159241,0.43730324506759644,-0.019705018028616905,0.45786017179489136,0.5354613065719604,-0.00998178031295538,0.48275378346443176,0.48668259382247925,-0.021303502842783928,0.4955442547798157,0.4577800929546356,-0.02924273908138275,0.5042433142662048,0.43147850036621094,-0.03418581187725067,0.4608372747898102,0.5535919666290283,-0.02131618745625019,0.484477698802948,0.5049641728401184,-0.03348497673869133,0.49466007947921753,0.47687169909477234,-0.04082324355840683,0.5012973546981812,0.4509522616863251,-0.045211683958768845,0.4643307328224182,0.5796475410461426,-0.03172453120350838,0.4822278618812561,0.5587265491485596,-0.04093358665704727,0.4919874966144562,0.5434443950653076,-0.04469330981373787,0.5005168318748474,0.5285788774490356,-0.047052085399627686
0.6538375020027161,0.7295203804969788,1.7715541389407008e-07,0.6319484710693359,0.6818786859512329,0.014333377592265606,0.5981460213661194,0.6369433999061584,0.017963923513889313,0.5744066834449768,0.6089762449264526,0.017230546101927757,0.5532641410827637,0.5895708203315735,0.014591939747333527,0.5934460759162903,0.6224573850631714,0.005260704085230827,0.5563712120056152,0.5742396116256714,-0.00702120503410697,0.5305317640304565,0.5324036478996277,-0.017157655209302902,0.5109964609146118,0.4944029450416565,-0.02465822920203209,0.5930175185203552,0.6244832873344421,-0.010299542918801308,0.5523097515106201,0.5695928931236267,-0.022319430485367775,0.5253061652183533,0.5222585201263428,-0.033189788460731506,0.5065097808837891,0.48007017374038696,-0.0414663664996624,0.5886226892471313,0.6352077126502991,-0.024896878749132156,0.548505425453186,0.5794446468353271,-0.03730430081486702,0.5214754939079285,0.5378611087799072,-0.04576985538005829,0.5029234290122986,0.5022789835929871,-0.050992581993341446,0.5810028314590454,0.6558026075363159,-0.03796524554491043,0.5492826700210571,0.611844539642334,-0.049666523933410645,0.5297576785087585,0.5807436108589172,-0.05424034222960472,0.5145732760429382,0.5537043213844299,-0.05688564106822014,0.41495105624198914,0.6267540454864502,-1.654706096587688e-07,0.4326251745223999,0.586952269077301,0.015762826427817345,0.45237016677856445,0.5538843870162964,0.02145005203783512,0.4682670831680298,0.5350175499916077,0.02288290485739708,0.48042795062065125,0.5223934650421143,0.023746443912386894,0.45996394753456116,0.5195461511611938,0.01509665697813034,0.4838472604751587,0.4757581949234009,0.013404002413153648,0.4921718239784241,0.45548567175865173,0.011943385936319828,0.4978173077106476,0.4388650059700012,0.011038396507501602,0.4626730978488922,0.5244818329811096,0.003636950394138694,0.4791969656944275,0.47605037689208984,-0.0001899650669656694,0.489656537771225,0.45199131965637207,-0.0051552169024944305,0.4993090331554413,0.4320183992385864,-0.008264696225523949,0.4662245213985443,0.5403414964675903,-0.007149944081902504,0.4822603762149811,0.49330300092697144,-0.012950357049703598,0.4919869005680084,0.4640427231788635,-0.019757017493247986,0.5000624060630798,0.4384072422981262,-0.024074245244264603,0.4731835126876831,0.5646922588348389,-0.016245350241661072,0.48962533473968506,0.5409309267997742,-0.019259154796600342,0.49815186858177185,0.526290237903595,-0.020536573603749275,0.5061808228492737,0.5123348832130432,-0.021389298141002655
0.6572185754776001,0.6195513606071472,2.2166409507917706e-07,0.6281729340553284,0.5690555572509766,0.01695282757282257,0.587961733341217,0.5283348560333252,0.021689768880605698,0.560775101184845,0.5005632638931274,0.021192200481891632,0.5375815629959106,0.4819134473800659,0.0192384272813797,0.5800341367721558,0.5146320462226868,0.011255177669227123,0.5386815071105957,0.46836355328559875,-9.841063001658767e-05,0.5101420879364014,0.4279090166091919,-0.00968687143176794,0.4883691072463989,0.3896470069885254,-0.01702411286532879,0.5811153650283813,0.5161722898483276,-0.00608210451900959,0.5331209301948547,0.46266117691993713,-0.017756855115294456,0.5026124119758606,0.4154960513114929,-0.028529515489935875,0.4816414415836334,0.371498703956604,-0.036809906363487244,0.5783319473266602,0.5281266570091248,-0.022662296891212463,0.5286091566085815,0.47541770339012146,-0.0347183495759964,0.4962778091430664,0.43711167573928833,-0.042311519384384155,0.4741553068161011,0.40341201424598694,-0.04687971994280815,0.5727254748344421,0.5514794588088989,-0.037748631089925766,0.533510684967041,0.5108706951141357,-0.049117978662252426,0.5083099603652954,0.48045316338539124,-0.053739603608846664,0.4880439341068268,0.4532906711101532,-0.056438036262989044,0.44257214665412903,0.49021974205970764,-5.858946039438706e-08,0.4730123281478882,0.5091057419776917,-0.018411708995699883,0.4997120201587677,0.5113657712936401,-0.02975267358124256,0.5129318237304688,0.497469425201416,-0.0389765202999115,0.5228226780891418,0.48427578806877136,-0.04818806052207947,0.5006319284439087,0.4515124559402466,-0.024970585480332375,0.498822420835495,0.41523927450180054,-0.0415385402739048,0.49601638317108154,0.39124545454978943,-0.054358210414648056,0.4933083951473236,0.36598241329193115,-0.06258180737495422,0.4867805540561676,0.43139463663101196,-0.023033788427710533,0.48272937536239624,0.39021918177604675,-0.03930674120783806,0.4831598699092865,0.36282843351364136,-0.05195314437150955,0.4836013615131378,0.337309867143631,-0.06090014800429344,0.47565653920173645,0.4207325875759125,-0.022515825927257538,0.4702982008457184,0.3895687758922577,-0.03912943974137306,0.4715942442417145,0.3660540282726288,-0.04887289181351662,0.4735243618488312,0.34333503246307373,-0.05471166595816612,0.46586498618125916,0.4180140495300293,-0.02311834506690502,0.46371904015541077,0.39441537857055664,-0.03577788174152374,0.46507084369659424,0.3808853328227997,-0.040955062955617905,0.4682610034942627,0.36900800466537476,-0.044205114245414734
0.657672107219696,0.61223965883255,1.5886021742517187e-07,0.6290427446365356,0.5649762749671936,0.021418562158942223,0.5909829139709473,0.5255433320999146,0.029028864577412605,0.563746452331543,0.5030829310417175,0.030726753175258636,0.5409377813339233,0.487750768661499,0.030395586043596268,0.5820075273513794,0.5042580366134644,0.015652211382985115,0.5384047031402588,0.4582318365573883,0.006617418956011534,0.5086561441421509,0.41906189918518066,-0.0007573815528303385,0.4861299991607666,0.3822293281555176,-0.006586512550711632,0.5822070837020874,0.5051116347312927,-0.0033609282691031694,0.5320981740951538,0.4481399655342102,-0.012486537918448448,0.5027955770492554,0.4020761251449585,-0.020681295543909073,0.48310962319374084,0.35964906215667725,-0.02705027349293232,0.5774931907653809,0.5166288018226624,-0.02156726084649563,0.5261408090591431,0.4586610198020935,-0.033169593662023544,0.49629172682762146,0.41784894466400146,-0.04176618903875351,0.476454496383667,0.3818088471889496,-0.046999137848615646,0.5691559910774231,0.5396698713302612,-0.03768489137291908,0.5299414396286011,0.4968876540660858,-0.0501059927046299,0.5055410265922546,0.46649497747421265,-0.05617855116724968,0.4865742325782776,0.4397107660770416,-0.05991554260253906,0.3053620159626007,0.6257932186126709,2.5670507497466133e-08,0.36157628893852234,0.6087069511413574,0.024933170527219772,0.3922256827354431,0.553928017616272,0.03468282148241997,0.41001057624816895,0.5153189301490784,0.03695625811815262,0.42489829659461975,0.48776721954345703,0.036655254662036896,0.3811299502849579,0.49781185388565063,0.018103061243891716,0.4238201081752777,0.4490789771080017,0.009430497884750366,0.45362019538879395,0.410398930311203,0.002533389488235116,0.47725337743759155,0.37729308009147644,-0.0031627339776605368,0.37898075580596924,0.4996851086616516,-0.003640161594375968,0.42313647270202637,0.4335845708847046,-0.015582049265503883,0.4502522349357605,0.3817479610443115,-0.024489985778927803,0.46934041380882263,0.3416889011859894,-0.030882006511092186,0.3778555989265442,0.5101573467254639,-0.024680819362401962,0.4255830645561218,0.44882726669311523,-0.036680251359939575,0.45482325553894043,0.4023197889328003,-0.045105352997779846,0.47525960206985474,0.36648887395858765,-0.05069104582071304,0.37956729531288147,0.5327103137969971,-0.04382707178592682,0.42088738083839417,0.49248307943344116,-0.05551442503929138,0.4474969804286957,0.45996567606925964,-0.06200982630252838,0.4676167368888855,0.4324208199977875,-0.06678015738725662
0.6553309559822083,0.6158891320228577,1.7477555047662463e-07,0.6274587512016296,0.5699661374092102,0.019930167123675346,0.5875706076622009,0.5281229615211487,0.027049649506807327,0.56072998046875,0.5020755529403687,0.028460394591093063,0.5376349091529846,0.4843476712703705,0.0278443843126297,0.5785648226737976,0.5057249069213867,0.014918693341314793,0.5359757542610168,0.4583297669887543,0.005080617032945156,0.5069682002067566,0.41721829771995544,-0.0033393483608961105,0.4850580394268036,0.37935543060302734,-0.010064740665256977,0.5793017148971558,0.5060147643089294,-0.0037269110325723886,0.529841959476471,0.4493200480937958,-0.013537764549255371,0.5000045895576477,0.40178731083869934,-0.02332944981753826,0.48052358627319336,0.3589014410972595,-0.030962320044636726,0.5756046175956726,0.5172745585441589,-0.021661706268787384,0.5246283411979675,0.4591830372810364,-0.03415951132774353,0.49437835812568665,0.4168302118778229,-0.044003523886203766,0.47470149397850037,0.3795325756072998,-0.05013803020119667,0.568875789642334,0.5404915809631348,-0.03755923733115196,0.5292150974273682,0.4990217685699463,-0.050958551466464996,0.5039175152778625,0.4685615003108978,-0.05770463868975639,0.48416945338249207,0.4409870207309723,-0.06189520284533501,0.3045356571674347,0.6269603967666626,7.357665765539423e-08,0.35523128509521484,0.6125339269638062,0.018298333510756493,0.3867364823818207,0.5559190511703491,0.02698175236582756,0.40477022528648376,0.5119697451591492,0.02930811233818531,0.41755005717277527,0.48318177461624146,0.02994515933096409,0.37209218740463257,0.5124307870864868,0.019742533564567566,0.41223233938217163,0.4732383191585541,0.014656453393399715,0.44195833802223206,0.44153958559036255,0.00961387436836958,0.4673052728176117,0.4141872823238373,0.004711119923740625,0.3698107600212097,0.5115807056427002,0.0027325432747602463,0.4113840162754059,0.4577602446079254,-0.005649309139698744,0.44091713428497314,0.41455262899398804,-0.014466030523180962,0.4654408395290375,0.37933915853500366,-0.02097378857433796,0.3695632219314575,0.5200748443603516,-0.01404576562345028,0.4142110049724579,0.47149139642715454,-0.024767855182290077,0.446225643157959,0.4368816912174225,-0.033917613327503204,0.4707331657409668,0.40892475843429565,-0.039503078907728195,0.37305566668510437,0.5404166579246521,-0.029439037665724754,0.41085925698280334,0.5003290176391602,-0.04027256742119789,0.4375566840171814,0.4697941541671753,-0.04714518040418625,0.4597952961921692,0.44401195645332336,-0.05171014368534088
0.6555928587913513,0.6167283654212952,1.6538305658286845e-07,0.6292760968208313,0.5642521977424622,0.021353375166654587,0.5899658799171448,0.5222092866897583,0.028674941509962082,0.5625519156455994,0.4967559576034546,0.029975231736898422,0.5399590134620667,0.4782325029373169,0.029382003471255302,0.5796564221382141,0.5044690370559692,0.015703700482845306,0.5359645485877991,0.45665204524993896,0.00574337225407362,0.5072876214981079,0.41586217284202576,-0.0024384164717048407,0.48627811670303345,0.3779071569442749,-0.008714024908840656,0.5802982449531555,0.505899965763092,-0.0036950542125850916,0.5301026701927185,0.4482475221157074,-0.013074389658868313,0.49995020031929016,0.401475191116333,-0.021864989772439003,0.48017755150794983,0.3588070273399353,-0.02869817055761814,0.5766654014587402,0.5181112885475159,-0.0223506111651659,0.5247356295585632,0.4608566462993622,-0.03378283604979515,0.49334442615509033,0.42021703720092773,-0.04195693880319595,0.47283869981765747,0.3836206793785095,-0.04702305048704147,0.5700390934944153,0.5424525141716003,-0.03901628777384758,0.5301653146743774,0.5002087950706482,-0.05151531100273132,0.5042601823806763,0.46903321146965027,-0.057304177433252335,0.4841466546058655,0.4408020079135895,-0.06076003983616829,0.3061882555484772,0.6317650079727173,3.0952005403150906e-08,0.3571476340293884,0.6087377071380615,0.028886226937174797,0.3866560161113739,0.5508674383163452,0.04066874459385872,0.405245304107666,0.5093148350715637,0.043786656111478806,0.4209435284137726,0.48070433735847473,0.04441186040639877,0.37308403849601746,0.5057497024536133,0.027120672166347504,0.4148859977722168,0.4690288305282593,0.022370966151356697,0.44367820024490356,0.43669429421424866,0.017652669921517372,0.4693896770477295,0.40845349431037903,0.01263930182904005,0.37212052941322327,0.5062245726585388,0.0036020895931869745,0.41461795568466187,0.44506263732910156,-0.004728429019451141,0.44209158420562744,0.3961973488330841,-0.012265412136912346,0.46429094672203064,0.3574828505516052,-0.018369462341070175,0.3718332350254059,0.5165024399757385,-0.01919599622488022,0.41671738028526306,0.4616033434867859,-0.028741037473082542,0.4471251666545868,0.4210052192211151,-0.03600982949137688,0.47060173749923706,0.38810235261917114,-0.041487835347652435,0.3752589523792267,0.5404390096664429,-0.0400150828063488,0.4135481119155884,0.4968852400779724,-0.0514625646173954,0.44144055247306824,0.46309393644332886,-0.05873909592628479,0.4650004804134369,0.43425965309143066,-0.06430764496326447
0.6569333672523499,0.6283034086227417,1.2767024770710123e-07,0.6307871341705322,0.5783128142356873,0.019385026767849922,0.5942230820655823,0.5323013067245483,0.026110107079148293,0.5675494074821472,0.5063599944114685,0.027259407564997673,0.5445711612701416,0.4885265827178955,0.026374859735369682,0.589339017868042,0.5056255459785461,0.015025950036942959,0.5449162721633911,0.4586825966835022,0.0051475586369633675,0.51353919506073,0.4171878397464752,-0.0034254437778145075,0.49033021926879883,0.3803101181983948,-0.010387546382844448,0.5889191627502441,0.5060365796089172,-0.003899703035131097,0.5390644669532776,0.4453745186328888,-0.014162387698888779,0.507206380367279,0.39627131819725037,-0.024046827107667923,0.48564261198043823,0.3545299470424652,-0.031468529254198074,0.5833179950714111,0.5181576609611511,-0.022186940535902977,0.5321012735366821,0.4556463658809662,-0.03547829017043114,0.500740647315979,0.4124711751937866,-0.04543313756585121,0.4805924892425537,0.3755599856376648,-0.05132686719298363,0.5736717581748962,0.5427658557891846,-0.03846687451004982,0.5329746007919312,0.4994202256202698,-0.05290623754262924,0.5071653127670288,0.4696335196495056,-0.05945275351405144,0.48712533712387085,0.44293925166130066,-0.06316999346017838,0.29984012246131897,0.6452797651290894,9.694482372424318e-08,0.3573099672794342,0.6193234324455261,0.026267971843481064,0.38680461049079895,0.553484320640564,0.03456195071339607,0.40503281354904175,0.5067316293716431,0.034068476408720016,0.4212392568588257,0.4745471179485321,0.0313415564596653,0.3685038089752197,0.49835652112960815,0.018399043008685112,0.4177549183368683,0.4410950541496277,0.007817113772034645,0.44813376665115356,0.39658284187316895,-0.0002124744059983641,0.4726693332195282,0.3577960133552551,-0.006556600797921419,0.36612778902053833,0.5002859830856323,-0.005888412240892649,0.4216894507408142,0.43260470032691956,-0.02123735286295414,0.45342740416526794,0.37840232253074646,-0.03310118243098259,0.4753860831260681,0.33425283432006836,-0.040811195969581604,0.36667031049728394,0.514700174331665,-0.029267311096191406,0.4215526580810547,0.4527713656425476,-0.04227888584136963,0.45436638593673706,0.40376976132392883,-0.05246531590819359,0.4774506390094757,0.3646676242351532,-0.0591280423104763,0.37271741032600403,0.5419940948486328,-0.050813063979148865,0.41527557373046875,0.4960731863975525,-0.06152431666851044,0.44335392117500305,0.45791178941726685,-0.06838170439004898,0.46614840626716614,0.42480337619781494,-0.0735793337225914
0.6605563163757324,0.6315053105354309,1.350217786466601e-07,0.636882483959198,0.5740125775337219,0.023028897121548653,0.599923849105835,0.5286594033241272,0.030187396332621574,0.5726490616798401,0.5036144852638245,0.030989063903689384,0.548612117767334,0.48766279220581055,0.029429418966174126,0.5910192728042603,0.5049267411231995,0.016950974240899086,0.5458120703697205,0.455563485622406,0.006765505764633417,0.5132363438606262,0.4136222004890442,-0.0019548286218196154,0.48926252126693726,0.376338928937912,-0.00893513485789299,0.5900083780288696,0.5061906576156616,-0.004076710902154446,0.539560079574585,0.44414258003234863,-0.014849909581243992,0.5070615410804749,0.3945310413837433,-0.025239920243620872,0.48563337326049805,0.3526522219181061,-0.03304234892129898,0.5841007232666016,0.5200472474098206,-0.02403929829597473,0.5322908759117126,0.4567996859550476,-0.036852043122053146,0.49973616003990173,0.41313403844833374,-0.04613424465060234,0.4789491593837738,0.3752957284450531,-0.05179024860262871,0.5748194456100464,0.5474956631660461,-0.04168534278869629,0.5337591767311096,0.503127932548523,-0.055389076471328735,0.5074756741523743,0.47289222478866577,-0.061055250465869904,0.48667412996292114,0.4453464448451996,-0.06424163281917572,0.2973082363605499,0.6504788398742676,1.1861843063343258e-07,0.3544324040412903,0.6286574006080627,0.023679247125983238,0.38503149151802063,0.5610759258270264,0.033013876527547836,0.4039668142795563,0.5118721723556519,0.03425220027565956,0.41985711455345154,0.478493869304657,0.03320321440696716,0.3670118451118469,0.5050837993621826,0.020538929849863052,0.4146501421928406,0.4522162675857544,0.010162364691495895,0.44796180725097656,0.4086728096008301,0.0012643461814150214,0.4752839207649231,0.37111568450927734,-0.005879742559045553,0.36531129479408264,0.5052839517593384,-0.0018049106001853943,0.4179377555847168,0.43526944518089294,-0.016514457762241364,0.4499122202396393,0.3780832886695862,-0.028721677139401436,0.47235625982284546,0.33219659328460693,-0.03655393049120903,0.3664916157722473,0.5187702775001526,-0.023551026359200478,0.4192664325237274,0.45052415132522583,-0.037167008966207504,0.45142897963523865,0.39766937494277954,-0.047272950410842896,0.47410494089126587,0.3562701940536499,-0.053179092705249786,0.3716954290866852,0.5462630987167358,-0.04369693621993065,0.41498002409935,0.4996153712272644,-0.05560464411973953,0.4439014196395874,0.4607822299003601,-0.06260620802640915,0.46727293729782104,0.4270041584968567,-0.06733237951993942
0.6726677417755127,0.6555098295211792,1.6822326642795815e-07,0.6478878855705261,0.5928192138671875,0.016298439353704453,0.607422411441803,0.5418329834938049,0.019552769139409065,0.5753523111343384,0.5115002393722534,0.01828441023826599,0.5476793050765991,0.4931719899177551,0.014821547083556652,0.5937196016311646,0.5216721296310425,0.00303573883138597,0.5458258986473083,0.4668428301811218,-0.011020459234714508,0.5121674537658691,0.42087170481681824,-0.02124633826315403,0.48857787251472473,0.379573255777359,-0.028880354017019272,0.5945430994033813,0.5283424854278564,-0.014986359514296055,0.5372875928878784,0.4649825692176819,-0.02972559444606304,0.5026451349258423,0.41266578435897827,-0.04111117869615555,0.48024141788482666,0.36373597383499146,-0.04965776205062866,0.5917366147041321,0.5481848120689392,-0.03166145831346512,0.533318281173706,0.4858928620815277,-0.046979185193777084,0.497740238904953,0.44285446405410767,-0.05535268783569336,0.4749608635902405,0.40182194113731384,-0.06032773107290268,0.5867561101913452,0.5806351900100708,-0.04644131660461426,0.5436741709709167,0.5350960493087769,-0.0620759092271328,0.5181247591972351,0.5034111142158508,-0.06777217239141464,0.49751365184783936,0.473122775554657,-0.07075652480125427,0.2902858853340149,0.6681464910507202,8.583040056464597e-08,0.35823026299476624,0.6363933086395264,0.04254601523280144,0.39008310437202454,0.5710006952285767,0.05635179579257965,0.41201746463775635,0.5267619490623474,0.057554617524147034,0.43209803104400635,0.49678194522857666,0.055665627121925354,0.36342746019363403,0.508587121963501,0.03260209038853645,0.41503405570983887,0.4477629065513611,0.023639347404241562,0.44588038325309753,0.4014376997947693,0.016987869516015053,0.4702548682689667,0.35988152027130127,0.010954457335174084,0.35888242721557617,0.5096523761749268,-0.001897576730698347,0.4193565845489502,0.43627357482910156,-0.01925450935959816,0.45286110043525696,0.38099801540374756,-0.031197387725114822,0.47443780303001404,0.33677420020103455,-0.03844036906957626,0.3582425117492676,0.5255016088485718,-0.03459562361240387,0.41958746314048767,0.4573507308959961,-0.04937886446714401,0.4541209638118744,0.4091121554374695,-0.0579366460442543,0.47808706760406494,0.369733065366745,-0.06333275884389877,0.36440300941467285,0.5556415319442749,-0.06415091454982758,0.41566920280456543,0.508144736289978,-0.07651913911104202,0.446585088968277,0.46974679827690125,-0.08255648612976074,0.47145429253578186,0.43438786268234253,-0.0870974063873291
0.6692992448806763,0.6579262018203735,1.0792440008344784e-07,0.6479907631874084,0.5962264537811279,0.021025417372584343,0.6112271547317505,0.5497732758522034,0.02736891433596611,0.5829184055328369,0.5278462767601013,0.02847682125866413,0.5603022575378418,0.5148745179176331,0.027226557955145836,0.5944624543190002,0.5220379829406738,0.007369157858192921,0.5450595021247864,0.465896338224411,-0.004251102916896343,0.5141595602035522,0.42000362277030945,-0.011649173684418201,0.4930039048194885,0.3794476389884949,-0.016875984147191048,0.5934698581695557,0.5275003910064697,-0.011860514990985394,0.5356772541999817,0.45964106917381287,-0.023154422640800476,0.5041264295578003,0.4075157642364502,-0.03007817268371582,0.4838320314884186,0.3593605160713196,-0.03514667972922325,0.5878942608833313,0.5439547300338745,-0.029940562322735786,0.5291796922683716,0.4798509180545807,-0.04223783686757088,0.49569010734558105,0.4348379671573639,-0.04892682656645775,0.4740910530090332,0.3926863670349121,-0.052576906979084015,0.5790510773658752,0.572683572769165,-0.04593369737267494,0.5337017178535461,0.52226322889328,-0.05944022908806801,0.5068170428276062,0.48818668723106384,-0.0645143911242485,0.4859248399734497,0.4565906524658203,-0.06703440099954605,0.29651519656181335,0.6658796072006226,1.277153813816767e-07,0.36072295904159546,0.6321014761924744,0.03117716871201992,0.39449259638786316,0.5635185837745667,0.03941549360752106,0.41982027888298035,0.5175634622573853,0.03782127425074577,0.44411036372184753,0.4901159703731537,0.033831629902124405,0.3645026981830597,0.5081871747970581,0.016193050891160965,0.41620537638664246,0.44913291931152344,0.0029141479171812534,0.4462934732437134,0.40305331349372864,-0.0056482902728021145,0.47049999237060547,0.3609171509742737,-0.012571730650961399,0.36067360639572144,0.5114349126815796,-0.01279162336140871,0.4213469922542572,0.441768079996109,-0.032906800508499146,0.4540918469429016,0.3871919512748718,-0.04583553597331047,0.47524401545524597,0.3423228859901428,-0.05367591604590416,0.36014503240585327,0.5292155146598816,-0.04022367671132088,0.4185425341129303,0.46776875853538513,-0.057468168437480927,0.45286068320274353,0.41879212856292725,-0.06725122034549713,0.4765809178352356,0.37809550762176514,-0.07312353700399399,0.3650127351284027,0.5599576234817505,-0.06522183865308762,0.41355493664741516,0.5134288668632507,-0.07905503362417221,0.44511672854423523,0.47477924823760986,-0.08613381534814835,0.4697311222553253,0.43960702419281006,-0.09122899174690247
0.6575591564178467,0.6451116800308228,9.163866110384333e-08,0.6381173133850098,0.5861124992370605,0.023632341995835304,0.6024571657180786,0.5416283011436462,0.032285548746585846,0.5750109553337097,0.5166451334953308,0.034835804253816605,0.5528191924095154,0.5000622868537903,0.03466689586639404,0.5872184634208679,0.5163410305976868,0.01548950094729662,0.5427803993225098,0.4659937620162964,0.005639825481921434,0.5119806528091431,0.4218597114086151,-0.002353441435843706,0.489936888217926,0.38313180208206177,-0.008682570420205593,0.5860808491706848,0.5190436840057373,-0.0049052066169679165,0.5353918671607971,0.4572983980178833,-0.015639424324035645,0.5048593878746033,0.4076775908470154,-0.02516319788992405,0.4848976731300354,0.36350008845329285,-0.03222527354955673,0.5807015895843506,0.532798707485199,-0.024090860038995743,0.529153048992157,0.47053536772727966,-0.03675507381558418,0.49892717599868774,0.4248310625553131,-0.04609517380595207,0.4796530604362488,0.38403594493865967,-0.05174489691853523,0.5722367763519287,0.5594698786735535,-0.04084490239620209,0.5305073261260986,0.5144672393798828,-0.054521966725587845,0.5060814619064331,0.48314857482910156,-0.060563381761312485,0.48738351464271545,0.4545901417732239,-0.06401562690734863,0.30927932262420654,0.6672651171684265,1.9030549935905583e-07,0.3653739094734192,0.6397968530654907,0.019045062363147736,0.3930858075618744,0.5729519128799438,0.02588067390024662,0.4105916917324066,0.523317277431488,0.02636096067726612,0.4262324273586273,0.4912681579589844,0.025544501841068268,0.3683578073978424,0.521980345249176,0.013584629632532597,0.4137546122074127,0.4818064272403717,0.00351080484688282,0.4440191090106964,0.44966936111450195,-0.00448563089594245,0.4698629081249237,0.42005759477615356,-0.010815862566232681,0.36565956473350525,0.5228948593139648,-0.005248370114713907,0.4167897403240204,0.4617628753185272,-0.018977291882038116,0.4472087025642395,0.4118390679359436,-0.029223036020994186,0.47106248140335083,0.3678673505783081,-0.03576609492301941,0.365641325712204,0.536382794380188,-0.023267077282071114,0.4160555899143219,0.4835105836391449,-0.036020293831825256,0.4487970173358917,0.44249433279037476,-0.04365325719118118,0.47364136576652527,0.40631428360939026,-0.04793572798371315,0.36942407488822937,0.5623608827590942,-0.039870623499155045,0.4071848690509796,0.5207182765007019,-0.04979812726378441,0.43428266048431396,0.48748520016670227,-0.054064102470874786,0.45711469650268555,0.45762506127357483,-0.05667915940284729
0.6501847505569458,0.6417871713638306,6.321282342014456e-08,0.6266974210739136,0.5879131555557251,0.023990275338292122,0.5934836268424988,0.5423300266265869,0.03315785899758339,0.5673279762268066,0.5188632011413574,0.03637336939573288,0.5458700656890869,0.502411961555481,0.03758714720606804,0.5837017297744751,0.5164887309074402,0.016709335148334503,0.538725733757019,0.46423304080963135,0.008771944791078568,0.5105735659599304,0.42276686429977417,0.003340903902426362,0.491305410861969,0.38600650429725647,-0.0011097392998635769,0.5842667818069458,0.5183468461036682,-0.003269075183197856,0.5322099924087524,0.453981876373291,-0.011711129918694496,0.503870964050293,0.40743011236190796,-0.01792697235941887,0.4858616888523102,0.3664417266845703,-0.02272304892539978,0.5782853960990906,0.5298747420310974,-0.022409308701753616,0.5262203812599182,0.46300843358039856,-0.03365785628557205,0.4974209666252136,0.4206443727016449,-0.04134935513138771,0.4792063236236572,0.38293564319610596,-0.04598550125956535,0.5672104358673096,0.5524595975875854,-0.03920397907495499,0.5261890888214111,0.5041885375976562,-0.05293558910489082,0.5014891624450684,0.47238919138908386,-0.059760820120573044,0.4830569922924042,0.4448010325431824,-0.06380673497915268,0.43975120782852173,0.48862823843955994,-4.065739034331273e-08,0.4729842245578766,0.49491384625434875,-0.009051087312400341,0.49762383103370667,0.491415798664093,-0.0180620439350605,0.5144147872924805,0.48474636673927307,-0.026827622205018997,0.5263396501541138,0.47639113664627075,-0.036112748086452484,0.49718353152275085,0.44188785552978516,-0.022520165890455246,0.5001213550567627,0.4072984755039215,-0.039053987711668015,0.500342607498169,0.3845658302307129,-0.05125041306018829,0.4999469220638275,0.3626987040042877,-0.05956542119383812,0.4828154742717743,0.4309839904308319,-0.026148026809096336,0.4815296530723572,0.3926141560077667,-0.043086372315883636,0.4837978482246399,0.3668520748615265,-0.0544438473880291,0.4862538278102875,0.344335675239563,-0.06293179839849472,0.4687439203262329,0.42936772108078003,-0.030488863587379456,0.46626123785972595,0.39969053864479065,-0.04784981161355972,0.4705873131752014,0.3769463896751404,-0.05724761635065079,0.4748891294002533,0.3555269241333008,-0.06338952481746674,0.45643818378448486,0.4358886778354645,-0.03511035814881325,0.45877712965011597,0.42460495233535767,-0.04939259588718414,0.46373045444488525,0.4143739640712738,-0.0559200793504715,0.4689781963825226,0.4029810428619385,-0.06050689518451691
0.6383705735206604,0.6281876564025879,9.801680533882973e-08,0.6186143755912781,0.5829380750656128,0.01879097707569599,0.589034914970398,0.5410163998603821,0.026368731632828712,0.5661829113960266,0.5178791284561157,0.028815047815442085,0.5464152693748474,0.5016392469406128,0.02946375124156475,0.5778701305389404,0.5099472999572754,0.01498329732567072,0.5351167917251587,0.4593774080276489,0.007063840050250292,0.5081976652145386,0.4163391888141632,0.000979525619186461,0.48913469910621643,0.37890002131462097,-0.0038487575948238373,0.5777904391288757,0.5095453262329102,-0.0018585320794954896,0.5301032066345215,0.44618624448776245,-0.00959334708750248,0.5046471953392029,0.3988632261753082,-0.015982380136847496,0.48821160197257996,0.3565143644809723,-0.020855922251939774,0.5713472366333008,0.5185385942459106,-0.018250850960612297,0.5241027474403381,0.45572352409362793,-0.028349310159683228,0.49869441986083984,0.4155014455318451,-0.0354316420853138,0.4824585020542145,0.3801193833351135,-0.039579566568136215,0.559602677822113,0.5385869741439819,-0.032948657870292664,0.5223754644393921,0.4951757490634918,-0.04449654370546341,0.5009398460388184,0.46643370389938354,-0.049806009978055954,0.4849846363067627,0.4408237636089325,-0.05280737206339836,0.4371354877948761,0.48983266949653625,-6.045237199714393e-08,0.46873190999031067,0.4951682388782501,-0.009176773950457573,0.49323952198028564,0.48812371492385864,-0.016737977042794228,0.5081759691238403,0.47495317459106445,-0.02436528541147709,0.5185616612434387,0.4611092507839203,-0.03212859109044075,0.4998001456260681,0.4403957724571228,-0.011543220840394497,0.510326087474823,0.41348132491111755,-0.025150304660201073,0.5103268623352051,0.3966143727302551,-0.03615076094865799,0.5087079405784607,0.3785528838634491,-0.04313337430357933,0.48807138204574585,0.4266856014728546,-0.013438750989735126,0.4964894652366638,0.3936806917190552,-0.027260109782218933,0.4968965947628021,0.37362226843833923,-0.03706652671098709,0.4951595962047577,0.3555344343185425,-0.04320736229419708,0.47579213976860046,0.4191933274269104,-0.01668243668973446,0.48395389318466187,0.3885039985179901,-0.030148858204483986,0.4867784082889557,0.3681391775608063,-0.03608770668506622,0.48709213733673096,0.35013216733932495,-0.038817521184682846,0.4640045762062073,0.41722023487091064,-0.02043248899281025,0.4705633819103241,0.3904697895050049,-0.03063787706196308,0.47480547428131104,0.3738982677459717,-0.033469829708337784,0.4784214496612549,0.360017329454422,-0.034406572580337524
0.6396641135215759,0.6228396892547607,8.212837343535284e-08,0.6160885691642761,0.5767911076545715,0.01981987990438938,0.5846349596977234,0.5350359678268433,0.027755102142691612,0.5613414645195007,0.511211097240448,0.030403871089220047,0.542436420917511,0.4948684275150299,0.03130389750003815,0.577276885509491,0.5102140307426453,0.015755435451865196,0.536496102809906,0.4626035690307617,0.00811775866895914,0.5105854272842407,0.4237540364265442,0.0020859134383499622,0.492173433303833,0.3890933394432068,-0.0026837161276489496,0.5779722332954407,0.5104113221168518,-0.00133895396720618,0.5312038064002991,0.45173847675323486,-0.008890453726053238,0.504958987236023,0.4081912338733673,-0.015576016157865524,0.4873303174972534,0.36882948875427246,-0.020780500024557114,0.5720471739768982,0.5195288062095642,-0.0179000124335289,0.5260276794433594,0.45990416407585144,-0.02742430754005909,0.49959808588027954,0.42101824283599854,-0.03488140553236008,0.4819211959838867,0.38635680079460144,-0.03958382084965706,0.5609476566314697,0.5385173559188843,-0.03262922540307045,0.5246778726577759,0.4955323040485382,-0.043348025530576706,0.5026319026947021,0.4667307138442993,-0.04887689650058746,0.4858231246471405,0.441001832485199,-0.05236062780022621,0.4334643483161926,0.49378180503845215,-9.182446092381724e-08,0.46586501598358154,0.4972826838493347,-0.0056701162829995155,0.4896553158760071,0.485683411359787,-0.01122994627803564,0.5038862824440002,0.4706035852432251,-0.017473803833127022,0.5134434103965759,0.45603621006011963,-0.024110864847898483,0.4912155270576477,0.4438669681549072,-0.007743489928543568,0.5015472769737244,0.41205668449401855,-0.020340794697403908,0.5024516582489014,0.3914896845817566,-0.030766984447836876,0.5019081234931946,0.3721417188644409,-0.03740270435810089,0.4799247086048126,0.43396249413490295,-0.01103072240948677,0.4892631471157074,0.397877961397171,-0.02380603924393654,0.49185988306999207,0.3747916519641876,-0.03337367624044418,0.49233853816986084,0.3549080789089203,-0.03942028433084488,0.4693470895290375,0.42856526374816895,-0.015375357121229172,0.47763627767562866,0.39384782314300537,-0.02756735123693943,0.482145220041275,0.3718189597129822,-0.03320188820362091,0.4844609200954437,0.3533778190612793,-0.03580981120467186,0.46024128794670105,0.42758068442344666,-0.020047802478075027,0.46749070286750793,0.39871683716773987,-0.029015395790338516,0.4726642668247223,0.3804199695587158,-0.031231308355927467,0.47697651386260986,0.3654713034629822,-0.031915731728076935
0.641551673412323,0.6187916994094849,9.040290649409144e-08,0.6174771189689636,0.5741982460021973,0.023146692663431168,0.5856285691261292,0.5335060954093933,0.032517123967409134,0.5632259845733643,0.5102341175079346,0.035798873752355576,0.5444144606590271,0.4938831031322479,0.03684193268418312,0.578593373298645,0.509829580783844,0.01795186474919319,0.5374352931976318,0.46190300583839417,0.01084717083722353,0.5106562376022339,0.4233956038951874,0.005224619992077351,0.49146568775177,0.38820144534111023,0.0005560802528634667,0.5802763104438782,0.5092048048973083,-0.0010598363587632775,0.5331276655197144,0.45029890537261963,-0.008126532658934593,0.5059695839881897,0.4064520597457886,-0.014937005937099457,0.4880726933479309,0.3675982356071472,-0.020428292453289032,0.5748788118362427,0.518860399723053,-0.019230354577302933,0.5278982520103455,0.4580620527267456,-0.028641408309340477,0.5005366802215576,0.4194032549858093,-0.03608187288045883,0.4821431040763855,0.3851504921913147,-0.04094851389527321,0.5634462237358093,0.5391690731048584,-0.0352519154548645,0.526885449886322,0.49427884817123413,-0.04657116159796715,0.5048004388809204,0.46452176570892334,-0.05237997695803642,0.4878857433795929,0.43805211782455444,-0.05609077960252762,0.4342711567878723,0.48894551396369934,-5.122634050280794e-08,0.4658142328262329,0.49486953020095825,-0.010287436656653881,0.4901250898838043,0.48644745349884033,-0.01802358403801918,0.5053582787513733,0.47536391019821167,-0.02561003342270851,0.5162942409515381,0.46473637223243713,-0.033246200531721115,0.49498891830444336,0.4348965883255005,-0.010705579072237015,0.5053785443305969,0.41093623638153076,-0.024126455187797546,0.5059514045715332,0.39377760887145996,-0.03534428030252457,0.5051218271255493,0.3751910328865051,-0.04255649447441101,0.48369359970092773,0.421509325504303,-0.011750197038054466,0.4929795563220978,0.39075833559036255,-0.025100989267230034,0.49448996782302856,0.3708101212978363,-0.03482392057776451,0.49425262212753296,0.35228919982910156,-0.04085524007678032,0.47274017333984375,0.4148334860801697,-0.014227463863790035,0.4821765124797821,0.3844315707683563,-0.02687019854784012,0.48624032735824585,0.36400821805000305,-0.03251916915178299,0.48895472288131714,0.3458733558654785,-0.03511711210012436,0.4624662399291992,0.4144437313079834,-0.017444567754864693,0.4695548117160797,0.388652503490448,-0.026937536895275116,0.4744413495063782,0.3719761073589325,-0.02943640761077404,0.4790721535682678,0.357636958360672,-0.030151216313242912
0.638055145740509,0.618921160697937,9.769611608589912e-08,0.6176478266716003,0.5683146119117737,0.019142771139740944,0.584954023361206,0.5270217061042786,0.026369569823145866,0.560523509979248,0.5036299228668213,0.028400998562574387,0.5408867001533508,0.4868002235889435,0.028426911681890488,0.5776727795600891,0.5105189681053162,0.014000222086906433,0.5370676517486572,0.465904176235199,0.005414850078523159,0.5103033185005188,0.42754217982292175,-0.0015196091262623668,0.49109968543052673,0.393470823764801,-0.00680419011041522,0.5777124762535095,0.5113096833229065,-0.003049002494663,0.5318307876586914,0.4548669159412384,-0.011386577039957047,0.5049304962158203,0.4107021689414978,-0.01900775171816349,0.4871351718902588,0.3705226182937622,-0.024773621931672096,0.5718984603881836,0.5206212997436523,-0.019453657791018486,0.5257188677787781,0.46271365880966187,-0.029786886647343636,0.4986684322357178,0.42242833971977234,-0.03774607554078102,0.480918824672699,0.38693898916244507,-0.04239916428923607,0.5613271594047546,0.5405246615409851,-0.03397488594055176,0.5248627066612244,0.4953659772872925,-0.044591616839170456,0.5029184222221375,0.4654900133609772,-0.04941152408719063,0.48686137795448303,0.44037941098213196,-0.05216406285762787,0.4265824556350708,0.49143368005752563,-7.834363202618988e-08,0.4624181091785431,0.4911494851112366,-0.000718898547347635,0.48431360721588135,0.4766760766506195,-0.005069932900369167,0.4972672462463379,0.46247196197509766,-0.010920264758169651,0.5072920322418213,0.4498269259929657,-0.01701049879193306,0.47652754187583923,0.4253474175930023,-0.006438904441893101,0.4877837300300598,0.39517465233802795,-0.017733056098222733,0.4913666546344757,0.37717771530151367,-0.02684735506772995,0.49263811111450195,0.36044663190841675,-0.033103279769420624,0.4664635956287384,0.4217768907546997,-0.012800532393157482,0.47715675830841064,0.3883427679538727,-0.024710427969694138,0.4830835163593292,0.3674645721912384,-0.033681027591228485,0.48672568798065186,0.350195974111557,-0.04007425159215927,0.45806095004081726,0.4262709617614746,-0.019650110974907875,0.4683767557144165,0.3955762982368469,-0.03202441334724426,0.47539347410202026,0.3734840750694275,-0.039421528577804565,0.47981616854667664,0.35448166728019714,-0.04416655749082565,0.4525766968727112,0.43768155574798584,-0.026341279968619347,0.46208205819129944,0.42028653621673584,-0.03623149171471596,0.4689769446849823,0.4050784409046173,-0.04062597453594208,0.474143922328949,0.39077186584472656,-0.043702926486730576
0.6356973648071289,0.624108076095581,7.190997308725855e-08,0.6131464242935181,0.5798032879829407,0.02045031450688839,0.5833083391189575,0.5390495657920837,0.028928648680448532,0.5611926317214966,0.5174641609191895,0.03198811039328575,0.5423742532730103,0.5024086833000183,0.03312680125236511,0.5762377977371216,0.5096713900566101,0.016828341409564018,0.5342321395874023,0.4625733196735382,0.009498563595116138,0.5069222450256348,0.42289555072784424,0.0037276195362210274,0.4877074956893921,0.3878738582134247,-0.0008989901398308575,0.5763572454452515,0.5096496939659119,-0.0007698159897699952,0.5291149616241455,0.4498806297779083,-0.00862349197268486,0.5028824806213379,0.40570852160453796,-0.015384291298687458,0.48580533266067505,0.3660147190093994,-0.020332587882876396,0.5699188113212585,0.5186499953269958,-0.01780904270708561,0.5238460302352905,0.4589163064956665,-0.027896730229258537,0.49780768156051636,0.4194270074367523,-0.035531725734472275,0.48074787855148315,0.38421693444252014,-0.039989907294511795,0.5584219098091125,0.5380481481552124,-0.03296595439314842,0.5223749279975891,0.49403807520866394,-0.044315796345472336,0.5009528994560242,0.4655036926269531,-0.04983316361904144,0.4850558340549469,0.4402560889720917,-0.053032852709293365,0.4336935877799988,0.4906488060951233,-2.1954104312271738e-08,0.4619414210319519,0.4970633089542389,-0.009179851971566677,0.4859345853328705,0.48767781257629395,-0.01588134467601776,0.5001617074012756,0.47154179215431213,-0.022219007834792137,0.5097653865814209,0.45521244406700134,-0.028551781550049782,0.4944526255130768,0.446973979473114,-0.011465827003121376,0.5099281072616577,0.4274370074272156,-0.022736618295311928,0.5140610933303833,0.4108923673629761,-0.031679339706897736,0.5147038698196411,0.39328867197036743,-0.037642791867256165,0.4839949905872345,0.4320591986179352,-0.012379549443721771,0.49717196822166443,0.4031619429588318,-0.024275047704577446,0.49979910254478455,0.38345247507095337,-0.03223846107721329,0.49893882870674133,0.36525100469589233,-0.03706922009587288,0.47275063395500183,0.42216581106185913,-0.014430658891797066,0.48543351888656616,0.39250099658966064,-0.025760848075151443,0.48987704515457153,0.3716847896575928,-0.030352359637618065,0.4913778603076935,0.3525717258453369,-0.03244572877883911,0.46160927414894104,0.4177807867527008,-0.017028283327817917,0.4690993130207062,0.39129140973091125,-0.026467883959412575,0.47351688146591187,0.37279269099235535,-0.02937099151313305,0.47714415192604065,0.3565000295639038,-0.03035101667046547
0.661607027053833,0.6439263820648193,4.086440696937643e-08,0.6428194046020508,0.5840032696723938,0.02577863074839115,0.6095973253250122,0.5405739545822144,0.035586677491664886,0.5813745856285095,0.5220310688018799,0.03922189399600029,0.558157742023468,0.509181559085846,0.040198203176259995,0.5933621525764465,0.5117122530937195,0.017705487087368965,0.5433973670005798,0.46218156814575195,0.009998984634876251,0.5105677843093872,0.4199172258377075,0.004885148722678423,0.4868280589580536,0.3835143744945526,0.0005449370946735144,0.5892586708068848,0.516301691532135,-0.003178355051204562,0.5323736667633057,0.4524010717868805,-0.011695806868374348,0.5001892447471619,0.40484464168548584,-0.01785418950021267,0.478576123714447,0.36245179176330566,-0.022554615512490273,0.5804306864738464,0.5322360992431641,-0.022982826456427574,0.525080144405365,0.46776291728019714,-0.03488379344344139,0.4941241145133972,0.4250127077102661,-0.04299704357981682,0.4741970896720886,0.3855942487716675,-0.047822363674640656,0.568763792514801,0.561101496219635,-0.040092408657073975,0.5257319808006287,0.5158821940422058,-0.05543572083115578,0.4996269643306732,0.4848847985267639,-0.06278619915246964,0.4791530668735504,0.4559328556060791,-0.06693487614393234,0.29277753829956055,0.6632235646247864,1.498399768706804e-07,0.3489249348640442,0.6433823704719543,0.01978462003171444,0.37962472438812256,0.5823416113853455,0.02726711332798004,0.3995453119277954,0.5380570888519287,0.027295250445604324,0.4156440198421478,0.5082730650901794,0.026046212762594223,0.35470905900001526,0.5149969458580017,0.016391754150390625,0.4045514166355133,0.46331021189689636,0.006446128711104393,0.43754392862319946,0.4214528203010559,-0.0015019808197394013,0.4634273648262024,0.38385581970214844,-0.00780488271266222,0.3533530831336975,0.5127740502357483,-0.003438265062868595,0.4108234941959381,0.4489803910255432,-0.017541024833917618,0.4443832337856293,0.3978412449359894,-0.028224768117070198,0.4678124785423279,0.3535744547843933,-0.034640341997146606,0.3577460050582886,0.5276699662208557,-0.02279205434024334,0.41378703713417053,0.4637046456336975,-0.03562444448471069,0.44705435633659363,0.4192383289337158,-0.044522009789943695,0.4699590504169464,0.382762610912323,-0.04941437393426895,0.36882227659225464,0.5576528310775757,-0.04096180573105812,0.412959486246109,0.5148637294769287,-0.05200584605336189,0.4425261318683624,0.47910359501838684,-0.05838371068239212,0.46679794788360596,0.4460473954677582,-0.06233873963356018
0.6917246580123901,0.6637183427810669,9.371168374627814e-08,0.6668902039527893,0.6003996133804321,0.01927291974425316,0.624690055847168,0.552232027053833,0.023905953392386436,0.5887405872344971,0.5300787687301636,0.023178668692708015,0.5592244267463684,0.5193049907684326,0.019899647682905197,0.6130342483520508,0.5244689583778381,0.010117179714143276,0.5627875924110413,0.4716768264770508,-0.0012493113754317164,0.5278138518333435,0.4299946427345276,-0.009845497086644173,0.5019607543945312,0.3930673599243164,-0.01686823181807995,0.6116704940795898,0.5323737263679504,-0.009663065895438194,0.5516079068183899,0.4692414104938507,-0.02206706441938877,0.5156850814819336,0.4235931932926178,-0.03159399703145027,0.4912041425704956,0.3807799816131592,-0.03884067386388779,0.6062882542610168,0.5538297295570374,-0.028563998639583588,0.5467785596847534,0.4909297823905945,-0.04305851832032204,0.5108273029327393,0.44704964756965637,-0.05204271525144577,0.48717597126960754,0.40547993779182434,-0.05750995874404907,0.5988726615905762,0.5891628861427307,-0.0453212670981884,0.5517982244491577,0.5469555258750916,-0.060852810740470886,0.5228708982467651,0.5163813233375549,-0.06715115159749985,0.4994393587112427,0.4868289530277252,-0.07079334557056427,0.300558865070343,0.6669180393218994,1.874603157148158e-07,0.3607129752635956,0.6392476558685303,0.030902601778507233,0.39165276288986206,0.5823962092399597,0.03953284025192261,0.4123685359954834,0.5448072552680969,0.03842177614569664,0.4289960563182831,0.5153818130493164,0.03502313047647476,0.3662426471710205,0.5149783492088318,0.020573139190673828,0.42147454619407654,0.47344517707824707,0.009841485880315304,0.45548292994499207,0.44772860407829285,0.0022080587223172188,0.4814002811908722,0.42052504420280457,-0.0034408261999487877,0.36130601167678833,0.5167583227157593,-0.0068869017995893955,0.4239676594734192,0.45685845613479614,-0.023519380018115044,0.45855164527893066,0.41154783964157104,-0.03356014937162399,0.4808979332447052,0.36967015266418457,-0.038840826600790024,0.361661821603775,0.537339448928833,-0.033111486583948135,0.4247451424598694,0.4832655191421509,-0.04827919974923134,0.46172505617141724,0.4506273567676544,-0.05410993844270706,0.4881698787212372,0.4202873110771179,-0.05641030892729759,0.3700616657733917,0.575503945350647,-0.057058725506067276,0.42216169834136963,0.5352678894996643,-0.0698103979229927,0.4543488919734955,0.5038197040557861,-0.07373686879873276,0.4809627830982208,0.47191983461380005,-0.07556404173374176
0.6928984522819519,0.6616390943527222,9.842326420539393e-08,0.6675637364387512,0.5966271758079529,0.02280925214290619,0.6277357339859009,0.5491979122161865,0.029186351224780083,0.5934913158416748,0.5292872786521912,0.029562756419181824,0.5645754933357239,0.5191227793693542,0.02717701718211174,0.6147522926330566,0.5237707495689392,0.015321685001254082,0.5637282729148865,0.47457846999168396,0.005464072804898024,0.5267173051834106,0.43391019105911255,-0.002306190086528659,0.4987603425979614,0.397723913192749,-0.009106958284974098,0.6106979250907898,0.5296236276626587,-0.0062438021413981915,0.5521709322929382,0.46468478441238403,-0.01795164681971073,0.5152312517166138,0.41875192523002625,-0.027415024116635323,0.4891735315322876,0.3771822452545166,-0.034443143755197525,0.604248046875,0.5501139163970947,-0.026675324887037277,0.5465593934059143,0.48437339067459106,-0.041535064578056335,0.5112818479537964,0.4411301910877228,-0.051190558820962906,0.4881610870361328,0.39998477697372437,-0.05691967532038689,0.5967973470687866,0.584940493106842,-0.04456627368927002,0.5524092316627502,0.5449849963188171,-0.06162497401237488,0.5239956378936768,0.5153775215148926,-0.06901431828737259,0.5004112124443054,0.4865211844444275,-0.07322001457214355,0.2974546551704407,0.6701884269714355,1.7731338175508427e-07,0.3587370216846466,0.6388540267944336,0.033810216933488846,0.39015722274780273,0.5823245644569397,0.04334079474210739,0.4126954674720764,0.5439814925193787,0.042120836675167084,0.4306016266345978,0.5131326913833618,0.03867156431078911,0.3649916350841522,0.5148767232894897,0.027234908193349838,0.41987869143486023,0.47353723645210266,0.0176553837954998,0.4528040289878845,0.4479922652244568,0.010606899857521057,0.4780887961387634,0.42138946056365967,0.005183184519410133,0.3616543114185333,0.5168054103851318,-0.002159683732315898,0.4255520701408386,0.4563696086406708,-0.017834430560469627,0.4602195620536804,0.41121792793273926,-0.027443083003163338,0.4826262891292572,0.3703151345252991,-0.032475002110004425,0.3623804450035095,0.5376570224761963,-0.03053896687924862,0.4274098575115204,0.48237255215644836,-0.044651150703430176,0.46333444118499756,0.44985997676849365,-0.04976416006684303,0.4894425868988037,0.4193471074104309,-0.05198076739907265,0.36978498101234436,0.5760858654975891,-0.056554146111011505,0.4214194715023041,0.5375639796257019,-0.06828700751066208,0.45242512226104736,0.5074114203453064,-0.07161769270896912,0.4789450764656067,0.4757956564426422,-0.07340705394744873
0.6940626502037048,0.6553171277046204,1.4315551766230783e-07,0.6682841777801514,0.59446781873703,0.013755742460489273,0.6238235831260681,0.5453505516052246,0.014788362197577953,0.5852701663970947,0.5217628479003906,0.011792191304266453,0.55543053150177,0.5097280144691467,0.0063768671825528145,0.6149582862854004,0.5176067352294922,-0.0006381351267918944,0.560122549533844,0.46792811155319214,-0.014901909977197647,0.524559736251831,0.42680710554122925,-0.025221677497029305,0.49833011627197266,0.389503538608551,-0.03324231132864952,0.6137203574180603,0.5277432203292847,-0.018603375181555748,0.5510217547416687,0.463718980550766,-0.0320282056927681,0.5161746740341187,0.4134233295917511,-0.04201037809252739,0.4924584627151489,0.36577147245407104,-0.04975071921944618,0.6093030571937561,0.5529729723930359,-0.03563856706023216,0.548386812210083,0.4917047917842865,-0.05060679465532303,0.514096736907959,0.4480258822441101,-0.059843260794878006,0.49124956130981445,0.40402108430862427,-0.06588657945394516,0.6037127375602722,0.5917178988456726,-0.05087415128946304,0.5571164488792419,0.5547279715538025,-0.06730972230434418,0.52843177318573,0.5267176628112793,-0.07389864325523376,0.5047138333320618,0.4975830614566803,-0.07774436473846436,0.28734448552131653,0.6675851941108704,2.109026979724149e-07,0.3469241261482239,0.6301220655441284,0.028978371992707253,0.38002946972846985,0.572096049785614,0.03625061735510826,0.40620318055152893,0.5335301160812378,0.03358105197548866,0.42777931690216064,0.5058740377426147,0.02940736711025238,0.35680821537971497,0.5079361796379089,0.0225517675280571,0.41702282428741455,0.46882274746894836,0.012521354481577873,0.45056670904159546,0.44159185886383057,0.005755006801337004,0.4752430319786072,0.41296955943107605,0.0005914699286222458,0.35171133279800415,0.5087011456489563,-0.004160807467997074,0.42301779985427856,0.4559330642223358,-0.020167622715234756,0.4606674611568451,0.4129633605480194,-0.030299842357635498,0.485222727060318,0.3719615340232849,-0.03587891533970833,0.3531348407268524,0.5291284918785095,-0.030174361541867256,0.42672884464263916,0.48034417629241943,-0.044420622289180756,0.4646192193031311,0.4500935673713684,-0.051331646740436554,0.49122166633605957,0.4203163981437683,-0.05487794056534767,0.36164286732673645,0.5667141675949097,-0.05419648066163063,0.4186573028564453,0.536258339881897,-0.06584624201059341,0.45213884115219116,0.5102217793464661,-0.07100257277488708,0.47978466749191284,0.4813951253890991,-0.07420484721660614
0.6892714500427246,0.6489143371582031,1.223417100959523e-08,0.6654298901557922,0.5907255411148071,0.017822617664933205,0.6259994506835938,0.544002115726471,0.021842196583747864,0.5902535915374756,0.5212311744689941,0.020973704755306244,0.5616769790649414,0.5129334926605225,0.017270440235733986,0.614529013633728,0.5101030468940735,0.004542076028883457,0.556327760219574,0.462878555059433,-0.006593082565814257,0.5220149755477905,0.42693406343460083,-0.014361487701535225,0.4972575008869171,0.3939840495586395,-0.020598137751221657,0.6128727793693542,0.519734799861908,-0.013920258730649948,0.5471527576446533,0.4600065350532532,-0.02380524016916752,0.5120412111282349,0.41633859276771545,-0.03094334714114666,0.48746538162231445,0.376079797744751,-0.03700964152812958,0.6074957847595215,0.5434908866882324,-0.03147118538618088,0.5446312427520752,0.48553192615509033,-0.04390849173069,0.5104410648345947,0.44853442907333374,-0.05203795060515404,0.4875463843345642,0.41270360350608826,-0.05768856033682823,0.5999907851219177,0.5797832608222961,-0.04700644686818123,0.5496968030929565,0.5443542003631592,-0.061635758727788925,0.519304096698761,0.520620584487915,-0.06809820979833603,0.4948885142803192,0.4965250790119171,-0.0721583440899849,0.28237903118133545,0.6554375290870667,2.42762524749196e-07,0.34318530559539795,0.6253381967544556,0.028469081968069077,0.3751598596572876,0.5727684497833252,0.036371681839227676,0.39940810203552246,0.5393316745758057,0.03453438729047775,0.4172208905220032,0.513056218624115,0.03143677860498428,0.3529678285121918,0.49848616123199463,0.026555631309747696,0.41085752844810486,0.47348594665527344,0.017580227926373482,0.4448973536491394,0.4597651958465576,0.009881888516247272,0.4706369638442993,0.44265422224998474,0.004015032667666674,0.34768545627593994,0.49835050106048584,0.0011428495636209846,0.4167856276035309,0.45591306686401367,-0.013216906227171421,0.4561867415904999,0.420040100812912,-0.024517539888620377,0.48388129472732544,0.3841252326965332,-0.031322184950113297,0.3493167757987976,0.5183765888214111,-0.023804249241948128,0.4195229709148407,0.4791173040866852,-0.03712620958685875,0.46057790517807007,0.4544382691383362,-0.0456533282995224,0.4909815490245819,0.42914193868637085,-0.050328608602285385,0.35825154185295105,0.5561453104019165,-0.04678274691104889,0.4136822521686554,0.5314469933509827,-0.056904762983322144,0.4467456042766571,0.5091824531555176,-0.06169474869966507,0.4745526909828186,0.4847608804702759,-0.0648224726319313
0.6898247599601746,0.6503071188926697,5.304512384896043e-08,0.6670405268669128,0.5950211882591248,0.020419979467988014,0.6290034651756287,0.5462939143180847,0.025857258588075638,0.595198392868042,0.5254711508750916,0.025886278599500656,0.5667746067047119,0.5166963338851929,0.02318044938147068,0.6143436431884766,0.508804976940155,0.008688172325491905,0.5583362579345703,0.46167129278182983,-0.00021799735259264708,0.5226292014122009,0.42567944526672363,-0.006891278550028801,0.49602463841438293,0.39310920238494873,-0.012798060663044453,0.6118444800376892,0.5165016651153564,-0.011217132210731506,0.5480946898460388,0.4580240249633789,-0.0197092704474926,0.5091420412063599,0.414502888917923,-0.027095476165413857,0.48037850856781006,0.3774409890174866,-0.033566489815711975,0.6063517928123474,0.5387466549873352,-0.02994261495769024,0.5410215854644775,0.48168379068374634,-0.04128417745232582,0.5038356781005859,0.44438987970352173,-0.04953383654356003,0.47923940420150757,0.41004055738449097,-0.05556890368461609,0.5992821455001831,0.5739244818687439,-0.04655502364039421,0.5463435649871826,0.5403289198875427,-0.06089359149336815,0.5147960782051086,0.5165500044822693,-0.06749299168586731,0.4897937774658203,0.4940474033355713,-0.07183632254600525,0.27852559089660645,0.6522173285484314,2.617423433548538e-07,0.34425655007362366,0.6220356822013855,0.03305446729063988,0.3773908019065857,0.5698633790016174,0.043629828840494156,0.40435633063316345,0.5376961827278137,0.04329247400164604,0.4243524968624115,0.5115920901298523,0.0417722724378109,0.34907615184783936,0.4903993606567383,0.03541019558906555,0.4069373607635498,0.4679798483848572,0.0272048432379961,0.44060730934143066,0.4608755111694336,0.018909063190221786,0.46690183877944946,0.4497237801551819,0.012502062134444714,0.34483978152275085,0.491707980632782,0.007390772923827171,0.41341549158096313,0.4517727494239807,-0.005815040320158005,0.4522229731082916,0.41790497303009033,-0.017810780555009842,0.47987860441207886,0.38464897871017456,-0.025419944897294044,0.34708502888679504,0.5129362940788269,-0.020358409732580185,0.41427087783813477,0.4710978865623474,-0.03259510174393654,0.45304012298583984,0.4419712424278259,-0.04128756374120712,0.4820690453052521,0.4128997325897217,-0.04663341864943504,0.3570181727409363,0.5509394407272339,-0.046036284416913986,0.4118545651435852,0.5265117287635803,-0.054658424109220505,0.44402438402175903,0.5049857497215271,-0.05880719795823097,0.4715656042098999,0.48180460929870605,-0.06216179206967354
0.6837683320045471,0.6496180295944214,5.553279169845382e-09,0.6601104736328125,0.5941933989524841,0.016410423442721367,0.6215156316757202,0.5450119972229004,0.01945129968225956,0.5863527059555054,0.5216278433799744,0.018036648631095886,0.5580627918243408,0.5107068419456482,0.014118988998234272,0.6140826940536499,0.5075898170471191,0.0030931681394577026,0.5556662678718567,0.4622798562049866,-0.008038768544793129,0.5197162628173828,0.4265505075454712,-0.016017258167266846,0.4928942024707794,0.39483875036239624,-0.022507501766085625,0.6110090017318726,0.5173189640045166,-0.015375782735645771,0.5456916093826294,0.457966148853302,-0.025504793971776962,0.5077589750289917,0.4149538278579712,-0.03340539708733559,0.4799577295780182,0.37716615200042725,-0.04003503546118736,0.6052886843681335,0.540478527545929,-0.03292161226272583,0.5418365597724915,0.4827493727207184,-0.04599311575293541,0.5035238265991211,0.4460335969924927,-0.054533205926418304,0.47763124108314514,0.41222164034843445,-0.06031953543424606,0.5977061986923218,0.5757050514221191,-0.04860369861125946,0.5458422303199768,0.5384777188301086,-0.06424599885940552,0.5131941437721252,0.5139715671539307,-0.0709940642118454,0.48746219277381897,0.4914650321006775,-0.07504771649837494,0.27719250321388245,0.6521717309951782,2.2948810851630697e-07,0.34658509492874146,0.6212702989578247,0.03053540550172329,0.38079994916915894,0.5682286620140076,0.03960886597633362,0.40792083740234375,0.5342131853103638,0.03808388486504555,0.4305030107498169,0.5090084075927734,0.035269029438495636,0.35078874230384827,0.48693495988845825,0.031963322311639786,0.4080847203731537,0.4545654356479645,0.023942165076732635,0.44264158606529236,0.43031710386276245,0.016324549913406372,0.4693993926048279,0.4043090343475342,0.00962721649557352,0.34461814165115356,0.48859933018684387,0.004356843885034323,0.4122515618801117,0.4483310580253601,-0.0084490105509758,0.450542688369751,0.41517186164855957,-0.01881437748670578,0.47826507687568665,0.38331639766693115,-0.025841670110821724,0.34499016404151917,0.5102910995483398,-0.023269616067409515,0.41453641653060913,0.47244495153427124,-0.03596163168549538,0.45438554883003235,0.44568273425102234,-0.04388386011123657,0.4847152829170227,0.4190095067024231,-0.04920743405818939,0.35377854108810425,0.548560380935669,-0.04911096394062042,0.4094110429286957,0.5244441032409668,-0.060208410024642944,0.44303351640701294,0.5026809573173523,-0.0658198818564415,0.4718402028083801,0.47798654437065125,-0.07017529010772705
0.6739704608917236,0.6462531685829163,-1.2657372039370784e-08,0.6514536738395691,0.587368905544281,0.018626246601343155,0.6174180507659912,0.5397464036941528,0.02263052761554718,0.5857556462287903,0.5190416574478149,0.02215798944234848,0.557172417640686,0.5124618411064148,0.018457705155014992,0.6059597134590149,0.5049047470092773,0.0008072108030319214,0.5470198392868042,0.45596370100975037,-0.010322492569684982,0.5148305296897888,0.41903120279312134,-0.017150523141026497,0.4920821189880371,0.38602128624916077,-0.022236529737710953,0.60334712266922,0.5150501728057861,-0.01725797913968563,0.5368701219558716,0.45354700088500977,-0.027125507593154907,0.5032822489738464,0.41025298833847046,-0.03313426300883293,0.48053592443466187,0.3728102445602417,-0.03811196982860565,0.5973113179206848,0.5388272404670715,-0.03393387049436569,0.5340386629104614,0.4781738221645355,-0.046162769198417664,0.5000064373016357,0.44017741084098816,-0.05400679633021355,0.47802457213401794,0.4050145745277405,-0.05926685780286789,0.5889574289321899,0.5741294026374817,-0.048321433365345,0.5391992330551147,0.5349364876747131,-0.06320243328809738,0.5097135901451111,0.50887531042099,-0.06973688304424286,0.4868098497390747,0.48408451676368713,-0.07351810485124588,0.28599756956100464,0.6530872583389282,2.6310746648050554e-07,0.35007864236831665,0.6256442070007324,0.03317660465836525,0.378921777009964,0.5709670782089233,0.042144548147916794,0.40171578526496887,0.5356707572937012,0.040142983198165894,0.42078447341918945,0.5095508098602295,0.0371423214673996,0.346884548664093,0.4948841333389282,0.03304832801222801,0.4047359824180603,0.474510133266449,0.02471817098557949,0.4358145594596863,0.46967312693595886,0.01641230098903179,0.45861998200416565,0.46108055114746094,0.01044499408453703,0.34223151206970215,0.49524202942848206,0.005241293925791979,0.4102639853954315,0.4526147246360779,-0.0057855634950101376,0.4486076235771179,0.41536736488342285,-0.015908917412161827,0.4748784303665161,0.38011717796325684,-0.022968266159296036,0.34473922848701477,0.5133307576179504,-0.022127265110611916,0.4137190282344818,0.4703369736671448,-0.031042056158185005,0.45018771290779114,0.43986138701438904,-0.03701410070061684,0.4758259057998657,0.4101102948188782,-0.04137100279331207,0.3562028706073761,0.5475001335144043,-0.04755263775587082,0.41041165590286255,0.520478367805481,-0.05399401858448982,0.441387414932251,0.49561163783073425,-0.05665423348546028,0.4665563106536865,0.46841612458229065,-0.059141453355550766
0.6725397109985352,0.6468338966369629,-1.5872135605832227e-08,0.649907112121582,0.5903178453445435,0.018915271386504173,0.6143857836723328,0.5416435599327087,0.023637110367417336,0.5825627446174622,0.5169624090194702,0.02369372546672821,0.5550180077552795,0.5057464241981506,0.020719844847917557,0.6035240292549133,0.5032045245170593,0.00311419484205544,0.5455409288406372,0.4555763006210327,-0.007503987289965153,0.513188362121582,0.41881030797958374,-0.01438872516155243,0.49031350016593933,0.38567110896110535,-0.019766120240092278,0.6023731827735901,0.5124553442001343,-0.015292331576347351,0.535824179649353,0.4518425464630127,-0.024918047711253166,0.5023064017295837,0.40782397985458374,-0.031005339697003365,0.4794638156890869,0.3695914149284363,-0.0361328199505806,0.5972135066986084,0.5364211797714233,-0.03247690573334694,0.5331070423126221,0.47753456234931946,-0.04474315792322159,0.499197393655777,0.43963295221328735,-0.05197399482131004,0.47729432582855225,0.40423035621643066,-0.05675465613603592,0.588353157043457,0.5731627941131592,-0.04749169945716858,0.5377830862998962,0.5330398678779602,-0.062214985489845276,0.5086286664009094,0.5062548518180847,-0.06822303682565689,0.4862016439437866,0.4803785979747772,-0.07164386659860611,0.28949475288391113,0.6509936451911926,2.490158692580735e-07,0.35000506043434143,0.621961772441864,0.022418081760406494,0.3805386424064636,0.5649508833885193,0.02800670638680458,0.4029235243797302,0.5251133441925049,0.025364898145198822,0.4207973778247833,0.4976067543029785,0.02201070636510849,0.3511883616447449,0.4969283640384674,0.017585955560207367,0.4082487225532532,0.46202191710472107,0.007174739148467779,0.4416736364364624,0.4356706440448761,-0.0006030162330716848,0.4663260877132416,0.40735721588134766,-0.006305177696049213,0.3458644151687622,0.4974854290485382,-0.004256973508745432,0.41196566820144653,0.45462673902511597,-0.018445994704961777,0.4485945701599121,0.4181729555130005,-0.028115123510360718,0.4736064672470093,0.38230493664741516,-0.033962443470954895,0.34817051887512207,0.515916645526886,-0.025702841579914093,0.41552919149398804,0.48004961013793945,-0.038093436509370804,0.4531283378601074,0.45717042684555054,-0.04454619064927101,0.4787296950817108,0.4345168471336365,-0.047787729650735855,0.3580707311630249,0.548609733581543,-0.04581812396645546,0.41155970096588135,0.521867036819458,-0.05473264679312706,0.4437529742717743,0.49889567494392395,-0.05852704495191574,0.46884116530418396,0.4751149117946625,-0.06074187532067299
0.6746211051940918,0.6429743766784668,-6.115361372849293e-08,0.6516551375389099,0.5868378281593323,0.018697464838624,0.617321252822876,0.5392674207687378,0.023817941546440125,0.5862746238708496,0.5175279378890991,0.024018164724111557,0.5596190094947815,0.5085341334342957,0.02143033780157566,0.6091991066932678,0.4975655674934387,0.00778438663110137,0.552348792552948,0.4518737494945526,-0.0011240752646699548,0.5189045071601868,0.41706961393356323,-0.00768645852804184,0.4950757622718811,0.3862500786781311,-0.01296854205429554,0.606198787689209,0.5052787661552429,-0.009867892600595951,0.5420815944671631,0.44647446274757385,-0.01747278682887554,0.5088913440704346,0.40597790479660034,-0.022650837898254395,0.48633915185928345,0.37156540155410767,-0.02712613344192505,0.599657416343689,0.5268788933753967,-0.026609258726239204,0.5380007028579712,0.46958184242248535,-0.036480408161878586,0.5054370760917664,0.43452030420303345,-0.0425947904586792,0.4843378961086273,0.40171778202056885,-0.046783447265625,0.5904065370559692,0.5618250966072083,-0.04146738350391388,0.5410580635070801,0.5228973627090454,-0.05347424000501633,0.5126712918281555,0.4977002441883087,-0.05787894129753113,0.49070799350738525,0.4732348322868347,-0.06030797213315964,0.29090824723243713,0.6581693291664124,2.022791534272983e-07,0.352138876914978,0.6244307160377502,0.02861875668168068,0.3832067549228668,0.5631979703903198,0.03694237396121025,0.407379686832428,0.5236335396766663,0.03565360605716705,0.4273335039615631,0.4962315559387207,0.033085212111473083,0.3578929305076599,0.49817395210266113,0.02420950122177601,0.4176090657711029,0.4563000202178955,0.01537562720477581,0.4510740339756012,0.4237588047981262,0.00833847001194954,0.4756133556365967,0.39114612340927124,0.0028805090114474297,0.3528711199760437,0.49882909655570984,-0.0011783302761614323,0.42173218727111816,0.44713228940963745,-0.014116624370217323,0.45766550302505493,0.40305501222610474,-0.023584432899951935,0.48172223567962646,0.3616347908973694,-0.02947618067264557,0.35498037934303284,0.5160676836967468,-0.0259462371468544,0.42459386587142944,0.4666896164417267,-0.03707893192768097,0.4609355628490448,0.4303821325302124,-0.04451414942741394,0.48600929975509644,0.395860493183136,-0.049297548830509186,0.36493581533432007,0.5482335686683655,-0.04891938343644142,0.41984525322914124,0.519176185131073,-0.056686773896217346,0.45117002725601196,0.4924403727054596,-0.06049220263957977,0.4754124581813812,0.464057981967926,-0.06349941343069077
0.6746211051940918,0.6429743766784668,-6.115361372849293e-08,0.6516551375389099,0.5868378281593323,0.018697464838624,0.617321252822876,0.5392674207687378,0.023817941546440125,0.5862746238708496,0.5175279378890991,0.024018164724111557,0.5596190094947815,0.5085341334342957,0.02143033780157566,0.6091991066932678,0.4975655674934387,0.00778438663110137,0.552348792552948,0.4518737494945526,-0.0011240752646699548,0.5189045071601868,0.41706961393356323,-0.00768645852804184,0.4950757622718811,0.3862500786781311,-0.01296854205429554,0.606198787689209,0.5052787661552429,-0.009867892600595951,0.5420815944671631,0.44647446274757385,-0.01747278682887554,0.5088913440704346,0.40597790479660034,-0.022650837898254395,0.48633915185928345,0.37156540155410767,-0.02712613344192505,0.599657416343689,0.5268788933753967,-0.026609258726239204,0.5380007028579712,0.46958184242248535,-0.036480408161878586,0.5054370760917664,0.43452030420303345,-0.0425947904586792,0.4843378961086273,0.40171778202056885,-0.046783447265625,0.5904065370559692,0.5618250966072083,-0.04146738350391388,0.5410580635070801,0.5228973627090454,-0.05347424000501633,0.5126712918281555,0.4977002441883087,-0.05787894129753113,0.49070799350738525,0.4732348322868347,-0.06030797213315964,0.29090824723243713,0.6581693291664124,2.022791534272983e-07,0.352138876914978,0.6244307160377502,0.02861875668168068,0.3832067549228668,0.5631979703903198,0.03694237396121025,0.407379686832428,0.5236335396766663,0.03565360605716705,0.4273335039615631,0.4962315559387207,0.033085212111473083,0.3578929305076599,0.49817395210266113,0.02420950122177601,0.4176090657711029,0.4563000202178955,0.01537562720477581,0.4510740339756012,0.4237588047981262,0.00833847001194954,0.4756133556365967,0.39114612340927124,0.0028805090114474297,0.3528711199760437,0.49882909655570984,-0.0011783302761614323,0.42173218727111816,0.44713228940963745,-0.014116624370217323,0.45766550302505493,0.40305501222610474,-0.023584432899951935,0.48172223567962646,0.3616347908973694,-0.02947618067264557,0.35498037934303284,0.5160676836967468,-0.0259462371468544,0.42459386587142944,0.4666896164417267,-0.03707893192768097,0.4609355628490448,0.4303821325302124,-0.04451414942741394,0.48600929975509644,0.395860493183136,-0.049297548830509186,0.36493581533432007,0.5482335686683655,-0.04891938343644142,0.41984525322914124,0.519176185131073,-0.056686773896217346,0.45117002725601196,0.4924403727054596,-0.06049220263957977,0.4754124581813812,0.464057981967926,-0.06349941343069077
0.6777801513671875,0.6477375030517578,-7.55470566105032e-08,0.6559683084487915,0.5879442095756531,0.022006193175911903,0.6208468675613403,0.5393255352973938,0.028719669207930565,0.589057445526123,0.5162388682365417,0.029999854043126106,0.5622019171714783,0.5077741742134094,0.028231635689735413,0.6093965172767639,0.49918416142463684,0.009258650243282318,0.5511622428894043,0.45049402117729187,0.0008246555808000267,0.5182812213897705,0.4153420031070709,-0.004681307356804609,0.4953157603740692,0.3834576904773712,-0.00925130769610405,0.6079367399215698,0.5067314505577087,-0.009630599990487099,0.541806697845459,0.4452986419200897,-0.017362773418426514,0.5087043642997742,0.4038962721824646,-0.02173074521124363,0.4867331385612488,0.36831068992614746,-0.025583935901522636,0.6021127104759216,0.5289297103881836,-0.02731788344681263,0.5382818579673767,0.4679976999759674,-0.03741976246237755,0.5058612823486328,0.43119698762893677,-0.0429893396794796,0.48520976305007935,0.39654290676116943,-0.04674438759684563,0.5925635695457458,0.5641510486602783,-0.042753081768751144,0.5427435040473938,0.5232971906661987,-0.05571905896067619,0.5142325758934021,0.49616602063179016,-0.0608605332672596,0.4921547472476959,0.4697536528110504,-0.06375879794359207,0.29902681708335876,0.6574381589889526,2.571892991909408e-07,0.3565736711025238,0.6297094225883484,0.019027505069971085,0.38501089811325073,0.5669302344322205,0.022977769374847412,0.40588194131851196,0.522533655166626,0.019166527315974236,0.42358526587486267,0.4931997060775757,0.014442036859691143,0.359163373708725,0.502636194229126,0.013906607404351234,0.41630470752716064,0.4616095721721649,0.0007532145828008652,0.4519599676132202,0.43200600147247314,-0.009070848114788532,0.478217750787735,0.404660165309906,-0.01578735187649727,0.3540567457675934,0.5029574632644653,-0.00671512633562088,0.420261025428772,0.44777530431747437,-0.02334693819284439,0.45754504203796387,0.4042087495326996,-0.03462818264961243,0.48372137546539307,0.3642989993095398,-0.041257962584495544,0.3579624891281128,0.5198540091514587,-0.02721184305846691,0.42532825469970703,0.4665181636810303,-0.04182285815477371,0.4617188572883606,0.4298522472381592,-0.05031152442097664,0.4866625964641571,0.39689305424690247,-0.054755207151174545,0.3696786165237427,0.5510356426239014,-0.04657066613435745,0.42156440019607544,0.5202805995941162,-0.05716269463300705,0.45260676741600037,0.4908390939235687,-0.06238311156630516,0.4770500063896179,0.46090805530548096,-0.06560703366994858
0.6723841428756714,0.6601160168647766,-3.3054075032623587e-08,0.6499150395393372,0.6024994254112244,0.019894933328032494,0.6157970428466797,0.5511148571968079,0.02618730254471302,0.5852659344673157,0.5244587063789368,0.02714536152780056,0.5589554905891418,0.510675311088562,0.025421570986509323,0.6076943874359131,0.5100511312484741,0.01218343898653984,0.5530544519424438,0.46222829818725586,0.0034915965516120195,0.5214605331420898,0.424864798784256,-0.003417814150452614,0.4992274045944214,0.3913763761520386,-0.00899824220687151,0.6057823300361633,0.516557514667511,-0.006311129312962294,0.544494092464447,0.4544847905635834,-0.013985578902065754,0.5123173594474792,0.40929529070854187,-0.020177755504846573,0.49060913920402527,0.36982810497283936,-0.02560928463935852,0.5987918376922607,0.5357944965362549,-0.024214129894971848,0.5405945181846619,0.4732345938682556,-0.03493189066648483,0.5082462430000305,0.43340563774108887,-0.042498908936977386,0.4871436059474945,0.39704227447509766,-0.047628991305828094,0.5879949331283569,0.5672949552536011,-0.04015222191810608,0.5419712662696838,0.5226948857307434,-0.0529378280043602,0.51456618309021,0.49417564272880554,-0.05846455320715904,0.4931059777736664,0.46794018149375916,-0.06186472252011299,0.32023078203201294,0.6708164811134338,1.5479064074952475e-07,0.37144285440444946,0.6437544822692871,0.013882259838283062,0.3985912799835205,0.5827628970146179,0.019280049949884415,0.41724053025245667,0.541344404220581,0.018407581374049187,0.4347371459007263,0.5166552066802979,0.016795625910162926,0.37626034021377563,0.5244762897491455,0.012595446780323982,0.4232720136642456,0.4723600447177887,0.0018945875344797969,0.45468670129776,0.4366306662559509,-0.006109725218266249,0.4792211353778839,0.4029821753501892,-0.011999746784567833,0.373954176902771,0.5256200432777405,-0.0039689550176262856,0.4235551655292511,0.46095627546310425,-0.018094249069690704,0.45350125432014465,0.41232559084892273,-0.028874773532152176,0.47611740231513977,0.3697485625743866,-0.03545261174440384,0.3781667947769165,0.5394547581672668,-0.020735308527946472,0.4283199906349182,0.4786038398742676,-0.035133443772792816,0.4596005082130432,0.4380970895290375,-0.04460776224732399,0.4822845757007599,0.40379250049591064,-0.04935966804623604,0.3891609311103821,0.5659768581390381,-0.036752112209796906,0.43005654215812683,0.5234007835388184,-0.049004364758729935,0.45679140090942383,0.48981401324272156,-0.055617209523916245,0.47885432839393616,0.4586637020111084,-0.05937669798731804
0.6121117472648621,0.6490057706832886,8.849202970395709e-08,0.5977118015289307,0.602231502532959,0.009241744875907898,0.5670092105865479,0.554760754108429,0.011466081254184246,0.5425235033035278,0.524008572101593,0.011127440258860588,0.5241930484771729,0.5031895041465759,0.008940880186855793,0.5654374361038208,0.5359119772911072,-0.001738732447847724,0.5314671397209167,0.48419785499572754,-0.012553439475595951,0.510252058506012,0.4422442615032196,-0.02058013714849949,0.4942575693130493,0.4062884449958801,-0.026650115847587585,0.5647542476654053,0.541456937789917,-0.013929390348494053,0.5258338451385498,0.4797077178955078,-0.023463157936930656,0.503745973110199,0.4334549009799957,-0.030803805217146873,0.4889231324195862,0.39032360911369324,-0.03664398193359375,0.5578399896621704,0.5552935004234314,-0.02547883242368698,0.5185727477073669,0.49346643686294556,-0.03587641566991806,0.4974033832550049,0.44992050528526306,-0.042269423604011536,0.4839465618133545,0.4109920263290405,-0.04626039043068886,0.5456557273864746,0.5785515904426575,-0.03584184870123863,0.5144734978675842,0.5316572189331055,-0.04684734717011452,0.49654456973075867,0.4992779493331909,-0.05127352103590965,0.483826220035553,0.46981701254844666,-0.05379747971892357,0.4534687101840973,0.49457281827926636,-5.238069888946484e-08,0.4813746511936188,0.4825192093849182,-0.00831681303679943,0.4960505962371826,0.4569418132305145,-0.014313547872006893,0.49235010147094727,0.4252755343914032,-0.02114206738770008,0.4829854965209961,0.40321314334869385,-0.02695230394601822,0.5018013715744019,0.40088534355163574,-0.0001955430197995156,0.5097495913505554,0.3741448223590851,-0.011721123941242695,0.5114021897315979,0.38085466623306274,-0.021519670262932777,0.508467972278595,0.3898668587207794,-0.027126850560307503,0.49003082513809204,0.39583903551101685,-0.0025801381561905146,0.4972454309463501,0.36620399355888367,-0.014643818140029907,0.4991145730018616,0.3792445659637451,-0.02278142422437668,0.4964815080165863,0.39243513345718384,-0.026307323947548866,0.47790786623954773,0.3968610465526581,-0.007187688257545233,0.48490434885025024,0.3717864751815796,-0.018056580796837807,0.48810049891471863,0.3811168670654297,-0.020751507952809334,0.4866388142108917,0.38985738158226013,-0.020398423075675964,0.4648256301879883,0.40407827496528625,-0.012809543870389462,0.4685044288635254,0.3862195909023285,-0.019220829010009766,0.4717964231967926,0.38213711977005005,-0.019611496478319168,0.4734584391117096,0.3779715299606323,-0.01870087720453739
0.625994086265564,0.6611224412918091,1.3633624007525214e-07,0.6106436848640442,0.6087905168533325,0.01924104616045952,0.5774545073509216,0.5633100271224976,0.025422539561986923,0.5506486296653748,0.5354664325714111,0.026593729853630066,0.5302038192749023,0.5157955884933472,0.025056716054677963,0.5743946433067322,0.5449504256248474,0.006875230930745602,0.5373323559761047,0.4896848499774933,-0.004075009375810623,0.5139080286026001,0.4431520700454712,-0.01221137773245573,0.4959394931793213,0.4009750485420227,-0.018673144280910492,0.5731311440467834,0.5483933687210083,-0.011513939127326012,0.5314205884933472,0.48223865032196045,-0.023044971749186516,0.5079457759857178,0.43210047483444214,-0.032463930547237396,0.49220550060272217,0.3853643536567688,-0.039326224476099014,0.5654954314231873,0.5617750883102417,-0.028468482196331024,0.5239123106002808,0.49493101239204407,-0.04184705764055252,0.5009027123451233,0.44787415862083435,-0.050618186593055725,0.4859367907047272,0.40520620346069336,-0.0556136816740036,0.553199827671051,0.5865850448608398,-0.0431211031973362,0.5201185345649719,0.5355436205863953,-0.05693569779396057,0.501758337020874,0.5010819435119629,-0.06250645965337753,0.48849737644195557,0.46956098079681396,-0.06550418585538864,0.45076754689216614,0.4901182949542999,-4.3659273529783604e-08,0.47789818048477173,0.48849955201148987,-0.012712397612631321,0.49736133217811584,0.4705958962440491,-0.02074594981968403,0.4977935552597046,0.4354420006275177,-0.0282762348651886,0.4927980601787567,0.4058734178543091,-0.03547627106308937,0.5099223256111145,0.43702468276023865,-0.0074773868545889854,0.5115211009979248,0.40919581055641174,-0.02164735086262226,0.5065627694129944,0.3931700885295868,-0.03384055569767952,0.5012703537940979,0.3794425129890442,-0.04139392822980881,0.49935677647590637,0.42188939452171326,-0.007465704809874296,0.5004391670227051,0.39116203784942627,-0.021399347111582756,0.49741411209106445,0.38031598925590515,-0.031691789627075195,0.4941796660423279,0.37139856815338135,-0.03720987215638161,0.48702022433280945,0.4136521518230438,-0.009630409069359303,0.4874520003795624,0.3846273720264435,-0.022934941574931145,0.48772871494293213,0.37337201833724976,-0.02789890021085739,0.4882124364376068,0.36278557777404785,-0.029099328443408012,0.47269555926322937,0.4107144773006439,-0.012858325615525246,0.47408124804496765,0.38749679923057556,-0.02221491187810898,0.47503918409347534,0.3753935992717743,-0.024067115038633347,0.47770804166793823,0.36425432562828064,-0.02380741387605667
0.6191921234130859,0.6506763696670532,1.5258721930422325e-07,0.6048934459686279,0.5988867282867432,0.01152887288480997,0.574421226978302,0.5522396564483643,0.015010103583335876,0.5495964884757996,0.5226901173591614,0.014957157894968987,0.5306026339530945,0.5017976760864258,0.012886029668152332,0.5669057369232178,0.5352758765220642,0.0024230079725384712,0.533070981502533,0.4834364652633667,-0.009045169688761234,0.5115184783935547,0.4387499988079071,-0.017717495560646057,0.4953160881996155,0.3987429141998291,-0.0243788231164217,0.5657759308815002,0.5390939116477966,-0.011860668659210205,0.5275565981864929,0.47601109743118286,-0.023267025128006935,0.5063126087188721,0.42762625217437744,-0.03243958577513695,0.4920620620250702,0.38300514221191406,-0.039019033312797546,0.5587754249572754,0.552072286605835,-0.025494873523712158,0.5196282267570496,0.4888729751110077,-0.03812878951430321,0.49893099069595337,0.44317373633384705,-0.04625166952610016,0.4855220913887024,0.40233150124549866,-0.05083367973566055,0.5473493337631226,0.5758420825004578,-0.03766835480928421,0.5155677795410156,0.5275992751121521,-0.05015592649579048,0.4983000159263611,0.49436622858047485,-0.05515390262007713,0.48587289452552795,0.4641583561897278,-0.05776362493634224,0.4511863589286804,0.4895951747894287,-4.981057344366491e-08,0.4787573218345642,0.4796735942363739,-0.008330542594194412,0.49507936835289,0.45700138807296753,-0.014247152023017406,0.4964250326156616,0.4272165894508362,-0.020869296044111252,0.49224603176116943,0.4032796323299408,-0.026724059134721756,0.5069828629493713,0.4140586256980896,0.001679261215031147,0.5101674199104309,0.39042988419532776,-0.009895570576190948,0.5048144459724426,0.38296133279800415,-0.020925398916006088,0.49887341260910034,0.3754139244556427,-0.027621429413557053,0.49707692861557007,0.4056864380836487,1.2584245268953964e-05,0.49912428855895996,0.3791870176792145,-0.01018444076180458,0.49654120206832886,0.3763967752456665,-0.017894644290208817,0.4941832721233368,0.3731260895729065,-0.021856363862752914,0.4859166443347931,0.40371352434158325,-0.004021775908768177,0.48882022500038147,0.37763527035713196,-0.013314742594957352,0.48889923095703125,0.3733024597167969,-0.014715456403791904,0.48908260464668274,0.3679991364479065,-0.013957829214632511,0.4729767143726349,0.4072071313858032,-0.009229128248989582,0.47476598620414734,0.38590067625045776,-0.014974514953792095,0.47552135586738586,0.37798720598220825,-0.013934961520135403,0.47769784927368164,0.37012147903442383,-0.011773624457418919
0.6166974306106567,0.6614027619361877,1.6672768765602086e-07,0.6015490293502808,0.6139121055603027,0.011946790851652622,0.5695014595985413,0.5647631287574768,0.014995441772043705,0.5444664359092712,0.5344775915145874,0.014727533794939518,0.5253314971923828,0.51194167137146,0.012529085390269756,0.5658764243125916,0.5478797554969788,-0.0009090575040318072,0.529556930065155,0.48955926299095154,-0.013166544027626514,0.50724858045578,0.4414518177509308,-0.021834097802639008,0.49064090847969055,0.39843273162841797,-0.028374826535582542,0.5649105906486511,0.5520676374435425,-0.015386638231575489,0.5246913433074951,0.4831573963165283,-0.02772950567305088,0.502671480178833,0.431939035654068,-0.03752697631716728,0.4881930351257324,0.38408005237579346,-0.044615499675273895,0.5572624802589417,0.564028263092041,-0.028737952932715416,0.5168665051460266,0.4945097863674164,-0.0420282706618309,0.4945702850818634,0.4459267258644104,-0.050752170383930206,0.4798423945903778,0.40290725231170654,-0.055685289204120636,0.544040858745575,0.5851145386695862,-0.04043450206518173,0.511193037033081,0.5321994423866272,-0.05340113118290901,0.492657870054245,0.49673229455947876,-0.058766331523656845,0.47941523790359497,0.4652213454246521,-0.06156660243868828,0.4445270299911499,0.4883843958377838,-6.184204437431617e-08,0.47490614652633667,0.4713987410068512,-0.0005371549632400274,0.49076035618782043,0.44401854276657104,-0.0020923831034451723,0.4942694902420044,0.4189719259738922,-0.005655741319060326,0.4906056821346283,0.402224600315094,-0.008782703429460526,0.49828746914863586,0.40866556763648987,0.007259087171405554,0.506350576877594,0.38106727600097656,-0.000862432352732867,0.5069265961647034,0.37723392248153687,-0.009054248221218586,0.5041519403457642,0.3761632442474365,-0.013895672746002674,0.4897732138633728,0.4068547487258911,0.002765697194263339,0.49658340215682983,0.37546899914741516,-0.0046069747768342495,0.49839717149734497,0.37595051527023315,-0.011097241193056107,0.4965972900390625,0.3800663948059082,-0.014531848020851612,0.47988075017929077,0.40986746549606323,-0.0032472398597747087,0.48606353998184204,0.3822751045227051,-0.009633803740143776,0.4887327253818512,0.3807045817375183,-0.011749188415706158,0.487623929977417,0.38161271810531616,-0.012094958685338497,0.46790143847465515,0.4179328382015228,-0.009732591919600964,0.47099700570106506,0.399427592754364,-0.013327324762940407,0.47389519214630127,0.38974934816360474,-0.013405909761786461,0.4754906892776489,0.3820223808288574,-0.012815538793802261
0.6164848804473877,0.661170244216919,1.4897156574988912e-07,0.5980499386787415,0.6159260272979736,0.010909747332334518,0.5661101937294006,0.5676778554916382,0.013463892042636871,0.5424003005027771,0.537585973739624,0.012636017985641956,0.5224475264549255,0.5148040652275085,0.010116087272763252,0.5651487708091736,0.5517535209655762,0.0015249099815264344,0.5282608270645142,0.5023359656333923,-0.011277898214757442,0.5019837617874146,0.45785102248191833,-0.02129293791949749,0.48249417543411255,0.418745219707489,-0.028613276779651642,0.5655531883239746,0.5552543997764587,-0.012823740020394325,0.5247657299041748,0.4962044656276703,-0.02537825144827366,0.498196542263031,0.4456716477870941,-0.03639146313071251,0.4795503616333008,0.39988622069358826,-0.04449604079127312,0.5603733658790588,0.5661717057228088,-0.026393499225378036,0.5185419321060181,0.5054080486297607,-0.03949391841888428,0.4917548894882202,0.4602108299732208,-0.04804085195064545,0.4735007584095001,0.4215638041496277,-0.052831798791885376,0.5499032735824585,0.5862759351730347,-0.03870295733213425,0.5166026949882507,0.5365241169929504,-0.051355890929698944,0.4963669776916504,0.5012137293815613,-0.05635349452495575,0.481479287147522,0.47073981165885925,-0.05885003134608269,0.44981709122657776,0.5016813278198242,-1.0034162833960636e-08,0.48019155859947205,0.4953243136405945,-0.0027608415111899376,0.49906229972839355,0.47838616371154785,-0.0070827617309987545,0.5038439035415649,0.4560112953186035,-0.013125667348504066,0.5020281672477722,0.4354987144470215,-0.019073262810707092,0.5031840205192566,0.4298594892024994,0.0009526176727376878,0.5086801648139954,0.3966006636619568,-0.009574917145073414,0.5105386972427368,0.39222240447998047,-0.018849965184926987,0.5098452568054199,0.39150676131248474,-0.02402411215007305,0.4932081699371338,0.4224308431148529,-0.003384330542758107,0.4982747733592987,0.3853725790977478,-0.012421566992998123,0.5011646747589111,0.38483697175979614,-0.019067449495196342,0.5008617043495178,0.38869327306747437,-0.0224454402923584,0.4809272289276123,0.4201411306858063,-0.009108091704547405,0.4862370789051056,0.3866995573043823,-0.01742018759250641,0.4896685481071472,0.38294100761413574,-0.019109370186924934,0.49003326892852783,0.3821013271808624,-0.018826916813850403,0.46628302335739136,0.42294973134994507,-0.015305438078939915,0.46900656819343567,0.3975529670715332,-0.0211101733148098,0.47284650802612305,0.3872409462928772,-0.020788297057151794,0.4756206274032593,0.3795356750488281,-0.01929601840674877
0.605441153049469,0.6438883543014526,1.3988142200105358e-07,0.5913819074630737,0.594452977180481,0.01153616327792406,0.5611814856529236,0.5489208102226257,0.015064379200339317,0.5377073884010315,0.5191644430160522,0.014866800978779793,0.5197551846504211,0.49761709570884705,0.013101296499371529,0.5565754175186157,0.5359996557235718,0.005518764723092318,0.524590790271759,0.48750871419906616,-0.005212621763348579,0.5040576457977295,0.4451781213283539,-0.01379386056214571,0.48812246322631836,0.408025324344635,-0.02039128728210926,0.5544131398200989,0.5389465093612671,-0.008071607910096645,0.51991868019104,0.4796947240829468,-0.018406229093670845,0.5007049441337585,0.43467360734939575,-0.02710862085223198,0.48760491609573364,0.39343520998954773,-0.033496443182229996,0.5473172664642334,0.548728346824646,-0.021250510588288307,0.512776792049408,0.48842957615852356,-0.032584670931100845,0.4939190745353699,0.44568878412246704,-0.04011399298906326,0.48128458857536316,0.4077101945877075,-0.044500160962343216,0.5366541743278503,0.567699670791626,-0.0330868698656559,0.5086058378219604,0.5234327912330627,-0.04414379224181175,0.49189838767051697,0.4917660057544708,-0.0488414466381073,0.4791271686553955,0.4627130925655365,-0.051509417593479156,0.44877544045448303,0.5066510438919067,2.2907938657112936e-08,0.48294922709465027,0.500342071056366,-0.0025369562208652496,0.5048510432243347,0.4832299053668976,-0.005839845631271601,0.5130459070205688,0.46221107244491577,-0.010917878709733486,0.5147867798805237,0.44310176372528076,-0.016186658293008804,0.5031518340110779,0.4328330159187317,0.002780121983960271,0.5125002264976501,0.4049876928329468,-0.0065050325356423855,0.5163962841033936,0.394925057888031,-0.01520585548132658,0.5179893970489502,0.387597918510437,-0.020597772672772408,0.4917656481266022,0.42601698637008667,-0.0018434865633025765,0.5011406540870667,0.3948534429073334,-0.009952395223081112,0.5043469667434692,0.3866193890571594,-0.016778094694018364,0.5052493214607239,0.38168349862098694,-0.020809531211853027,0.47878512740135193,0.42419373989105225,-0.007967831566929817,0.4877813160419464,0.3961634337902069,-0.01603006385266781,0.49122995138168335,0.3844069242477417,-0.01836380921304226,0.49256250262260437,0.37462612986564636,-0.01907777599990368,0.4641423225402832,0.42756420373916626,-0.014596131630241871,0.46910911798477173,0.40487369894981384,-0.020584918558597565,0.4726974666118622,0.39124661684036255,-0.02060055360198021,0.4760940670967102,0.3793116807937622,-0.019727356731891632
0.6220982074737549,0.653083860874176,8.481859481435094e-08,0.6063134074211121,0.6018058657646179,0.01717100478708744,0.5759410858154297,0.5581974983215332,0.0232254508882761,0.5519526600837708,0.5326879620552063,0.024771489202976227,0.5335100293159485,0.5132564306259155,0.02413244917988777,0.5663359761238098,0.5354691743850708,0.009071312844753265,0.5292896628379822,0.48552241921424866,0.00011426109995227307,0.5064254999160767,0.4444550573825836,-0.006348466034978628,0.48987773060798645,0.408486008644104,-0.0114203542470932,0.5660885572433472,0.5383479595184326,-0.007160922046750784,0.5245792865753174,0.4766783118247986,-0.016723360866308212,0.502295196056366,0.43126294016838074,-0.02364390715956688,0.4877018928527832,0.3892046809196472,-0.028701921924948692,0.5593289136886597,0.5503501296043396,-0.022657765075564384,0.5172194242477417,0.48795032501220703,-0.034083567559719086,0.4965737760066986,0.4453049302101135,-0.04088820889592171,0.4838268756866455,0.40715688467025757,-0.044563595205545425,0.5474074482917786,0.5735768675804138,-0.0362975038588047,0.5140024423599243,0.5257861614227295,-0.04787556827068329,0.4960205852985382,0.4944372773170471,-0.052203308790922165,0.48349449038505554,0.46671760082244873,-0.0544852651655674,0.4502139687538147,0.4881054162979126,-5.29095025569859e-08,0.4783306121826172,0.48085126280784607,-0.006474822293967009,0.49515897035598755,0.45991867780685425,-0.01148036029189825,0.4958055913448334,0.42935508489608765,-0.017505105584859848,0.4897826611995697,0.4053540527820587,-0.02290605753660202,0.50575190782547,0.41639161109924316,0.0025059240870177746,0.5101205706596375,0.39041781425476074,-0.00800388865172863,0.5066040754318237,0.3848509192466736,-0.018196063116192818,0.5016665458679199,0.3808153569698334,-0.02455037273466587,0.49590444564819336,0.4069025218486786,0.00013749748177360743,0.49911898374557495,0.3786420226097107,-0.009845181368291378,0.49771347641944885,0.3783551752567291,-0.01784631796181202,0.4950239360332489,0.3786908984184265,-0.02212117426097393,0.48477157950401306,0.4035842716693878,-0.004249075893312693,0.48784321546554565,0.37773534655570984,-0.012808609753847122,0.4881669282913208,0.3763296604156494,-0.014959779568016529,0.48736533522605896,0.37421706318855286,-0.015066268853843212,0.4717205762863159,0.40589961409568787,-0.009591810405254364,0.47368282079696655,0.38724491000175476,-0.014327158220112324,0.47469478845596313,0.38169413805007935,-0.01374325156211853,0.47626540064811707,0.3765295147895813,-0.01238254364579916
0.6320624351501465,0.6661720871925354,1.7658224749084184e-07,0.615131676197052,0.6096771359443665,0.01593742147088051,0.5803316831588745,0.5590993165969849,0.02009647525846958,0.5524327158927917,0.5297933220863342,0.019459106028079987,0.5292008519172668,0.5101557970046997,0.0162793155759573,0.5679360032081604,0.5388521552085876,0.003451442113146186,0.5238519310951233,0.4845351576805115,-0.00996400136500597,0.4952766001224518,0.43754318356513977,-0.019965965300798416,0.4745630919933319,0.3953329920768738,-0.027284516021609306,0.5671367049217224,0.5455973744392395,-0.014669548720121384,0.5177722573280334,0.48023998737335205,-0.02783566154539585,0.48871779441833496,0.4265226721763611,-0.03881285339593887,0.46877074241638184,0.3770461976528168,-0.04680072143673897,0.5614257454872131,0.5635547637939453,-0.03171534836292267,0.5110598802566528,0.498370498418808,-0.047072868794202805,0.48103663325309753,0.4508970379829407,-0.05678447335958481,0.46127092838287354,0.40811604261398315,-0.0620603933930397,0.5513709187507629,0.5927265882492065,-0.04684793949127197,0.5129138827323914,0.5408616065979004,-0.06253962218761444,0.4896683096885681,0.5027497410774231,-0.06892850995063782,0.4720609486103058,0.4687561094760895,-0.07208431512117386,0.43427637219429016,0.48863863945007324,3.0831547093157496e-08,0.4741861820220947,0.47664299607276917,-0.005896282382309437,0.4978729486465454,0.44864320755004883,-0.009731156751513481,0.5059892535209656,0.41834017634391785,-0.014299086295068264,0.5074700713157654,0.39232245087623596,-0.018856504932045937,0.49614831805229187,0.4108598828315735,-0.004331444855779409,0.5028722882270813,0.38420411944389343,-0.015510848723351955,0.5023870468139648,0.37119898200035095,-0.025139544159173965,0.501032292842865,0.3612205386161804,-0.03183969482779503,0.4770973026752472,0.4047905206680298,-0.007928697392344475,0.4762316346168518,0.36954766511917114,-0.019642893224954605,0.47436630725860596,0.3522787392139435,-0.029964188113808632,0.47112569212913513,0.33975088596343994,-0.03694348782300949,0.4588177800178528,0.4090741276741028,-0.013006205670535564,0.45684418082237244,0.38220447301864624,-0.026987621560692787,0.4589962065219879,0.3647918105125427,-0.03570391982793808,0.4598603844642639,0.34938985109329224,-0.04074683040380478,0.44344615936279297,0.42295968532562256,-0.01824750378727913,0.4484808146953583,0.41604942083358765,-0.029565032571554184,0.4537377953529358,0.40914347767829895,-0.034810908138751984,0.4584183692932129,0.40012505650520325,-0.038036976009607315
0.6349823474884033,0.6697794198989868,1.8478932872767473e-07,0.615912914276123,0.6154450178146362,0.013977911323308945,0.5796355605125427,0.5640485882759094,0.017237326130270958,0.5505601167678833,0.5333285927772522,0.01623447611927986,0.5266832113265991,0.5121551156044006,0.012937391176819801,0.5672552585601807,0.5399761199951172,0.0013872034614905715,0.5236692428588867,0.48448485136032104,-0.012442831881344318,0.49458232522010803,0.43758249282836914,-0.022748978808522224,0.4733304977416992,0.3953254222869873,-0.030280912294983864,0.567422091960907,0.5471835732460022,-0.015500997193157673,0.5173192024230957,0.4819452166557312,-0.028510581701993942,0.48863887786865234,0.42844322323799133,-0.039191704243421555,0.468976765871048,0.3778473138809204,-0.0473456010222435,0.5621463656425476,0.5658336877822876,-0.031420670449733734,0.510800302028656,0.5025051236152649,-0.046328846365213394,0.47979503870010376,0.4578095078468323,-0.05539419874548912,0.45889320969581604,0.41655611991882324,-0.06054483726620674,0.5521780252456665,0.5952425003051758,-0.045648243278265,0.5122910141944885,0.5449028611183167,-0.06064663827419281,0.48858606815338135,0.5089669823646545,-0.06657405942678452,0.47030651569366455,0.47632166743278503,-0.06965877115726471,0.4262828230857849,0.4837391972541809,8.520097516395708e-09,0.46760398149490356,0.46430033445358276,-0.006655954290181398,0.49209532141685486,0.43399572372436523,-0.011885673739016056,0.502717137336731,0.4073898196220398,-0.017552142962813377,0.5112914443016052,0.3852948546409607,-0.02340983785688877,0.48421359062194824,0.40261200070381165,-0.013949335552752018,0.48625779151916504,0.3709102272987366,-0.027127424255013466,0.4834500253200531,0.3517530560493469,-0.037524666637182236,0.4806808531284332,0.3338776230812073,-0.04538619518280029,0.4657149314880371,0.4056234657764435,-0.019090689718723297,0.4621617794036865,0.37319982051849365,-0.03286239877343178,0.4615354835987091,0.35053491592407227,-0.04508571699261665,0.4614296555519104,0.330044150352478,-0.05472169443964958,0.44880998134613037,0.4189380705356598,-0.02516062743961811,0.4470309317111969,0.40126878023147583,-0.04214402288198471,0.45064398646354675,0.38360804319381714,-0.054797764867544174,0.4543202221393585,0.3644009828567505,-0.0635974258184433,0.4359850287437439,0.4416730999946594,-0.031192950904369354,0.4401731491088867,0.4510689973831177,-0.046639345586299896,0.44716963171958923,0.45023465156555176,-0.05585388466715813,0.4540298879146576,0.44401177763938904,-0.06264500319957733
0.6276434659957886,0.6457789540290833,1.341049227221447e-07,0.6078919172286987,0.5892359614372253,0.022715076804161072,0.5735354423522949,0.5423198342323303,0.030332988128066063,0.546136736869812,0.5203675031661987,0.031846098601818085,0.5231911540031433,0.5066672563552856,0.030703552067279816,0.5658869743347168,0.5157903432846069,0.013357081450521946,0.5204874873161316,0.45972999930381775,0.002745351055637002,0.49253004789352417,0.41348838806152344,-0.004986885003745556,0.47298118472099304,0.371284544467926,-0.011049761436879635,0.5649692416191101,0.5187815427780151,-0.0072382306680083275,0.512893557548523,0.4498597979545593,-0.018577398732304573,0.4857656955718994,0.3968106508255005,-0.02765570394694805,0.4682728350162506,0.34749096632003784,-0.034360308200120926,0.5565853714942932,0.5322787165641785,-0.026806199923157692,0.5047427415847778,0.46175506711006165,-0.04067927598953247,0.4769819378852844,0.41363245248794556,-0.05034957453608513,0.4592142701148987,0.3700644373893738,-0.05579105019569397,0.5423527359962463,0.5572209358215332,-0.04393940418958664,0.5011777281761169,0.5038102269172668,-0.059278205037117004,0.4775601625442505,0.46661749482154846,-0.06666018813848495,0.46021896600723267,0.4322945475578308,-0.07079672068357468,0.43008720874786377,0.4781281352043152,-9.709395953905187e-08,0.46659916639328003,0.4580846428871155,-0.007565593346953392,0.49405092000961304,0.43636196851730347,-0.01554711814969778,0.5093002915382385,0.4165903925895691,-0.023798368871212006,0.5181208252906799,0.3946641981601715,-0.03277738392353058,0.4902202785015106,0.4113673269748688,-0.021278586238622665,0.4888632595539093,0.37381094694137573,-0.04081152379512787,0.48399442434310913,0.349240779876709,-0.056375011801719666,0.4783996045589447,0.32672739028930664,-0.06680939346551895,0.4752524197101593,0.4150458574295044,-0.027322934940457344,0.4711427688598633,0.3760061264038086,-0.04624611511826515,0.46765512228012085,0.3485667109489441,-0.06032191216945648,0.4645444452762604,0.3246903419494629,-0.0711228996515274,0.4606775939464569,0.42648401856422424,-0.03427859768271446,0.4584122598171234,0.4012119472026825,-0.05399765074253082,0.4582092761993408,0.3769512176513672,-0.06548076122999191,0.45674920082092285,0.3522319197654724,-0.0732334777712822,0.44756942987442017,0.4456188976764679,-0.041364558041095734,0.4486824572086334,0.44046783447265625,-0.05806984007358551,0.45145875215530396,0.42964768409729004,-0.06636673212051392,0.4541659355163574,0.414534330368042,-0.072466641664505
0.6105309128761292,0.6203692555427551,1.208314017731027e-07,0.5937519073486328,0.5665314197540283,0.02552005834877491,0.5617963671684265,0.5251932740211487,0.035364095121622086,0.5360316038131714,0.5053271055221558,0.0385235920548439,0.5145733952522278,0.49216461181640625,0.039102450013160706,0.5572229623794556,0.5035938620567322,0.01947399042546749,0.5155550241470337,0.454725444316864,0.012336750514805317,0.49027037620544434,0.4139920175075531,0.006935060489922762,0.47229716181755066,0.3763751983642578,0.0024481515865772963,0.5555817484855652,0.504770815372467,-0.0012248499551787972,0.5101855397224426,0.44254595041275024,-0.008708148263394833,0.485527902841568,0.39544081687927246,-0.01573725789785385,0.46980559825897217,0.35359251499176025,-0.021126091480255127,0.5469622015953064,0.5159330368041992,-0.02088528871536255,0.5012936592102051,0.45384925603866577,-0.03108283132314682,0.47616082429885864,0.4101511836051941,-0.03953029587864876,0.4608093202114105,0.3710895776748657,-0.04470530152320862,0.532859206199646,0.5374064445495605,-0.038021985441446304,0.49741578102111816,0.4883904755115509,-0.05032951012253761,0.4764019846916199,0.4548718333244324,-0.05677713453769684,0.4612811207771301,0.4245920479297638,-0.06067900359630585,0.3166123330593109,0.652073085308075,1.1574793745694478e-07,0.3657578229904175,0.6304577589035034,0.005604765843600035,0.3887142539024353,0.5697853565216064,0.009125582873821259,0.3996012508869171,0.525405764579773,0.007985944859683514,0.41181063652038574,0.497668981552124,0.006367615424096584,0.3725759983062744,0.5179585814476013,0.013344448991119862,0.4041045606136322,0.46887654066085815,0.0010339516447857022,0.43181824684143066,0.4257608652114868,-0.01095289271324873,0.4542780816555023,0.3899781107902527,-0.019781935960054398,0.3696761131286621,0.5170232653617859,0.001472517498768866,0.40523698925971985,0.4597908854484558,-0.011969288811087608,0.4351373016834259,0.40964630246162415,-0.025258803740143776,0.4606608748435974,0.36663389205932617,-0.034104231745004654,0.37123435735702515,0.5262423157691956,-0.01160229742527008,0.40697842836380005,0.4679206609725952,-0.0243090707808733,0.43448784947395325,0.4214189350605011,-0.03427102044224739,0.4557819068431854,0.38345134258270264,-0.039313558489084244,0.37641528248786926,0.5467665195465088,-0.024998854845762253,0.40587902069091797,0.5010808706283569,-0.03534046560525894,0.42807549238204956,0.461997389793396,-0.04086621105670929,0.44533729553222656,0.4290866255760193,-0.043625351041555405
0.613090991973877,0.628179669380188,1.2217317646445736e-07,0.5959778428077698,0.5770274996757507,0.017478203400969505,0.5659862756729126,0.5334780216217041,0.023535829037427902,0.5420860052108765,0.5103560090065002,0.024693382903933525,0.5228637456893921,0.4943297207355499,0.023984095081686974,0.5598617196083069,0.5089074969291687,0.010491601191461086,0.5195901989936829,0.45472627878189087,0.00052137381862849,0.49536019563674927,0.41056379675865173,-0.006511379964649677,0.47840824723243713,0.37144967913627625,-0.01171215157955885,0.5582998991012573,0.5107923150062561,-0.006377887912094593,0.514212429523468,0.443687379360199,-0.016640642657876015,0.49089354276657104,0.39494797587394714,-0.024362605065107346,0.4759023189544678,0.34982091188430786,-0.029791753739118576,0.5501116514205933,0.5211105942726135,-0.022624079138040543,0.5071101188659668,0.4543553590774536,-0.03445938229560852,0.4834670126438141,0.41113999485969543,-0.042473092675209045,0.468578040599823,0.3720189929008484,-0.0468551330268383,0.536766529083252,0.5415826439857483,-0.037101488560438156,0.5035238265991211,0.4915763735771179,-0.04986761510372162,0.4842323660850525,0.45914262533187866,-0.05572967603802681,0.47034770250320435,0.4294852614402771,-0.05887264758348465,0.4409444034099579,0.4859294891357422,-4.5949299476433225e-08,0.47687777876853943,0.4708152413368225,0.0016498843906447291,0.4992485046386719,0.4455115497112274,0.0002945827436633408,0.512622058391571,0.4214455187320709,-0.003695995546877384,0.5172837972640991,0.39705878496170044,-0.008490681648254395,0.4963276982307434,0.41772472858428955,0.002296562772244215,0.5097098350524902,0.3912661671638489,-0.0070050847716629505,0.5142443776130676,0.3779461979866028,-0.014415024779736996,0.5165449976921082,0.3654371500015259,-0.019557900726795197,0.4838312864303589,0.41160863637924194,-0.005232939962297678,0.4907063841819763,0.3786695599555969,-0.01574232056736946,0.493074893951416,0.3632998764514923,-0.023588446900248528,0.4945974051952362,0.35011106729507446,-0.02859327383339405,0.4699360430240631,0.4109150171279907,-0.01376950554549694,0.4747639298439026,0.3767511546611786,-0.025197630748152733,0.4763754606246948,0.3582250475883484,-0.029372787103056908,0.47758179903030396,0.3417690694332123,-0.03111480176448822,0.4565638303756714,0.4165000021457672,-0.022226009517908096,0.4585614800453186,0.38538044691085815,-0.03204946964979172,0.46050748229026794,0.36477595567703247,-0.034661758691072464,0.463482141494751,0.3460704982280731,-0.035602208226919174
0.6048023700714111,0.6297934055328369,1.1571167846113894e-07,0.5890326499938965,0.5826979875564575,0.014563375152647495,0.5604410767555237,0.5377247929573059,0.019742067903280258,0.5373541116714478,0.5099595189094543,0.020869620144367218,0.5191517472267151,0.4895285665988922,0.020329222083091736,0.5549447536468506,0.5140912532806396,0.0075133140198886395,0.5196994543075562,0.45838725566864014,-0.002526551717892289,0.49687090516090393,0.41227418184280396,-0.009963514283299446,0.4797181189060211,0.37266403436660767,-0.015537774190306664,0.5528125166893005,0.5148670673370361,-0.007315502036362886,0.5135486125946045,0.4475109875202179,-0.017337841913104057,0.49093472957611084,0.39831575751304626,-0.025428494438529015,0.47570377588272095,0.3535197675228119,-0.03138672187924385,0.5440833568572998,0.5229803323745728,-0.02154914103448391,0.5059933066368103,0.4560304880142212,-0.0323922336101532,0.48341286182403564,0.41124019026756287,-0.04041551053524017,0.46836698055267334,0.3721539080142975,-0.04528477415442467,0.5305737853050232,0.5405796766281128,-0.03425046429038048,0.5005367994308472,0.49096357822418213,-0.045746784657239914,0.4825715720653534,0.4579063355922699,-0.05130305886268616,0.46935033798217773,0.4285840690135956,-0.054576579481363297,0.4395354092121124,0.5047094225883484,-6.37650074963858e-08,0.4761436879634857,0.48985666036605835,0.00021708174608647823,0.4980473220348358,0.46197786927223206,-0.0011597969569265842,0.509303867816925,0.4359283447265625,-0.005134881939738989,0.5159109830856323,0.4103699028491974,-0.009843013249337673,0.4950561225414276,0.4262208938598633,0.0030195568688213825,0.5037566423416138,0.39518946409225464,-0.006704088766127825,0.508376955986023,0.37799665331840515,-0.015297946520149708,0.5121462941169739,0.3638455271720886,-0.021463438868522644,0.48245492577552795,0.4201309084892273,-0.0045365020632743835,0.48408156633377075,0.3835122883319855,-0.015648605301976204,0.4846859574317932,0.3642977476119995,-0.02497861720621586,0.4854450523853302,0.34947115182876587,-0.031376056373119354,0.46872952580451965,0.41932204365730286,-0.01350285392254591,0.47007080912590027,0.3830149471759796,-0.02559465728700161,0.4706774950027466,0.36006832122802734,-0.032112766057252884,0.4712919592857361,0.3419326841831207,-0.035836685448884964,0.45582902431488037,0.42456886172294617,-0.022643063217401505,0.45787981152534485,0.3920251131057739,-0.032609399408102036,0.45999523997306824,0.36782127618789673,-0.03662610426545143,0.4629206657409668,0.3465784192085266,-0.039163101464509964
0.6069768071174622,0.6366853713989258,1.6147728842952347e-07,0.5871211886405945,0.5918290615081787,0.013333802111446857,0.556808590888977,0.5440763831138611,0.017373045906424522,0.5342899560928345,0.5127410292625427,0.017524227499961853,0.5155025124549866,0.48826178908348083,0.015919527038931847,0.55295729637146,0.5218637585639954,0.004201833624392748,0.5194434523582458,0.46656399965286255,-0.0072699072770774364,0.49723851680755615,0.41906625032424927,-0.016036106273531914,0.47985994815826416,0.3770067095756531,-0.02259821817278862,0.551338255405426,0.5223904252052307,-0.010758597403764725,0.5136598944664001,0.45695120096206665,-0.021561192348599434,0.49188297986984253,0.4060734212398529,-0.03078518435359001,0.4766266644001007,0.35892194509506226,-0.037828922271728516,0.5441042184829712,0.5310776829719543,-0.024987613782286644,0.5074231624603271,0.46549326181411743,-0.03596622496843338,0.48512595891952515,0.4176509380340576,-0.044791605323553085,0.46955060958862305,0.3765401244163513,-0.050607454031705856,0.5326913595199585,0.5489996075630188,-0.03784928470849991,0.5029391646385193,0.49902719259262085,-0.04906881973147392,0.48496150970458984,0.46318578720092773,-0.05502396449446678,0.4719006419181824,0.43204647302627563,-0.05888637527823448,0.43810343742370605,0.5042538046836853,-3.425214956109812e-08,0.4740641415119171,0.4966861605644226,-0.0026552637573331594,0.4987685978412628,0.4795458912849426,-0.0061814915388822556,0.5131404399871826,0.46501126885414124,-0.011843492276966572,0.5236986875534058,0.44798824191093445,-0.018054405227303505,0.49535971879959106,0.43103083968162537,-0.0011084636207669973,0.5062306523323059,0.40184471011161804,-0.010848809964954853,0.5114160180091858,0.38535255193710327,-0.01933407038450241,0.51641845703125,0.3709530532360077,-0.025756236165761948,0.4812791049480438,0.4234580397605896,-0.007705433759838343,0.4818979799747467,0.38647550344467163,-0.01836414821445942,0.48230352997779846,0.36492007970809937,-0.027965566143393517,0.48364168405532837,0.3470318913459778,-0.03519545495510101,0.4664851129055023,0.4228653907775879,-0.015702735632658005,0.4660104811191559,0.3873794972896576,-0.027584081515669823,0.4670254588127136,0.36423832178115845,-0.03488229587674141,0.46861550211906433,0.3450241982936859,-0.03975904360413551,0.45388978719711304,0.42935681343078613,-0.024082135409116745,0.4562186896800995,0.4000956118106842,-0.03392832726240158,0.4591326117515564,0.37877267599105835,-0.03821824863553047,0.4627581536769867,0.3593495488166809,-0.041358135640621185
0.5696413516998291,0.5863856077194214,1.9251473304393585e-07,0.5593394041061401,0.5352820754051208,0.009042486548423767,0.5363034605979919,0.4975631833076477,0.012777701020240784,0.517817497253418,0.47254541516304016,0.012581763789057732,0.50384521484375,0.45328807830810547,0.011001693084836006,0.5244534611701965,0.47711604833602905,0.012947127223014832,0.5056021809577942,0.4389490783214569,0.005178509745746851,0.4948965609073639,0.40538838505744934,-0.0027511129155755043,0.4858575463294983,0.3744661808013916,-0.008978794328868389,0.521337628364563,0.4824940264225006,0.001156690064817667,0.5009188652038574,0.43608418107032776,-0.005892954766750336,0.48984721302986145,0.39862310886383057,-0.013285824097692966,0.48239463567733765,0.3623320460319519,-0.01875847764313221,0.5158780217170715,0.4949440658092499,-0.011358171701431274,0.49521204829216003,0.44725584983825684,-0.020710304379463196,0.48463374376296997,0.41266706585884094,-0.027305060997605324,0.4783254861831665,0.3803398311138153,-0.031183011829853058,0.508641242980957,0.5161322355270386,-0.023155689239501953,0.49019524455070496,0.48233404755592346,-0.032550834119319916,0.4807194769382477,0.4574427902698517,-0.036328330636024475,0.47407057881355286,0.4334922134876251,-0.03841695189476013,0.4484017789363861,0.5006592273712158,-5.840644856647259e-09,0.480344295501709,0.4853626787662506,-0.005828814581036568,0.5009018182754517,0.46058595180511475,-0.011675842106342316,0.5111956000328064,0.43750959634780884,-0.017761927098035812,0.5167906880378723,0.4142306447029114,-0.024310309439897537,0.4911833107471466,0.4283691346645355,-0.014135453850030899,0.5005231499671936,0.3993796706199646,-0.02819123864173889,0.5030894875526428,0.38212859630584717,-0.03921623155474663,0.5045962929725647,0.3680666387081146,-0.04692045971751213,0.4806157648563385,0.4329233467578888,-0.019767090678215027,0.48214325308799744,0.39670056104660034,-0.03368590399622917,0.48174938559532166,0.37236350774765015,-0.044684287160634995,0.4814864993095398,0.3513528108596802,-0.05261882394552231,0.4701237678527832,0.4462404251098633,-0.026210233569145203,0.4720408320426941,0.4156515300273895,-0.042062971740961075,0.4742189943790436,0.3887450695037842,-0.052476875483989716,0.47604629397392273,0.36362382769584656,-0.05948043614625931,0.4622519910335541,0.4670507311820984,-0.03257512301206589,0.4674825966358185,0.45850086212158203,-0.047472283244132996,0.47129231691360474,0.4443325102329254,-0.05467584356665611,0.4736998677253723,0.4281638264656067,-0.05949452891945839
0.5837274789810181,0.6085872054100037,2.1036954933606467e-07,0.5719025135040283,0.5534564256668091,0.010096490383148193,0.547285258769989,0.5109068751335144,0.013719074428081512,0.5276916027069092,0.48196810483932495,0.013341639190912247,0.5115923881530762,0.4600856900215149,0.011214382015168667,0.5346320271492004,0.494945764541626,0.010887968353927135,0.5130413174629211,0.45102009177207947,0.0019656172953546047,0.4996720850467682,0.4127737283706665,-0.006628556177020073,0.48820871114730835,0.3776613175868988,-0.013306831941008568,0.5316967368125916,0.5014364719390869,-0.0016634892672300339,0.507400393486023,0.44916582107543945,-0.009933331049978733,0.49326762557029724,0.40693485736846924,-0.018333079293370247,0.48311662673950195,0.3660590648651123,-0.024662712588906288,0.5253596305847168,0.5147322416305542,-0.014534574002027512,0.5006028413772583,0.4607214629650116,-0.02447647973895073,0.48776355385780334,0.4215490221977234,-0.03156059980392456,0.479535311460495,0.38573336601257324,-0.035795364528894424,0.5161083340644836,0.5370286107063293,-0.026500599458813667,0.4954781234264374,0.49653688073158264,-0.03609234467148781,0.4849565029144287,0.4676954448223114,-0.040121663361787796,0.4774360954761505,0.44090065360069275,-0.042436860501766205,0.4443591237068176,0.5081135034561157,-9.743079232293894e-09,0.48021334409713745,0.49194175004959106,-0.003921763971447945,0.5012457966804504,0.4667745530605316,-0.0085377786308527,0.5148283243179321,0.44767242670059204,-0.01409322302788496,0.521957278251648,0.4284515678882599,-0.020162250846624374,0.48157787322998047,0.42523109912872314,-0.010915140621364117,0.48950815200805664,0.39277833700180054,-0.023774681612849236,0.4923039674758911,0.372853547334671,-0.034443702548742294,0.49495986104011536,0.3559831380844116,-0.04235713928937912,0.4708452820777893,0.43140512704849243,-0.017630325630307198,0.4718574285507202,0.3938003182411194,-0.030824333429336548,0.47344380617141724,0.3690028190612793,-0.04207691177725792,0.4758695363998413,0.3473671078681946,-0.05049742013216019,0.46200719475746155,0.44730374217033386,-0.024977562949061394,0.4636099338531494,0.41383349895477295,-0.04009311646223068,0.46713727712631226,0.3882845342159271,-0.05055351182818413,0.47142136096954346,0.36483830213546753,-0.05777905136346817,0.45674794912338257,0.4697786271572113,-0.032298266887664795,0.46050721406936646,0.45788925886154175,-0.04636206105351448,0.4651966691017151,0.44360846281051636,-0.053496524691581726,0.4701715409755707,0.4289464056491852,-0.05857067555189133
0.59477299451828,0.6269901990890503,2.3067219956374174e-07,0.5831335186958313,0.5741360783576965,0.01268930546939373,0.5551943778991699,0.5289060473442078,0.01620480976998806,0.5339171886444092,0.4984709620475769,0.01547776535153389,0.5162218809127808,0.47655588388442993,0.012417160905897617,0.5417072176933289,0.5112963318824768,0.006314718164503574,0.518936276435852,0.46388018131256104,-0.004630820360034704,0.5059338808059692,0.4223032593727112,-0.014555953443050385,0.49580541253089905,0.382962167263031,-0.02227748930454254,0.5401619672775269,0.5179615020751953,-0.00855107232928276,0.5131539702415466,0.4634653925895691,-0.018540965393185616,0.50002121925354,0.4170130491256714,-0.02806195430457592,0.4916282296180725,0.3713782727718353,-0.03551739826798439,0.5355860590934753,0.5337153673171997,-0.02295130304992199,0.5065675973892212,0.4778759479522705,-0.03435536101460457,0.49386662244796753,0.43438225984573364,-0.041654009371995926,0.48685020208358765,0.39393532276153564,-0.046213362365961075,0.5283618569374084,0.5602635741233826,-0.03603416308760643,0.5029846429824829,0.5172650218009949,-0.047363683581352234,0.49106860160827637,0.4859098494052887,-0.05143199488520622,0.48334264755249023,0.4567553997039795,-0.05376305803656578,0.4433146119117737,0.51384437084198,-1.4144507076707669e-07,0.46554383635520935,0.46299681067466736,-0.003460630774497986,0.48084884881973267,0.42329493165016174,-0.010258977301418781,0.4855300486087799,0.3935874402523041,-0.018217783421278,0.484984815120697,0.36874133348464966,-0.026962365955114365,0.49977442622184753,0.4278220236301422,-0.011906703002750874,0.499470978975296,0.39277219772338867,-0.027969270944595337,0.4958169162273407,0.3718024790287018,-0.042078129947185516,0.49243468046188354,0.3526157736778259,-0.05243711173534393,0.4937519431114197,0.44506946206092834,-0.019796686246991158,0.49034249782562256,0.4055584669113159,-0.03601255640387535,0.48548460006713867,0.38116511702537537,-0.04889480024576187,0.4812559187412262,0.35795697569847107,-0.058843839913606644,0.48454123735427856,0.46543487906455994,-0.028566909953951836,0.4828561544418335,0.43058326840400696,-0.04540836438536644,0.48109713196754456,0.4071029722690582,-0.05500856041908264,0.4785342812538147,0.3832397758960724,-0.06171109154820442,0.47360166907310486,0.4890117347240448,-0.037286948412656784,0.47255292534828186,0.4735690653324127,-0.05199958756566048,0.4726439416408539,0.45787519216537476,-0.05866995453834534,0.47281238436698914,0.43971794843673706,-0.06354378163814545
0.613032341003418,0.6571947336196899,1.5019263344129286e-07,0.5950282216072083,0.6059486865997314,0.006416420917958021,0.5639443397521973,0.5529089570045471,0.006568270735442638,0.5413140058517456,0.5158588886260986,0.004619053099304438,0.5220685601234436,0.4890473186969757,0.0007422248017974198,0.5619670152664185,0.537509560585022,-0.005107118282467127,0.5305474996566772,0.48696860671043396,-0.01925494521856308,0.5096254944801331,0.44229042530059814,-0.0309581495821476,0.4945140480995178,0.40252506732940674,-0.039632197469472885,0.5629435181617737,0.5455228686332703,-0.016366280615329742,0.5258578658103943,0.48595157265663147,-0.02836495265364647,0.5051062703132629,0.4372286796569824,-0.03739302605390549,0.4922146201133728,0.3885079324245453,-0.044886697083711624,0.5582996606826782,0.5620313882827759,-0.027185745537281036,0.5212773084640503,0.5024597644805908,-0.03904755786061287,0.5019626021385193,0.45909932255744934,-0.04443994536995888,0.4905224144458771,0.4201807677745819,-0.0479251928627491,0.549392819404602,0.5877193808555603,-0.037227973341941833,0.5212696194648743,0.5423775911331177,-0.04914580285549164,0.5065014958381653,0.511684000492096,-0.05265581235289574,0.4961768388748169,0.4843571186065674,-0.05455096438527107,0.4445381164550781,0.5182671546936035,-8.878637913767307e-08,0.48965826630592346,0.49917441606521606,-0.003267273074015975,0.5153446793556213,0.4747271239757538,-0.008600407280027866,0.5288471579551697,0.45458728075027466,-0.015214270912110806,0.5359981656074524,0.4345119893550873,-0.022484473884105682,0.5025733709335327,0.4380206763744354,-0.013264091685414314,0.501720666885376,0.3972010612487793,-0.028557058423757553,0.4997406005859375,0.3705510199069977,-0.040945060551166534,0.4980483651161194,0.3475640118122101,-0.050472717732191086,0.48908886313438416,0.44090139865875244,-0.021427439525723457,0.48521754145622253,0.3976897597312927,-0.038138583302497864,0.48430758714675903,0.3687779903411865,-0.05132460594177246,0.48430702090263367,0.34383928775787354,-0.061539072543382645,0.47598835825920105,0.45376574993133545,-0.030349863693118095,0.4761083126068115,0.41849517822265625,-0.04947091266512871,0.4792894423007965,0.3923287093639374,-0.062133293598890305,0.48221519589424133,0.3668714761734009,-0.07096067070960999,0.4650958776473999,0.4749322831630707,-0.03903451934456825,0.4688442051410675,0.46528172492980957,-0.057631220668554306,0.47362300753593445,0.4509163200855255,-0.0682036504149437,0.47840628027915955,0.43238839507102966,-0.0759742259979248
0.6115438342094421,0.6505048274993896,1.6457867957342387e-07,0.5918915867805481,0.5984312295913696,0.008150691166520119,0.5608124732971191,0.5478526949882507,0.009081713855266571,0.5375960469245911,0.5127719044685364,0.007377922534942627,0.5177795886993408,0.48817524313926697,0.003797360695898533,0.5597960352897644,0.5331802368164062,-0.0009019183344207704,0.5286756157875061,0.48231515288352966,-0.014135324396193027,0.5078878402709961,0.43684032559394836,-0.025450246408581734,0.49273985624313354,0.39693933725357056,-0.033754054456949234,0.560085654258728,0.5400013327598572,-0.012870988808572292,0.523913562297821,0.4804731607437134,-0.02384050004184246,0.5041455626487732,0.43112730979919434,-0.03256697207689285,0.4919087290763855,0.38288456201553345,-0.039640553295612335,0.5552103519439697,0.5541801452636719,-0.024508150294423103,0.5192219614982605,0.4937301576137543,-0.03538485988974571,0.5007803440093994,0.4480213522911072,-0.040669068694114685,0.49022048711776733,0.40803706645965576,-0.0439608208835125,0.5460196733474731,0.5774924755096436,-0.035328492522239685,0.5182263851165771,0.529631495475769,-0.04580499976873398,0.5038794279098511,0.49707937240600586,-0.04867683723568916,0.49445289373397827,0.4685835540294647,-0.05017492547631264,0.4461701810359955,0.5226019620895386,-8.950968322096742e-08,0.4837549030780792,0.4858829379081726,0.00012858633999712765,0.5011407136917114,0.44871455430984497,-0.004312986042350531,0.5067387223243713,0.4179311990737915,-0.010564154013991356,0.5079002976417542,0.3911500871181488,-0.01776736229658127,0.4957592785358429,0.4334328770637512,-0.0105997733771801,0.4955254793167114,0.39413705468177795,-0.025221919640898705,0.49405285716056824,0.36874133348464966,-0.03759239614009857,0.4922466278076172,0.34618985652923584,-0.04694172367453575,0.48599448800086975,0.44399863481521606,-0.020109277218580246,0.48376044631004333,0.4018535315990448,-0.036206040531396866,0.48231929540634155,0.3723803758621216,-0.049541767686605453,0.48118627071380615,0.34509342908859253,-0.059809911996126175,0.47604966163635254,0.46094927191734314,-0.02993517927825451,0.47652655839920044,0.4252217710018158,-0.047407928854227066,0.47805914282798767,0.3991575241088867,-0.05916634574532509,0.4790955185890198,0.37356775999069214,-0.06751830875873566,0.4673088788986206,0.4832506775856018,-0.03925630450248718,0.4711536765098572,0.47156113386154175,-0.055050842463970184,0.47613734006881714,0.45854395627975464,-0.06360912322998047,0.48077794909477234,0.44259849190711975,-0.07015056163072586
0.6041290760040283,0.6440042853355408,1.351444183228523e-07,0.5891278386116028,0.5890204310417175,0.008445383980870247,0.5610390901565552,0.5403235554695129,0.010547292418777943,0.539016604423523,0.5084695816040039,0.009419810958206654,0.5211985111236572,0.48618990182876587,0.006729924585670233,0.5570999383926392,0.524576723575592,0.005629092920571566,0.5280911326408386,0.47602570056915283,-0.005498064216226339,0.510757565498352,0.43279922008514404,-0.015626315027475357,0.4981882572174072,0.3950149118900299,-0.023249441757798195,0.555752158164978,0.5294148325920105,-0.006226769648492336,0.5236766934394836,0.4708252549171448,-0.01641094498336315,0.5066542625427246,0.4212234914302826,-0.025240017101168633,0.4964575469493866,0.37334102392196655,-0.031986597925424576,0.5496882200241089,0.5406987071037292,-0.01823444850742817,0.5177429914474487,0.4821356534957886,-0.028820184990763664,0.5027958154678345,0.4373144507408142,-0.03465825319290161,0.49492672085762024,0.3976655602455139,-0.038009580224752426,0.539764940738678,0.5608342885971069,-0.029543353244662285,0.5143300294876099,0.5167406797409058,-0.03956130892038345,0.5011851191520691,0.48538315296173096,-0.04269290342926979,0.4925787150859833,0.457271009683609,-0.04429919645190239,0.44938990473747253,0.5230976343154907,-1.1992304393970699e-07,0.4819299280643463,0.480709969997406,-0.0007614342030137777,0.4978927671909332,0.4412243366241455,-0.005397413391619921,0.5027075409889221,0.4083372950553894,-0.011700958013534546,0.503136157989502,0.38024812936782837,-0.019048171117901802,0.5009436011314392,0.43703174591064453,-0.010475032031536102,0.49948403239250183,0.3956086337566376,-0.024904800578951836,0.496052086353302,0.3691522479057312,-0.03725867718458176,0.4927370846271515,0.3458833694458008,-0.04676007851958275,0.4927302598953247,0.4488564431667328,-0.01961342990398407,0.49033990502357483,0.4041008949279785,-0.035433102399110794,0.48630645871162415,0.37445324659347534,-0.04864075779914856,0.4831840395927429,0.3462629020214081,-0.05897386744618416,0.48373833298683167,0.46527427434921265,-0.029184142127633095,0.4841804504394531,0.42648106813430786,-0.046378765255212784,0.4837455153465271,0.3999609649181366,-0.05774647742509842,0.4829917550086975,0.37374594807624817,-0.06598915904760361,0.4748014211654663,0.4853890538215637,-0.038375381380319595,0.47699543833732605,0.4710206389427185,-0.05438348278403282,0.4807397425174713,0.4572029113769531,-0.0629044696688652,0.4849199056625366,0.4408496618270874,-0.06939876079559326
0.6796345114707947,0.6476283073425293,1.6896967380830574e-08,0.6614578366279602,0.594701886177063,0.020814578980207443,0.6268272995948792,0.5520706176757812,0.02917223423719406,0.5997720956802368,0.5260161757469177,0.032660383731126785,0.5831022262573242,0.5019159913063049,0.03387124836444855,0.6015207171440125,0.5255883932113647,0.01093129813671112,0.5552464127540588,0.48351553082466125,0.002685288665816188,0.5252406597137451,0.44847553968429565,-0.00312055298127234,0.5030919313430786,0.41759756207466125,-0.008036568760871887,0.5977753400802612,0.533554196357727,-0.006726944353431463,0.543456494808197,0.4807876944541931,-0.016786707565188408,0.510486364364624,0.4389214813709259,-0.023922352120280266,0.487091600894928,0.4006299376487732,-0.029401123523712158,0.5924684405326843,0.5525335669517517,-0.02309378609061241,0.5402723550796509,0.4976712465286255,-0.03570065647363663,0.5091943740844727,0.4578813910484314,-0.04388384521007538,0.48835670948028564,0.421552449464798,-0.048942916095256805,0.587374210357666,0.5825619697570801,-0.03700312227010727,0.5464345216751099,0.546829879283905,-0.05309414118528366,0.521077573299408,0.5193301439285278,-0.06114550307393074,0.5006877779960632,0.4940466284751892,-0.06582441926002502,0.31048399209976196,0.6553690433502197,1.8674118962280772e-07,0.3450082838535309,0.6182571053504944,0.009957741014659405,0.3767346441745758,0.5694411396980286,0.011901207268238068,0.39986085891723633,0.5347861647605896,0.008967828005552292,0.42045292258262634,0.5091672539710999,0.005511291325092316,0.36681464314460754,0.5313435792922974,0.004621401429176331,0.41412800550460815,0.4872528314590454,-0.008136117830872536,0.44620493054389954,0.45104527473449707,-0.017078101634979248,0.4712129533290863,0.4192385673522949,-0.022516312077641487,0.3672056198120117,0.5332741737365723,-0.009426801465451717,0.4174865484237671,0.4796316921710968,-0.022905753925442696,0.44933462142944336,0.4359160363674164,-0.032605670392513275,0.47269344329833984,0.3982716500759125,-0.037619419395923615,0.3720752000808716,0.5490568280220032,-0.02312961034476757,0.42344072461128235,0.49566352367401123,-0.034250155091285706,0.4547874331474304,0.4548358917236328,-0.04054569825530052,0.4784667193889618,0.4206922650337219,-0.04292740672826767,0.3808254301548004,0.5784296989440918,-0.03637947142124176,0.4211696684360504,0.5419689416885376,-0.044348571449518204,0.447656512260437,0.5112820863723755,-0.046725157648324966,0.4691499173641205,0.4835808277130127,-0.046860530972480774
0.703332245349884,0.6381080150604248,-3.6333680952793657e-08,0.673391580581665,0.5918176174163818,0.023689083755016327,0.6349404454231262,0.5565382242202759,0.032901812344789505,0.6069562435150146,0.5338395833969116,0.03699839115142822,0.5895026326179504,0.5108157396316528,0.03925056383013725,0.61191326379776,0.532452404499054,0.01200281921774149,0.5629767179489136,0.4988636374473572,0.003710182150825858,0.5308414697647095,0.4706750512123108,-0.001219172845594585,0.5069286227226257,0.4447425305843353,-0.005421077832579613,0.6105964779853821,0.5395680069923401,-0.006739041768014431,0.5498860478401184,0.4950772225856781,-0.01586616039276123,0.5155380964279175,0.46028703451156616,-0.02027498558163643,0.4915021061897278,0.42744705080986023,-0.02415984682738781,0.608112633228302,0.5580722689628601,-0.02430824562907219,0.5489273071289062,0.5138344764709473,-0.03596850112080574,0.5158208012580872,0.48379388451576233,-0.042285654693841934,0.49303433299064636,0.45413079857826233,-0.04659377783536911,0.6067389249801636,0.5874004364013672,-0.03936747461557388,0.5629754662513733,0.5613402128219604,-0.05543038621544838,0.5352786779403687,0.5396387577056885,-0.06424281001091003,0.5122723579406738,0.5190542936325073,-0.06993447244167328,0.4287540912628174,0.5219086408615112,3.7727847512769586e-08,0.45483237504959106,0.47735869884490967,-0.001897927257232368,0.4731670022010803,0.44109445810317993,-0.008447976782917976,0.4842871427536011,0.4132782816886902,-0.015598244965076447,0.48954689502716064,0.38998496532440186,-0.02357356809079647,0.47182533144950867,0.44293129444122314,-0.02147648110985756,0.48589980602264404,0.423917680978775,-0.037926483899354935,0.48939961194992065,0.4098934233188629,-0.04960674047470093,0.4905374348163605,0.3970760107040405,-0.058128561824560165,0.4635641872882843,0.46522578597068787,-0.029981864616274834,0.4723544716835022,0.441556453704834,-0.046375151723623276,0.4770047962665558,0.4256801903247833,-0.058058999478816986,0.480196475982666,0.40972745418548584,-0.06726136058568954,0.45551353693008423,0.4911816120147705,-0.03804626315832138,0.46082812547683716,0.47606149315834045,-0.056173454970121384,0.46880996227264404,0.46149036288261414,-0.06662984192371368,0.4761936068534851,0.4434552788734436,-0.07430282235145569,0.4494384527206421,0.5203667283058167,-0.04532927647233009,0.4525265097618103,0.526557207107544,-0.06285975873470306,0.45647403597831726,0.5202134251594543,-0.07055912166833878,0.4606577157974243,0.5091124773025513,-0.075982004404068
0.7025046944618225,0.6070529818534851,-3.723047825587855e-08,0.6675294637680054,0.5713294744491577,0.01825433224439621,0.6290170550346375,0.5402592420578003,0.02525140903890133,0.6016825437545776,0.522172749042511,0.027141578495502472,0.5816420912742615,0.5097711086273193,0.026830656453967094,0.6019570231437683,0.5092986822128296,0.011970365419983864,0.5504302382469177,0.4819408059120178,0.003201812505722046,0.5186013579368591,0.4567207992076874,-0.003676094114780426,0.49411338567733765,0.4321093261241913,-0.009155367501080036,0.6035923957824707,0.5138377547264099,-0.004318181425333023,0.5428542494773865,0.47920748591423035,-0.012487254105508327,0.5100376605987549,0.44995540380477905,-0.017842525616288185,0.4856146574020386,0.4210583567619324,-0.02255099080502987,0.6044561266899109,0.5309128761291504,-0.020299552008509636,0.5457317233085632,0.49695584177970886,-0.030055522918701172,0.5146058201789856,0.47149473428726196,-0.03597462922334671,0.4917166531085968,0.44609734416007996,-0.04026956856250763,0.6054490804672241,0.5579952001571655,-0.03475053608417511,0.5631112456321716,0.5361322164535522,-0.04639472812414169,0.5368737578392029,0.5185704231262207,-0.052220799028873444,0.5146524906158447,0.5017491579055786,-0.056328579783439636,0.43787240982055664,0.5102442502975464,-1.3959224531845393e-07,0.4465085566043854,0.47573867440223694,-0.007441834080964327,0.4598577618598938,0.44276246428489685,-0.014163175597786903,0.4717007875442505,0.41698795557022095,-0.021019931882619858,0.47508877515792847,0.3946525454521179,-0.02740456722676754,0.4917808175086975,0.44821247458457947,-0.009670133702456951,0.5083042979240417,0.45494017004966736,-0.02287955954670906,0.505507230758667,0.45849180221557617,-0.03310674428939819,0.4976786673069,0.4595198929309845,-0.0386238694190979,0.4993647634983063,0.46638086438179016,-0.011401984840631485,0.5184144973754883,0.47065094113349915,-0.023007525131106377,0.5131285786628723,0.4724999666213989,-0.02974795177578926,0.5022042393684387,0.4736321270465851,-0.03342651575803757,0.503720760345459,0.4857330918312073,-0.014333624392747879,0.5213605761528015,0.48799189925193787,-0.024989185854792595,0.5141733288764954,0.48687079548835754,-0.02722249925136566,0.5027841925621033,0.4861033260822296,-0.027022600173950195,0.5047385096549988,0.5062337517738342,-0.017799517139792442,0.5222741365432739,0.5089852809906006,-0.023965168744325638,0.519707202911377,0.5085369944572449,-0.023327307775616646,0.5130700469017029,0.5077167749404907,-0.021536588668823242
0.691466212272644,0.5895877480506897,-3.7044081580006605e-08,0.651414155960083,0.5568973422050476,0.02475518174469471,0.6111932396888733,0.5318341255187988,0.03372788801789284,0.5810579657554626,0.5183849334716797,0.03624925762414932,0.5572827458381653,0.512108564376831,0.03610416129231453,0.592346727848053,0.5015236139297485,0.017242195084691048,0.5394544005393982,0.4701617956161499,0.01068851724267006,0.5077492594718933,0.4464658200740814,0.0059891208074986935,0.4826895594596863,0.4224783182144165,0.0018228130647912621,0.5954937934875488,0.5028213262557983,-0.0022405267227441072,0.5314493775367737,0.46606817841529846,-0.008978893980383873,0.4980378746986389,0.43790218234062195,-0.013090425170958042,0.4734853506088257,0.4098566770553589,-0.017217086628079414,0.5965600609779358,0.5182592272758484,-0.020971201360225677,0.5338469743728638,0.4828427731990814,-0.02917172573506832,0.5017552971839905,0.4598117768764496,-0.03437606245279312,0.4780474901199341,0.43554380536079407,-0.03885244205594063,0.5967803001403809,0.5442839860916138,-0.03759920597076416,0.5520382523536682,0.522112250328064,-0.0484841912984848,0.5247968435287476,0.5048670172691345,-0.054347746074199677,0.5014622211456299,0.48688530921936035,-0.059031806886196136,0.43163439631462097,0.49862298369407654,-1.137578493626279e-07,0.4368937611579895,0.46127745509147644,-0.011970891617238522,0.44834262132644653,0.4268403947353363,-0.019210586324334145,0.4629015326499939,0.40564289689064026,-0.025978052988648415,0.47256359457969666,0.38729366660118103,-0.0315266028046608,0.48185062408447266,0.431390643119812,-0.009045966900885105,0.49875566363334656,0.43320661783218384,-0.021302009001374245,0.4954512119293213,0.443276971578598,-0.030515046790242195,0.4888482093811035,0.4498378038406372,-0.035210225731134415,0.4911209046840668,0.4530966281890869,-0.007883586920797825,0.5080602765083313,0.45478853583335876,-0.01847328245639801,0.5020862221717834,0.46340879797935486,-0.02466089092195034,0.4931046664714813,0.46804600954055786,-0.027925293892621994,0.49669507145881653,0.47588643431663513,-0.00860598124563694,0.5129964351654053,0.4770829975605011,-0.017899883911013603,0.5045992732048035,0.48189103603363037,-0.019067568704485893,0.4934720993041992,0.48427942395210266,-0.018235424533486366,0.49886903166770935,0.4978758692741394,-0.010436414740979671,0.515544056892395,0.499559611082077,-0.015287606045603752,0.5104557275772095,0.5001797080039978,-0.013870267197489738,0.5018292665481567,0.49987444281578064,-0.011533181183040142
0.6921178698539734,0.6001465916633606,5.480175602201598e-08,0.6579440236091614,0.5566169023513794,0.01572231948375702,0.614093542098999,0.5269948244094849,0.021098174154758453,0.5816202759742737,0.510585367679596,0.021487656980752945,0.5565452575683594,0.5016716122627258,0.01972341723740101,0.5967102646827698,0.504278302192688,0.010840100236237049,0.5423443913459778,0.4727206230163574,0.0006279139197431505,0.5082501769065857,0.4431140720844269,-0.007120454218238592,0.4823935329914093,0.41500160098075867,-0.013128620572388172,0.5973760485649109,0.5102999806404114,-0.005346645601093769,0.5331559777259827,0.47114837169647217,-0.01588382199406624,0.4977126121520996,0.43667152523994446,-0.023266691714525223,0.4714563488960266,0.40234261751174927,-0.02899881824851036,0.5972062945365906,0.5266711711883545,-0.021350769326090813,0.536185622215271,0.4894402027130127,-0.03387811779975891,0.50296950340271,0.46363958716392517,-0.04098179191350937,0.47894763946533203,0.4369935989379883,-0.04519942030310631,0.5987561941146851,0.5529919266700745,-0.035944387316703796,0.5553324818611145,0.5272300839424133,-0.049465376883745193,0.529137134552002,0.5079058408737183,-0.05537176504731178,0.5076167583465576,0.4884454309940338,-0.0588982030749321,0.4219372868537903,0.5059843063354492,-1.0712176923277639e-08,0.4336456060409546,0.4679239094257355,-0.005307425279170275,0.4474369287490845,0.43252894282341003,-0.011083750054240227,0.4612639844417572,0.4083549380302429,-0.017233816906809807,0.47329622507095337,0.3925389349460602,-0.023025404661893845,0.4578472971916199,0.42314013838768005,-0.015249921940267086,0.4798290431499481,0.4209173917770386,-0.029843071475625038,0.4894621670246124,0.4300813376903534,-0.04024721309542656,0.4920576512813568,0.4357770085334778,-0.0468609444797039,0.4620668590068817,0.44410255551338196,-0.019386550411581993,0.48028868436813354,0.4380144774913788,-0.03198989853262901,0.4885233938694,0.44303327798843384,-0.03908560052514076,0.49022215604782104,0.4479409456253052,-0.044755496084690094,0.4650721848011017,0.46887725591659546,-0.02439582161605358,0.4829205870628357,0.46383246779441833,-0.03857510909438133,0.49199625849723816,0.4667012095451355,-0.04409966990351677,0.49398136138916016,0.4690764844417572,-0.047427255660295486,0.46794411540031433,0.4974058270454407,-0.02936415746808052,0.49066928029060364,0.5005878806114197,-0.04187785089015961,0.5023949146270752,0.5020198225975037,-0.046614743769168854,0.5078690052032471,0.5018847584724426,-0.04941321909427643
0.7037685513496399,0.6640536785125732,5.7906394346218804e-08,0.6698553562164307,0.6264589428901672,0.012141084298491478,0.626384437084198,0.593451201915741,0.015386617742478848,0.5947797298431396,0.5750449895858765,0.01534386444836855,0.5743365287780762,0.5598400831222534,0.013973180204629898,0.598595142364502,0.5726276636123657,-5.1462830015225336e-05,0.545248806476593,0.5390383005142212,-0.012663189321756363,0.5137420892715454,0.5080065727233887,-0.02101527526974678,0.49084049463272095,0.4785040616989136,-0.026999572291970253,0.5991898775100708,0.5825387239456177,-0.013835758902132511,0.5389328002929688,0.5448393821716309,-0.02489980310201645,0.5065203905105591,0.5109617710113525,-0.03125468268990517,0.48308128118515015,0.47728806734085083,-0.03654750809073448,0.6009902954101562,0.6036273837089539,-0.02707904577255249,0.5415565967559814,0.5691263675689697,-0.03820284456014633,0.5096443295478821,0.5429398417472839,-0.043934959918260574,0.4875730872154236,0.5168174505233765,-0.04802555963397026,0.6047365069389343,0.6327790021896362,-0.039170872420072556,0.5616274476051331,0.6125779151916504,-0.05217255651950836,0.5350199937820435,0.5963443517684937,-0.05854587256908417,0.51344895362854,0.5806533098220825,-0.06268958747386932,0.27356040477752686,0.6918005347251892,1.2140165495111432e-07,0.3199291229248047,0.6646013855934143,0.008070120587944984,0.358881413936615,0.6208943724632263,0.008731941692531109,0.38418564200401306,0.584905207157135,0.005390147678554058,0.4053595960140228,0.5623089075088501,0.0012938855215907097,0.3587559461593628,0.5811771154403687,0.0003741681866813451,0.4053594768047333,0.5412899851799011,-0.014307145960628986,0.43702617287635803,0.5098767280578613,-0.024274062365293503,0.46108222007751465,0.48033326864242554,-0.03027741238474846,0.35430240631103516,0.5848238468170166,-0.01309592742472887,0.4063211977481842,0.5464065074920654,-0.02772064320743084,0.4426289200782776,0.5138617157936096,-0.03824245184659958,0.47172385454177856,0.48335006833076477,-0.04449373856186867,0.3501933813095093,0.6000049114227295,-0.026538480073213577,0.4037313461303711,0.56744784116745,-0.03913170099258423,0.43952929973602295,0.5405280590057373,-0.04773939400911331,0.4674975574016571,0.5173752307891846,-0.052419986575841904,0.3470817804336548,0.6261194348335266,-0.03938896581530571,0.3868321478366852,0.6050770282745361,-0.048460785299539566,0.415357768535614,0.5874813795089722,-0.05273650214076042,0.4391394555568695,0.5724502801895142,-0.055006545037031174
0.7096801400184631,0.6787859201431274,3.250772806495661e-08,0.6735594868659973,0.6390013098716736,0.015889937058091164,0.6283307075500488,0.6057169437408447,0.020651714876294136,0.5960537195205688,0.5861026048660278,0.02142588049173355,0.5757961869239807,0.565706193447113,0.020792506635189056,0.6004295945167542,0.5821542143821716,0.0027630142867565155,0.546442449092865,0.5488050580024719,-0.009972628206014633,0.5151817202568054,0.5185996890068054,-0.018236156553030014,0.4926486909389496,0.4893207252025604,-0.024127623066306114,0.6013858318328857,0.5914967656135559,-0.012813465669751167,0.5390930771827698,0.55172199010849,-0.02373475953936577,0.5070689916610718,0.5176295042037964,-0.02989101968705654,0.4844474196434021,0.48293769359588623,-0.03523360565304756,0.6038628220558167,0.6130788326263428,-0.027679380029439926,0.542638897895813,0.5781363248825073,-0.03892531245946884,0.5103493928909302,0.5530931949615479,-0.04493491351604462,0.4882276654243469,0.527576208114624,-0.04932229220867157,0.6083166003227234,0.6441377997398376,-0.040987953543663025,0.5639979839324951,0.623998761177063,-0.05438968911767006,0.5365631580352783,0.6081128120422363,-0.061285436153411865,0.5141370296478271,0.5924835205078125,-0.06591697782278061,0.275110125541687,0.699202835559845,1.584764248718784e-07,0.3178838789463043,0.6716296076774597,0.007834119722247124,0.3583715260028839,0.6270436644554138,0.008821939118206501,0.38522911071777344,0.5905023217201233,0.005925341043621302,0.4080955982208252,0.5677405595779419,0.0017765184165909886,0.3543510138988495,0.5914901494979858,-0.003043663688004017,0.4010317325592041,0.5557651519775391,-0.0187732744961977,0.43631720542907715,0.5253373384475708,-0.02954171970486641,0.4643109440803528,0.4980449080467224,-0.036437198519706726,0.35157743096351624,0.5937589406967163,-0.016583887860178947,0.405110239982605,0.5528184771537781,-0.03395576402544975,0.4442340135574341,0.5160256624221802,-0.0457681380212307,0.47589588165283203,0.4819760322570801,-0.052454281598329544,0.34864068031311035,0.608936607837677,-0.029654409736394882,0.4045984745025635,0.5764387845993042,-0.04507789388298988,0.4413185715675354,0.5488470196723938,-0.05469080060720444,0.46993404626846313,0.5239835977554321,-0.05924041569232941,0.3457997441291809,0.6353129744529724,-0.0419669933617115,0.38782042264938354,0.6146095991134644,-0.05380379781126976,0.41750866174697876,0.5970397591590881,-0.05944279953837395,0.4419150650501251,0.5811240077018738,-0.0621083527803421
0.7141258716583252,0.7142314910888672,-9.833884462295828e-08,0.673328161239624,0.6717739701271057,0.0230519101023674,0.6329361200332642,0.6380552649497986,0.03028840944170952,0.6024044156074524,0.6169938445091248,0.03222973272204399,0.5820317268371582,0.5998101234436035,0.03176826611161232,0.6020761132240295,0.6161206960678101,0.005650438368320465,0.5444087982177734,0.5853686332702637,-0.005749462638050318,0.5137560963630676,0.5613885521888733,-0.012144368141889572,0.49174267053604126,0.5349646806716919,-0.017032137140631676,0.6045355796813965,0.625123918056488,-0.013341466896235943,0.5379354357719421,0.585109531879425,-0.024757659062743187,0.5066412687301636,0.5558675527572632,-0.029079370200634003,0.48426270484924316,0.5244030952453613,-0.03316712751984596,0.6084288954734802,0.6479557156562805,-0.031219230964779854,0.5437747836112976,0.6133358478546143,-0.04295641928911209,0.511721670627594,0.5877693295478821,-0.04874726012349129,0.4901960492134094,0.5602772831916809,-0.0533166229724884,0.6132141947746277,0.6806522011756897,-0.046813178807497025,0.5658278465270996,0.6607041954994202,-0.060839809477329254,0.536584734916687,0.6449358463287354,-0.06882085651159286,0.5132381319999695,0.6299272179603577,-0.07487428933382034,0.38494497537612915,0.6399860382080078,-1.286107043085849e-08,0.4290198087692261,0.614813506603241,0.0056095547042787075,0.46369674801826477,0.5930160880088806,-0.00028107938123866916,0.4887855052947998,0.5820503830909729,-0.008415460586547852,0.505743682384491,0.5727635025978088,-0.01677517220377922,0.4530354142189026,0.5646200180053711,-0.02175116539001465,0.48610419034957886,0.5393725633621216,-0.041386596858501434,0.4982320964336395,0.5392603278160095,-0.05291687324643135,0.5015537738800049,0.5372063517570496,-0.05965649336576462,0.4383695721626282,0.5785173773765564,-0.035418085753917694,0.46527254581451416,0.546686053276062,-0.05693323165178299,0.4784415662288666,0.5394529104232788,-0.06869448721408844,0.4848046898841858,0.5299450755119324,-0.07600297778844833,0.4246547520160675,0.6044065356254578,-0.04773882031440735,0.4445788860321045,0.5837054252624512,-0.06826858967542648,0.46115589141845703,0.5705609917640686,-0.07682880014181137,0.4754171371459961,0.552241325378418,-0.08217263221740723,0.41396063566207886,0.6379638314247131,-0.05848715081810951,0.4237307906150818,0.6392492055892944,-0.07416951656341553,0.43724295496940613,0.6336766481399536,-0.0780169740319252,0.4502556025981903,0.6215457320213318,-0.08048567920923233
0.7157036066055298,0.7171013951301575,-6.815885456035176e-08,0.6723728775978088,0.6742941737174988,0.02210184372961521,0.630734384059906,0.6426798105239868,0.02844146266579628,0.5991952419281006,0.6228076219558716,0.029340386390686035,0.5763668417930603,0.6071048974990845,0.027761835604906082,0.6014294624328613,0.6181994676589966,0.0070944493636488914,0.5449838638305664,0.58949875831604,-0.005170643795281649,0.5133922100067139,0.5654250383377075,-0.013014521449804306,0.49007028341293335,0.5392518043518066,-0.019088532775640488,0.6054773330688477,0.6267300248146057,-0.012350866571068764,0.5392172336578369,0.5882546901702881,-0.023905865848064423,0.5076278448104858,0.5588358044624329,-0.029784709215164185,0.48513275384902954,0.5271121263504028,-0.0353163406252861,0.6097666621208191,0.6498743891716003,-0.031027020886540413,0.5449104905128479,0.6157909631729126,-0.04349009320139885,0.5124877691268921,0.5910472869873047,-0.05052328109741211,0.4902455806732178,0.5638680458068848,-0.05616525560617447,0.6141987442970276,0.6831873059272766,-0.04753296449780464,0.5674930810928345,0.6645469665527344,-0.06250493228435516,0.5381547808647156,0.6497344374656677,-0.07119068503379822,0.513877809047699,0.6344776749610901,-0.0778011605143547,0.34628620743751526,0.6640008687973022,-1.6663969404362433e-07,0.37194693088531494,0.6362954378128052,0.00585605064406991,0.40272092819213867,0.6149158477783203,0.0026441665831953287,0.42725008726119995,0.6068145632743835,-0.00303661753423512,0.4433612525463104,0.595069944858551,-0.009935553185641766,0.4220094382762909,0.590523898601532,-0.01541780587285757,0.4556582570075989,0.5560609102249146,-0.0308475773781538,0.4689028263092041,0.5358952879905701,-0.04034711420536041,0.4794674813747406,0.5172013640403748,-0.04652414843440056,0.4185720682144165,0.6002565622329712,-0.02759012207388878,0.4528164565563202,0.5643882155418396,-0.04412756487727165,0.47042208909988403,0.5419356822967529,-0.053337790071964264,0.4849608540534973,0.5222923159599304,-0.0595390759408474,0.4110265076160431,0.6206794381141663,-0.03906485438346863,0.4434416592121124,0.5941336154937744,-0.05588167533278465,0.46311330795288086,0.57465660572052,-0.06581486016511917,0.48008158802986145,0.5571831464767456,-0.07248234003782272,0.4021465480327606,0.6495324969291687,-0.04932551085948944,0.4236338436603546,0.6417707800865173,-0.06491316109895706,0.4389592111110687,0.6308954358100891,-0.07278720289468765,0.453155517578125,0.6201754808425903,-0.07812017947435379
0.7141138315200806,0.7165853381156921,-7.174552507649423e-08,0.673539400100708,0.6719187498092651,0.022387120872735977,0.6339632272720337,0.6403818130493164,0.02841184288263321,0.6036544442176819,0.621071994304657,0.029115742072463036,0.582030713558197,0.6033979654312134,0.02741653472185135,0.6039384007453918,0.6187828183174133,0.005001806654036045,0.5447988510131836,0.5879338979721069,-0.006914131343364716,0.5137148499488831,0.5636412501335144,-0.013439174741506577,0.49140018224716187,0.5372319221496582,-0.018238110467791557,0.6070365309715271,0.6283073425292969,-0.01417455542832613,0.5388275980949402,0.5875541567802429,-0.026082485914230347,0.5066621899604797,0.5574513077735901,-0.031280651688575745,0.48425164818763733,0.5258209109306335,-0.03592800348997116,0.6103105545043945,0.6514149308204651,-0.0322386659681797,0.5439150333404541,0.6158716678619385,-0.04403369128704071,0.5113453269004822,0.5898279547691345,-0.05004753917455673,0.4898993670940399,0.5619584321975708,-0.0547659769654274,0.6136764883995056,0.6842244863510132,-0.048037316650152206,0.564261794090271,0.6641584038734436,-0.06183648481965065,0.5348947048187256,0.6481530666351318,-0.06945841014385223,0.5115495920181274,0.6322687268257141,-0.07515463978052139,0.3499986231327057,0.6612425446510315,-1.1934116628253832e-07,0.3812411427497864,0.6327700018882751,0.006329413503408432,0.4150368869304657,0.6105521321296692,0.0018864375306293368,0.4410732686519623,0.6005502939224243,-0.004998696502298117,0.4584912955760956,0.5865234732627869,-0.013330608606338501,0.4266694486141205,0.5892330408096313,-0.021275805309414864,0.46026039123535156,0.5542569160461426,-0.04006543010473251,0.4742239713668823,0.5367711782455444,-0.05170892924070358,0.4848882853984833,0.518794059753418,-0.05922142416238785,0.4205312430858612,0.5996028780937195,-0.0350942388176918,0.45465365052223206,0.563556969165802,-0.056408338248729706,0.47231265902519226,0.5412198305130005,-0.06803286075592041,0.486068993806839,0.5201182961463928,-0.07558745890855789,0.4108138680458069,0.6209225654602051,-0.04779348149895668,0.4419589936733246,0.5941479802131653,-0.06885185092687607,0.46181806921958923,0.5724731683731079,-0.0803409144282341,0.47886940836906433,0.5515827536582947,-0.08779459446668625,0.40000519156455994,0.6506158113479614,-0.05893043428659439,0.4203031063079834,0.6442376375198364,-0.07786988466978073,0.4361543357372284,0.6337424516677856,-0.08666889369487762,0.4512641727924347,0.6216172575950623,-0.09258625656366348
0.7032544612884521,0.7128433585166931,-2.68527902136384e-08,0.666215717792511,0.6723800301551819,0.018798861652612686,0.6252424716949463,0.6391233801841736,0.024823438376188278,0.5954951047897339,0.6175368428230286,0.02637595124542713,0.5773176550865173,0.596886932849884,0.026030877605080605,0.596424400806427,0.6150234937667847,0.00409863842651248,0.5410280227661133,0.5822522640228271,-0.008010206744074821,0.5109316110610962,0.5551480054855347,-0.01514080073684454,0.4901157021522522,0.5268052220344543,-0.02044033072888851,0.5979018807411194,0.6243831515312195,-0.012824240140616894,0.5340136289596558,0.5835806131362915,-0.0239059180021286,0.5046788454055786,0.5516009330749512,-0.029467524960637093,0.4850057363510132,0.5170149803161621,-0.03441225364804268,0.6004970669746399,0.6466269493103027,-0.029065601527690887,0.5377546548843384,0.6104351282119751,-0.041226401925086975,0.5069901943206787,0.5845487713813782,-0.04861491546034813,0.486818790435791,0.5564733147621155,-0.05410834029316902,0.6046663522720337,0.6782395839691162,-0.043356530368328094,0.5592949986457825,0.6595861315727234,-0.05801411345601082,0.5303695797920227,0.6438172459602356,-0.0671222135424614,0.5067182779312134,0.6277522444725037,-0.07372771203517914,0.3695948123931885,0.6481407284736633,-1.2750817290907435e-07,0.40858379006385803,0.6257575154304504,0.010242469608783722,0.44262105226516724,0.6060142517089844,0.007693116553127766,0.46677476167678833,0.5953987836837769,0.002176869660615921,0.48155510425567627,0.5808367729187012,-0.004340807907283306,0.4375527799129486,0.5771573781967163,-0.01599998027086258,0.4671894907951355,0.5426041483879089,-0.031180869787931442,0.4776039719581604,0.5288473963737488,-0.03979683667421341,0.48458486795425415,0.514763593673706,-0.04534442350268364,0.42800602316856384,0.5867369174957275,-0.030737847089767456,0.45628464221954346,0.5491871237754822,-0.04884877800941467,0.4703640937805176,0.5285643935203552,-0.05868993699550629,0.48111823201179504,0.5090929865837097,-0.06518599390983582,0.41763758659362793,0.6084551215171814,-0.04392613098025322,0.44456353783607483,0.5828573107719421,-0.06254666298627853,0.4621717929840088,0.563757061958313,-0.07231934368610382,0.47758662700653076,0.542961061000824,-0.07878413051366806,0.40850523114204407,0.63874751329422,-0.0551072396337986,0.4252561032772064,0.6350164413452148,-0.0712360218167305,0.44033506512641907,0.625270664691925,-0.07768167555332184,0.4546675384044647,0.6114039421081543,-0.08222994208335876
0.7024160027503967,0.7132750749588013,-3.296123907148285e-08,0.6647681593894958,0.6699464321136475,0.021321145817637444,0.6240430474281311,0.6367983222007751,0.028390666469931602,0.5939696431159973,0.6160405874252319,0.03042864054441452,0.5742994546890259,0.5954719185829163,0.030241187661886215,0.5967828035354614,0.6142447590827942,0.007229680195450783,0.5416668653488159,0.5814628601074219,-0.004371953196823597,0.5105052590370178,0.5543172359466553,-0.011259065009653568,0.4886687099933624,0.525738000869751,-0.01637580804526806,0.5979663133621216,0.6233073472976685,-0.010873246006667614,0.533578634262085,0.5810942053794861,-0.021553583443164825,0.503137469291687,0.5490623712539673,-0.026794394478201866,0.4831741452217102,0.5146414041519165,-0.03150529786944389,0.5996384620666504,0.6457626819610596,-0.0281904898583889,0.5365994572639465,0.6080849766731262,-0.039548661559820175,0.5054018497467041,0.5819833278656006,-0.04614177346229553,0.48563843965530396,0.5540858507156372,-0.051164306700229645,0.6020380854606628,0.6775798201560974,-0.04341351240873337,0.5567718148231506,0.6564291715621948,-0.05711609497666359,0.5286286473274231,0.6398603320121765,-0.06526659429073334,0.505752682685852,0.6237264275550842,-0.07123720645904541,0.2922074794769287,0.737368106842041,2.2524066167761703e-08,0.33927488327026367,0.7172423005104065,0.018063418567180634,0.3750092685222626,0.6712974905967712,0.023065708577632904,0.39741191267967224,0.6334216594696045,0.022484831511974335,0.4132130742073059,0.6064941883087158,0.020069120451807976,0.3724208474159241,0.6278363466262817,0.004719871096313,0.41688141226768494,0.5838122367858887,-0.0074958340264856815,0.4459036588668823,0.5498581528663635,-0.014574658125638962,0.46712905168533325,0.5197159051895142,-0.019010059535503387,0.3687312602996826,0.6312434673309326,-0.013376504182815552,0.4199320077896118,0.5841545462608337,-0.028178375214338303,0.45279577374458313,0.5468183159828186,-0.03670215606689453,0.47680529952049255,0.514793872833252,-0.04124532267451286,0.36460354924201965,0.6465248465538025,-0.03064216487109661,0.41790738701820374,0.6079401969909668,-0.04434652999043465,0.4507923424243927,0.5768564343452454,-0.05310315266251564,0.4745916724205017,0.5512232780456543,-0.05757398530840874,0.36196839809417725,0.6738519072532654,-0.04614335671067238,0.4040950834751129,0.6523334383964539,-0.05801239237189293,0.43349942564964294,0.6324281096458435,-0.06486352533102036,0.4572068750858307,0.6143332123756409,-0.0689290463924408
0.6948813199996948,0.7043282985687256,1.439571217787261e-08,0.6617456674575806,0.6633824706077576,0.019182493910193443,0.6223821640014648,0.6305805444717407,0.02547002024948597,0.5933063626289368,0.610288143157959,0.02748638205230236,0.5745576024055481,0.5873314738273621,0.027633678168058395,0.5929757952690125,0.6075236201286316,0.0022008074447512627,0.5401483178138733,0.570722222328186,-0.009988066740334034,0.5112311244010925,0.5403156280517578,-0.017125744372606277,0.4899461269378662,0.5106916427612305,-0.022338228300213814,0.5940407514572144,0.6170743107795715,-0.014336545020341873,0.5310755372047424,0.5750032067298889,-0.025062374770641327,0.5000481009483337,0.5402002334594727,-0.031000444665551186,0.4777698516845703,0.5046628713607788,-0.03662601858377457,0.5952749848365784,0.6389304995536804,-0.029784614220261574,0.5336569547653198,0.6007985472679138,-0.041536200791597366,0.5025877356529236,0.5727933049201965,-0.04934612289071083,0.4820288419723511,0.5449373126029968,-0.05537211149930954,0.5975028872489929,0.6699460744857788,-0.04311759024858475,0.5536677241325378,0.6482744812965393,-0.05876065790653229,0.5259191989898682,0.6300321817398071,-0.06898057460784912,0.5027629137039185,0.6130360960960388,-0.07623519003391266,0.2849842309951782,0.7360432744026184,2.9533223866451408e-08,0.33521437644958496,0.7230516672134399,0.015866925939917564,0.3703141510486603,0.6771500110626221,0.02150224894285202,0.3893902599811554,0.6376304626464844,0.021424395963549614,0.40288785099983215,0.6099138855934143,0.020074689760804176,0.36932310461997986,0.6240019202232361,0.012171794660389423,0.41380372643470764,0.581822395324707,0.002433788264170289,0.4438292682170868,0.548919677734375,-0.004727588035166264,0.4659772217273712,0.518876314163208,-0.009918136522173882,0.3660336434841156,0.6234849095344543,-0.004389251582324505,0.4176256060600281,0.5735051035881042,-0.016443539410829544,0.4505283236503601,0.5374431014060974,-0.02494809776544571,0.4753592312335968,0.506467342376709,-0.029990900307893753,0.36292263865470886,0.6368758082389832,-0.020846160128712654,0.41741943359375,0.5939530730247498,-0.03219074755907059,0.44937533140182495,0.5639304518699646,-0.04017990827560425,0.47224676609039307,0.5396162867546082,-0.04446412995457649,0.36215418577194214,0.6648526191711426,-0.03619854897260666,0.40145230293273926,0.6426481008529663,-0.0459190309047699,0.4293206036090851,0.6210756301879883,-0.0518265925347805,0.45197030901908875,0.6011850833892822,-0.05551765859127045
0.6903368234634399,0.7038971781730652,-1.9144021923267474e-09,0.6555080413818359,0.6627057790756226,0.019769076257944107,0.6174747943878174,0.6259664297103882,0.026193222030997276,0.5896009206771851,0.6023432016372681,0.027928046882152557,0.5712633728981018,0.5800076723098755,0.027700597420334816,0.5890891551971436,0.6006267666816711,0.004797227680683136,0.5368462204933167,0.5613289475440979,-0.006762695033103228,0.5084426999092102,0.5291352272033691,-0.013731125742197037,0.4886763095855713,0.4975462853908539,-0.01869649812579155,0.5908034443855286,0.6085634231567383,-0.012248354963958263,0.5296053290367126,0.5649871230125427,-0.021943358704447746,0.500288724899292,0.5296221971511841,-0.026835953816771507,0.48039188981056213,0.4952453672885895,-0.03149613365530968,0.592248797416687,0.6296373009681702,-0.028364121913909912,0.5325285196304321,0.5891961455345154,-0.03863082453608513,0.5022322535514832,0.5606393814086914,-0.044449009001255035,0.4818674623966217,0.5337355732917786,-0.049091681838035583,0.5941471457481384,0.6600582003593445,-0.04258570447564125,0.5504503846168518,0.6358097791671753,-0.055615298449993134,0.5236301422119141,0.6176736354827881,-0.06291984021663666,0.5010532140731812,0.6017886400222778,-0.06818392872810364,0.2833613157272339,0.7286846041679382,1.1709821734484649e-07,0.3295851945877075,0.7175986766815186,0.01078522764146328,0.36456385254859924,0.6711942553520203,0.014768355526030064,0.38330695033073425,0.6316933631896973,0.013865268789231777,0.39921054244041443,0.6048547029495239,0.012055451981723309,0.3636920750141144,0.6144112348556519,0.008946294896304607,0.40695449709892273,0.5711638927459717,-0.0019035270670428872,0.43916335701942444,0.5371917486190796,-0.010567168705165386,0.463711678981781,0.5069921612739563,-0.01644817739725113,0.36079511046409607,0.6136803030967712,-0.005049424711614847,0.4108608067035675,0.5670181512832642,-0.01693901978433132,0.44555237889289856,0.5306277871131897,-0.026857741177082062,0.4728206396102905,0.49829423427581787,-0.03281909599900246,0.35938191413879395,0.6274933815002441,-0.019043976441025734,0.4104902446269989,0.5849727988243103,-0.029937289655208588,0.4438302516937256,0.5524232387542725,-0.038238439708948135,0.46934080123901367,0.5260663032531738,-0.0424911305308342,0.3599114716053009,0.6544727087020874,-0.03241559490561485,0.3992766737937927,0.6286448836326599,-0.040347520262002945,0.4271022379398346,0.6073974370956421,-0.044208988547325134,0.4505136013031006,0.5894437432289124,-0.0462307445704937
0.6866925954818726,0.6960070133209229,-2.4529283493279763e-08,0.6573036313056946,0.6545628905296326,0.017317093908786774,0.6183160543441772,0.619554877281189,0.022904662415385246,0.5890637636184692,0.5976872444152832,0.024512475356459618,0.5703762769699097,0.5777392983436584,0.024591922760009766,0.5908934473991394,0.5943029522895813,0.0028141287621110678,0.5381153225898743,0.5550825595855713,-0.008604520000517368,0.5089325308799744,0.524017333984375,-0.014924470335245132,0.48909813165664673,0.4949108064174652,-0.01946648769080639,0.5905328989028931,0.6029344201087952,-0.01265580765902996,0.5283252000808716,0.5584865212440491,-0.022972173988819122,0.49876338243484497,0.5238043665885925,-0.027553394436836243,0.4791330099105835,0.4908207654953003,-0.03175429254770279,0.5905624628067017,0.6235060095787048,-0.027250835672020912,0.5303446650505066,0.5823839902877808,-0.03801779821515083,0.5010982751846313,0.5547270178794861,-0.04326965659856796,0.4820549488067627,0.5283517837524414,-0.047256190329790115,0.5919998288154602,0.6527674198150635,-0.040110595524311066,0.5483943819999695,0.6294820308685303,-0.05464636906981468,0.5220305919647217,0.6114703416824341,-0.06273430585861206,0.5003446340560913,0.59505695104599,-0.06812679767608643,0.2815791368484497,0.7252427339553833,1.1708823421940906e-07,0.33345556259155273,0.7075055837631226,0.010905807837843895,0.3706543445587158,0.6557505130767822,0.0135149285197258,0.3924488127231598,0.6119183897972107,0.011327024549245834,0.41063085198402405,0.5833819508552551,0.008134044706821442,0.36396360397338867,0.6088428497314453,0.004105602856725454,0.40787190198898315,0.5643486380577087,-0.009791421703994274,0.439328670501709,0.5303255915641785,-0.019952762871980667,0.4639894366264343,0.4996712803840637,-0.026868974789977074,0.3591153621673584,0.6107495427131653,-0.010992158204317093,0.409940242767334,0.565701961517334,-0.025457855314016342,0.4448295831680298,0.5280270576477051,-0.03582565486431122,0.4724579453468323,0.49435657262802124,-0.042413607239723206,0.3552553653717041,0.6264092922210693,-0.026080293580889702,0.40705299377441406,0.5857231616973877,-0.0386354960501194,0.44101935625076294,0.5517854690551758,-0.047007884830236435,0.4674435555934906,0.5233933925628662,-0.051897451281547546,0.35325321555137634,0.6544057130813599,-0.04056395962834358,0.3907310366630554,0.6309154629707336,-0.05058673024177551,0.4200122058391571,0.6082450151443481,-0.05622420087456703,0.4452178180217743,0.5877264738082886,-0.059854716062545776
0.6576801538467407,0.6595633625984192,5.339859399100533e-08,0.6401554942131042,0.6183174252510071,0.012563426978886127,0.6095690131187439,0.5796506404876709,0.01697549968957901,0.5850492715835571,0.5578519701957703,0.018068866804242134,0.568494439125061,0.5397425293922424,0.017590651288628578,0.5785763263702393,0.5498363375663757,0.004402392078191042,0.5333331823348999,0.5107606649398804,-0.004557486157864332,0.5067269802093506,0.4783696234226227,-0.010515797883272171,0.48747217655181885,0.4500637650489807,-0.015147639438509941,0.576597273349762,0.5560578107833862,-0.009062330238521099,0.5245728492736816,0.508148729801178,-0.017317136749625206,0.49623751640319824,0.4704972505569458,-0.022930404171347618,0.4761958718299866,0.43584296107292175,-0.02769225835800171,0.5737025737762451,0.5743438005447388,-0.02203780971467495,0.5237082839012146,0.5270907282829285,-0.03262835741043091,0.49612945318222046,0.49480998516082764,-0.039471518248319626,0.47729992866516113,0.4649711847305298,-0.04407612234354019,0.5709357857704163,0.6027653217315674,-0.0335700660943985,0.5312165021896362,0.5755133628845215,-0.04748348146677017,0.5071612596511841,0.5541814565658569,-0.054561465978622437,0.48703643679618835,0.5343990325927734,-0.058821793645620346,0.30731862783432007,0.6912957429885864,1.9228289716011204e-07,0.3474450409412384,0.6737611889839172,0.0025677690282464027,0.37531778216362,0.62095707654953,0.0036585452035069466,0.38984182476997375,0.5771631002426147,0.0015227380208671093,0.40458208322525024,0.5492329597473145,-0.0011529962066560984,0.3698538541793823,0.5756853222846985,0.0015449132770299911,0.4062749743461609,0.5292449593544006,-0.011713310144841671,0.4373597502708435,0.49266332387924194,-0.023035110905766487,0.4636326730251312,0.46262094378471375,-0.030781328678131104,0.3675166368484497,0.5738925933837891,-0.008256218396127224,0.4078161418437958,0.5230883955955505,-0.021424584090709686,0.44051864743232727,0.4830484986305237,-0.03366702049970627,0.4672465920448303,0.4506073594093323,-0.04159332439303398,0.3678245544433594,0.5831046104431152,-0.018468528985977173,0.40933582186698914,0.5350034832954407,-0.03115740977227688,0.442167729139328,0.4949099123477936,-0.041888028383255005,0.4682246744632721,0.463470458984375,-0.047632187604904175,0.37026363611221313,0.6040844917297363,-0.02865690179169178,0.40620651841163635,0.5733818411827087,-0.03851690888404846,0.43366488814353943,0.547798216342926,-0.0442105233669281,0.45636701583862305,0.5270111560821533,-0.04721621423959732
0.6574884057044983,0.646584153175354,5.474560538232254e-08,0.634803831577301,0.5990673899650574,0.016146793961524963,0.6007318496704102,0.5619831085205078,0.021644050255417824,0.5725198984146118,0.5473504662513733,0.02285124734044075,0.5515245199203491,0.5399733781814575,0.02212994545698166,0.581213116645813,0.5349288582801819,0.009265548549592495,0.5354287028312683,0.49617093801498413,0.0015663226367905736,0.5082623958587646,0.46568563580513,-0.003732584649696946,0.48801082372665405,0.43820124864578247,-0.007934561930596828,0.5796930193901062,0.5403144359588623,-0.005978687666356564,0.5295081734657288,0.4910552501678467,-0.012916178442537785,0.5010640621185303,0.4548778235912323,-0.017842091619968414,0.48006659746170044,0.42155566811561584,-0.02193489484488964,0.57608562707901,0.5573270916938782,-0.02071668952703476,0.526995837688446,0.5083996057510376,-0.02995726466178894,0.4983091354370117,0.4763534665107727,-0.03657962754368782,0.4779917299747467,0.44628992676734924,-0.04088872671127319,0.5714764595031738,0.5856403112411499,-0.03375019133090973,0.5302296280860901,0.5549769401550293,-0.044882260262966156,0.5051003694534302,0.5337019562721252,-0.05002547800540924,0.4845941960811615,0.5135851502418518,-0.05311628058552742,0.30210310220718384,0.6821377277374268,1.2987716502266267e-07,0.352202445268631,0.6640495657920837,0.01388376671820879,0.3838651776313782,0.6055831909179688,0.01870565675199032,0.40174397826194763,0.5593883991241455,0.018218010663986206,0.41550350189208984,0.5284902453422546,0.01621752604842186,0.3725630044937134,0.5535273551940918,0.00859884824603796,0.4126508831977844,0.5030783414840698,-0.0012609701370820403,0.4435773491859436,0.4669002890586853,-0.009072697721421719,0.46862155199050903,0.43596208095550537,-0.014787716791033745,0.3696179986000061,0.5540682077407837,-0.007030063774436712,0.41477859020233154,0.4966713786125183,-0.018461965024471283,0.4453967809677124,0.4527495205402374,-0.027639910578727722,0.4676307737827301,0.4165235757827759,-0.03370802477002144,0.3683294653892517,0.5667887330055237,-0.022315965965390205,0.4154408574104309,0.5161255598068237,-0.03361866995692253,0.44924792647361755,0.4747036099433899,-0.04290842264890671,0.47442349791526794,0.4418722689151764,-0.04852917045354843,0.3702801465988159,0.5917116403579712,-0.03653604909777641,0.4128035306930542,0.5590004324913025,-0.04571407660841942,0.4436734914779663,0.5327308177947998,-0.05134391784667969,0.4690026640892029,0.5096596479415894,-0.05519999563694
0.6610992550849915,0.6454592347145081,6.706425637048596e-08,0.6365352272987366,0.5959989428520203,0.01679537259042263,0.6006107926368713,0.5591949224472046,0.02210858277976513,0.5698437094688416,0.543766975402832,0.02304328978061676,0.5466744303703308,0.5372240543365479,0.02200094237923622,0.5824580192565918,0.5316285490989685,0.008105886168777943,0.5342020392417908,0.48985055088996887,-0.00023031709133647382,0.505536675453186,0.457913339138031,-0.005166133400052786,0.4848196506500244,0.4292640686035156,-0.008910508826375008,0.5814459919929504,0.5373741984367371,-0.007587005849927664,0.5271174907684326,0.483556866645813,-0.015259034931659698,0.4985608458518982,0.44550517201423645,-0.01941610872745514,0.47878298163414,0.4102417826652527,-0.022723708301782608,0.5782313346862793,0.5559406876564026,-0.02269485965371132,0.5259661674499512,0.5060323476791382,-0.032603856176137924,0.4979483485221863,0.4750478267669678,-0.03850579261779785,0.47924911975860596,0.4451584815979004,-0.042097631841897964,0.5736898183822632,0.5862946510314941,-0.036000583320856094,0.5315858721733093,0.5559805035591125,-0.047660067677497864,0.5060688257217407,0.5347963571548462,-0.0527195930480957,0.48536062240600586,0.514346718788147,-0.055653005838394165,0.3001840114593506,0.6804087162017822,1.2794176029728987e-07,0.35031968355178833,0.6571884751319885,0.017294514924287796,0.3808901309967041,0.5993298888206482,0.023939844220876694,0.39818504452705383,0.553471028804779,0.024487460032105446,0.41303712129592896,0.5235844850540161,0.02372017502784729,0.3688467741012573,0.5510320663452148,0.015204843133687973,0.40948736667633057,0.5042396783828735,0.007817943580448627,0.439855694770813,0.4687820076942444,0.0018161783227697015,0.4646443724632263,0.4389403462409973,-0.0030264866072684526,0.3673219680786133,0.5519495606422424,-0.002097352873533964,0.41316723823547363,0.49501681327819824,-0.012015670537948608,0.44389086961746216,0.4520213007926941,-0.02077724225819111,0.46648886799812317,0.41704535484313965,-0.026498038321733475,0.3681248426437378,0.5658826231956482,-0.01894621178507805,0.4156147241592407,0.5123811960220337,-0.02911497838795185,0.44799578189849854,0.47168368101119995,-0.03763137012720108,0.47255396842956543,0.43938231468200684,-0.042676012963056564,0.37236258387565613,0.5928724408149719,-0.03452394902706146,0.4139675498008728,0.559354841709137,-0.042809344828128815,0.44338005781173706,0.5333998799324036,-0.047939740121364594,0.46798738837242126,0.5107690691947937,-0.05137646198272705
0.6596108078956604,0.6426994800567627,8.682606988941188e-08,0.6378172039985657,0.5922464728355408,0.018515389412641525,0.6017664670944214,0.5565081238746643,0.024551376700401306,0.5711876749992371,0.5427293181419373,0.025771278887987137,0.5483632683753967,0.5361382365226746,0.02489881031215191,0.5807284116744995,0.5310722589492798,0.010065173730254173,0.5335133075714111,0.4896498918533325,0.0019095332827419043,0.50588458776474,0.4582298994064331,-0.00300033506937325,0.48615798354148865,0.42971858382225037,-0.0068798912689089775,0.580107569694519,0.5372728109359741,-0.006709256675094366,0.5261474251747131,0.4846492409706116,-0.014834600500762463,0.4981747269630432,0.4454275071620941,-0.019624678418040276,0.4792053699493408,0.4086594879627228,-0.023474344983696938,0.577418863773346,0.5560252070426941,-0.022840557619929314,0.5251948833465576,0.5048736929893494,-0.03361518681049347,0.4980858266353607,0.473222553730011,-0.039658792316913605,0.4802006781101227,0.44184058904647827,-0.043244365602731705,0.5738812685012817,0.5863921642303467,-0.0369718112051487,0.5320238471031189,0.5565625429153442,-0.05004473403096199,0.5073569416999817,0.5349397659301758,-0.05573463439941406,0.48724165558815,0.5133010149002075,-0.058968257158994675,0.29858726263046265,0.681874692440033,8.253369543353983e-08,0.35124829411506653,0.6589551568031311,0.025940291583538055,0.3810901343822479,0.6035444736480713,0.03572230786085129,0.3976322114467621,0.5610084533691406,0.03740189969539642,0.41187113523483276,0.5324229598045349,0.03721296414732933,0.36978471279144287,0.5505176186561584,0.023164618760347366,0.41241317987442017,0.5008304715156555,0.01880541816353798,0.44194740056991577,0.46398571133613586,0.015110249631106853,0.46603432297706604,0.432516872882843,0.011361170560121536,0.3687046766281128,0.5505369305610657,0.0011660817544907331,0.41599369049072266,0.48978033661842346,-0.006741926074028015,0.44547969102859497,0.4450519382953644,-0.013513913378119469,0.4658377766609192,0.4096660614013672,-0.018239209428429604,0.3685111701488495,0.5636115670204163,-0.019961414858698845,0.4183385968208313,0.5084375143051147,-0.02778582274913788,0.4494590759277344,0.46911343932151794,-0.0343206562101841,0.47256994247436523,0.438626229763031,-0.038933396339416504,0.37174513936042786,0.5904938578605652,-0.039286330342292786,0.41512954235076904,0.5573375225067139,-0.04673337936401367,0.44453179836273193,0.5314868688583374,-0.05142713710665703,0.46924570202827454,0.5081629157066345,-0.05514996871352196
0.658151388168335,0.6498914957046509,6.195636359507262e-08,0.6366996765136719,0.6000367403030396,0.01643447019159794,0.6023910641670227,0.5624273419380188,0.021706445142626762,0.5737224221229553,0.5455319881439209,0.02274906449019909,0.5525254607200623,0.5363444089889526,0.021674713119864464,0.5805959701538086,0.5376845002174377,0.0062431576661765575,0.5328249931335449,0.49621668457984924,-0.0029224716126918793,0.5047745108604431,0.4641125202178955,-0.008156913332641125,0.4847550690174103,0.4353320002555847,-0.012221435084939003,0.5793616771697998,0.5436915755271912,-0.009601863101124763,0.5260467529296875,0.4911460280418396,-0.018782151862978935,0.49785199761390686,0.4529573917388916,-0.023832056671380997,0.4785120189189911,0.4175994396209717,-0.027787446975708008,0.57679682970047,0.5629157423973083,-0.024780811741948128,0.5249708890914917,0.512995719909668,-0.03643921762704849,0.4969913065433502,0.4816810190677643,-0.043094705790281296,0.4783569574356079,0.4512166380882263,-0.04715112969279289,0.5735255479812622,0.5935352444648743,-0.03808995708823204,0.5326930284500122,0.5632504820823669,-0.05251840874552727,0.5073825716972351,0.5415963530540466,-0.05934818834066391,0.4866222143173218,0.5206558108329773,-0.06331471353769302,0.29923686385154724,0.6808915734291077,1.4942634152248502e-07,0.34768491983413696,0.6661492586135864,0.012535614892840385,0.3784295618534088,0.6108607649803162,0.01831902377307415,0.3947324752807617,0.5683454275131226,0.018860090523958206,0.40853962302207947,0.5417735576629639,0.018210183829069138,0.36797234416007996,0.5567193627357483,0.012135450728237629,0.4079844355583191,0.5123022794723511,0.003919459879398346,0.4385497570037842,0.47780919075012207,-0.0032356376759707928,0.46289005875587463,0.44887953996658325,-0.008702212013304234,0.36458131670951843,0.5546330213546753,-0.0024554533883929253,0.4106617867946625,0.5016050338745117,-0.013053213246166706,0.4419647455215454,0.45962101221084595,-0.022705135866999626,0.46589991450309753,0.4245409369468689,-0.028898803517222404,0.3643021583557129,0.5649958252906799,-0.01701240800321102,0.41253557801246643,0.5168133974075317,-0.028214748948812485,0.4458637535572052,0.48015719652175903,-0.03788130357861519,0.4711090922355652,0.4509749114513397,-0.04334219545125961,0.3676994740962982,0.5871204137802124,-0.030701477080583572,0.40940558910369873,0.5591924786567688,-0.040071506053209305,0.43921396136283875,0.5362229347229004,-0.045939214527606964,0.4642510414123535,0.5160390138626099,-0.049615032970905304
0.6589704155921936,0.6485558152198792,7.403642143799516e-08,0.636262834072113,0.5988762378692627,0.016175078228116035,0.6029978394508362,0.5627192258834839,0.020733322948217392,0.5762953162193298,0.5476740598678589,0.02125926874577999,0.556699812412262,0.5392638444900513,0.019672852009534836,0.5810390710830688,0.537118136882782,0.004374759271740913,0.5319990515708923,0.49572381377220154,-0.005569836124777794,0.5029193758964539,0.463176429271698,-0.011170190759003162,0.48261862993240356,0.4341440796852112,-0.015198552049696445,0.5800025463104248,0.5432791113853455,-0.011339249089360237,0.5251208543777466,0.49013930559158325,-0.021109966561198235,0.49614861607551575,0.45084458589553833,-0.026425855234265327,0.4765698313713074,0.41479384899139404,-0.030402010306715965,0.5772387385368347,0.5625326037406921,-0.026262324303388596,0.5242295265197754,0.5125219225883484,-0.0378524512052536,0.4957887828350067,0.480090856552124,-0.04477477818727493,0.47701025009155273,0.44890543818473816,-0.04899025708436966,0.5736360549926758,0.5929661393165588,-0.03926518186926842,0.531149685382843,0.5632274746894836,-0.05317572131752968,0.50541090965271,0.5417101383209229,-0.05973026156425476,0.4842744767665863,0.520510733127594,-0.063466876745224,0.29918742179870605,0.6776386499404907,1.8093020059950504e-07,0.34355708956718445,0.6544081568717957,0.0099693164229393,0.3746755123138428,0.5985236763954163,0.012878699228167534,0.3933083713054657,0.5562302470207214,0.01133912242949009,0.40930473804473877,0.529331386089325,0.008818910457193851,0.36372748017311096,0.551184892654419,0.004119210876524448,0.40723252296447754,0.5072765350341797,-0.007057356182485819,0.43936145305633545,0.47391146421432495,-0.015175574459135532,0.4649988114833832,0.44483041763305664,-0.02071157656610012,0.361677348613739,0.5521872639656067,-0.00969430711120367,0.41090378165245056,0.5014348030090332,-0.022231027483940125,0.4436004161834717,0.46101635694503784,-0.031913213431835175,0.4675232172012329,0.4254952669143677,-0.03768650069832802,0.36198291182518005,0.5666583180427551,-0.023186853155493736,0.41167062520980835,0.5181994438171387,-0.0348801389336586,0.4455510079860687,0.4798266291618347,-0.04359080642461777,0.47083908319473267,0.4484817683696747,-0.04815763607621193,0.3650428354740143,0.5923827290534973,-0.03594928979873657,0.406504362821579,0.5609103441238403,-0.04504505172371864,0.4369417428970337,0.5366231203079224,-0.04999329894781113,0.46219873428344727,0.5158125758171082,-0.052686382085084915
0.6502595543861389,0.6352437138557434,9.94811983900945e-08,0.6260442733764648,0.5879250764846802,0.015203412622213364,0.5913406014442444,0.5500029921531677,0.018884548917412758,0.5624616742134094,0.5338765382766724,0.018454454839229584,0.5392589569091797,0.5259022116661072,0.016331689432263374,0.5750002861022949,0.5240259766578674,0.006461982615292072,0.5303574800491333,0.4861013889312744,-0.0024402672424912453,0.5009433031082153,0.4546454846858978,-0.008769036270678043,0.4780416786670685,0.4267018139362335,-0.013827384449541569,0.572693943977356,0.5286538004875183,-0.009393375366926193,0.5219975709915161,0.47600317001342773,-0.017890287563204765,0.49324607849121094,0.43543845415115356,-0.023478355258703232,0.4718106985092163,0.39909541606903076,-0.027977775782346725,0.5684354305267334,0.5458256602287292,-0.024587905034422874,0.5184301733970642,0.4936583340167999,-0.0348956473171711,0.490085244178772,0.4596391022205353,-0.041384316980838776,0.4699268937110901,0.42828500270843506,-0.045590098947286606,0.5637187361717224,0.5745747089385986,-0.038139816373586655,0.5227368474006653,0.544406533241272,-0.0504833459854126,0.4975317716598511,0.5222834944725037,-0.05572722107172012,0.4762657880783081,0.5010911822319031,-0.058746084570884705,0.29351097345352173,0.6655228137969971,2.085609338564609e-07,0.3491327464580536,0.6528891921043396,0.009048974141478539,0.38086196780204773,0.5952023863792419,0.012867715209722519,0.39987096190452576,0.5471463799476624,0.012076101265847683,0.41553208231925964,0.5148910880088806,0.010451408103108406,0.36423224210739136,0.5365208387374878,0.00917015504091978,0.4030841588973999,0.48977717757225037,-0.0017873924225568771,0.4356311559677124,0.4566101133823395,-0.011633377522230148,0.46318233013153076,0.4280359745025635,-0.01851355843245983,0.36117544770240784,0.5361053347587585,-0.0034687365405261517,0.40281736850738525,0.4826110303401947,-0.014509528875350952,0.4349097013473511,0.44337424635887146,-0.02500908263027668,0.45991790294647217,0.41287654638290405,-0.03208903223276138,0.36071768403053284,0.547904908657074,-0.01633951999247074,0.40479227900505066,0.49859631061553955,-0.029010362923145294,0.4398546516895294,0.45898693799972534,-0.03990444540977478,0.46699827909469604,0.42890018224716187,-0.04605710878968239,0.36350762844085693,0.5718759298324585,-0.028434859588742256,0.4043847620487213,0.5408964157104492,-0.03791835159063339,0.4358302652835846,0.5169538855552673,-0.043562524020671844,0.4621695280075073,0.49742579460144043,-0.047105178236961365
0.6476126909255981,0.6313468217849731,1.0813421624789044e-07,0.624538004398346,0.5843769311904907,0.01454706210643053,0.5909237265586853,0.5453540086746216,0.018361913040280342,0.5634242296218872,0.5282841324806213,0.01791408285498619,0.5412904620170593,0.5190322399139404,0.01563611999154091,0.5724812746047974,0.5179226994514465,0.006698773708194494,0.5277267694473267,0.4776509702205658,-0.002366191241890192,0.49946603178977966,0.44404804706573486,-0.009113996289670467,0.47767385840415955,0.4139019846916199,-0.014368166215717793,0.5707131624221802,0.5220640897750854,-0.008927776478230953,0.5197790265083313,0.4686186611652374,-0.017224393784999847,0.4907495677471161,0.426209032535553,-0.02387852594256401,0.4689235985279083,0.3883205056190491,-0.029230404645204544,0.5664666891098022,0.5385326743125916,-0.023944396525621414,0.5166081190109253,0.48707419633865356,-0.03400997444987297,0.4876692295074463,0.4513294994831085,-0.0415232852101326,0.46677058935165405,0.4190081059932709,-0.04645427688956261,0.5610552430152893,0.5666429996490479,-0.037409473210573196,0.5194573998451233,0.5341328382492065,-0.04878273233771324,0.4944300055503845,0.5116214752197266,-0.053631726652383804,0.47342434525489807,0.4908931851387024,-0.05648104473948479,0.291644811630249,0.661673367023468,1.4678282411750843e-07,0.3504035472869873,0.6420550346374512,0.013106152415275574,0.3838534653186798,0.583696722984314,0.018818005919456482,0.4040009379386902,0.5373318791389465,0.018953554332256317,0.4198763072490692,0.5066633224487305,0.018365604802966118,0.3679618835449219,0.5232968330383301,0.016098003834486008,0.4056553244590759,0.4747552275657654,0.006953193340450525,0.4345935583114624,0.4368496537208557,-0.0014980798587203026,0.4580020308494568,0.4044637382030487,-0.007725028321146965,0.36491549015045166,0.5248095989227295,0.0009885926265269518,0.40895405411720276,0.47267353534698486,-0.00959012471139431,0.43861183524131775,0.42869314551353455,-0.019128676503896713,0.46113255620002747,0.39163345098495483,-0.025497492402791977,0.3638041913509369,0.538123607635498,-0.014582931064069271,0.40989622473716736,0.49192026257514954,-0.025308258831501007,0.4404457211494446,0.4504818916320801,-0.03440849855542183,0.46281588077545166,0.4173666834831238,-0.039723966270685196,0.36558234691619873,0.5639646053314209,-0.029504843056201935,0.4067284166812897,0.5370054841041565,-0.036851733922958374,0.43525630235671997,0.5133575797080994,-0.04143489524722099,0.4577407240867615,0.49220186471939087,-0.044729456305503845
0.6426469087600708,0.6255972385406494,9.985338067508565e-08,0.6203044652938843,0.5796554684638977,0.011974042281508446,0.5852563381195068,0.5397417545318604,0.014752275310456753,0.5571948289871216,0.5185126066207886,0.013857817277312279,0.5345197319984436,0.506287157535553,0.011155153624713421,0.5728772878646851,0.5142099857330322,0.004984433762729168,0.5303763747215271,0.4739954471588135,-0.005164686124771833,0.5015000104904175,0.439161479473114,-0.013274659402668476,0.47886329889297485,0.40817344188690186,-0.019745100289583206,0.5700705647468567,0.5175589323043823,-0.009716050699353218,0.5210852026939392,0.46442338824272156,-0.019606586545705795,0.4909733533859253,0.4221290349960327,-0.02790072374045849,0.4679460823535919,0.3831350803375244,-0.03434208407998085,0.5651550889015198,0.5332393050193787,-0.0238946545869112,0.5185099244117737,0.4811103045940399,-0.03557933494448662,0.48970359563827515,0.4454628825187683,-0.044052548706531525,0.46843087673187256,0.41211485862731934,-0.04951638728380203,0.5597851276397705,0.5605365633964539,-0.03669629991054535,0.5213301181793213,0.5291186571121216,-0.04978659003973007,0.4971367120742798,0.506848156452179,-0.05557209998369217,0.4762890338897705,0.4851059317588806,-0.05894889682531357,0.29386335611343384,0.6560183763504028,1.8346443653172173e-07,0.3433881402015686,0.6322644948959351,0.009253855794668198,0.37486618757247925,0.5772804617881775,0.01327075157314539,0.39300698041915894,0.5328452587127686,0.012633508071303368,0.4078284502029419,0.5026823282241821,0.01146281510591507,0.3641720116138458,0.5214462280273438,0.011366713792085648,0.4009506106376648,0.47231999039649963,0.002050728304311633,0.4302062690258026,0.4360746443271637,-0.006222628988325596,0.45392271876335144,0.4057268500328064,-0.012056231498718262,0.36163243651390076,0.5211396217346191,-0.0012388165341690183,0.4043511748313904,0.46733176708221436,-0.011348186992108822,0.4336567521095276,0.425544798374176,-0.02067977748811245,0.4556007385253906,0.3914189040660858,-0.026676246896386147,0.3616327941417694,0.5337159633636475,-0.014277246780693531,0.40584418177604675,0.48589518666267395,-0.02470077946782112,0.43730446696281433,0.44587546586990356,-0.03431738540530205,0.4602546691894531,0.41519004106521606,-0.039784032851457596,0.36466968059539795,0.5587875247001648,-0.026799306273460388,0.4045857787132263,0.532149612903595,-0.034285012632608414,0.433782160282135,0.5091238021850586,-0.03922737389802933,0.4574069082736969,0.4884045720100403,-0.04243156313896179
0.6402928233146667,0.6140151023864746,4.382532381441706e-08,0.6196694374084473,0.5647644996643066,0.023685822263360023,0.5863403677940369,0.530396044254303,0.031805623322725296,0.5583522319793701,0.515539824962616,0.03457333892583847,0.5360497236251831,0.5087527632713318,0.03471118211746216,0.5713362693786621,0.5059078931808472,0.011915583163499832,0.5255082249641418,0.4605003893375397,0.005595143884420395,0.4970579445362091,0.42760011553764343,0.0021564760245382786,0.47611382603645325,0.3967726230621338,-0.0012034174287691712,0.5697078108787537,0.5087468028068542,-0.006942302919924259,0.5166499614715576,0.4527571499347687,-0.014032727107405663,0.485948383808136,0.4131210148334503,-0.018988199532032013,0.46478235721588135,0.3775119185447693,-0.023503128439188004,0.5650720596313477,0.5247147679328918,-0.02431270107626915,0.5125288367271423,0.4681284427642822,-0.034427035599946976,0.48143982887268066,0.4347822964191437,-0.041713327169418335,0.46056413650512695,0.40385520458221436,-0.04679850861430168,0.5588622093200684,0.5516247153282166,-0.03907514736056328,0.5166012048721313,0.518750011920929,-0.053260695189237595,0.49073657393455505,0.49725303053855896,-0.060793280601501465,0.46949994564056396,0.47688326239585876,-0.06562534719705582,0.28789985179901123,0.6559873819351196,1.2208117539103114e-07,0.3480033874511719,0.6362206339836121,0.025583496317267418,0.3794648349285126,0.5846418142318726,0.033877525478601456,0.39957159757614136,0.5437312722206116,0.03421931713819504,0.4126911759376526,0.5120279788970947,0.03267684951424599,0.3621121048927307,0.5215174555778503,0.02094441093504429,0.4069397449493408,0.4713054895401001,0.014249476604163647,0.4361656606197357,0.4355330467224121,0.009085123427212238,0.45973604917526245,0.4023600220680237,0.004857598803937435,0.3595910370349884,0.5215433239936829,-0.0010858209570869803,0.40796995162963867,0.45697295665740967,-0.01155095174908638,0.43460613489151,0.4091269373893738,-0.018099963665008545,0.4522944688796997,0.370451956987381,-0.022196518257260323,0.358002632856369,0.5320940613746643,-0.02237739972770214,0.40876153111457825,0.4737120270729065,-0.032195545732975006,0.43662476539611816,0.4289667010307312,-0.03754877299070358,0.4554730951786041,0.39374637603759766,-0.040720902383327484,0.3591555058956146,0.5552849769592285,-0.04191069304943085,0.40485894680023193,0.5225490927696228,-0.04926330968737602,0.433378666639328,0.4958673119544983,-0.05227102339267731,0.4553981125354767,0.4710525870323181,-0.05465315282344818
0.6444106698036194,0.6143546104431152,4.603221626098275e-08,0.6198936104774475,0.5692749619483948,0.01693057455122471,0.5822992324829102,0.5318024158477783,0.021426867693662643,0.5512188673019409,0.5146377086639404,0.021657906472682953,0.5266525149345398,0.5057653784751892,0.019736962392926216,0.5727017521858215,0.5080744624137878,0.006111031863838434,0.5270724892616272,0.46786338090896606,-0.002331392839550972,0.4972236156463623,0.43822142481803894,-0.007878757081925869,0.47460809350013733,0.4105081558227539,-0.012760310433804989,0.5728018283843994,0.513485848903656,-0.010326355695724487,0.5194714665412903,0.464590847492218,-0.01877540908753872,0.4873754382133484,0.4308761954307556,-0.024498438462615013,0.46461790800094604,0.3975464105606079,-0.02953001856803894,0.5701742172241211,0.5313284993171692,-0.0258676428347826,0.5171563625335693,0.47952473163604736,-0.036960046738386154,0.4853436052799225,0.4483319818973541,-0.043896909803152084,0.46368229389190674,0.41634878516197205,-0.04869981110095978,0.5656135082244873,0.5602177381515503,-0.03951391577720642,0.524669349193573,0.5299103856086731,-0.05381954833865166,0.4979512691497803,0.5069532990455627,-0.061090100556612015,0.4762437045574188,0.48377081751823425,-0.0657319650053978,0.29376423358917236,0.6521027088165283,1.1296895507939553e-07,0.34473827481269836,0.6306607723236084,0.021151553839445114,0.3743571639060974,0.5726413726806641,0.028166083618998528,0.3930370509624481,0.5274412035942078,0.028454557061195374,0.4065164625644684,0.4957975447177887,0.027093179523944855,0.35934996604919434,0.5215292572975159,0.013817447237670422,0.40173837542533875,0.4665895700454712,0.006214256398379803,0.430539071559906,0.42788395285606384,0.0005255911964923143,0.4537728726863861,0.3941875696182251,-0.003995546605437994,0.35904496908187866,0.5225040912628174,-0.005256779957562685,0.4049350619316101,0.4608513414859772,-0.014844830147922039,0.4321002662181854,0.4137152433395386,-0.022448312491178513,0.4505120813846588,0.3755667209625244,-0.02793053351342678,0.3603421747684479,0.5344359874725342,-0.023363476619124413,0.4075479507446289,0.4781510829925537,-0.03228183463215828,0.4362839162349701,0.43275701999664307,-0.0397038608789444,0.45678606629371643,0.39665770530700684,-0.045130617916584015,0.3652844727039337,0.5575683116912842,-0.03987850248813629,0.40683722496032715,0.5222586989402771,-0.047152385115623474,0.4353739619255066,0.4950384497642517,-0.05171117186546326,0.4591749310493469,0.4704445004463196,-0.05565487593412399
0.6419479250907898,0.6175109148025513,4.344363091490777e-08,0.6205919981002808,0.5708072185516357,0.01736324466764927,0.5828647017478943,0.5328348875045776,0.02341851033270359,0.5518263578414917,0.5130910873413086,0.024898862466216087,0.5278620719909668,0.502013087272644,0.024308830499649048,0.5745267868041992,0.5093045234680176,0.011409033089876175,0.5297458171844482,0.4700307846069336,0.004048939794301987,0.4980764389038086,0.437741219997406,-0.0017109514446929097,0.4733882546424866,0.40952497720718384,-0.006863460410386324,0.5721278786659241,0.5130453109741211,-0.004987936466932297,0.5209876298904419,0.4630991220474243,-0.012917965650558472,0.48781174421310425,0.425600528717041,-0.02004392072558403,0.4634515643119812,0.3921973705291748,-0.025883251801133156,0.5667107701301575,0.528491735458374,-0.020676033571362495,0.5158097147941589,0.4761621356010437,-0.03153666481375694,0.48334193229675293,0.4425347149372101,-0.040023792535066605,0.4605397880077362,0.4111342132091522,-0.04562853276729584,0.5596308708190918,0.5557394027709961,-0.03442056104540825,0.5179792046546936,0.5245371460914612,-0.04793468862771988,0.4915757179260254,0.5026803612709045,-0.055026475340127945,0.46993541717529297,0.4817069470882416,-0.05945991352200508,0.29013752937316895,0.6589246392250061,8.893768210782582e-08,0.34507572650909424,0.6366205215454102,0.026246841996908188,0.37609103322029114,0.5792868733406067,0.035117898136377335,0.3965746760368347,0.5354684591293335,0.036179911345243454,0.41134217381477356,0.5039210319519043,0.03507884964346886,0.35946255922317505,0.5266643762588501,0.017600299790501595,0.40336477756500244,0.47295916080474854,0.010144153609871864,0.4324183762073517,0.43400105834007263,0.004860233515501022,0.4559885263442993,0.40020033717155457,0.00038155727088451385,0.359139084815979,0.5282813310623169,-0.004766225814819336,0.40550127625465393,0.4629395604133606,-0.015964685007929802,0.4321208596229553,0.41395607590675354,-0.023479606956243515,0.44913482666015625,0.3756607174873352,-0.028622832149267197,0.3595576584339142,0.5401362776756287,-0.025928281247615814,0.406643807888031,0.47980788350105286,-0.03593818470835686,0.43434813618659973,0.4333125948905945,-0.0421144925057888,0.4531539976596832,0.39708876609802246,-0.046432171016931534,0.36240285634994507,0.563775360584259,-0.04515058174729347,0.40572887659072876,0.5264143347740173,-0.053667500615119934,0.43497252464294434,0.49838995933532715,-0.057985346764326096,0.4581597149372101,0.4733387529850006,-0.06156633049249649
0.6439124345779419,0.6176853179931641,4.963074573538506e-08,0.621412456035614,0.5724717378616333,0.01875934563577175,0.5850614905357361,0.535804271697998,0.024990731850266457,0.5545425415039062,0.519670844078064,0.02666572295129299,0.5306618809700012,0.5119208693504333,0.02630300633609295,0.5732828378677368,0.5099865198135376,0.009831128641963005,0.5274931192398071,0.46910423040390015,0.0026837626937776804,0.49679654836654663,0.4385438561439514,-0.0018999266903847456,0.47308820486068726,0.41072186827659607,-0.006059533916413784,0.5723615288734436,0.514589786529541,-0.006830127909779549,0.5204414129257202,0.4645543396472931,-0.014335357584059238,0.4875633120536804,0.4300816059112549,-0.019539719447493553,0.4633469581604004,0.3978832960128784,-0.023987682536244392,0.5676894187927246,0.530881941318512,-0.022622548043727875,0.5149679183959961,0.47759485244750977,-0.033117059618234634,0.48305028676986694,0.44566628336906433,-0.040207941085100174,0.46090632677078247,0.4157102108001709,-0.04477744549512863,0.5603612661361694,0.5583349466323853,-0.036374326795339584,0.5174039006233215,0.5261210203170776,-0.04995402693748474,0.4901609718799591,0.5033985376358032,-0.05717629939317703,0.4681347906589508,0.48233380913734436,-0.06163417175412178,0.2891170084476471,0.6571736931800842,1.1111967523902422e-07,0.34457504749298096,0.6405810713768005,0.027852950617671013,0.3741856813430786,0.5858380794525146,0.037414416670799255,0.39257073402404785,0.5412373542785645,0.03865430876612663,0.40527909994125366,0.5082793831825256,0.03777835890650749,0.36000174283981323,0.5270570516586304,0.02222653105854988,0.40354305505752563,0.47507283091545105,0.01715456321835518,0.43235504627227783,0.43816930055618286,0.013307034969329834,0.4564593434333801,0.4059651792049408,0.009573565796017647,0.35940754413604736,0.526947021484375,-0.00046663303510285914,0.40534263849258423,0.46388381719589233,-0.009746690280735493,0.4321846067905426,0.41767507791519165,-0.016419095918536186,0.4497866928577423,0.382209837436676,-0.021166477352380753,0.35963279008865356,0.5375666618347168,-0.021992899477481842,0.4069909155368805,0.4799432158470154,-0.030663805082440376,0.4358244240283966,0.4363269805908203,-0.03680979460477829,0.4563722312450409,0.4029293656349182,-0.041339315474033356,0.3625420033931732,0.5605023503303528,-0.0414728969335556,0.40627521276474,0.5260792970657349,-0.04860631749033928,0.4355635941028595,0.4986952841281891,-0.0527779795229435,0.45949703454971313,0.4740615487098694,-0.05656779184937477
0.6440017223358154,0.6200413703918457,7.54445963480066e-08,0.6213997602462769,0.5709435939788818,0.016522079706192017,0.5840402841567993,0.5343343019485474,0.02112489379942417,0.5532069802284241,0.5194224715232849,0.0212485883384943,0.5282842516899109,0.5124891400337219,0.019231297075748444,0.5756129026412964,0.5099480748176575,0.0073309545405209064,0.5289503931999207,0.4705714285373688,-0.002264890819787979,0.49727123975753784,0.43838828802108765,-0.009004808962345123,0.47242167592048645,0.409144788980484,-0.014514044858515263,0.5739862322807312,0.5155417919158936,-0.00917872879654169,0.5231368541717529,0.46543505787849426,-0.019291352480649948,0.489652156829834,0.42859262228012085,-0.026845542713999748,0.46419376134872437,0.3944949507713318,-0.032719194889068604,0.5683438777923584,0.5321014523506165,-0.02501695416867733,0.516710638999939,0.47923099994659424,-0.037714604288339615,0.4841049611568451,0.4444461166858673,-0.046683210879564285,0.46100205183029175,0.4131133556365967,-0.052090082317590714,0.5596799850463867,0.5596259832382202,-0.038930024951696396,0.5176223516464233,0.5242560505867004,-0.05333727225661278,0.489906370639801,0.5001172423362732,-0.060816191136837006,0.46743419766426086,0.47879406809806824,-0.06527173519134521,0.2882458567619324,0.6540473699569702,1.071339923441883e-07,0.34252434968948364,0.6301719546318054,0.02664651907980442,0.3722676932811737,0.5760203003883362,0.03523729741573334,0.39110761880874634,0.5313594937324524,0.0359814427793026,0.4023897051811218,0.4980660080909729,0.03509886562824249,0.3577035069465637,0.5217954516410828,0.020737651735544205,0.40159741044044495,0.46834397315979004,0.01571487821638584,0.4305628538131714,0.4316258728504181,0.012200787663459778,0.45409488677978516,0.3996752202510834,0.009058154188096523,0.35725176334381104,0.5218470692634583,-0.0007286646869033575,0.40541714429855347,0.4611244201660156,-0.009533997625112534,0.4336143732070923,0.416212260723114,-0.015232562087476254,0.452265202999115,0.3793628513813019,-0.019043635576963425,0.3587633967399597,0.5329048037528992,-0.021004997193813324,0.4078691303730011,0.47888070344924927,-0.027986010536551476,0.43701010942459106,0.4363631010055542,-0.03275622799992561,0.4569385051727295,0.4024467468261719,-0.036341890692710876,0.3636486232280731,0.556522011756897,-0.03946199268102646,0.4067598283290863,0.5234934091567993,-0.04446355625987053,0.4354633688926697,0.4973811209201813,-0.047239623963832855,0.4586019814014435,0.47330260276794434,-0.04995281994342804
0.6381360292434692,0.619312047958374,2.8439965049642524e-08,0.6176682114601135,0.5695844888687134,0.02230905182659626,0.5842850804328918,0.5330650210380554,0.030183682218194008,0.5563647747039795,0.5163139700889587,0.03260888159275055,0.5340855717658997,0.5072000622749329,0.032548125833272934,0.5701595544815063,0.5075451731681824,0.012830466963350773,0.5240387916564941,0.4626183807849884,0.005662398878484964,0.4957561492919922,0.4284718334674835,0.0012633661972358823,0.47510918974876404,0.3971045911312103,-0.002642539096996188,0.5688050985336304,0.5106573104858398,-0.0058157071471214294,0.5152173638343811,0.45430758595466614,-0.013517544604837894,0.4844907224178314,0.413735032081604,-0.01888192817568779,0.4631955027580261,0.3764818608760834,-0.023506715893745422,0.5633270740509033,0.5256180167198181,-0.02338184416294098,0.5117342472076416,0.46902310848236084,-0.0341976098716259,0.4826943278312683,0.4363822340965271,-0.04122188687324524,0.4630458950996399,0.4056517779827118,-0.04576975479722023,0.555453896522522,0.5517046451568604,-0.03860955685377121,0.5136113166809082,0.5159283876419067,-0.05252581834793091,0.4886791706085205,0.49302053451538086,-0.05926401540637016,0.46856188774108887,0.4714216887950897,-0.06344014406204224,0.2904835343360901,0.6503269076347351,1.640677567138482e-07,0.3405211567878723,0.6224469542503357,0.015810146927833557,0.3703071177005768,0.5654850006103516,0.020407063886523247,0.38976427912712097,0.5212065577507019,0.019353527575731277,0.4034375846385956,0.48965731263160706,0.017031803727149963,0.3584756553173065,0.5198149681091309,0.010628731921315193,0.401136189699173,0.47004589438438416,0.0007354742847383022,0.4311913847923279,0.43473803997039795,-0.0069323075003921986,0.4561149775981903,0.4042595624923706,-0.012421388179063797,0.35814303159713745,0.5207869410514832,-0.005637990776449442,0.4048183560371399,0.4641810655593872,-0.017657091841101646,0.4343982934951782,0.42017120122909546,-0.026816004887223244,0.4549257159233093,0.38343554735183716,-0.032716404646635056,0.3591582775115967,0.5323470234870911,-0.02139398269355297,0.4055487811565399,0.47923094034194946,-0.031405627727508545,0.436006635427475,0.43608832359313965,-0.03906342759728432,0.45739346742630005,0.4019528329372406,-0.04376068338751793,0.36197078227996826,0.5548543334007263,-0.03612600266933441,0.4022781550884247,0.5225934982299805,-0.04357441887259483,0.4314444363117218,0.4963546395301819,-0.04805339500308037,0.45483216643333435,0.47294390201568604,-0.05124147981405258
0.6393150091171265,0.6180959343910217,7.672604596109522e-08,0.6154442429542542,0.5717450380325317,0.017481045797467232,0.5801469087600708,0.5323229432106018,0.022763073444366455,0.550807535648346,0.5134006142616272,0.023410499095916748,0.527039647102356,0.5019762516021729,0.02194681577384472,0.5694440603256226,0.5049963593482971,0.008257895708084106,0.5226595997810364,0.4611363410949707,-0.000544062175322324,0.49270835518836975,0.42686140537261963,-0.006520118564367294,0.4698737859725952,0.3952518701553345,-0.011538048274815083,0.5680509209632874,0.5093322992324829,-0.008548353798687458,0.5152456760406494,0.4532846510410309,-0.017075879499316216,0.4842517375946045,0.4139446020126343,-0.02346723899245262,0.46216318011283875,0.3772016763687134,-0.02879880741238594,0.5629512667655945,0.5258930325508118,-0.024574341252446175,0.5102280378341675,0.46853935718536377,-0.0365772545337677,0.47962686419487,0.4356001019477844,-0.04460804536938667,0.4586643576622009,0.40422195196151733,-0.04963672533631325,0.5549735426902771,0.5536284446716309,-0.03862252086400986,0.5141660571098328,0.5184604525566101,-0.05291721224784851,0.4882846474647522,0.49560385942459106,-0.059939611703157425,0.46738046407699585,0.4742850065231323,-0.06421647220849991,0.2903853952884674,0.6491752862930298,1.5460283009360865e-07,0.34541356563568115,0.6293349862098694,0.019183097407221794,0.3756891191005707,0.5740147829055786,0.026009533554315567,0.3940679728984833,0.5304402112960815,0.026307273656129837,0.4060090184211731,0.4985384941101074,0.02484007179737091,0.3607093393802643,0.5189584493637085,0.015291925519704819,0.4041460454463959,0.46645215153694153,0.006411331240087748,0.4344840347766876,0.42946577072143555,-0.0008171087829396129,0.4587583839893341,0.39697903394699097,-0.006222466006875038,0.35877370834350586,0.5183938145637512,-0.0030495766550302505,0.40619564056396484,0.4560586214065552,-0.014253185130655766,0.43365558981895447,0.41024085879325867,-0.023080013692378998,0.452401340007782,0.3738686144351959,-0.028628379106521606,0.35843080282211304,0.528983473777771,-0.020855437964200974,0.40617406368255615,0.4702180027961731,-0.031762488186359406,0.4353787302970886,0.42563068866729736,-0.039428792893886566,0.4558749794960022,0.3912791609764099,-0.043756186962127686,0.3606027662754059,0.5518715381622314,-0.03723130375146866,0.4036208987236023,0.518362820148468,-0.04557345062494278,0.43228140473365784,0.4919595718383789,-0.04935387521982193,0.4553077220916748,0.46790555119514465,-0.05186213180422783
0.6371026039123535,0.6178312301635742,8.857244182536306e-08,0.6167055368423462,0.5689658522605896,0.01881800964474678,0.5805765390396118,0.5298367738723755,0.024227121844887733,0.5506665110588074,0.5117419958114624,0.024998994544148445,0.5264543890953064,0.5023735761642456,0.023495009168982506,0.5683099627494812,0.5065897107124329,0.006882611662149429,0.5228036046028137,0.46164536476135254,-0.0020487108267843723,0.49314814805984497,0.4268072545528412,-0.00785878300666809,0.4706335663795471,0.3949466943740845,-0.012967601418495178,0.5666695237159729,0.5110457539558411,-0.010832908563315868,0.5145541429519653,0.4554663598537445,-0.020540723577141762,0.4829973876476288,0.4148818850517273,-0.027875689789652824,0.4603687524795532,0.3779182732105255,-0.033987611532211304,0.5628034472465515,0.5281671285629272,-0.027307255193591118,0.5098558664321899,0.470647931098938,-0.04002155736088753,0.47826340794563293,0.43656784296035767,-0.04838237538933754,0.4568466544151306,0.4045869708061218,-0.053822197020053864,0.5570275783538818,0.5563591718673706,-0.0415785014629364,0.5166604518890381,0.5225726366043091,-0.05749637633562088,0.49059250950813293,0.49876728653907776,-0.06570560485124588,0.4689387083053589,0.47608914971351624,-0.07083168625831604,0.28872424364089966,0.6530719995498657,1.2086107403774804e-07,0.3453311026096344,0.6353854537010193,0.0250745490193367,0.3746625781059265,0.5828563570976257,0.03437653183937073,0.39310604333877563,0.542034924030304,0.03582710772752762,0.4062211215496063,0.5121375322341919,0.03552830591797829,0.35897019505500793,0.5226166248321533,0.022095149382948875,0.4014706313610077,0.46971431374549866,0.016220999881625175,0.43128886818885803,0.43272125720977783,0.011049369350075722,0.4554263949394226,0.4000098705291748,0.006688048597425222,0.35806652903556824,0.5203888416290283,0.001049209968186915,0.40524545311927795,0.4581078588962555,-0.008357785642147064,0.4336777329444885,0.4130224585533142,-0.015465693548321724,0.45275288820266724,0.37672144174575806,-0.01991502195596695,0.35888034105300903,0.5292214155197144,-0.0191736351698637,0.4063294231891632,0.47100579738616943,-0.02785663679242134,0.4350830912590027,0.4283665418624878,-0.03423226997256279,0.45471370220184326,0.39508599042892456,-0.03815190866589546,0.3630692958831787,0.5512247681617737,-0.0376705601811409,0.4057523310184479,0.5184563994407654,-0.04435810074210167,0.43321311473846436,0.4925292432308197,-0.047520961612463,0.4546901285648346,0.4692286550998688,-0.04989713802933693
0.6385683417320251,0.630038857460022,8.128280626351625e-08,0.6200623512268066,0.5827975273132324,0.014226558618247509,0.5876261591911316,0.5448371767997742,0.018290020525455475,0.5599979162216187,0.5284342169761658,0.018261397257447243,0.5369597673416138,0.5196324586868286,0.01626606471836567,0.5728529691696167,0.5166313052177429,0.007242634426802397,0.5277775526046753,0.47628241777420044,-0.0019070878624916077,0.4998045861721039,0.4422708749771118,-0.008711729198694229,0.47841107845306396,0.41166943311691284,-0.014041616581380367,0.5694245100021362,0.5206416845321655,-0.007953112944960594,0.5192288160324097,0.46774202585220337,-0.016880733892321587,0.4891074001789093,0.4259958863258362,-0.024213118478655815,0.4664621353149414,0.388593852519989,-0.02992335706949234,0.56260746717453,0.5355093479156494,-0.022649327293038368,0.5142544507980347,0.48182693123817444,-0.03425103798508644,0.48575955629348755,0.44653695821762085,-0.042869407683610916,0.4652346670627594,0.41490980982780457,-0.04806548357009888,0.5542290210723877,0.5610125064849854,-0.0356881245970726,0.5137530565261841,0.5256190299987793,-0.04874352365732193,0.4894157648086548,0.5032104849815369,-0.05472513288259506,0.4693956971168518,0.48301956057548523,-0.05805980786681175,0.2949063777923584,0.6572680473327637,1.5567000843930145e-07,0.34852829575538635,0.6381601095199585,0.018245408311486244,0.37747398018836975,0.5822684168815613,0.02495473064482212,0.39472058415412903,0.5390301942825317,0.02534220926463604,0.40815815329551697,0.509422779083252,0.02459307387471199,0.3623373508453369,0.5254259705543518,0.01768174022436142,0.40275058150291443,0.4780046343803406,0.011363426223397255,0.4317702651023865,0.4437548816204071,0.005308705847710371,0.45597702264785767,0.41388851404190063,0.00043231339077465236,0.360893189907074,0.5252626538276672,0.000736688612960279,0.4059317111968994,0.47116559743881226,-0.006996821146458387,0.43434667587280273,0.42873668670654297,-0.014410975389182568,0.45449239015579224,0.39403036236763,-0.019742658361792564,0.3616566061973572,0.5369916558265686,-0.015871748328208923,0.40787023305892944,0.48685479164123535,-0.02350759506225586,0.4375014901161194,0.4454598128795624,-0.031190689653158188,0.4587382674217224,0.4124516546726227,-0.03652843087911606,0.36612075567245483,0.5611730217933655,-0.03132076561450958,0.4066900312900543,0.5318229794502258,-0.03707149252295494,0.43479618430137634,0.5069881677627563,-0.041268788278102875,0.45780929923057556,0.484031617641449,-0.04481076821684837
0.6409032344818115,0.6336051821708679,8.419608832355152e-08,0.6207568645477295,0.588059663772583,0.013079057447612286,0.5890737771987915,0.5488883256912231,0.016547393053770065,0.5627362728118896,0.5310559868812561,0.016006404533982277,0.5409826040267944,0.5208218693733215,0.013554567471146584,0.5714121460914612,0.5182427763938904,0.0061947074718773365,0.5260699987411499,0.47749054431915283,-0.003284379607066512,0.4979526698589325,0.44284069538116455,-0.010585385374724865,0.47688284516334534,0.411811500787735,-0.016250504180788994,0.5690135359764099,0.5222921967506409,-0.008621513843536377,0.5186123251914978,0.4702698886394501,-0.016855115070939064,0.4883910119533539,0.42883822321891785,-0.023789752274751663,0.4662328362464905,0.391140341758728,-0.029469510540366173,0.5635220408439636,0.5376921892166138,-0.023065494373440742,0.5146222710609436,0.4847591817378998,-0.03363823890686035,0.4856208562850952,0.44973763823509216,-0.04150443524122238,0.4653523862361908,0.41809460520744324,-0.04652964696288109,0.5560994744300842,0.5640844106674194,-0.03613075986504555,0.5154018402099609,0.530443549156189,-0.04816382750868797,0.49056610465049744,0.5076737999916077,-0.05352289602160454,0.47059422731399536,0.48700597882270813,-0.05658402666449547,0.297171413898468,0.664607048034668,1.603433048558145e-07,0.3483821749687195,0.6450818777084351,0.010695739649236202,0.378153532743454,0.5857880115509033,0.014602950774133205,0.39480242133140564,0.539014458656311,0.013513115234673023,0.41109949350357056,0.5085457563400269,0.01173646841198206,0.3667222857475281,0.5310336351394653,0.009780295193195343,0.40485575795173645,0.48064619302749634,2.6973815693054348e-05,0.4339967966079712,0.442560613155365,-0.008066904731094837,0.4576680064201355,0.4096924662590027,-0.014124375768005848,0.36357951164245605,0.5303723216056824,-0.004516550339758396,0.4068877100944519,0.4708539545536041,-0.015668010339140892,0.4345409870147705,0.4242424964904785,-0.024879103526473045,0.4551374912261963,0.38587743043899536,-0.031059354543685913,0.36300215125083923,0.5420900583267212,-0.019096530973911285,0.40878456830978394,0.489693820476532,-0.03010033257305622,0.43850040435791016,0.44750797748565674,-0.03893857076764107,0.4601413607597351,0.4143093526363373,-0.04430866986513138,0.36606359481811523,0.566017210483551,-0.0331394337117672,0.4055020809173584,0.5363461375236511,-0.04160601273179054,0.4337756335735321,0.5109596252441406,-0.04713340848684311,0.4571327865123749,0.4877224564552307,-0.05109546333551407
0.6418244242668152,0.6355462074279785,5.681111758804036e-08,0.6208422780036926,0.5892460942268372,0.014894380234181881,0.5906665921211243,0.5496402382850647,0.019570548087358475,0.5656846761703491,0.5315477252006531,0.02036924846470356,0.5448230504989624,0.5210476517677307,0.019017448648810387,0.5685994029045105,0.5176830291748047,0.004954575560986996,0.5229291319847107,0.4751609265804291,-0.0043492610566318035,0.4964956045150757,0.44076719880104065,-0.010417547076940536,0.4776774048805237,0.4103471636772156,-0.015048322267830372,0.5670320987701416,0.5235728025436401,-0.010252512991428375,0.5152533054351807,0.4697607159614563,-0.01882518082857132,0.4868457615375519,0.42887550592422485,-0.024859167635440826,0.466907799243927,0.3916158080101013,-0.029834937304258347,0.5632590651512146,0.5420360565185547,-0.024767694994807243,0.5139879584312439,0.4887586534023285,-0.03600801154971123,0.4857860803604126,0.4541574716567993,-0.04383263736963272,0.46661150455474854,0.4222811460494995,-0.04889342933893204,0.558116614818573,0.5710705518722534,-0.037549834698438644,0.5182551145553589,0.5373519659042358,-0.05177389085292816,0.4934949576854706,0.5137490034103394,-0.05878520384430885,0.47324034571647644,0.49173057079315186,-0.06290093064308167,0.3008626103401184,0.6612229347229004,1.8050160122129455e-07,0.34561073780059814,0.6345358490943909,0.008689118549227715,0.3755790889263153,0.5787123441696167,0.011670973151922226,0.39509037137031555,0.5347090363502502,0.010403839871287346,0.4100848436355591,0.5052958130836487,0.008799088187515736,0.3636029362678528,0.5304652452468872,0.007281530182808638,0.4029008746147156,0.48311060667037964,-0.002966964617371559,0.4322705864906311,0.44844794273376465,-0.010801656171679497,0.45569097995758057,0.41915443539619446,-0.016139894723892212,0.3615282475948334,0.532135009765625,-0.004996998235583305,0.4071669578552246,0.4785037636756897,-0.016218135133385658,0.4366421103477478,0.43703800439834595,-0.024956466630101204,0.4580659866333008,0.40181660652160645,-0.030170883983373642,0.3629488945007324,0.5467374324798584,-0.01754259318113327,0.40744179487228394,0.495623916387558,-0.028096461668610573,0.4378122091293335,0.4555491805076599,-0.036783769726753235,0.46000412106513977,0.42408862709999084,-0.04156928509473801,0.36770161986351013,0.5720694661140442,-0.029634930193424225,0.4055679440498352,0.5427378416061401,-0.037319913506507874,0.4336149990558624,0.5187429785728455,-0.04270283505320549,0.45724746584892273,0.49764886498451233,-0.04622844234108925
0.6396304368972778,0.659087061882019,3.666984582650912e-08,0.6251822710037231,0.6165918707847595,0.010958313941955566,0.5990135669708252,0.576802134513855,0.014409287832677364,0.5785980224609375,0.5543522834777832,0.014936612918972969,0.5706462860107422,0.5322586894035339,0.0143555523827672,0.5755947828292847,0.5491345524787903,0.004166599828749895,0.5343055129051208,0.5101184248924255,-0.005065380595624447,0.5101792812347412,0.4773544371128082,-0.011689715087413788,0.49237164855003357,0.44918206334114075,-0.016535652801394463,0.5694330930709839,0.5544540882110596,-0.008134911768138409,0.5242797136306763,0.5032443404197693,-0.016527730971574783,0.4980722963809967,0.4634801745414734,-0.022351710125803947,0.4784999191761017,0.4278791546821594,-0.026741575449705124,0.5622960925102234,0.5690179467201233,-0.020061638206243515,0.5202503204345703,0.5198754072189331,-0.029373016208410263,0.4944254159927368,0.4836866855621338,-0.03586224094033241,0.47620436549186707,0.4519166946411133,-0.03995870053768158,0.5556820034980774,0.5934619307518005,-0.030763085931539536,0.5197756886482239,0.5636297464370728,-0.041870322078466415,0.49710407853126526,0.5401826500892639,-0.04699946939945221,0.4788222908973694,0.5196856260299683,-0.049740374088287354,0.351235568523407,0.588282585144043,1.3338622650849175e-08,0.378413587808609,0.5446670055389404,0.007161625660955906,0.40929684042930603,0.5177286267280579,0.007490241434425116,0.43516042828559875,0.5018430948257446,0.004885842092335224,0.4522862136363983,0.4889431297779083,0.0015638733748346567,0.4111233353614807,0.49629634618759155,-0.0008952165371738374,0.4376410245895386,0.460374116897583,-0.011294126510620117,0.4542442262172699,0.43055781722068787,-0.018541481345891953,0.4661578834056854,0.4053717255592346,-0.023300377652049065,0.4117174446582794,0.5049985647201538,-0.01200100313872099,0.4379502534866333,0.46304330229759216,-0.024108881130814552,0.45534050464630127,0.42842739820480347,-0.0324038527905941,0.46960291266441345,0.39711788296699524,-0.03770427778363228,0.4122872054576874,0.5256885886192322,-0.02275976724922657,0.43997570872306824,0.48855286836624146,-0.034949637949466705,0.4547833502292633,0.4589587450027466,-0.04178418219089508,0.46674850583076477,0.432099312543869,-0.0456966906785965,0.4140606224536896,0.5558140277862549,-0.03287462890148163,0.4411158859729767,0.5397652983665466,-0.04231249541044235,0.45700955390930176,0.5263197422027588,-0.04611128196120262,0.47079139947891235,0.5123898983001709,-0.04842638224363327
0.6397804617881775,0.6770069599151611,3.9076752500477596e-08,0.6242367625236511,0.63322514295578,0.0126691535115242,0.5974667072296143,0.5933982133865356,0.016422728076577187,0.5768474340438843,0.5699021220207214,0.016865238547325134,0.5702337622642517,0.5475324988365173,0.01616566814482212,0.5745925903320312,0.56546950340271,0.004989532753825188,0.5321061611175537,0.5254484415054321,-0.004460395313799381,0.5063237547874451,0.49119600653648376,-0.010702630504965782,0.4879119396209717,0.46200963854789734,-0.015341253951191902,0.5684850215911865,0.5700464844703674,-0.008589225821197033,0.5218517780303955,0.5159189701080322,-0.01780984178185463,0.49548494815826416,0.4743133783340454,-0.023258013650774956,0.47661784291267395,0.43727734684944153,-0.027147499844431877,0.5618987679481506,0.5853058099746704,-0.021649591624736786,0.5186480283737183,0.5360094308853149,-0.03178665041923523,0.4927758276462555,0.5001295208930969,-0.037906013429164886,0.47501125931739807,0.4686037003993988,-0.041571278125047684,0.5560353398323059,0.611577570438385,-0.03333944082260132,0.5195626020431519,0.5829328894615173,-0.04500652477145195,0.4967632591724396,0.5603606104850769,-0.050076138228178024,0.4782482981681824,0.5403847694396973,-0.05273747071623802,0.35061320662498474,0.6085262894630432,2.7923595879997265e-08,0.3771010935306549,0.5650662183761597,0.005415696185082197,0.407958060503006,0.5372477173805237,0.005480027757585049,0.433159202337265,0.5228645205497742,0.002754228189587593,0.4496689736843109,0.5110181570053101,-0.0007334783440455794,0.4187714457511902,0.5165725946426392,-0.0005260879406705499,0.4432382583618164,0.48042556643486023,-0.01153453066945076,0.45660558342933655,0.45089274644851685,-0.020213596522808075,0.4663298726081848,0.4243031144142151,-0.025946542620658875,0.4193505644798279,0.5263221859931946,-0.011257502250373363,0.4435408413410187,0.48601698875427246,-0.023190287873148918,0.4578525424003601,0.4526744484901428,-0.03261101245880127,0.4693855047225952,0.42206960916519165,-0.038634251803159714,0.41847819089889526,0.546622633934021,-0.02192373387515545,0.4426940381526947,0.5090903639793396,-0.03423105552792549,0.4563893675804138,0.4781897962093353,-0.041949350386857986,0.46740174293518066,0.45012515783309937,-0.0464961901307106,0.4172644019126892,0.5752483010292053,-0.03210238739848137,0.44127142429351807,0.5590384006500244,-0.04095849022269249,0.4559652507305145,0.5458300113677979,-0.044138308614492416,0.4686264991760254,0.5333142876625061,-0.04605936259031296
0.641501247882843,0.68641197681427,8.781109173128243e-09,0.6255782246589661,0.6413750648498535,0.012200862169265747,0.5974657535552979,0.6002576351165771,0.016854990273714066,0.5748293995857239,0.5753888487815857,0.01874259114265442,0.5682821273803711,0.5522486567497253,0.019603880122303963,0.5743752121925354,0.5729205012321472,0.00368860037997365,0.5312308669090271,0.5313442349433899,-0.005291670095175505,0.5064330101013184,0.49714580178260803,-0.010819136165082455,0.4887048602104187,0.46871665120124817,-0.014708469621837139,0.5694701671600342,0.5789936780929565,-0.008256136439740658,0.522313117980957,0.5262274146080017,-0.0160596314817667,0.4964076578617096,0.4852445423603058,-0.020199676975607872,0.47826480865478516,0.4489196538925171,-0.0233798548579216,0.5632790923118591,0.5946609377861023,-0.01970159076154232,0.520241916179657,0.5438522100448608,-0.02857450395822525,0.495586633682251,0.5069530010223389,-0.03460134565830231,0.47945016622543335,0.4748552143573761,-0.038455963134765625,0.5572383403778076,0.6202824115753174,-0.02974580228328705,0.5211668610572815,0.5921263694763184,-0.04154811054468155,0.49847978353500366,0.5687176585197449,-0.04777586832642555,0.48057591915130615,0.5481587052345276,-0.05122670531272888,0.33904096484184265,0.643880307674408,4.1280063811655054e-08,0.35925430059432983,0.5973228812217712,0.007618807256221771,0.38706284761428833,0.5632832050323486,0.007858097553253174,0.41187360882759094,0.5427250862121582,0.004889363888651133,0.42900794744491577,0.5265191197395325,0.0009023011079989374,0.3948470950126648,0.5447565317153931,-0.004116361495107412,0.426846444606781,0.5043914914131165,-0.01581762731075287,0.44541606307029724,0.4723716974258423,-0.02295435033738613,0.45809078216552734,0.4436449706554413,-0.027151772752404213,0.3963889479637146,0.5528604984283447,-0.01626206375658512,0.4307631850242615,0.5068081617355347,-0.029273927211761475,0.4506201446056366,0.46940210461616516,-0.037416040897369385,0.4656839370727539,0.4356767535209656,-0.04197530448436737,0.39783334732055664,0.5718576908111572,-0.027902262285351753,0.43218982219696045,0.5297025442123413,-0.04058486968278885,0.4513151943683624,0.4966166317462921,-0.04802607744932175,0.46567150950431824,0.4679558277130127,-0.051832009106874466,0.4009915292263031,0.5999833345413208,-0.038734614849090576,0.4327404499053955,0.5773159861564636,-0.04822447896003723,0.451986163854599,0.5602178573608398,-0.05216151103377342,0.4679087996482849,0.5443821549415588,-0.05426304042339325
0.6421887874603271,0.6965763568878174,-4.709929779522781e-09,0.6242513060569763,0.6508070230484009,0.0132798096165061,0.5953836441040039,0.6074310541152954,0.018138669431209564,0.5733265280723572,0.581425666809082,0.020149629563093185,0.5663279891014099,0.5579289793968201,0.021245304495096207,0.5739041566848755,0.5775388479232788,0.0026452571619302034,0.530522346496582,0.5333206653594971,-0.007214350625872612,0.5042127370834351,0.49781036376953125,-0.012697174213826656,0.48588839173316956,0.4691333770751953,-0.01655341312289238,0.5681723356246948,0.5841106176376343,-0.010321359150111675,0.5192919969558716,0.5265001058578491,-0.01923639327287674,0.49336034059524536,0.4853808283805847,-0.02316739223897457,0.47574275732040405,0.4498579502105713,-0.026052076369524002,0.5622162818908691,0.6011407971382141,-0.022634653374552727,0.517611563205719,0.5491983294487,-0.03245999664068222,0.49187010526657104,0.5139769315719604,-0.037899699062108994,0.4748445749282837,0.48358556628227234,-0.041357140988111496,0.5572984218597412,0.628272533416748,-0.03342683985829353,0.5204792022705078,0.5992288589477539,-0.046648915857076645,0.4969381093978882,0.5761121511459351,-0.053203850984573364,0.4779965877532959,0.5555058121681213,-0.05682229623198509,0.3277076184749603,0.6737996339797974,8.101836357354841e-08,0.34937453269958496,0.6276980638504028,0.0042830538004636765,0.378634512424469,0.5866492390632629,0.00209876149892807,0.4046233296394348,0.5601415038108826,-0.0029742985498160124,0.42358794808387756,0.5395601987838745,-0.008595229126513004,0.37693604826927185,0.5663750171661377,-0.009770618751645088,0.41747966408729553,0.5230528116226196,-0.02502201870083809,0.4403607249259949,0.49021217226982117,-0.03329021483659744,0.4553639888763428,0.4594225585460663,-0.03749559819698334,0.37629666924476624,0.5745291113853455,-0.02142815850675106,0.4204472005367279,0.5243598222732544,-0.0380595326423645,0.4454014003276825,0.48346006870269775,-0.04677377641201019,0.4628167748451233,0.44558578729629517,-0.05086536332964897,0.37819474935531616,0.5943715572357178,-0.0329059474170208,0.42303359508514404,0.5453980565071106,-0.047687314450740814,0.4474346339702606,0.5097289681434631,-0.054373178631067276,0.4651946425437927,0.47886404395103455,-0.056841347366571426,0.38342413306236267,0.6236997842788696,-0.043976813554763794,0.42210566997528076,0.5967121720314026,-0.054468780755996704,0.4471876621246338,0.5761629939079285,-0.05853886157274246,0.4681958258152008,0.5573166608810425,-0.06027769297361374
0.6471104025840759,0.7265697121620178,-2.1640872205352935e-08,0.6270075440406799,0.6754791736602783,0.018177475780248642,0.5981797575950623,0.6332211494445801,0.024506166577339172,0.5750633478164673,0.6067236661911011,0.027575932443141937,0.5673292279243469,0.5797465443611145,0.029118040576577187,0.5741299986839294,0.6047519445419312,0.0015781414695084095,0.5270403027534485,0.5591511726379395,-0.008822198957204819,0.5006963014602661,0.5245239734649658,-0.01346363965421915,0.48343783617019653,0.4945768713951111,-0.01669737696647644,0.5707123875617981,0.6142846345901489,-0.013419829308986664,0.5182831287384033,0.5559311509132385,-0.024154959246516228,0.4909295439720154,0.5147953629493713,-0.028390120714902878,0.47360759973526,0.4776698052883148,-0.031533557921648026,0.5663678646087646,0.6349308490753174,-0.02702757716178894,0.517115592956543,0.5795251727104187,-0.039512284100055695,0.4895445704460144,0.5421594977378845,-0.046371057629585266,0.4731483459472656,0.5093610286712646,-0.05053049325942993,0.5622819066047668,0.6657560467720032,-0.038228895515203476,0.5218683481216431,0.6341453790664673,-0.05502099543809891,0.4961882531642914,0.6106047630310059,-0.06409740447998047,0.47627854347229004,0.5902431011199951,-0.06922321021556854,0.3185385465621948,0.7377254366874695,9.647663290479613e-08,0.3510439395904541,0.6925638318061829,0.01915862411260605,0.37729766964912415,0.6435929536819458,0.022090580314397812,0.3991926610469818,0.613845944404602,0.01840294525027275,0.4160599708557129,0.5902847051620483,0.012499271892011166,0.37188082933425903,0.6040040850639343,0.0028603856917470694,0.4156428575515747,0.5579596161842346,-0.010214626789093018,0.4414907693862915,0.5239251852035522,-0.01812947914004326,0.45936164259910583,0.49177220463752747,-0.023355206474661827,0.3694809079170227,0.6096044778823853,-0.017847653478384018,0.4192456901073456,0.5565544366836548,-0.033474769443273544,0.4463410973548889,0.5140811204910278,-0.04339812695980072,0.4651155173778534,0.4744526743888855,-0.04912944138050079,0.37074679136276245,0.6307891011238098,-0.037412405014038086,0.42110466957092285,0.5791757106781006,-0.05127324163913727,0.4484591484069824,0.5419052839279175,-0.05939522385597229,0.4691550135612488,0.5092015266418457,-0.06393599510192871,0.3766338527202606,0.664216160774231,-0.05536532774567604,0.41852137446403503,0.6325517296791077,-0.06625746190547943,0.44375404715538025,0.6083173155784607,-0.0710788443684578,0.4659498333930969,0.5864683389663696,-0.07398094236850739
0.6500349044799805,0.7301639914512634,-5.139727221603607e-08,0.6296822428703308,0.6805959343910217,0.017295541241765022,0.5988091826438904,0.6369726061820984,0.023628009483218193,0.5744527578353882,0.6078775525093079,0.026905624195933342,0.5672059059143066,0.5814459919929504,0.02876514382660389,0.5761812329292297,0.6083649396896362,0.0002575282705947757,0.5289583802223206,0.5607612133026123,-0.009914935566484928,0.5024514198303223,0.5260450839996338,-0.014133160933852196,0.48524904251098633,0.4959558844566345,-0.017177606001496315,0.5728035569190979,0.6158692240715027,-0.014074170961976051,0.518197238445282,0.5559828281402588,-0.02384853921830654,0.49120181798934937,0.5153608918190002,-0.02651399001479149,0.47494247555732727,0.4793020486831665,-0.028638282790780067,0.5683763027191162,0.635700523853302,-0.027160657569766045,0.51639723777771,0.5795696973800659,-0.03826355189085007,0.4895516037940979,0.5438854098320007,-0.04395861178636551,0.474149227142334,0.5117243528366089,-0.047687970101833344,0.563782274723053,0.6662536859512329,-0.03807888552546501,0.5225372314453125,0.6374567747116089,-0.054044414311647415,0.49710726737976074,0.6136469841003418,-0.06329501420259476,0.47767987847328186,0.5916399955749512,-0.06884076446294785,0.3199119567871094,0.7420616745948792,1.0431568142621472e-07,0.35441744327545166,0.7016081213951111,0.014240552671253681,0.38126325607299805,0.6481038928031921,0.015525104478001595,0.4015151560306549,0.6118696928024292,0.011334389448165894,0.41656991839408875,0.5826009511947632,0.005261952988803387,0.37319839000701904,0.6068124771118164,-0.0018392741912975907,0.4157627522945404,0.5577435493469238,-0.01664624735713005,0.4411149024963379,0.5223771929740906,-0.025580022484064102,0.45833849906921387,0.4892224073410034,-0.03107518143951893,0.3690962791442871,0.6133897304534912,-0.01984201930463314,0.4193001389503479,0.5594188570976257,-0.03676566109061241,0.4466204345226288,0.5169152617454529,-0.04692696034908295,0.4659710228443146,0.4766290783882141,-0.052488528192043304,0.3692960739135742,0.6346299648284912,-0.03707104176282883,0.4208568036556244,0.5840080976486206,-0.052047181874513626,0.4489413797855377,0.5464456081390381,-0.0601830892264843,0.46982890367507935,0.5134685635566711,-0.06414999812841415,0.37424030900001526,0.6671169996261597,-0.05303880572319031,0.41746091842651367,0.6361454725265503,-0.06415403634309769,0.4438677430152893,0.6120986938476562,-0.06869489699602127,0.46605437994003296,0.5902100205421448,-0.07110514491796494
0.6534771919250488,0.7303022742271423,-7.350460240473922e-09,0.6317530870437622,0.6810683012008667,0.01992986537516117,0.6003481149673462,0.6390296816825867,0.027738580480217934,0.575456976890564,0.6098349094390869,0.03201780095696449,0.5651105642318726,0.5824520587921143,0.03480137139558792,0.574776828289032,0.6085262894630432,0.003654757747426629,0.5281690359115601,0.5601829290390015,-0.00617377320304513,0.5021547079086304,0.5247030854225159,-0.01038435846567154,0.4850992262363434,0.4938836693763733,-0.01328770350664854,0.5726624727249146,0.6174501776695251,-0.011559853330254555,0.518639862537384,0.5583915114402771,-0.021012866869568825,0.49124985933303833,0.5174182653427124,-0.023946961387991905,0.47390976548194885,0.47986099123954773,-0.02634582668542862,0.5690875053405762,0.637908935546875,-0.025458503514528275,0.5161247253417969,0.582529604434967,-0.03666526451706886,0.4889591336250305,0.5473310351371765,-0.042288992553949356,0.4729924201965332,0.5146280527114868,-0.04579649493098259,0.5650742053985596,0.6692589521408081,-0.03696593642234802,0.5230432748794556,0.6385524272918701,-0.052867114543914795,0.49747759103775024,0.6147306561470032,-0.0620017871260643,0.47759342193603516,0.592093288898468,-0.0673857033252716,0.313345730304718,0.7468194961547852,1.1065941407650826e-07,0.3575677275657654,0.7099383473396301,0.020620977506041527,0.3859228789806366,0.6567359566688538,0.02429930306971073,0.40586230158805847,0.621469259262085,0.020926836878061295,0.42087841033935547,0.5942041873931885,0.015611445531249046,0.3727666139602661,0.6094709038734436,0.005321850534528494,0.416748970746994,0.5571860671043396,-0.007669900543987751,0.44173210859298706,0.5202490091323853,-0.01504842471331358,0.4591172933578491,0.48455697298049927,-0.01967150904238224,0.36865246295928955,0.6161940693855286,-0.01640225015580654,0.4209003150463104,0.5578814744949341,-0.03233100473880768,0.44811710715293884,0.5147073268890381,-0.04152381420135498,0.4666503667831421,0.47505658864974976,-0.04623334854841232,0.3682020902633667,0.6376328468322754,-0.03713378682732582,0.42105233669281006,0.5834894776344299,-0.051367051899433136,0.4483340084552765,0.5440620183944702,-0.05899422615766525,0.46855175495147705,0.5093291401863098,-0.06280086189508438,0.3729797601699829,0.671700656414032,-0.05612851679325104,0.41743040084838867,0.6394093036651611,-0.06660986691713333,0.44449958205223083,0.6146581172943115,-0.07096903026103973,0.4675136208534241,0.5907289385795593,-0.07356951385736465
0.6503728628158569,0.7252691388130188,6.25378726581971e-09,0.6300396919250488,0.6749790906906128,0.018104875460267067,0.5992668867111206,0.6331179141998291,0.024407919496297836,0.5752867460250854,0.6060778498649597,0.02769611030817032,0.5670987963676453,0.5789303183555603,0.02963101677596569,0.5771350264549255,0.6086145043373108,4.1623688957770355e-06,0.5308718085289001,0.5632579922676086,-0.01050141453742981,0.5045069456100464,0.5284613370895386,-0.015058910474181175,0.48676079511642456,0.4978387653827667,-0.018419403582811356,0.5731793642044067,0.6167402863502502,-0.01498893927782774,0.520763099193573,0.5574782490730286,-0.026846110820770264,0.4923761188983917,0.514896035194397,-0.03168388083577156,0.47374340891838074,0.47608211636543274,-0.03511561080813408,0.5683521032333374,0.636944591999054,-0.028223514556884766,0.5184043645858765,0.5806785225868225,-0.04123817756772041,0.49024727940559387,0.5438631176948547,-0.047765038907527924,0.4731864333152771,0.5094790458679199,-0.05157022550702095,0.5640153288841248,0.667980432510376,-0.03899461403489113,0.5241618752479553,0.6370649337768555,-0.05659351497888565,0.49891459941864014,0.6130774021148682,-0.0658828541636467,0.4787639081478119,0.5903810262680054,-0.07099121809005737,0.3212035596370697,0.7376591563224792,1.1644441855196419e-07,0.3515660762786865,0.6966710686683655,0.0161884892731905,0.3779034912586212,0.6457492709159851,0.018298685550689697,0.39794835448265076,0.6137198209762573,0.014694834128022194,0.4130420386791229,0.5877634882926941,0.00905786082148552,0.37384283542633057,0.6045601963996887,-0.0015681396471336484,0.4174726903438568,0.5572746992111206,-0.015272018499672413,0.4429522156715393,0.5234691500663757,-0.023166608065366745,0.46045398712158203,0.4913446605205536,-0.02805952914059162,0.3706810176372528,0.6100684404373169,-0.020559988915920258,0.42090198397636414,0.5537559986114502,-0.0365377739071846,0.4478084444999695,0.5109334588050842,-0.04621285945177078,0.4665818214416504,0.47004151344299316,-0.05151011422276497,0.37129274010658264,0.630939245223999,-0.03840190917253494,0.42268693447113037,0.5776506662368774,-0.052965253591537476,0.4497818052768707,0.5392600297927856,-0.06150976940989494,0.4700641632080078,0.5050037503242493,-0.06591054052114487,0.3766911029815674,0.6639633178710938,-0.054691996425390244,0.4193218946456909,0.632574200630188,-0.06612660735845566,0.4447753131389618,0.6088061928749084,-0.071163110435009,0.46631914377212524,0.5871152281761169,-0.07394132763147354
0.6457864046096802,0.7081578373908997,-1.2161148532641164e-08,0.6277545690536499,0.6605445146560669,0.013318908400833607,0.5987109541893005,0.6163999438285828,0.018097776919603348,0.5760453343391418,0.5883359909057617,0.020115334540605545,0.5697228312492371,0.5625208020210266,0.02129698172211647,0.5767126083374023,0.5872930288314819,0.002216797322034836,0.5318421125411987,0.5404587984085083,-0.00783799309283495,0.5058229565620422,0.5035629272460938,-0.013005288317799568,0.4882221817970276,0.47342970967292786,-0.01660151593387127,0.5718024373054504,0.5945146679878235,-0.010687707923352718,0.5214560627937317,0.5343804955482483,-0.019900351762771606,0.4958992004394531,0.49192675948143005,-0.02335687354207039,0.47931423783302307,0.45519042015075684,-0.025881340727210045,0.5659936666488647,0.6121441125869751,-0.022992564365267754,0.520018994808197,0.556948184967041,-0.03311268985271454,0.4951627254486084,0.519530177116394,-0.038373783230781555,0.47982510924339294,0.4871296286582947,-0.04165666922926903,0.5606145262718201,0.639392614364624,-0.03376264125108719,0.5237950086593628,0.607109785079956,-0.04759763926267624,0.5004504919052124,0.5820180177688599,-0.05470364913344383,0.4821375608444214,0.5596826672554016,-0.058659568428993225,0.3167559504508972,0.7207719087600708,7.742423235868046e-08,0.35969769954681396,0.6920555233955383,0.01920681819319725,0.3864687383174896,0.6397085189819336,0.023750945925712585,0.4042024612426758,0.6024599671363831,0.02155941352248192,0.4194142818450928,0.576413631439209,0.017807910218834877,0.37666696310043335,0.5884418487548828,0.00965800415724516,0.41967344284057617,0.5436118841171265,-0.0009805815061554313,0.4459930658340454,0.5103766322135925,-0.008017669431865215,0.4643135368824005,0.4787299335002899,-0.012888032011687756,0.3741269111633301,0.591608464717865,-0.009719869121909142,0.42197874188423157,0.5336467623710632,-0.02339066006243229,0.44838109612464905,0.49149975180625916,-0.03184635192155838,0.4664711058139801,0.45284634828567505,-0.0366910956799984,0.3753586709499359,0.6086146831512451,-0.02841002307832241,0.4242349863052368,0.553309440612793,-0.04059632122516632,0.44990047812461853,0.5151016712188721,-0.047233711928129196,0.4680069386959076,0.4823744297027588,-0.05073399469256401,0.38189828395843506,0.6393031477928162,-0.045680806040763855,0.4229110777378082,0.6079627871513367,-0.05500636622309685,0.44887807965278625,0.5814410448074341,-0.05937981978058815,0.470436155796051,0.555809497833252,-0.06217391788959503
0.6425873041152954,0.6900806427001953,8.209084079169315e-09,0.6275407075881958,0.6426167488098145,0.01501485612243414,0.5992153882980347,0.6019436717033386,0.020860986784100533,0.5777290463447571,0.5774871110916138,0.023341283202171326,0.5693241357803345,0.5540787577629089,0.024901114404201508,0.580446720123291,0.5800086259841919,0.007308242376893759,0.5401495695114136,0.5381004214286804,-0.0013694795779883862,0.5141058564186096,0.5045003294944763,-0.0066922674886882305,0.49558356404304504,0.4765557646751404,-0.010774209164083004,0.5746012926101685,0.5842716693878174,-0.006548921577632427,0.5278305411338806,0.5275970101356506,-0.016352683305740356,0.5011187195777893,0.4851786494255066,-0.02201118879020214,0.4828331768512726,0.4479016065597534,-0.025830745697021484,0.5673694014549255,0.597970724105835,-0.01965828612446785,0.5227093696594238,0.5444912314414978,-0.030667472630739212,0.49652963876724243,0.5069456696510315,-0.03710317984223366,0.4792945683002472,0.47380876541137695,-0.04073847457766533,0.5607260465621948,0.6221360564231873,-0.031009186059236526,0.5253103971481323,0.5896907448768616,-0.04532192274928093,0.5019183158874512,0.5640693306922913,-0.05226472020149231,0.48303210735321045,0.5408495664596558,-0.05587559938430786,0.3650190830230713,0.6078322529792786,-6.105345562446018e-08,0.39152348041534424,0.5641868710517883,0.008683236315846443,0.42227110266685486,0.5387908816337585,0.009939177893102169,0.44719403982162476,0.5259870290756226,0.007801826577633619,0.46449607610702515,0.5140150189399719,0.00501534529030323,0.4263259470462799,0.51920485496521,0.003403917420655489,0.4498942494392395,0.48550447821617126,-0.005687657743692398,0.46185100078582764,0.45910805463790894,-0.013077766634523869,0.47054988145828247,0.4350750148296356,-0.01834394596517086,0.4278867244720459,0.526460587978363,-0.008081896230578423,0.45183488726615906,0.48613405227661133,-0.017894014716148376,0.4659179151058197,0.4560045599937439,-0.026076382026076317,0.4762864112854004,0.4278428256511688,-0.03185615316033363,0.4295320510864258,0.5446836352348328,-0.019360167905688286,0.4514670670032501,0.5056336522102356,-0.029637586325407028,0.46290281414985657,0.4775558114051819,-0.03626986965537071,0.47080525755882263,0.4519821107387543,-0.040762875229120255,0.4317348897457123,0.5712000727653503,-0.030001800507307053,0.4525940716266632,0.5531661510467529,-0.03718595579266548,0.4648096561431885,0.5400939583778381,-0.04005134478211403,0.4745520055294037,0.5272144079208374,-0.042422208935022354
0.6356492042541504,0.6657969951629639,3.240858958974968e-08,0.620274543762207,0.6209795475006104,0.014017407782375813,0.5966313481330872,0.5797598361968994,0.018682030960917473,0.5784251093864441,0.556149959564209,0.019883744418621063,0.5681901574134827,0.5341203212738037,0.019403625279664993,0.5739671587944031,0.5489128232002258,0.004911666736006737,0.5326871871948242,0.5068991780281067,-0.0048167468048632145,0.5080978870391846,0.4709080457687378,-0.01132192648947239,0.49094492197036743,0.4395093321800232,-0.016086535528302193,0.5709961652755737,0.5542154908180237,-0.009356299415230751,0.5254225134849548,0.4989680051803589,-0.019731253385543823,0.49915045499801636,0.45516061782836914,-0.02673513814806938,0.48054423928260803,0.41596531867980957,-0.03176618367433548,0.5656335949897766,0.5697965621948242,-0.022844145074486732,0.5223456621170044,0.5165356397628784,-0.03470803424715996,0.49678099155426025,0.4777785539627075,-0.04195765405893326,0.47962281107902527,0.4435817003250122,-0.046072427183389664,0.558574914932251,0.5954257845878601,-0.03468949347734451,0.522760272026062,0.55892014503479,-0.0485372431576252,0.50105881690979,0.5317702293395996,-0.05486270785331726,0.48369401693344116,0.507574200630188,-0.058113303035497665,0.36694955825805664,0.5891721844673157,-6.147833797598423e-09,0.389111191034317,0.5418273210525513,0.010932481847703457,0.4163239598274231,0.5136805772781372,0.01304168812930584,0.4389762282371521,0.49471282958984375,0.011361079290509224,0.45534226298332214,0.4774550497531891,0.008506138809025288,0.42438045144081116,0.49827948212623596,0.003629090031608939,0.44966158270835876,0.4590309262275696,-0.005289667285978794,0.4638383984565735,0.42607301473617554,-0.01170402392745018,0.47310128808021545,0.3983607292175293,-0.015978917479515076,0.42692843079566956,0.5038877129554749,-0.00905679166316986,0.4508829414844513,0.45529571175575256,-0.019060300663113594,0.4643533527851105,0.4171484708786011,-0.026326894760131836,0.47425177693367004,0.3844880163669586,-0.031188655644655228,0.4286530315876007,0.5198772549629211,-0.021270567551255226,0.45337560772895813,0.4753314256668091,-0.03156822547316551,0.4656582176685333,0.44142234325408936,-0.03788148984313011,0.4742361009120941,0.41210123896598816,-0.04202697053551674,0.4309932291507721,0.5456739068031311,-0.032538704574108124,0.45558127760887146,0.5244443416595459,-0.0404106006026268,0.46886175870895386,0.5072131752967834,-0.043435998260974884,0.47952398657798767,0.48971205949783325,-0.04563532769680023
0.6333476305007935,0.6557198166847229,6.40353903236246e-08,0.6175588369369507,0.6087598204612732,0.01621110737323761,0.5912368893623352,0.5681834816932678,0.022105367854237556,0.5695134401321411,0.549016535282135,0.023622846230864525,0.5519859790802002,0.5355085730552673,0.023012448102235794,0.5745494365692139,0.5413527488708496,0.010083816945552826,0.5349998474121094,0.4997180104255676,0.001980054657906294,0.5094500780105591,0.46427643299102783,-0.004401889629662037,0.4901188910007477,0.4329172670841217,-0.009462655521929264,0.5718963146209717,0.5450334548950195,-0.005306057166308165,0.5275678038597107,0.4910641014575958,-0.013780634850263596,0.5009810924530029,0.44825708866119385,-0.021079424768686295,0.4809951186180115,0.4100645184516907,-0.026588886976242065,0.5658987760543823,0.5586631298065186,-0.01995946653187275,0.5229836106300354,0.504179060459137,-0.030430465936660767,0.497720867395401,0.46552973985671997,-0.038205016404390335,0.4800793528556824,0.43136996030807495,-0.04279206693172455,0.5571767091751099,0.5823068618774414,-0.032891906797885895,0.5221400856971741,0.5435346961021423,-0.04484502971172333,0.5008392333984375,0.5165925025939941,-0.050168558955192566,0.4839085042476654,0.49300503730773926,-0.053005363792181015,0.40269556641578674,0.5608555674552917,-9.983809690083945e-08,0.4210236072540283,0.5246213674545288,0.0062214164063334465,0.4424082338809967,0.4930359721183777,0.00635505048558116,0.4608492851257324,0.4752800166606903,0.003962729591876268,0.4731265902519226,0.4592646658420563,0.0014103553257882595,0.44318655133247375,0.4677146077156067,0.0008876071660779417,0.4609844982624054,0.42458659410476685,-0.00732442457228899,0.4693126976490021,0.3994925618171692,-0.013424968346953392,0.47388970851898193,0.37858903408050537,-0.01729889214038849,0.44404998421669006,0.4746626317501068,-0.008034137077629566,0.4615006148815155,0.4286993145942688,-0.01670321822166443,0.4709097743034363,0.40188002586364746,-0.02296699583530426,0.47723257541656494,0.3792138397693634,-0.027064858004450798,0.44592034816741943,0.4916624128818512,-0.016876716166734695,0.46371743083000183,0.4512752592563629,-0.025524450466036797,0.47091421484947205,0.4246848523616791,-0.030207529664039612,0.475600004196167,0.4018042981624603,-0.03322333097457886,0.44922202825546265,0.5167504549026489,-0.0251906905323267,0.46310365200042725,0.4990787208080292,-0.03123350255191326,0.47171077132225037,0.48593077063560486,-0.03274490684270859,0.4793216288089752,0.4736439883708954,-0.033706746995449066
0.6489368081092834,0.6320605278015137,3.2068115274341835e-08,0.6268129944801331,0.5783780813217163,0.02390780858695507,0.5975788831710815,0.5377285480499268,0.03316636383533478,0.5734182000160217,0.5175216794013977,0.03641684353351593,0.5532170534133911,0.5036015510559082,0.03724142909049988,0.5864062309265137,0.5124873518943787,0.018434148281812668,0.5435148477554321,0.4687376022338867,0.011784004978835583,0.515957236289978,0.4333496391773224,0.006631770171225071,0.4958127737045288,0.4011777937412262,0.0023902212269604206,0.5864495635032654,0.5154223442077637,-0.00041382695781067014,0.5378661751747131,0.45977234840393066,-0.007514295633882284,0.5095773935317993,0.41818612813949585,-0.013541682623326778,0.489716500043869,0.3807380795478821,-0.018326755613088608,0.5807631611824036,0.5279372930526733,-0.018386302515864372,0.5344061851501465,0.4720819890499115,-0.027698025107383728,0.5081203579902649,0.4337422251701355,-0.034874457865953445,0.4908434748649597,0.3996069133281708,-0.039418675005435944,0.5703779458999634,0.5503436923027039,-0.03407822176814079,0.534042477607727,0.5094265341758728,-0.04476745054125786,0.5123893618583679,0.4822719693183899,-0.049971748143434525,0.4958958625793457,0.4583137035369873,-0.053240079432725906,0.32863882184028625,0.6518915891647339,1.6303309280374378e-07,0.3794889748096466,0.6340569257736206,0.015779446810483932,0.4051564633846283,0.5790780186653137,0.021882275119423866,0.4189755916595459,0.5398034453392029,0.021980054676532745,0.4317534565925598,0.5128206014633179,0.020897995680570602,0.3869033455848694,0.5224152207374573,0.014014584943652153,0.4283263087272644,0.4787188768386841,0.00503357732668519,0.4578213691711426,0.4450725317001343,-0.002527513075619936,0.48234063386917114,0.41571325063705444,-0.00799326878041029,0.3853331208229065,0.5202688574790955,-0.002298891544342041,0.4300900101661682,0.4648495614528656,-0.013888243585824966,0.45818325877189636,0.41768908500671387,-0.023297278210520744,0.4782949388027191,0.37888002395629883,-0.028863035142421722,0.38794243335723877,0.5313757061958313,-0.018286606296896935,0.43295609951019287,0.4757751524448395,-0.029186861589550972,0.4624424874782562,0.4325186610221863,-0.036794185638427734,0.4836469292640686,0.39903348684310913,-0.04040766879916191,0.3949909508228302,0.5558030605316162,-0.03334230184555054,0.43503716588020325,0.5151529312133789,-0.041362326592206955,0.46212485432624817,0.48272404074668884,-0.04488372802734375,0.4835854768753052,0.4556279182434082,-0.046527400612831116
0.6495148539543152,0.6327728033065796,5.468358210691804e-08,0.6282435059547424,0.5793411135673523,0.019999582320451736,0.5977025032043457,0.5382016897201538,0.02753412164747715,0.571444571018219,0.5202620625495911,0.0297397468239069,0.5505272150039673,0.5079289674758911,0.029859425500035286,0.5874285697937012,0.5130668878555298,0.015470736660063267,0.5439327955245972,0.4694020450115204,0.008208734914660454,0.5170053243637085,0.43348509073257446,0.0026796553283929825,0.4970029890537262,0.4011858105659485,-0.0017913589254021645,0.586519718170166,0.5167273283004761,-0.001605937723070383,0.5383650064468384,0.46162837743759155,-0.008897261694073677,0.5108352303504944,0.41967061161994934,-0.01497194729745388,0.4909040331840515,0.3816016912460327,-0.01978873461484909,0.5802232623100281,0.5294181704521179,-0.018148919567465782,0.5345715880393982,0.47283434867858887,-0.027842575684189796,0.5087591409683228,0.43432313203811646,-0.03547615930438042,0.4911749064922333,0.39937081933021545,-0.04023696482181549,0.5698792934417725,0.5515413880348206,-0.032760459929704666,0.5347732901573181,0.5115463137626648,-0.04432331398129463,0.5132896304130554,0.483956903219223,-0.05042130500078201,0.49640196561813354,0.4593871831893921,-0.05418857932090759,0.33214622735977173,0.6482086777687073,1.5948155862588465e-07,0.37849438190460205,0.6368998289108276,0.010643698275089264,0.40381115674972534,0.5824834704399109,0.015425503253936768,0.41732490062713623,0.5429398417472839,0.01491054892539978,0.42972332239151,0.5163190960884094,0.013606881722807884,0.38563334941864014,0.5200386643409729,0.010422286577522755,0.4262675642967224,0.4752018451690674,0.0006341630360111594,0.4554305970668793,0.4380856156349182,-0.007715707179158926,0.4785020351409912,0.4062580466270447,-0.013702573254704475,0.38286203145980835,0.5170720219612122,-0.0033501542638987303,0.42781075835227966,0.45983052253723145,-0.015254753641784191,0.4566492438316345,0.4126030206680298,-0.025610897690057755,0.4782005250453949,0.3728192150592804,-0.03185195475816727,0.38658377528190613,0.5283430814743042,-0.017188748344779015,0.4319024384021759,0.4706931710243225,-0.028966281563043594,0.460995614528656,0.42820435762405396,-0.03809094429016113,0.48224133253097534,0.3949340581893921,-0.0425783172249794,0.3965024948120117,0.5534061193466187,-0.03050718829035759,0.4351835250854492,0.5151790976524353,-0.0397358313202858,0.4617255628108978,0.48451241850852966,-0.04481075704097748,0.48348578810691833,0.4584977328777313,-0.047456491738557816
0.6521739959716797,0.6365386247634888,3.431763317962577e-08,0.6313600540161133,0.5854403972625732,0.02276558242738247,0.6012731790542603,0.5429907441139221,0.03150048106908798,0.5751214623451233,0.5221045613288879,0.03449050709605217,0.5530903339385986,0.5085358023643494,0.03496227040886879,0.5877967476844788,0.5126140713691711,0.01589294895529747,0.5433417558670044,0.46648603677749634,0.008819399401545525,0.5160301327705383,0.42908862233161926,0.003764737630262971,0.496364563703537,0.3949565291404724,-0.0006344161229208112,0.5879158973693848,0.5156549215316772,-0.002817301545292139,0.5374370217323303,0.45872509479522705,-0.010817873291671276,0.5092712640762329,0.4152694642543793,-0.017070744186639786,0.48998039960861206,0.37549155950546265,-0.022220486775040627,0.5827258825302124,0.529646635055542,-0.02058178000152111,0.5342037081718445,0.4723842740058899,-0.031770773231983185,0.5082551836967468,0.4345223009586334,-0.03932188078761101,0.4915025234222412,0.3995632231235504,-0.04400128871202469,0.5729352235794067,0.553926408290863,-0.036033958196640015,0.5349693894386292,0.5135258436203003,-0.04935377091169357,0.5128074288368225,0.4861564636230469,-0.055733051151037216,0.49574896693229675,0.4613414704799652,-0.059705041348934174,0.33271723985671997,0.6451291441917419,1.7654963357927045e-07,0.37957075238227844,0.6271659731864929,0.009018104523420334,0.4069521129131317,0.5685518980026245,0.012154306285083294,0.4223533272743225,0.5244494676589966,0.010929832234978676,0.4359741806983948,0.49456652998924255,0.008774983696639538,0.38893014192581177,0.5167164206504822,0.0032790161203593016,0.4310276508331299,0.47067567706108093,-0.00855143740773201,0.4603744149208069,0.43487292528152466,-0.017277423292398453,0.48402586579322815,0.40364888310432434,-0.023264044895768166,0.386374831199646,0.517204225063324,-0.009785767644643784,0.43215295672416687,0.4620872735977173,-0.02328708954155445,0.460757851600647,0.4169883131980896,-0.033314820379018784,0.4809543490409851,0.37936219573020935,-0.039193686097860336,0.38834285736083984,0.5321657657623291,-0.022649534046649933,0.43341976404190063,0.47750401496887207,-0.03542480245232582,0.4637683033943176,0.4359264373779297,-0.043966636061668396,0.48623666167259216,0.4027847647666931,-0.048120271414518356,0.3948844075202942,0.559736967086792,-0.03492062911391258,0.43337902426719666,0.5197194814682007,-0.045112159103155136,0.46152448654174805,0.4881573021411896,-0.05020821839570999,0.484854519367218,0.4617674648761749,-0.05277841538190842
0.651552140712738,0.638967752456665,5.339652275893059e-09,0.6303062438964844,0.5847749710083008,0.024743391200900078,0.5999131202697754,0.5423688888549805,0.03432353585958481,0.5733509659767151,0.52352374792099,0.03777163103222847,0.5507503747940063,0.511525571346283,0.038794420659542084,0.5898514986038208,0.5140081644058228,0.018829572945833206,0.5452927947044373,0.46791860461235046,0.01269043330103159,0.5174440145492554,0.4323529601097107,0.008543405681848526,0.49744370579719543,0.3999011814594269,0.004685116466134787,0.5893840193748474,0.5174936652183533,-0.0010110936127603054,0.5386199951171875,0.458769291639328,-0.00855311006307602,0.5097472667694092,0.4169723689556122,-0.0140925832092762,0.49006539583206177,0.37943506240844727,-0.01859882101416588,0.5831910371780396,0.5313915014266968,-0.020014414563775063,0.5352436304092407,0.4720174968242645,-0.031277842819690704,0.508830189704895,0.43429893255233765,-0.03891071677207947,0.491887629032135,0.3997010588645935,-0.04356302693486214,0.5726855397224426,0.555237889289856,-0.036511749029159546,0.5359288454055786,0.5128466486930847,-0.05043363943696022,0.5134400725364685,0.485887736082077,-0.05734632536768913,0.4960475564002991,0.4621067941188812,-0.06167259439826012,0.33627381920814514,0.6392090916633606,1.6592737495102483e-07,0.3820298910140991,0.6256365180015564,0.010004385374486446,0.40854063630104065,0.5687488913536072,0.014737610705196857,0.4238412380218506,0.5269936323165894,0.014895080588757992,0.4369353652000427,0.49884146451950073,0.014000709168612957,0.3913785219192505,0.5169611573219299,0.007955402135848999,0.4313505291938782,0.47246843576431274,-0.0017540305852890015,0.46052926778793335,0.4393550753593445,-0.009967626072466373,0.4844772219657898,0.41038447618484497,-0.015778571367263794,0.3877343535423279,0.5162574052810669,-0.004910645075142384,0.43094557523727417,0.46686074137687683,-0.016409628093242645,0.45972365140914917,0.4241439700126648,-0.026564238592982292,0.4810548722743988,0.39038974046707153,-0.03289395570755005,0.3892224431037903,0.528481125831604,-0.017658332362771034,0.4339122474193573,0.48015907406806946,-0.02947125770151615,0.46618586778640747,0.44158488512039185,-0.039282605051994324,0.4904922544956207,0.4125824272632599,-0.044500499963760376,0.3955879807472229,0.5533795356750488,-0.029680052772164345,0.43481385707855225,0.5164878964424133,-0.03953962400555611,0.4628239572048187,0.48664212226867676,-0.04506448283791542,0.4860585927963257,0.4625120460987091,-0.048046261072158813
0.6516583561897278,0.6408202648162842,2.5459973684860415e-08,0.6294325590133667,0.5898087620735168,0.01971975341439247,0.5984192490577698,0.5446629524230957,0.026449864730238914,0.5723156929016113,0.5224496126174927,0.027815282344818115,0.5498172044754028,0.5076584815979004,0.027006734162569046,0.5912951827049255,0.5137119293212891,0.01352620217949152,0.5469186305999756,0.46716874837875366,0.0052235862240195274,0.5189018249511719,0.42924147844314575,-0.000836386694572866,0.4987330436706543,0.39569875597953796,-0.005886804312467575,0.5912829041481018,0.5174891948699951,-0.004817194305360317,0.5406332612037659,0.45769962668418884,-0.013937367126345634,0.5112834572792053,0.41414111852645874,-0.020865658298134804,0.4911661744117737,0.3753036856651306,-0.02623916044831276,0.5861799120903015,0.5313382148742676,-0.02258400432765484,0.5371775031089783,0.47116944193840027,-0.03469650447368622,0.5091482996940613,0.432628333568573,-0.04237181693315506,0.49091678857803345,0.3975062072277069,-0.04690263792872429,0.5769047141075134,0.5562400817871094,-0.03837946057319641,0.5399585366249084,0.5130165815353394,-0.05180932581424713,0.5177589654922485,0.4856208562850952,-0.05768214538693428,0.5004625916481018,0.4612388610839844,-0.06118640676140785,0.33519142866134644,0.6525134444236755,1.5777837347741297e-07,0.38013413548469543,0.6342034339904785,0.009270895272493362,0.4053136110305786,0.5773541927337646,0.01172116119414568,0.41921940445899963,0.5343976020812988,0.00930581521242857,0.43328362703323364,0.5060433149337769,0.006315021775662899,0.389506459236145,0.5220910310745239,0.005630097351968288,0.432395339012146,0.47213560342788696,-0.005757108796387911,0.46101200580596924,0.43426957726478577,-0.014203852042555809,0.4829939007759094,0.40092864632606506,-0.019659411162137985,0.3875043988227844,0.5199351906776428,-0.007530740927904844,0.4353146553039551,0.46001073718070984,-0.02044977992773056,0.46351972222328186,0.41197842359542847,-0.02985558472573757,0.4836391806602478,0.37071484327316284,-0.03508700430393219,0.3913941979408264,0.5309964418411255,-0.020744329318404198,0.4399435818195343,0.47350791096687317,-0.032067254185676575,0.46866708993911743,0.43060874938964844,-0.0400397889316082,0.4888794422149658,0.3964177370071411,-0.0437476709485054,0.4009827673435211,0.5551789999008179,-0.03354058042168617,0.4413667321205139,0.5163675546646118,-0.0414140522480011,0.46743786334991455,0.486076295375824,-0.04540185257792473,0.4881848692893982,0.45979997515678406,-0.047298040241003036
0.6553061604499817,0.6413609981536865,1.3757087025112469e-08,0.6302445530891418,0.594752311706543,0.020375004038214684,0.6012440323829651,0.5515236258506775,0.02769889123737812,0.5770041346549988,0.5295122861862183,0.029622582718729973,0.5555279850959778,0.5142123699188232,0.029337048530578613,0.5923371315002441,0.5157577395439148,0.015462146140635014,0.5486630797386169,0.4711708426475525,0.008113153278827667,0.5207078456878662,0.43538737297058105,0.002341808984056115,0.5003689527511597,0.40336015820503235,-0.002462353091686964,0.5930362343788147,0.5182507634162903,-0.0024664211086928844,0.5434684753417969,0.46137943863868713,-0.010111486539244652,0.5142906308174133,0.41991111636161804,-0.016450347378849983,0.49418139457702637,0.38239896297454834,-0.02159491926431656,0.587862491607666,0.5309042930603027,-0.019834822043776512,0.5402219295501709,0.4730546176433563,-0.030547089874744415,0.512629508972168,0.4356434941291809,-0.03802120313048363,0.49450865387916565,0.4014362096786499,-0.04270799830555916,0.5778541564941406,0.5539653301239014,-0.035226013511419296,0.5408921241760254,0.5133580565452576,-0.04736226052045822,0.5188047885894775,0.4869576096534729,-0.05288347229361534,0.5016214847564697,0.4634173810482025,-0.05633864551782608,0.3411555886268616,0.6461650133132935,1.392828892221587e-07,0.38473254442214966,0.6237182021141052,0.008685331791639328,0.41037335991859436,0.5656680464744568,0.010727470740675926,0.4253368079662323,0.5215848088264465,0.007925205864012241,0.43869733810424805,0.4923495054244995,0.004418820608407259,0.394879013299942,0.5191011428833008,0.004741915967315435,0.43667590618133545,0.47063058614730835,-0.00809559877961874,0.46514105796813965,0.43339693546295166,-0.017356259748339653,0.48636341094970703,0.40150129795074463,-0.023196060210466385,0.3925563097000122,0.5188940763473511,-0.00830380991101265,0.43869173526763916,0.45895910263061523,-0.02297256514430046,0.46684587001800537,0.41186684370040894,-0.033324576914310455,0.4874289333820343,0.37268930673599243,-0.03917961195111275,0.3963228464126587,0.5298895239830017,-0.021599553525447845,0.4429755210876465,0.47033941745758057,-0.035227131098508835,0.47032105922698975,0.42644259333610535,-0.04422786086797714,0.4894252419471741,0.39284253120422363,-0.04825396463274956,0.4056241512298584,0.5531765222549438,-0.03440110757946968,0.44564902782440186,0.5156850218772888,-0.04420437291264534,0.4717288911342621,0.48548024892807007,-0.04950375109910965,0.49213191866874695,0.45930832624435425,-0.052252672612667084
0.662641704082489,0.6459478139877319,1.3654712915922573e-09,0.6403000950813293,0.5981694459915161,0.019727518782019615,0.6101919412612915,0.5544469952583313,0.026641279458999634,0.5861623883247375,0.531980037689209,0.028395090252161026,0.56544429063797,0.5162996649742126,0.027993477880954742,0.6012704372406006,0.5179950594902039,0.01223562192171812,0.556553304195404,0.46786946058273315,0.0037837412673979998,0.5284315347671509,0.4277017116546631,-0.0021153981797397137,0.5088281035423279,0.3935926556587219,-0.006768614985048771,0.6016687154769897,0.520775318145752,-0.005220230668783188,0.5487658977508545,0.4583941698074341,-0.013051689602434635,0.5199419260025024,0.41423195600509644,-0.01844293624162674,0.501987636089325,0.3753233551979065,-0.023058949038386345,0.5962234735488892,0.5329443216323853,-0.022068273276090622,0.546068549156189,0.47125694155693054,-0.03218894824385643,0.5185068845748901,0.43329524993896484,-0.03884786367416382,0.5017274618148804,0.3993578255176544,-0.04327046871185303,0.5864323973655701,0.5558756589889526,-0.03706936538219452,0.5484917163848877,0.5146423578262329,-0.04934503883123398,0.5263803005218506,0.48654717206954956,-0.05518801882863045,0.5102217197418213,0.4613015949726105,-0.05892670527100563,0.35666462779045105,0.6365780234336853,8.469015710943495e-08,0.3858003318309784,0.597970724105835,0.009424333460628986,0.41074708104133606,0.5478734970092773,0.010075169615447521,0.42996013164520264,0.5126447677612305,0.006420784629881382,0.44447484612464905,0.48787516355514526,0.0016800137236714363,0.3992023169994354,0.5170982480049133,-0.0001430709526175633,0.44027525186538696,0.4684162735939026,-0.013412633910775185,0.46632692217826843,0.4322686791419983,-0.021763306111097336,0.48491171002388,0.401006817817688,-0.026407169178128242,0.3997681736946106,0.5196733474731445,-0.013430096209049225,0.44745779037475586,0.46295806765556335,-0.028118783608078957,0.475412517786026,0.4180160462856293,-0.03722197189927101,0.4957779049873352,0.37845346331596375,-0.041753366589546204,0.40521422028541565,0.5326371788978577,-0.0263570174574852,0.45267999172210693,0.47616052627563477,-0.038410086184740067,0.48022449016571045,0.4347688555717468,-0.045740388333797455,0.5002298951148987,0.40087440609931946,-0.0487072616815567,0.4155477285385132,0.5554519891738892,-0.03857775777578354,0.45442894101142883,0.5160645246505737,-0.04636339470744133,0.4798027575016022,0.4870832562446594,-0.049684520810842514,0.500768780708313,0.462372362613678,-0.05099109187722206
0.662641704082489,0.6459478139877319,1.3654712915922573e-09,0.6403000950813293,0.5981694459915161,0.019727518782019615,0.6101919412612915,0.5544469952583313,0.026641279458999634,0.5861623883247375,0.531980037689209,0.028395090252161026,0.56544429063797,0.5162996649742126,0.027993477880954742,0.6012704372406006,0.5179950594902039,0.01223562192171812,0.556553304195404,0.46786946058273315,0.0037837412673979998,0.5284315347671509,0.4277017116546631,-0.0021153981797397137,0.5088281035423279,0.3935926556587219,-0.006768614985048771,0.6016687154769897,0.520775318145752,-0.005220230668783188,0.5487658977508545,0.4583941698074341,-0.013051689602434635,0.5199419260025024,0.41423195600509644,-0.01844293624162674,0.501987636089325,0.3753233551979065,-0.023058949038386345,0.5962234735488892,0.5329443216323853,-0.022068273276090622,0.546068549156189,0.47125694155693054,-0.03218894824385643,0.5185068845748901,0.43329524993896484,-0.03884786367416382,0.5017274618148804,0.3993578255176544,-0.04327046871185303,0.5864323973655701,0.5558756589889526,-0.03706936538219452,0.5484917163848877,0.5146423578262329,-0.04934503883123398,0.5263803005218506,0.48654717206954956,-0.05518801882863045,0.5102217197418213,0.4613015949726105,-0.05892670527100563,0.35666462779045105,0.6365780234336853,8.469015710943495e-08,0.3858003318309784,0.597970724105835,0.009424333460628986,0.41074708104133606,0.5478734970092773,0.010075169615447521,0.42996013164520264,0.5126447677612305,0.006420784629881382,0.44447484612464905,0.48787516355514526,0.0016800137236714363,0.3992023169994354,0.5170982480049133,-0.0001430709526175633,0.44027525186538696,0.4684162735939026,-0.013412633910775185,0.46632692217826843,0.4322686791419983,-0.021763306111097336,0.48491171002388,0.401006817817688,-0.026407169178128242,0.3997681736946106,0.5196733474731445,-0.013430096209049225,0.44745779037475586,0.46295806765556335,-0.028118783608078957,0.475412517786026,0.4180160462856293,-0.03722197189927101,0.4957779049873352,0.37845346331596375,-0.041753366589546204,0.40521422028541565,0.5326371788978577,-0.0263570174574852,0.45267999172210693,0.47616052627563477,-0.038410086184740067,0.48022449016571045,0.4347688555717468,-0.045740388333797455,0.5002298951148987,0.40087440609931946,-0.0487072616815567,0.4155477285385132,0.5554519891738892,-0.03857775777578354,0.45442894101142883,0.5160645246505737,-0.04636339470744133,0.4798027575016022,0.4870832562446594,-0.049684520810842514,0.500768780708313,0.462372362613678,-0.05099109187722206
0.6694724559783936,0.6505729556083679,6.269667007785529e-09,0.6510465145111084,0.6059814095497131,0.014421123079955578,0.6222329139709473,0.5610611438751221,0.019499167799949646,0.5979412198066711,0.5368520617485046,0.020470861345529556,0.5768904685974121,0.5227108001708984,0.019459586590528488,0.6153616905212402,0.5309305787086487,0.009373178705573082,0.57365882396698,0.48752331733703613,0.00037835739203728735,0.5465649366378784,0.45085686445236206,-0.007104548625648022,0.5273005366325378,0.4192313849925995,-0.012848608195781708,0.6145225167274475,0.5341587066650391,-0.00494420388713479,0.5673434734344482,0.4806458652019501,-0.013586082495748997,0.5392393469810486,0.43943342566490173,-0.020918777212500572,0.5204639434814453,0.40218880772590637,-0.02651464007794857,0.6080245971679688,0.5452836751937866,-0.018800267949700356,0.5636318325996399,0.490683376789093,-0.028980765491724014,0.5374972820281982,0.4538840055465698,-0.03611729294061661,0.5205444097518921,0.4207128882408142,-0.040418840944767,0.5971640348434448,0.5663701295852661,-0.03122730739414692,0.5620317459106445,0.525903582572937,-0.04200269654393196,0.540767252445221,0.49963149428367615,-0.04632895812392235,0.5247868299484253,0.47615864872932434,-0.04867375269532204,0.3691021800041199,0.6421566605567932,1.6316786854986276e-07,0.3886294960975647,0.5896893739700317,0.004614281468093395,0.4155626595020294,0.5401837825775146,0.0020748551469296217,0.4400014579296112,0.5069465637207031,-0.003900049487128854,0.4583926796913147,0.4804841876029968,-0.010282577946782112,0.4107404053211212,0.5197574496269226,-0.006328654941171408,0.45345062017440796,0.47792208194732666,-0.021857410669326782,0.48087745904922485,0.4455533027648926,-0.03149372339248657,0.5010696649551392,0.4160304069519043,-0.03702196106314659,0.4119662940502167,0.5274193286895752,-0.018724989145994186,0.45857563614845276,0.47790783643722534,-0.03552514314651489,0.48670148849487305,0.43521714210510254,-0.04543560370802879,0.5067782998085022,0.3958551287651062,-0.05042843520641327,0.4179892838001251,0.5464838743209839,-0.03099844790995121,0.4640235900878906,0.4960990846157074,-0.04423648864030838,0.4921201765537262,0.4565192461013794,-0.050692129880189896,0.513329029083252,0.4229789972305298,-0.05313846468925476,0.4278411567211151,0.5749691128730774,-0.04317333176732063,0.4647837281227112,0.5370110869407654,-0.052255064249038696,0.48999476432800293,0.5066089034080505,-0.055480994284152985,0.5113359689712524,0.48068296909332275,-0.056367915123701096
0.6760969758033752,0.6573272347450256,1.79147559009607e-08,0.6533379554748535,0.6122882962226868,0.013718417845666409,0.623358428478241,0.5670480728149414,0.018681062385439873,0.5991746187210083,0.5405723452568054,0.019565865397453308,0.5789389610290527,0.5237348675727844,0.018837833777070045,0.6175116300582886,0.5303415060043335,0.008715412579476833,0.5745255351066589,0.48235076665878296,-0.0005184232722967863,0.5473613739013672,0.4426400661468506,-0.007662779185920954,0.5274791121482849,0.40917283296585083,-0.013072886504232883,0.6170141100883484,0.5336710214614868,-0.005417455919086933,0.5675529837608337,0.4745621085166931,-0.014041537418961525,0.5402019023895264,0.431009978055954,-0.02018105797469616,0.5219132304191589,0.3924980163574219,-0.02496575005352497,0.6112125515937805,0.5460150241851807,-0.0193127803504467,0.5659241676330566,0.48793911933898926,-0.029227111488580704,0.5403940677642822,0.4508782923221588,-0.035376790910959244,0.523737370967865,0.4175732135772705,-0.039128925651311874,0.6016647219657898,0.5685320496559143,-0.03200304135680199,0.5667585730552673,0.5283576846122742,-0.04285231605172157,0.5462352633476257,0.5018305778503418,-0.0472722128033638,0.530526876449585,0.4775290787220001,-0.04975096508860588,0.37581536173820496,0.6363665461540222,1.0170191444558441e-07,0.38999539613723755,0.5867044925689697,0.006930374074727297,0.41431424021720886,0.5435167551040649,0.0063927010633051395,0.43808549642562866,0.5175041556358337,0.00210665725171566,0.4570176303386688,0.502093493938446,-0.002841915935277939,0.41518068313598633,0.5205486416816711,-0.0036291403230279684,0.45830246806144714,0.4732244610786438,-0.016521818935871124,0.4846796989440918,0.43760067224502563,-0.023542847484350204,0.5021833181381226,0.4057747423648834,-0.027216821908950806,0.41869041323661804,0.5244303941726685,-0.015912935137748718,0.4662996232509613,0.46944016218185425,-0.03096393309533596,0.4934953451156616,0.42572441697120667,-0.039567768573760986,0.5124923586845398,0.38695216178894043,-0.04363434016704559,0.4264821410179138,0.539452850818634,-0.027853213250637054,0.47357818484306335,0.48589053750038147,-0.04039594158530235,0.4992607533931732,0.4472639560699463,-0.04722885414958,0.5173051953315735,0.41589418053627014,-0.04985208064317703,0.4385336637496948,0.5643641352653503,-0.03932718560099602,0.47656795382499695,0.5289421677589417,-0.04736802726984024,0.4996506869792938,0.5021226406097412,-0.05046966299414635,0.5181673765182495,0.47874364256858826,-0.05145920813083649
0.6832460761070251,0.656269907951355,2.6930102592359617e-08,0.6599624156951904,0.6112282276153564,0.01275402121245861,0.6277015209197998,0.5651960968971252,0.016751766204833984,0.6019921898841858,0.5382989048957825,0.017016444355249405,0.5811408162117004,0.5207103490829468,0.015859687700867653,0.625476062297821,0.5366827249526978,0.006808230187743902,0.5829980969429016,0.49109140038490295,-0.0034099959302693605,0.5539857149124146,0.45222166180610657,-0.011514078825712204,0.5323224067687988,0.4190106987953186,-0.017682097852230072,0.6250839233398438,0.5400480628013611,-0.007208552211523056,0.5762056708335876,0.48233842849731445,-0.016929341480135918,0.5471864938735962,0.43911460041999817,-0.024321550503373146,0.5271602869033813,0.4004653990268707,-0.029933378100395203,0.6192013621330261,0.5513211488723755,-0.020888639613986015,0.5741852521896362,0.4944385290145874,-0.031616006046533585,0.5464067459106445,0.45622536540031433,-0.0384962297976017,0.5274904370307922,0.4222898483276367,-0.04263950511813164,0.6096182465553284,0.5724079012870789,-0.03335986286401749,0.5746160745620728,0.5321571826934814,-0.04461688548326492,0.5524876713752747,0.5055685043334961,-0.049173593521118164,0.5353418588638306,0.48156487941741943,-0.051693424582481384,0.3794423043727875,0.6367950439453125,1.1277526112962732e-07,0.3954532742500305,0.5869606733322144,0.004320838022977114,0.42195433378219604,0.5421491265296936,0.002997446106746793,0.44735077023506165,0.5134344100952148,-0.001692565972916782,0.467357873916626,0.4925834834575653,-0.006801330950111151,0.42073583602905273,0.523332953453064,-0.005304442252963781,0.46325376629829407,0.4785001873970032,-0.01970342919230461,0.49033305048942566,0.4436963200569153,-0.028107240796089172,0.5093609690666199,0.4126930236816406,-0.03276092931628227,0.4234474301338196,0.5276105999946594,-0.016725968569517136,0.46906596422195435,0.47450852394104004,-0.0328061580657959,0.496511846780777,0.43092748522758484,-0.042352598160505295,0.5164703130722046,0.39217352867126465,-0.04709124565124512,0.43076077103614807,0.5432300567626953,-0.02810363657772541,0.476961225271225,0.4901314973831177,-0.04178948700428009,0.5039457082748413,0.45061343908309937,-0.049041129648685455,0.5240823030471802,0.4180793762207031,-0.05189915746450424,0.44211700558662415,0.5694317817687988,-0.039287082850933075,0.47917771339416504,0.5341269969940186,-0.04908134788274765,0.5033174157142639,0.5054937601089478,-0.05323456600308418,0.5232557058334351,0.48013541102409363,-0.054779939353466034
0.7021981477737427,0.6637686491012573,-3.5086220595559325e-09,0.6713114976882935,0.627057671546936,0.009641255252063274,0.6421729326248169,0.5800642967224121,0.012672051787376404,0.6211968064308167,0.5464687347412109,0.012994777411222458,0.6025370955467224,0.5260465741157532,0.01178148202598095,0.638602614402771,0.5364277958869934,0.0003286586725153029,0.5965201258659363,0.4879419803619385,-0.010974950157105923,0.5684292912483215,0.4489298462867737,-0.019349662587046623,0.5479130744934082,0.41582250595092773,-0.025579072535037994,0.6412394046783447,0.5399736762046814,-0.011997392401099205,0.5918510556221008,0.48353129625320435,-0.023274585604667664,0.5640748143196106,0.44138187170028687,-0.031041529029607773,0.5453715920448303,0.4029391407966614,-0.036768876016139984,0.6391370892524719,0.5545852780342102,-0.023868903517723083,0.5924174189567566,0.49891987442970276,-0.03645216301083565,0.5658400058746338,0.4616197645664215,-0.0440477579832077,0.548184335231781,0.4274914562702179,-0.0486426055431366,0.6328993439674377,0.5793232321739197,-0.03465646505355835,0.5956140160560608,0.5423059463500977,-0.0481233224272728,0.574083685874939,0.516107976436615,-0.05423104763031006,0.5578444600105286,0.4910569190979004,-0.057735733687877655,0.3972984552383423,0.6486272215843201,7.689895653584244e-08,0.41081878542900085,0.5946038365364075,0.0037732685450464487,0.43688249588012695,0.5499494075775146,0.0013766816118732095,0.4630911946296692,0.5227823257446289,-0.004555028863251209,0.48343199491500854,0.5052817463874817,-0.010678673163056374,0.4387193024158478,0.5272235870361328,-0.0052921343594789505,0.484001487493515,0.4812329411506653,-0.019625287503004074,0.5089952945709229,0.4465857744216919,-0.027806241065263748,0.5253974795341492,0.41379547119140625,-0.032260648906230927,0.4422103762626648,0.5318083167076111,-0.016795728355646133,0.4908514618873596,0.47744035720825195,-0.03296586871147156,0.5175466537475586,0.43462812900543213,-0.04205626994371414,0.536339282989502,0.3958269953727722,-0.046508364379405975,0.4506854712963104,0.5479797720909119,-0.028460124507546425,0.49945929646492004,0.4924258887767792,-0.04189904406666756,0.5251666903495789,0.4537472724914551,-0.0482182614505291,0.5439878702163696,0.4214727580547333,-0.050508975982666016,0.4643006920814514,0.5746219754219055,-0.040096405893564224,0.5043182373046875,0.5389636158943176,-0.04881637915968895,0.5286186337471008,0.5123569369316101,-0.051845621317625046,0.5490284562110901,0.48930448293685913,-0.05281161144375801
0.7065303325653076,0.6702122688293457,-3.146244509366625e-08,0.6674074530601501,0.6424582600593567,0.005397029686719179,0.6410085558891296,0.5953302383422852,0.007404666393995285,0.6257492899894714,0.5582779049873352,0.007219938561320305,0.6121453642845154,0.5344632267951965,0.005728967487812042,0.644070565700531,0.5368417501449585,0.00023976505326572806,0.6011322736740112,0.4900069832801819,-0.010551332496106625,0.57319575548172,0.4516216218471527,-0.019487157464027405,0.5527810454368591,0.4181155562400818,-0.026219071820378304,0.646713137626648,0.538184404373169,-0.009980698116123676,0.5959787964820862,0.482096403837204,-0.019360937178134918,0.5679523944854736,0.43985554575920105,-0.02649547904729843,0.5496508479118347,0.4024125635623932,-0.032129764556884766,0.6440975069999695,0.5518090724945068,-0.02045298181474209,0.5967701077461243,0.49735790491104126,-0.032108813524246216,0.5703509449958801,0.46080848574638367,-0.039544131606817245,0.552854061126709,0.4280051589012146,-0.044267550110816956,0.6372173428535461,0.5758530497550964,-0.03046232834458351,0.6007068753242493,0.538811206817627,-0.042911332100629807,0.5792547464370728,0.5130875110626221,-0.048436231911182404,0.563202977180481,0.4886375963687897,-0.05169760808348656,0.39851152896881104,0.6540374755859375,9.238237197450871e-08,0.40964287519454956,0.6004329919815063,0.00490916334092617,0.435924768447876,0.5544508099555969,0.0033921829890459776,0.4628182351589203,0.5292112231254578,-0.0014816771727055311,0.48456308245658875,0.5148653984069824,-0.006719568744301796,0.43962541222572327,0.5296278595924377,-0.006601355504244566,0.48697447776794434,0.48366111516952515,-0.020431527867913246,0.5125080347061157,0.4487886428833008,-0.027395743876695633,0.5289296507835388,0.4159366190433502,-0.03086363896727562,0.44515275955200195,0.5353056788444519,-0.018257921561598778,0.49547645449638367,0.47822287678718567,-0.03455088287591934,0.5227040648460388,0.4336712956428528,-0.04327131062746048,0.5414947271347046,0.3932216167449951,-0.04722214862704277,0.4545312821865082,0.5523110628128052,-0.029708202928304672,0.5034384727478027,0.4941440224647522,-0.04348757863044739,0.5289472937583923,0.4540573060512543,-0.049985550343990326,0.5474269986152649,0.4204033315181732,-0.05219539627432823,0.4678186774253845,0.5790866017341614,-0.04082607477903366,0.5087833404541016,0.5415009260177612,-0.049853745847940445,0.5331363081932068,0.5149403810501099,-0.05300309509038925,0.553375780582428,0.49176025390625,-0.053871966898441315
0.7103099226951599,0.6678984761238098,-3.4606342236287446e-09,0.6699231863021851,0.6460901498794556,0.0010622346308082342,0.6424668431282043,0.6024941802024841,0.000635990989394486,0.6259159445762634,0.5659888386726379,-0.0008111126953735948,0.6141650676727295,0.5393809676170349,-0.0033198888413608074,0.6490622758865356,0.5412474274635315,-0.00619293050840497,0.6078432202339172,0.49414411187171936,-0.018691590055823326,0.5800055861473083,0.4536292552947998,-0.02899148128926754,0.5590328574180603,0.419203519821167,-0.03687305375933647,0.6528470516204834,0.5419440865516663,-0.014694557525217533,0.6042590141296387,0.4868294298648834,-0.02691720798611641,0.575979471206665,0.4429398775100708,-0.036557476967573166,0.5566567778587341,0.4027000963687897,-0.04386322200298309,0.6509259939193726,0.5538947582244873,-0.023375529795885086,0.603843092918396,0.5015319585800171,-0.037112485617399216,0.5770037174224854,0.46348369121551514,-0.04612172022461891,0.5592250823974609,0.42994052171707153,-0.051737211644649506,0.6431178450584412,0.5765330791473389,-0.03178003430366516,0.6047216653823853,0.5391562581062317,-0.04592452198266983,0.5830916166305542,0.5137189030647278,-0.05269458889961243,0.5682143568992615,0.48957282304763794,-0.05666568502783775,0.403205931186676,0.6510571837425232,1.0166359487584486e-07,0.41503340005874634,0.5975678563117981,0.0055052912794053555,0.4416278004646301,0.5504820942878723,0.0035058551002293825,0.4686182141304016,0.522407591342926,-0.0017322280909866095,0.4902685582637787,0.5031545758247375,-0.007312850095331669,0.44509783387184143,0.5285683870315552,-0.00851835310459137,0.49500900506973267,0.48342806100845337,-0.021647915244102478,0.5215691328048706,0.4494279623031616,-0.02769320458173752,0.5385842323303223,0.4172338843345642,-0.03072064183652401,0.4498751759529114,0.534395694732666,-0.020251769572496414,0.5018756985664368,0.47805875539779663,-0.035734642297029495,0.5284591913223267,0.4344954788684845,-0.04305105656385422,0.5456871390342712,0.39481183886528015,-0.046347297728061676,0.45832109451293945,0.5518224239349365,-0.0315694734454155,0.5107842683792114,0.49300193786621094,-0.04480589181184769,0.5369726419448853,0.45645469427108765,-0.05001947283744812,0.5551104545593262,0.4258824288845062,-0.05171759054064751,0.47038841247558594,0.5783765316009521,-0.04245471581816673,0.5128139853477478,0.5405836701393127,-0.05174759030342102,0.5385755896568298,0.5148390531539917,-0.055037640035152435,0.560092031955719,0.4923376441001892,-0.05617464333772659
0.7192531228065491,0.6692861318588257,-3.027136585842527e-08,0.6752510070800781,0.6522031426429749,0.0002704413200262934,0.6500226259231567,0.6106845140457153,-0.0007647158345207572,0.6363791227340698,0.5753888487815857,-0.002872548997402191,0.6260108351707458,0.5486932992935181,-0.006112733390182257,0.6594429612159729,0.538827657699585,-0.00651795556768775,0.6183584928512573,0.49217405915260315,-0.018792621791362762,0.5909141302108765,0.4520787000656128,-0.029346495866775513,0.5704958438873291,0.41757792234420776,-0.03747723624110222,0.6642394065856934,0.539125382900238,-0.014811582863330841,0.6145029664039612,0.48476511240005493,-0.025680847465991974,0.5864896178245544,0.4424085021018982,-0.0345906987786293,0.5679555535316467,0.40401092171669006,-0.041478950530290604,0.6632532477378845,0.551848828792572,-0.02341838739812374,0.6146117448806763,0.5004757642745972,-0.03663571551442146,0.588192880153656,0.462683767080307,-0.04518318921327591,0.5709362030029297,0.4293064475059509,-0.05048049986362457,0.6558951735496521,0.5758228302001953,-0.03188004717230797,0.6175850033760071,0.539318323135376,-0.045588407665491104,0.5959298610687256,0.5143321752548218,-0.05165258049964905,0.5812440514564514,0.49169689416885376,-0.05504056438803673,0.4145030677318573,0.6495091319084167,9.991158123057176e-08,0.42506688833236694,0.5940406322479248,0.006512588355690241,0.4513813853263855,0.5490712523460388,0.003586186794564128,0.4782741069793701,0.5266179442405701,-0.002527124248445034,0.5006658434867859,0.5138278603553772,-0.009086634032428265,0.45591554045677185,0.5258655548095703,-0.01193647924810648,0.5073245763778687,0.4790433943271637,-0.026028256863355637,0.5342836976051331,0.4453490376472473,-0.03208592161536217,0.5511332750320435,0.41318202018737793,-0.03466096520423889,0.46097445487976074,0.5327313542366028,-0.024233341217041016,0.5134086608886719,0.4749829173088074,-0.041075821965932846,0.5399668216705322,0.4310925602912903,-0.04812081903219223,0.5562803745269775,0.39162319898605347,-0.050657302141189575,0.46957772970199585,0.5514788627624512,-0.035732537508010864,0.5223487019538879,0.4918780028820038,-0.04989468306303024,0.5491889119148254,0.45484164357185364,-0.05473024770617485,0.5671659708023071,0.42385995388031006,-0.05567555129528046,0.48159554600715637,0.579623281955719,-0.04651574417948723,0.5261679887771606,0.5399965047836304,-0.05622133985161781,0.5525069236755371,0.513076901435852,-0.05882319435477257,0.5737699866294861,0.48903030157089233,-0.05905604735016823
0.721215009689331,0.6710558533668518,-3.361349643071776e-09,0.6746729016304016,0.6547170281410217,-0.0012069318909198046,0.6484412550926208,0.6068386435508728,-0.0014727689558640122,0.6344323754310608,0.5665664672851562,-0.0024762412067502737,0.6243906617164612,0.5378557443618774,-0.00428609037771821,0.6616373062133789,0.5418348908424377,-0.005921061150729656,0.6203731298446655,0.4959776699542999,-0.017160842195153236,0.591768205165863,0.45595622062683105,-0.02681976556777954,0.5706362724304199,0.421365886926651,-0.034303292632102966,0.6658371090888977,0.5418263673782349,-0.01312512718141079,0.6161539554595947,0.4871000051498413,-0.023887695744633675,0.5874931216239929,0.4434252977371216,-0.03267756476998329,0.5686399936676025,0.40311485528945923,-0.03926574066281319,0.6641126275062561,0.5535489916801453,-0.020727239549160004,0.616434633731842,0.5006998777389526,-0.03353458642959595,0.5890377759933472,0.4632352888584137,-0.041710998862981796,0.5705827474594116,0.4299047887325287,-0.04661017656326294,0.6558837294578552,0.5762495994567871,-0.028395501896739006,0.6173620223999023,0.5396766066551208,-0.04127497598528862,0.5961390733718872,0.514714241027832,-0.04687768593430519,0.5816330909729004,0.49168190360069275,-0.049898598343133926,0.41401103138923645,0.6531078815460205,1.1689889589661107e-07,0.4241091012954712,0.5980984568595886,0.006036949343979359,0.45016419887542725,0.5523724555969238,0.0032712193205952644,0.4771783649921417,0.5304838418960571,-0.0027217974420636892,0.5001609325408936,0.5191799998283386,-0.009213512763381004,0.4563354253768921,0.5269180536270142,-0.010844766162335873,0.5068356990814209,0.4792223572731018,-0.02502957172691822,0.5336394906044006,0.444581538438797,-0.0316561758518219,0.5507713556289673,0.4119117259979248,-0.0348205603659153,0.4616564214229584,0.5330118536949158,-0.02300453558564186,0.514374852180481,0.4772312641143799,-0.039231833070516586,0.5416712760925293,0.433613121509552,-0.04692449793219566,0.5588054656982422,0.3942454159259796,-0.05022376403212547,0.47022053599357605,0.5513331294059753,-0.034519318491220474,0.5231704711914062,0.49297088384628296,-0.048284996300935745,0.5505675077438354,0.45659714937210083,-0.05390188843011856,0.5691081881523132,0.4259990453720093,-0.05562339350581169,0.482024610042572,0.5793031454086304,-0.04542703926563263,0.5266758799552917,0.5403322577476501,-0.05531691014766693,0.5531359910964966,0.5133769512176514,-0.05854756385087967,0.5745089650154114,0.48870614171028137,-0.05931132286787033
0.7171549201011658,0.668170690536499,-7.039848526346759e-08,0.6741812229156494,0.6470520496368408,0.0020429487340152264,0.647521436214447,0.6034508943557739,0.0015644991071894765,0.6325092315673828,0.5674561262130737,-0.0004041482461616397,0.6212807893753052,0.5416805148124695,-0.003460878739133477,0.6588054895401001,0.5360132455825806,-0.005206751637160778,0.6153244376182556,0.48873692750930786,-0.01694781705737114,0.5871418714523315,0.45032206177711487,-0.026799889281392097,0.565995454788208,0.4174017608165741,-0.034314751625061035,0.6624922752380371,0.5365678668022156,-0.014184720814228058,0.6115502715110779,0.47860926389694214,-0.024898938834667206,0.5815921425819397,0.43612027168273926,-0.03262349218130112,0.5614473819732666,0.39906036853790283,-0.03868132457137108,0.6592305302619934,0.5495114922523499,-0.02344302460551262,0.610000491142273,0.4936312437057495,-0.03610954061150551,0.581815242767334,0.4570866823196411,-0.04390654340386391,0.5629991888999939,0.4260912239551544,-0.04882454872131348,0.6491747498512268,0.5734275579452515,-0.032463736832141876,0.6109983325004578,0.5349889993667603,-0.04518631473183632,0.5886930227279663,0.5089005827903748,-0.050920985639095306,0.5729816555976868,0.48584210872650146,-0.0543428435921669,0.4095704257488251,0.6510170698165894,6.203954683314805e-08,0.4200173020362854,0.5932438969612122,0.003758343867957592,0.44703608751296997,0.5447209477424622,0.0007237421232275665,0.47395819425582886,0.513752281665802,-0.005332634784281254,0.49531206488609314,0.4912017285823822,-0.011657694354653358,0.452748566865921,0.522801399230957,-0.009199956431984901,0.4999164044857025,0.47413554787635803,-0.023903263732790947,0.5250838994979858,0.43898335099220276,-0.03153451532125473,0.5415571928024292,0.4060162305831909,-0.035577185451984406,0.4574679732322693,0.5309282541275024,-0.020697981119155884,0.5074614882469177,0.4756328761577606,-0.037324246019124985,0.5343919396400452,0.4316461682319641,-0.04609933868050575,0.5526292324066162,0.39210671186447144,-0.05048356205224991,0.46586668491363525,0.5500962138175964,-0.03209645673632622,0.5163464546203613,0.4914253056049347,-0.046356216073036194,0.5429912209510803,0.45207828283309937,-0.05276549980044365,0.5614567995071411,0.4202251136302948,-0.05514258146286011,0.4780438542366028,0.5778342485427856,-0.04322613775730133,0.5190862417221069,0.5385805368423462,-0.05323534831404686,0.5450755953788757,0.5103501081466675,-0.05728578194975853,0.566511869430542,0.486472487449646,-0.05898365005850792
0.7075969576835632,0.6621440052986145,-2.9768512987971008e-08,0.676926851272583,0.6274909973144531,0.009313112124800682,0.6486924290657043,0.579705536365509,0.012766266241669655,0.6291422843933105,0.5461174249649048,0.013097933493554592,0.6125480532646179,0.5262851715087891,0.011982333846390247,0.6500113010406494,0.5312889218330383,0.004817962180823088,0.6082104444503784,0.4857824146747589,-0.005255104973912239,0.5811194181442261,0.44768744707107544,-0.014194243587553501,0.5611454844474792,0.41485363245010376,-0.020950835198163986,0.6506111025810242,0.5331827998161316,-0.007466800510883331,0.6019821763038635,0.4772731065750122,-0.01595917157828808,0.5747016072273254,0.43422698974609375,-0.023015178740024567,0.5560711026191711,0.39635443687438965,-0.028598813340067863,0.646464467048645,0.5457913279533386,-0.019789230078458786,0.6016007661819458,0.49132299423217773,-0.029957404360175133,0.5765367746353149,0.45462489128112793,-0.03695474937558174,0.5594735145568848,0.4220469295978546,-0.04154844954609871,0.6386933922767639,0.5691148638725281,-0.03139638900756836,0.6040555238723755,0.5319421291351318,-0.04226731136441231,0.5841708779335022,0.5064464211463928,-0.046705085784196854,0.5692928433418274,0.4825761914253235,-0.04936134070158005,0.4017358124256134,0.653715968132019,6.235420357825205e-08,0.4167826771736145,0.5965612530708313,0.00402152119204402,0.4442555904388428,0.5483585596084595,0.0019299194682389498,0.471106618642807,0.5182713866233826,-0.003781210631132126,0.4920975863933563,0.498091459274292,-0.009819482453167439,0.44570934772491455,0.525605320930481,-0.0052802423015236855,0.4921550452709198,0.4786340892314911,-0.021131020039319992,0.5183528661727905,0.44189584255218506,-0.030554551631212234,0.5357739329338074,0.40748947858810425,-0.035580094903707504,0.4506089389324188,0.533709704875946,-0.017341282218694687,0.49960124492645264,0.4783346652984619,-0.034783605486154556,0.5275366306304932,0.43196386098861694,-0.04520198330283165,0.547868013381958,0.3901793360710144,-0.05041608586907387,0.4601265788078308,0.5522642135620117,-0.02953571453690529,0.5084761381149292,0.49501410126686096,-0.0435672365128994,0.5357797145843506,0.4530293345451355,-0.05043035000562668,0.5566738843917847,0.4182059168815613,-0.052997369319200516,0.47391030192375183,0.5802103281021118,-0.04169924929738045,0.5127354860305786,0.5415124297142029,-0.05019064620137215,0.5373464822769165,0.5126121044158936,-0.052786506712436676,0.5584501624107361,0.4882412552833557,-0.053368330001831055
0.6139566898345947,0.6584234237670898,4.0746642171463066e-10,0.598200261592865,0.6134282350540161,0.01114601083099842,0.5725254416465759,0.5690464377403259,0.014946581795811653,0.5516715049743652,0.5432249903678894,0.015376957133412361,0.5370506644248962,0.5258358120918274,0.01456322893500328,0.5584439635276794,0.5345344543457031,0.008298893459141254,0.5197247862815857,0.49888795614242554,0.0010855488944798708,0.49309900403022766,0.4712449610233307,-0.00525416387245059,0.47160887718200684,0.4484488070011139,-0.01008469145745039,0.5529182553291321,0.5415546298027039,-0.0033199097961187363,0.5114395022392273,0.49558544158935547,-0.01016682107001543,0.48498451709747314,0.4652802646160126,-0.01535161305218935,0.4620809853076935,0.44093042612075806,-0.019261818379163742,0.5442101955413818,0.5574461221694946,-0.014696881175041199,0.5035248398780823,0.5128067135810852,-0.022611182183027267,0.4771435260772705,0.4858444035053253,-0.026789449155330658,0.45569485425949097,0.4644635319709778,-0.029052840545773506,0.5331063270568848,0.5821060538291931,-0.025066213682293892,0.4995667338371277,0.5433616638183594,-0.0329921692609787,0.4785541296005249,0.5203578472137451,-0.03522904962301254,0.46018725633621216,0.5027028322219849,-0.035933997482061386,0.4228443205356598,0.48573893308639526,-2.0167296099771193e-07,0.4425869882106781,0.4606004059314728,0.012843159958720207,0.4608733057975769,0.4368356466293335,0.015415571630001068,0.47266632318496704,0.4203880727291107,0.013061299920082092,0.47852182388305664,0.41005563735961914,0.010967038571834564,0.46642404794692993,0.4091217517852783,0.017329523339867592,0.48329612612724304,0.3933732509613037,0.01295470166951418,0.483201801776886,0.40730100870132446,0.008129415102303028,0.4795633852481842,0.41966676712036133,0.005460631102323532,0.4625803828239441,0.40405720472335815,0.006971909664571285,0.48180437088012695,0.38677096366882324,0.005133829545229673,0.4802900552749634,0.40260371565818787,0.003217958379536867,0.47420987486839294,0.4166746735572815,0.0017908535664901137,0.45822006464004517,0.40160322189331055,-0.0037127479445189238,0.4763890504837036,0.3814719021320343,-0.003797766752541065,0.4759046733379364,0.3983398973941803,-0.0005552232614718378,0.470965713262558,0.4129127264022827,0.0011708814417943358,0.45343297719955444,0.40189942717552185,-0.0139166209846735,0.4688682556152344,0.38184165954589844,-0.010561874136328697,0.4697185158729553,0.3942520022392273,-0.0042611826211214066,0.4652392268180847,0.40734437108039856,-0.00019463530043140054
0.497604101896286,0.6396897435188293,5.040049444460237e-08,0.49024105072021484,0.5808586478233337,0.01947464421391487,0.4686126410961151,0.5378627181053162,0.027057459577918053,0.44975289702415466,0.5197287201881409,0.02961611934006214,0.43761369585990906,0.506962776184082,0.030103256925940514,0.443271666765213,0.5051793456077576,0.014612480066716671,0.4017373323440552,0.4583373963832855,0.009010192938148975,0.3796846866607666,0.4229770600795746,0.00546015240252018,0.3647303283214569,0.39047950506210327,0.002641368890181184,0.4299352169036865,0.5096908211708069,-0.0006963021005503833,0.3897954225540161,0.4470825791358948,-0.007132275961339474,0.3707122206687927,0.40627700090408325,-0.010051045566797256,0.3596929907798767,0.37034469842910767,-0.011990717612206936,0.4141363203525543,0.5247056484222412,-0.015465172939002514,0.37528765201568604,0.46541669964790344,-0.023600967600941658,0.35772281885147095,0.4259189963340759,-0.029711073264479637,0.3480392098426819,0.39214450120925903,-0.03327198699116707,0.3960615396499634,0.5498350262641907,-0.028245503082871437,0.3626334071159363,0.5047669410705566,-0.03772091120481491,0.34390825033187866,0.4764757752418518,-0.04222589731216431,0.329553484916687,0.453521728515625,-0.04464518278837204,0.19411826133728027,0.6583032608032227,2.481685434929659e-08,0.24203820526599884,0.6418914198875427,0.0037495738361030817,0.27510857582092285,0.5928791761398315,0.004447774030268192,0.28886720538139343,0.5523620247840881,0.00048601528396829963,0.3034735918045044,0.5245587229728699,-0.0039454055950045586,0.29484015703201294,0.5322480797767639,0.015437360852956772,0.324981689453125,0.4775235652923584,-0.00016168516594916582,0.3487105965614319,0.4371013641357422,-0.01627146452665329,0.36319974064826965,0.4065563380718231,-0.026987219229340553,0.28682205080986023,0.5224080085754395,0.002924178494140506,0.3194464147090912,0.46344655752182007,-0.009610620327293873,0.34619003534317017,0.4224098026752472,-0.023090507835149765,0.36656221747398376,0.39173173904418945,-0.03295862302184105,0.27675798535346985,0.5176151990890503,-0.0121736666187644,0.3125165104866028,0.4623311758041382,-0.025035036727786064,0.33934342861175537,0.4260096549987793,-0.03441646695137024,0.3589029908180237,0.39992040395736694,-0.04013906046748161,0.26352187991142273,0.5202718377113342,-0.02780921384692192,0.2946054935455322,0.48120152950286865,-0.03878620266914368,0.3180883824825287,0.4554775357246399,-0.04307539016008377,0.3361487090587616,0.43712905049324036,-0.04545100778341293
0.4787151515483856,0.6347638964653015,9.233419007159682e-08,0.47469618916511536,0.5868738293647766,0.012492615729570389,0.45787420868873596,0.5428611636161804,0.015823006629943848,0.44281017780303955,0.5174914002418518,0.015760717913508415,0.43627938628196716,0.49430063366889954,0.014179636724293232,0.4280240535736084,0.5015295743942261,0.0035945200361311436,0.3851858377456665,0.451923668384552,-0.004311822354793549,0.3629150390625,0.4139586091041565,-0.008992995135486126,0.34810224175453186,0.380026638507843,-0.012418766506016254,0.414245069026947,0.505856454372406,-0.009155387990176678,0.3721230924129486,0.4406443238258362,-0.016977054998278618,0.35305094718933105,0.3970487713813782,-0.020524168387055397,0.3417547643184662,0.358806848526001,-0.02301955595612526,0.39770597219467163,0.5212005376815796,-0.021373724564909935,0.3560121953487396,0.4603738486766815,-0.030380375683307648,0.33803144097328186,0.4189223647117615,-0.03633539006114006,0.3276376724243164,0.3839132785797119,-0.04007646441459656,0.3786732852458954,0.546749472618103,-0.0321195051074028,0.34372350573539734,0.5023339986801147,-0.042253486812114716,0.32543718814849854,0.4717393219470978,-0.04687678441405296,0.3113654851913452,0.44577500224113464,-0.04935356602072716,0.18441036343574524,0.6362336277961731,5.215991549789578e-08,0.22499707341194153,0.6184995770454407,0.0030316750053316355,0.2555287480354309,0.5702781677246094,0.002018517814576626,0.2699316740036011,0.5318922996520996,-0.0034000659361481667,0.28786617517471313,0.5025267004966736,-0.00922189000993967,0.27241694927215576,0.5148404836654663,0.007154775783419609,0.30507004261016846,0.4642970561981201,-0.010555900633335114,0.33129897713661194,0.42911604046821594,-0.026404671370983124,0.34590867161750793,0.4052274227142334,-0.03663104772567749,0.26495763659477234,0.50673508644104,-0.006106689106673002,0.3012635409832001,0.4437110722064972,-0.022018365561962128,0.3317268192768097,0.40906423330307007,-0.03533577919006348,0.3513033986091614,0.38624849915504456,-0.04436168074607849,0.2555042505264282,0.5048840045928955,-0.021746281534433365,0.29483455419540405,0.4452866017818451,-0.038105882704257965,0.3240567147731781,0.41697025299072266,-0.04837963357567787,0.34233856201171875,0.39804595708847046,-0.05412301421165466,0.24427849054336548,0.5116268396377563,-0.03760652244091034,0.2750122547149658,0.4725175201892853,-0.05260074883699417,0.29843005537986755,0.4500349760055542,-0.05944504216313362,0.314240038394928,0.43270158767700195,-0.06315296143293381
0.4611492455005646,0.6291179656982422,2.633559326170598e-08,0.4585961103439331,0.58046954870224,0.01571766287088394,0.4406431019306183,0.5369236469268799,0.02129330486059189,0.42594581842422485,0.5104260444641113,0.023264387622475624,0.4252278506755829,0.48614779114723206,0.023988494649529457,0.4122668504714966,0.49562251567840576,0.009120792150497437,0.3711613714694977,0.4484294354915619,0.0047360071912407875,0.3498987853527069,0.4151841104030609,0.0027548011858016253,0.33656615018844604,0.3856826424598694,0.0009377903770655394,0.3980604410171509,0.5014631748199463,-0.003908122424036264,0.3573497533798218,0.4396762251853943,-0.009311718866229057,0.3384941816329956,0.3999452292919159,-0.01090508233755827,0.32839784026145935,0.36511144042015076,-0.012032986618578434,0.38141995668411255,0.5174829363822937,-0.01628475822508335,0.34276145696640015,0.45716986060142517,-0.023665810003876686,0.32577842473983765,0.4152073860168457,-0.028778711333870888,0.317005455493927,0.3791337013244629,-0.032088786363601685,0.3625214695930481,0.5436850786209106,-0.026794686913490295,0.3278515934944153,0.49919211864471436,-0.03585818409919739,0.3099192976951599,0.4693101942539215,-0.04003079980611801,0.2967465817928314,0.443376749753952,-0.04234601557254791,0.1672893762588501,0.6417560577392578,5.439447292587829e-08,0.21822263300418854,0.6172927021980286,0.0024474640376865864,0.24920079112052917,0.5633823871612549,0.001902066171169281,0.2661210298538208,0.5240410566329956,-0.0028145178221166134,0.28618019819259644,0.4976678192615509,-0.00796828605234623,0.25409284234046936,0.5084749460220337,0.011958316899836063,0.28135576844215393,0.4608162045478821,-0.003553261049091816,0.30458080768585205,0.4246114492416382,-0.019222402945160866,0.3225623071193695,0.3939100503921509,-0.030778121203184128,0.24504970014095306,0.5042527318000793,-0.0004485050158109516,0.276364803314209,0.44721364974975586,-0.014703033491969109,0.3018328845500946,0.4092313051223755,-0.027872370555996895,0.32288265228271484,0.3783997893333435,-0.03762051463127136,0.2337176501750946,0.5057257413864136,-0.015365418046712875,0.2673951983451843,0.45187684893608093,-0.0300243329256773,0.2919248640537262,0.4201391935348511,-0.0386846661567688,0.3121340274810791,0.3938470482826233,-0.04402090981602669,0.2196294069290161,0.5162016153335571,-0.030851183459162712,0.2450742870569229,0.48181480169296265,-0.04396422579884529,0.26490193605422974,0.4580041170120239,-0.04931549355387688,0.28131043910980225,0.43638989329338074,-0.052626799792051315
0.4296557605266571,0.6225403547286987,1.2704340690561367e-08,0.4284999966621399,0.5736491084098816,0.015481548383831978,0.41495558619499207,0.5341424345970154,0.01947905868291855,0.40377897024154663,0.5085203647613525,0.020406654104590416,0.4071515202522278,0.4854172468185425,0.01927902363240719,0.38586580753326416,0.49188315868377686,0.00037523405626416206,0.345116525888443,0.44047608971595764,-0.007661664858460426,0.32312899827957153,0.404356449842453,-0.010849004611372948,0.30904173851013184,0.3736782670021057,-0.013233449310064316,0.37252023816108704,0.49944639205932617,-0.013184485957026482,0.3335368037223816,0.4318532943725586,-0.022658230736851692,0.3142692446708679,0.39084944128990173,-0.02495921403169632,0.30382412672042847,0.3556927740573883,-0.02580936811864376,0.35690170526504517,0.5188095569610596,-0.025527454912662506,0.3179754912853241,0.4534144997596741,-0.03719937801361084,0.2995976507663727,0.4129127264022827,-0.04261411726474762,0.29023852944374084,0.37709808349609375,-0.04528249800205231,0.3398347496986389,0.5491189956665039,-0.03555145114660263,0.3040132522583008,0.5047715902328491,-0.05090232565999031,0.2846764326095581,0.4752286970615387,-0.05761406570672989,0.27044498920440674,0.44773223996162415,-0.0605693981051445,0.15364688634872437,0.6414294838905334,6.591972123715095e-08,0.20232611894607544,0.6203740239143372,-0.0008737138123251498,0.23259125649929047,0.5639405250549316,-0.002230799524113536,0.24831126630306244,0.5231257081031799,-0.006792102940380573,0.2655057907104492,0.4953341484069824,-0.012322412803769112,0.23492440581321716,0.5042367577552795,0.0031869839876890182,0.26395636796951294,0.4567279517650604,-0.014265685342252254,0.2854699492454529,0.42069143056869507,-0.0300601739436388,0.30201947689056396,0.38822460174560547,-0.0418257862329483,0.22405558824539185,0.49933016300201416,-0.008722835220396519,0.2602675259113312,0.4453566372394562,-0.026525510475039482,0.28539204597473145,0.4057246446609497,-0.041438229382038116,0.3062848150730133,0.37033501267433167,-0.0518474318087101,0.2093321979045868,0.5035990476608276,-0.02289811708033085,0.24708880484104156,0.45227476954460144,-0.04198882356286049,0.2712470591068268,0.4187377989292145,-0.05385693907737732,0.29032495617866516,0.38820505142211914,-0.060738518834114075,0.19107356667518616,0.5169612169265747,-0.03739726543426514,0.22009532153606415,0.48544952273368835,-0.05499466881155968,0.2409207969903946,0.4616319537162781,-0.06343373656272888,0.2584091126918793,0.4384279251098633,-0.06864644587039948
0.4336203634738922,0.6240214705467224,-1.877883448742068e-08,0.432287335395813,0.5749984979629517,0.018941977992653847,0.4182136058807373,0.5362123250961304,0.025986308231949806,0.40493667125701904,0.5110998749732971,0.029827604070305824,0.40724366903305054,0.48820585012435913,0.031554918736219406,0.38850852847099304,0.49578288197517395,0.003441018983721733,0.34811457991600037,0.4414077699184418,-0.0026290961541235447,0.32658088207244873,0.40395569801330566,-0.003282782854512334,0.3132566213607788,0.372855544090271,-0.0037651737220585346,0.3750869035720825,0.5021807551383972,-0.010119474492967129,0.33488813042640686,0.4342312216758728,-0.018524866551160812,0.3148721158504486,0.3940965235233307,-0.018974997103214264,0.3039688766002655,0.35951662063598633,-0.01821880042552948,0.35955995321273804,0.5209935903549194,-0.022170377895236015,0.3193866014480591,0.4558143615722656,-0.03323565423488617,0.3006466031074524,0.4158603250980377,-0.03803284466266632,0.2908805012702942,0.3796587586402893,-0.040087200701236725,0.3422258496284485,0.5515432357788086,-0.031422730535268784,0.3048483729362488,0.5076043009757996,-0.04693540558218956,0.28540632128715515,0.4781952500343323,-0.05417522415518761,0.27140507102012634,0.4501606523990631,-0.05738058313727379,0.15954649448394775,0.640047013759613,3.754453459237084e-08,0.20684579014778137,0.6172306537628174,0.004430061671882868,0.23414169251918793,0.5634391903877258,0.005832604598253965,0.24843625724315643,0.5233070254325867,0.003106791991740465,0.26429396867752075,0.49237751960754395,-0.0009429895435459912,0.24138611555099487,0.5105507373809814,0.009822852909564972,0.2669099271297455,0.4629243016242981,-0.005669290199875832,0.28768390417099,0.42716169357299805,-0.020448585972189903,0.30369535088539124,0.3961702287197113,-0.03150007501244545,0.2325400561094284,0.506074070930481,-0.003500238060951233,0.26344549655914307,0.44880157709121704,-0.019101107493042946,0.2863047420978546,0.4097384810447693,-0.032677728682756424,0.3062172830104828,0.37701117992401123,-0.04223693162202835,0.21766799688339233,0.5078999996185303,-0.01884608343243599,0.2508276402950287,0.45206892490386963,-0.036870233714580536,0.2730065584182739,0.4174240231513977,-0.047824785113334656,0.29163917899131775,0.38747715950012207,-0.05395819619297981,0.19776800274848938,0.5173312425613403,-0.03397136926651001,0.2246418446302414,0.4844503104686737,-0.051871612668037415,0.24409973621368408,0.4605153501033783,-0.06004921719431877,0.2614733576774597,0.4372498393058777,-0.06472893059253693
0.48399925231933594,0.651373028755188,6.529972296220876e-08,0.4775422513484955,0.6009771823883057,0.01333857886493206,0.4581945836544037,0.5571387410163879,0.016259759664535522,0.4412166476249695,0.5293595790863037,0.015823327004909515,0.43947717547416687,0.5024474859237671,0.01395501010119915,0.42540183663368225,0.5156661868095398,0.001388414530083537,0.3789348602294922,0.46383950114250183,-0.007756480947136879,0.3543216288089752,0.4262048006057739,-0.01237601786851883,0.3379044830799103,0.3934887647628784,-0.015432877466082573,0.41346654295921326,0.5233115553855896,-0.011981806717813015,0.3671274185180664,0.4559381604194641,-0.020960237830877304,0.34438344836235046,0.41301894187927246,-0.02371109277009964,0.3308214843273163,0.37568867206573486,-0.025228573009371758,0.39922767877578735,0.5420546531677246,-0.024623418226838112,0.3534509837627411,0.4806816577911377,-0.034963592886924744,0.33172839879989624,0.4412320554256439,-0.03938211500644684,0.3192712068557739,0.40643566846847534,-0.04162389785051346,0.38316890597343445,0.5709770321846008,-0.03555397316813469,0.3446637988090515,0.5274953246116638,-0.047065798193216324,0.32423314452171326,0.4988436996936798,-0.050894904881715775,0.3084639310836792,0.47361597418785095,-0.05235229805111885,0.19361793994903564,0.6515977382659912,-3.883359767087313e-08,0.19878388941287994,0.612768292427063,0.0024815991055220366,0.21415629982948303,0.5571533441543579,0.0043108174577355385,0.21733644604682922,0.5140332579612732,0.0026715046260505915,0.22378773987293243,0.4810427725315094,0.0013108892599120736,0.27359166741371155,0.5265370011329651,0.021396206691861153,0.29887452721595764,0.47831711173057556,0.015305053442716599,0.315349280834198,0.44479256868362427,0.004971735645085573,0.3235415816307068,0.41866856813430786,-0.002621847204864025,0.2763412892818451,0.5211699604988098,0.012383240275084972,0.3041483461856842,0.4665556252002716,0.008917811326682568,0.32061710953712463,0.4341605007648468,0.000405245489673689,0.33096349239349365,0.41000252962112427,-0.006490783300250769,0.2763473391532898,0.5134680271148682,0.0006582699716091156,0.30408626794815063,0.45846056938171387,-0.003561988938599825,0.3210684061050415,0.4246571362018585,-0.009669115766882896,0.3325693905353546,0.39929836988449097,-0.014096720144152641,0.2744520902633667,0.5066008567810059,-0.01203343365341425,0.29815077781677246,0.46037495136260986,-0.01592058129608631,0.3134237229824066,0.4315466582775116,-0.017675748094916344,0.32560670375823975,0.40993770956993103,-0.019134825095534325
0.5074942111968994,0.6753315925598145,-8.51221138020719e-09,0.49924367666244507,0.6169012784957886,0.014684840105473995,0.4767940044403076,0.5688778162002563,0.01929936744272709,0.4574335217475891,0.5382817983627319,0.020003778859972954,0.45178788900375366,0.510800302028656,0.01903695985674858,0.44673794507980347,0.5285435914993286,0.007018934469670057,0.40025660395622253,0.4776450991630554,-0.0014156859833747149,0.37501809000968933,0.43936824798583984,-0.007246931549161673,0.3560374677181244,0.40618112683296204,-0.011493485420942307,0.4340697228908539,0.5357728600502014,-0.006900991778820753,0.38729652762413025,0.47048497200012207,-0.013997993431985378,0.36294084787368774,0.42688971757888794,-0.01766955293715,0.3458130359649658,0.39023351669311523,-0.02062986046075821,0.41952019929885864,0.5536928772926331,-0.020311350002884865,0.3728305697441101,0.4925784766674042,-0.028749413788318634,0.35027313232421875,0.45247286558151245,-0.033499933779239655,0.3355048596858978,0.4174678921699524,-0.036730896681547165,0.40427082777023315,0.5816184282302856,-0.03223014995455742,0.36525958776474,0.5369550585746765,-0.04289769008755684,0.34353992342948914,0.508055567741394,-0.04681849852204323,0.3260723054409027,0.482980340719223,-0.04869742691516876,0.22161325812339783,0.642508327960968,1.6076174347290362e-07,0.2438725233078003,0.6272661089897156,0.027561206370592117,0.2602754235267639,0.5822638273239136,0.03548180311918259,0.252773642539978,0.5443485975265503,0.03240392357110977,0.24927428364753723,0.5109753608703613,0.027767546474933624,0.3062494993209839,0.5164602994918823,0.05187875032424927,0.3302036225795746,0.47501665353775024,0.05261928588151932,0.35519057512283325,0.466874361038208,0.045297227799892426,0.366206556558609,0.47006523609161377,0.04052041843533516,0.30158963799476624,0.502511739730835,0.028658054769039154,0.32871013879776,0.4410531222820282,0.03161747381091118,0.35201016068458557,0.43900617957115173,0.023792030289769173,0.36113759875297546,0.45442837476730347,0.017299579456448555,0.2969965934753418,0.4889583885669708,0.004006938077509403,0.3294695019721985,0.42586594820022583,0.0051392060704529285,0.35310864448547363,0.42993247509002686,-0.000863247609231621,0.362824410200119,0.4467829167842865,-0.0058255610056221485,0.29393550753593445,0.4820220470428467,-0.019671447575092316,0.3298259675502777,0.4473128318786621,-0.018315108492970467,0.3515121638774872,0.44970938563346863,-0.017112022265791893,0.3614925444126129,0.45945417881011963,-0.016994010657072067
0.7674286961555481,0.7301348447799683,-2.0037866477196076e-08,0.7242075800895691,0.6946389675140381,0.0016691080527380109,0.694047749042511,0.6408319473266602,0.002114431466907263,0.6767925024032593,0.598160982131958,0.0006643200758844614,0.6637734174728394,0.5653514266014099,-0.0015118129085749388,0.6997009515762329,0.5904035568237305,0.0041114166378974915,0.6654639840126038,0.5393874645233154,-0.006540058646351099,0.6412200331687927,0.5007960796356201,-0.017878131940960884,0.6212556958198547,0.4692210555076599,-0.02598348818719387,0.7013809084892273,0.5902391672134399,-0.003261021338403225,0.6612750291824341,0.5322036147117615,-0.010182607918977737,0.6362218856811523,0.4894782304763794,-0.017100824043154716,0.617202877998352,0.45300573110580444,-0.02335306815803051,0.6992426514625549,0.5990985631942749,-0.011891382746398449,0.6615089774131775,0.5430693030357361,-0.01910453476011753,0.6393212676048279,0.5040187835693359,-0.0240922924131155,0.622550368309021,0.47238922119140625,-0.028288396075367928,0.6940624713897705,0.6164361834526062,-0.020890619605779648,0.667352557182312,0.5760945081710815,-0.02715194970369339,0.6507240533828735,0.5504229068756104,-0.028647711500525475,0.6379103064537048,0.529175341129303,-0.030100824311375618,0.46720409393310547,0.7196609973907471,-8.021910957722866e-08,0.4618750214576721,0.6497984528541565,0.00228102202527225,0.4858841598033905,0.5967891812324524,0.0005732551799155772,0.5214458107948303,0.566030740737915,-0.004708059132099152,0.5512012243270874,0.5563841462135315,-0.009788150899112225,0.5099163055419922,0.5632201433181763,0.004271508194506168,0.5553727149963379,0.5096135139465332,-0.00770666403695941,0.5837558507919312,0.47500771284103394,-0.015576187521219254,0.6012828946113586,0.44607728719711304,-0.020664293318986893,0.5309845209121704,0.5705127120018005,-0.006130013149231672,0.5781103372573853,0.5105035305023193,-0.018272198736667633,0.604924201965332,0.4762396812438965,-0.025336621329188347,0.62111496925354,0.4493531286716461,-0.02911473996937275,0.5513121485710144,0.5918588638305664,-0.017835285514593124,0.5951781272888184,0.5285614728927612,-0.028891589492559433,0.6194923520088196,0.49703460931777954,-0.03245207667350769,0.6352479457855225,0.47484421730041504,-0.033294886350631714,0.5734732151031494,0.6240125894546509,-0.030013449490070343,0.609272837638855,0.5755993127822876,-0.038024384528398514,0.630334734916687,0.5449498295783997,-0.03921527788043022,0.646669328212738,0.5218459963798523,-0.038637593388557434
0.7994322180747986,0.7334026098251343,-2.7219485332352633e-08,0.7424618601799011,0.6990917921066284,-0.0025764424353837967,0.7144988179206848,0.6502752304077148,-0.007202943321317434,0.6987281441688538,0.6097200512886047,-0.013378416188061237,0.6860370635986328,0.5784240365028381,-0.02032809518277645,0.7325479388237,0.5893384218215942,-0.004520138259977102,0.6953130960464478,0.5436431169509888,-0.020304199308156967,0.6682010889053345,0.5099745988845825,-0.03538668900728226,0.6474958062171936,0.48132187128067017,-0.045983366668224335,0.7402412295341492,0.5904442667961121,-0.012049835175275803,0.6963244080543518,0.5366348028182983,-0.023997003212571144,0.6657781004905701,0.4972143769264221,-0.03358454629778862,0.6429276466369629,0.465608149766922,-0.04167734459042549,0.7414591908454895,0.6027095913887024,-0.02112750895321369,0.6984613537788391,0.5478046536445618,-0.032134298235177994,0.6707499027252197,0.5120730400085449,-0.03743479400873184,0.6507641077041626,0.4862380027770996,-0.04142223671078682,0.7360995411872864,0.6242283582687378,-0.031084289774298668,0.7067455649375916,0.5834291577339172,-0.04094426706433296,0.6859941482543945,0.5540691018104553,-0.044552769511938095,0.6696018576622009,0.5306856036186218,-0.047043099999427795,0.4906597137451172,0.7203080058097839,-4.839617417928821e-08,0.4888266921043396,0.6508678197860718,0.0027097631245851517,0.513390064239502,0.5958298444747925,0.001820055185817182,0.5468018651008606,0.563449501991272,-0.0030525350011885166,0.5753716826438904,0.5504661798477173,-0.007472788915038109,0.5336655378341675,0.564871609210968,0.006210692692548037,0.5768195390701294,0.5090545415878296,-0.005939173046499491,0.6039734482765198,0.4699787497520447,-0.014236523769795895,0.6215413212776184,0.43718522787094116,-0.019485319033265114,0.5525352358818054,0.5730981230735779,-0.004582412075251341,0.5952380895614624,0.5110525488853455,-0.017456410452723503,0.621555507183075,0.47074663639068604,-0.02637864463031292,0.6385936737060547,0.4366694688796997,-0.031047653406858444,0.5722758769989014,0.5943625569343567,-0.016552044078707695,0.6122691631317139,0.5294553637504578,-0.027947047725319862,0.6364293694496155,0.49149417877197266,-0.03310099244117737,0.6541650295257568,0.4610826373100281,-0.034693073481321335,0.5946074724197388,0.6267446279525757,-0.029004788026213646,0.6318365931510925,0.5803569555282593,-0.03695656731724739,0.6536834239959717,0.5487712621688843,-0.03860395401716232,0.6711530685424805,0.5220101475715637,-0.038149747997522354
0.8419968485832214,0.6800281405448914,4.936981667924556e-08,0.7868322134017944,0.6603280901908875,-0.004830226767808199,0.7515648603439331,0.6160054802894592,-0.007910778746008873,0.7335054278373718,0.5788975358009338,-0.012867617420852184,0.7182607054710388,0.5488942265510559,-0.018256591632962227,0.7510876059532166,0.5602303743362427,-0.002502280054613948,0.7266514301300049,0.5119365453720093,-0.01609840989112854,0.7070513963699341,0.477338045835495,-0.02855837345123291,0.690405547618866,0.44670769572257996,-0.03893858566880226,0.76471346616745,0.5550293922424316,-0.010661518201231956,0.7336444854736328,0.5022461414337158,-0.024325145408511162,0.7111239433288574,0.4647081196308136,-0.03575164079666138,0.6932694315910339,0.43103599548339844,-0.044513966888189316,0.7808563113212585,0.5629995465278625,-0.020894920453429222,0.7488284707069397,0.5112339854240417,-0.03496142104268074,0.7266756296157837,0.4787563681602478,-0.04474048689007759,0.7088204622268677,0.45215532183647156,-0.05171762779355049,0.7979574203491211,0.5830953121185303,-0.03214862942695618,0.7763192057609558,0.5534942150115967,-0.04795878380537033,0.7545253038406372,0.5297970175743103,-0.05741700902581215,0.7359289526939392,0.5085108876228333,-0.06378719955682755,0.558642566204071,0.7080124616622925,-2.274996404594276e-07,0.5577068328857422,0.6373453140258789,0.009723315946757793,0.5805593132972717,0.5803251266479492,0.011567628011107445,0.6105157136917114,0.5461822748184204,0.009070189669728279,0.6356188058853149,0.5332147479057312,0.006166897248476744,0.5980580449104309,0.5448794960975647,0.006362933199852705,0.6367446780204773,0.4834752678871155,-0.0033055320382118225,0.6566051840782166,0.4463675916194916,-0.009244631975889206,0.666919469833374,0.41477251052856445,-0.012494252063333988,0.6180523633956909,0.5552023649215698,-0.00480654975399375,0.6541147828102112,0.4846126139163971,-0.013801414519548416,0.6730996966362,0.44122785329818726,-0.020170778036117554,0.6817560195922852,0.4055580198764801,-0.024391096085309982,0.6384456157684326,0.5772740244865417,-0.016045553609728813,0.676465630531311,0.5035726428031921,-0.025554273277521133,0.6943159699440002,0.46329864859580994,-0.03233186900615692,0.7018057107925415,0.43055376410484314,-0.03613134101033211,0.6607385873794556,0.6087560653686523,-0.026438068598508835,0.7011891603469849,0.5635299682617188,-0.03442713990807533,0.7215494513511658,0.5333811044692993,-0.038122642785310745,0.7342656850814819,0.5051827430725098,-0.03986400365829468
0.850845992565155,0.6781758666038513,4.295778310847709e-08,0.7871226072311401,0.6582362651824951,-0.0042066434398293495,0.7481536865234375,0.6176049709320068,-0.007845524698495865,0.7255241870880127,0.5860214829444885,-0.013859046623110771,0.7069060802459717,0.5577840805053711,-0.020723409950733185,0.7471413612365723,0.557441234588623,-0.0021112090907990932,0.7203618288040161,0.5093964338302612,-0.015305545181035995,0.7021419405937195,0.47766897082328796,-0.027897946536540985,0.6867675185203552,0.4476107954978943,-0.03874252364039421,0.7641090154647827,0.5504556894302368,-0.011156109161674976,0.7335788607597351,0.4959813952445984,-0.024159729480743408,0.7119786143302917,0.46090641617774963,-0.03646478429436684,0.6943967342376709,0.42893868684768677,-0.04649024084210396,0.7841399312019348,0.5576795339584351,-0.02219206653535366,0.7508008480072021,0.504916250705719,-0.03577907010912895,0.7285773158073425,0.47649574279785156,-0.04712486267089844,0.7110321521759033,0.4541231393814087,-0.05597664788365364,0.8047831654548645,0.5783360600471497,-0.03410100191831589,0.7814004421234131,0.5512147545814514,-0.049628909677267075,0.758553147315979,0.5307199954986572,-0.06010210141539574,0.7392483353614807,0.5128549933433533,-0.06788614392280579,0.5673688650131226,0.7071473598480225,-2.252532169677579e-07,0.5632604956626892,0.6364648342132568,0.012266891077160835,0.5840753316879272,0.5805197358131409,0.015376740135252476,0.6142733097076416,0.5480343103408813,0.01411653496325016,0.6390489339828491,0.5370429754257202,0.01211974211037159,0.5989672541618347,0.5457863807678223,0.00646009249612689,0.6389173865318298,0.4860996603965759,-0.0015101542230695486,0.660064160823822,0.45143043994903564,-0.005131594371050596,0.6712859272956848,0.42366844415664673,-0.00662192003801465,0.6214637160301208,0.5560977458953857,-0.004814288578927517,0.6576847434043884,0.4844973087310791,-0.012648792937397957,0.6764400005340576,0.4419766664505005,-0.01750910095870495,0.6853497624397278,0.4089179039001465,-0.02047814428806305,0.644448459148407,0.5778944492340088,-0.015619472600519657,0.6819378137588501,0.5026977062225342,-0.0243845172226429,0.6992202401161194,0.4623899459838867,-0.030649902299046516,0.7065885663032532,0.4313376545906067,-0.03395356610417366,0.6687232851982117,0.6082412004470825,-0.025111278519034386,0.708113431930542,0.5601122379302979,-0.032333824783563614,0.7274102568626404,0.5306102633476257,-0.03545849397778511,0.7395992875099182,0.5043638348579407,-0.036668144166469574
0.8548757433891296,0.6692147254943848,6.170667177229916e-08,0.7935205101966858,0.652116596698761,-0.002715190639719367,0.7580030560493469,0.6080433130264282,-0.005263120401650667,0.7372331619262695,0.5734407901763916,-0.009794024750590324,0.7206289768218994,0.5469163656234741,-0.015236075967550278,0.7628548741340637,0.5515665411949158,-0.0026390417478978634,0.7358098030090332,0.5049118399620056,-0.014988833107054234,0.7149200439453125,0.4729081690311432,-0.026763513684272766,0.6974400877952576,0.44263219833374023,-0.03698532283306122,0.7773926258087158,0.5462339520454407,-0.011381152085959911,0.7399525046348572,0.492075115442276,-0.023714138194918633,0.7149639129638672,0.4581712782382965,-0.034472204744815826,0.6963669061660767,0.42585813999176025,-0.043104059994220734,0.7937513589859009,0.5557510256767273,-0.021596765145659447,0.755534827709198,0.5042498111724854,-0.0336989089846611,0.7314642071723938,0.4750117063522339,-0.042118437588214874,0.7129796743392944,0.450166255235672,-0.048708125948905945,0.8088201284408569,0.5783376097679138,-0.03266968950629234,0.784262478351593,0.5513724088668823,-0.04641468822956085,0.761949896812439,0.5290911197662354,-0.05475911498069763,0.7432431578636169,0.5075099468231201,-0.06080581247806549,0.569973886013031,0.7099583148956299,-2.391417410763097e-07,0.565231204032898,0.6403688788414001,0.011730245314538479,0.5861310958862305,0.5833538174629211,0.015020708553493023,0.6156406402587891,0.5475457906723022,0.014413109980523586,0.6393435001373291,0.5326765179634094,0.013034522533416748,0.6045922636985779,0.5478066802024841,0.00399631867185235,0.643263578414917,0.48283228278160095,-0.00496883038431406,0.6621531844139099,0.44503918290138245,-0.009249635972082615,0.670945405960083,0.41459324955940247,-0.010794814676046371,0.6257209181785583,0.5590515732765198,-0.00652766227722168,0.6607257127761841,0.48594072461128235,-0.014157210476696491,0.6781027317047119,0.4420347213745117,-0.019044023007154465,0.6855777502059937,0.4071628451347351,-0.02219359204173088,0.6470787525177002,0.5811450481414795,-0.01655343361198902,0.6833659410476685,0.5060207843780518,-0.02497348003089428,0.7004910111427307,0.4631883203983307,-0.03184385597705841,0.7072533965110779,0.4293779730796814,-0.03582329675555229,0.6698193550109863,0.6107264161109924,-0.025227580219507217,0.7091794013977051,0.5633154511451721,-0.03277180343866348,0.7291382551193237,0.5338562726974487,-0.03683958947658539,0.7415691018104553,0.5068829655647278,-0.03881194442510605
0.8172942996025085,0.7349857687950134,-2.9427489778299787e-08,0.754707396030426,0.7031540870666504,0.0037567242980003357,0.7277887463569641,0.6528236269950867,0.0033421823754906654,0.7137755155563354,0.618802547454834,5.9416248404886574e-05,0.7035735845565796,0.5888385772705078,-0.00439256289973855,0.7450868487358093,0.5807435512542725,0.009713014587759972,0.7093892693519592,0.5418606996536255,0.0018468350172042847,0.6854011416435242,0.5115106701850891,-0.009441547095775604,0.6651184558868408,0.48096534609794617,-0.019078290089964867,0.745836079120636,0.578579843044281,0.0010658522369340062,0.7071738243103027,0.5304957628250122,-0.004308595322072506,0.6834499835968018,0.4966631531715393,-0.011842049658298492,0.6651727557182312,0.46415066719055176,-0.01962425746023655,0.7430964112281799,0.584433376789093,-0.008817141875624657,0.7063583135604858,0.5339347124099731,-0.0141054168343544,0.685309112071991,0.5019169449806213,-0.01812409982085228,0.6685764193534851,0.4746830463409424,-0.02286544069647789,0.73641037940979,0.599151074886322,-0.01930510438978672,0.7126531004905701,0.5600958466529846,-0.022853713482618332,0.6983386874198914,0.5350937843322754,-0.023251762613654137,0.6869191527366638,0.5130817890167236,-0.025137364864349365,0.522766649723053,0.760403037071228,-6.585098333289352e-08,0.5169331431388855,0.6928676962852478,0.003819202771410346,0.536507785320282,0.6345766186714172,0.0014293567510321736,0.5634440779685974,0.5962299108505249,-0.0040883952751755714,0.5832424759864807,0.5717019438743591,-0.010545160621404648,0.5646059513092041,0.5955290794372559,-0.009759718552231789,0.6122106313705444,0.5242264866828918,-0.024324221536517143,0.6392015218734741,0.48189717531204224,-0.03157453238964081,0.6570310592651367,0.44759464263916016,-0.03496823087334633,0.5836523175239563,0.6101090312004089,-0.02058820053935051,0.6324269771575928,0.534149169921875,-0.03524747118353844,0.6589832305908203,0.48512428998947144,-0.04339287430047989,0.6751890182495117,0.44555574655532837,-0.04779358580708504,0.6017687320709229,0.6375710964202881,-0.03134741261601448,0.6504260897636414,0.5670745968818665,-0.045249469578266144,0.6753565073013306,0.5215352177619934,-0.05416840687394142,0.6892696619033813,0.4857749938964844,-0.058344338089227676,0.6207615733146667,0.6742753386497498,-0.041482362896203995,0.6671333312988281,0.628589391708374,-0.05286514759063721,0.6921311616897583,0.596174955368042,-0.058496322482824326,0.7096391916275024,0.5669977068901062,-0.060737378895282745
