label,x0,y0,z0,x1,y1,z1,x2,y2,z2,x3,y3,z3,x4,y4,z4,x5,y5,z5,x6,y6,z6,x7,y7,z7,x8,y8,z8,x9,y9,z9,x10,y10,z10,x11,y11,z11,x12,y12,z12,x13,y13,z13,x14,y14,z14,x15,y15,z15,x16,y16,z16,x17,y17,z17,x18,y18,z18,x19,y19,z19,x20,y20,z20
YES,0.6689848899841309,0.3294113278388977,-4.891525691164134e-07,0.6230689883232117,0.3309970498085022,-0.030306855216622353,0.5796220898628235,0.3220258057117462,-0.05305973067879677,0.5505425930023193,0.3289327621459961,-0.07105832546949387,0.5309396386146545,0.3395983576774597,-0.08457143604755402,0.5878580212593079,0.2379305362701416,-0.0558757483959198,0.5680781602859497,0.3391103744506836,-0.08273373544216156,0.578007698059082,0.36442771553993225,-0.09315312653779984,0.5874062776565552,0.3433043658733368,-0.09997817873954773,0.6350836753845215,0.22706927359104156,-0.05480446666479111,0.6150534749031067,0.3522486686706543,-0.07768163830041885,0.6216410994529724,0.3674827814102173,-0.0781412124633789,0.62735515832901,0.33683860301971436,-0.07921082526445389,0.679354190826416,0.2335088849067688,-0.0555582270026207,0.658217191696167,0.3538700044155121,-0.07811824232339859,0.6615262627601624,0.36783450841903687,-0.06845003366470337,0.6651352643966675,0.33795350790023804,-0.061252132058143616,0.7180652022361755,0.24831029772758484,-0.05986243858933449,0.6991966962814331,0.3440094590187073,-0.07544291019439697,0.6946432590484619,0.3590061366558075,-0.07207464426755905,0.6942861080169678,0.3365946412086487,-0.06824423372745514
YES,0.6627159714698792,0.3260650038719177,-5.348340437194565e-07,0.6165716052055359,0.3328248858451843,-0.03451818972826004,0.5701848268508911,0.32573390007019043,-0.059785038232803345,0.5436586141586304,0.3307965397834778,-0.07982853055000305,0.53581702709198,0.32695287466049194,-0.09504964202642441,0.5823357701301575,0.2287188172340393,-0.0625874251127243,0.5683534741401672,0.32939478754997253,-0.0910046398639679,0.5774669647216797,0.3563547134399414,-0.10129163414239883,0.5837319493293762,0.33560991287231445,-0.1081731989979744,0.6298017501831055,0.21645444631576538,-0.059655170887708664,0.6138343214988708,0.3420445919036865,-0.08484910428524017,0.6204054355621338,0.36175721883773804,-0.08466412127017975,0.6269075274467468,0.33479249477386475,-0.08548620343208313,0.6741755604743958,0.22192099690437317,-0.05874067172408104,0.656069815158844,0.341539204120636,-0.08363883942365646,0.6580953598022461,0.3602609634399414,-0.07360338419675827,0.6617301106452942,0.3321458101272583,-0.06628533452749252,0.7123062610626221,0.23591013252735138,-0.06162683293223381,0.6987714171409607,0.329292893409729,-0.07906948029994965,0.6928978562355042,0.3479723036289215,-0.0761837512254715,0.6927759051322937,0.3261657953262329,-0.07266851514577866
YES,0.6536223292350769,0.31951406598091125,-4.616023261405644e-07,0.6113578677177429,0.32629406452178955,-0.03142524138092995,0.5684937238693237,0.31962117552757263,-0.05498829111456871,0.5443180799484253,0.3275834918022156,-0.07375573366880417,0.5362827777862549,0.3370031714439392,-0.08867114782333374,0.5794181227684021,0.2377229779958725,-0.05622563511133194,0.5662916898727417,0.3311537802219391,-0.08165741711854935,0.5763066411018372,0.358642578125,-0.09171026945114136,0.5843977928161621,0.34061598777770996,-0.09883585572242737,0.623831033706665,0.22892192006111145,-0.054009970277547836,0.6117119193077087,0.335592120885849,-0.07649645954370499,0.6172211766242981,0.35811296105384827,-0.07672955840826035,0.6232815980911255,0.33709242939949036,-0.07813140004873276,0.6648035049438477,0.23452457785606384,-0.05368329957127571,0.6523136496543884,0.33428969979286194,-0.07532206177711487,0.6522904634475708,0.35478320717811584,-0.06756778061389923,0.6545621752738953,0.3320543169975281,-0.06248520314693451,0.70057213306427,0.2472286820411682,-0.05675165355205536,0.6910450458526611,0.323691189289093,-0.06997045129537582,0.6853088140487671,0.3432096242904663,-0.06696375459432602,0.6846193671226501,0.32743364572525024,-0.06477529555559158
YES,0.6403485536575317,0.401732861995697,-4.3984906028526893e-07,0.5930582880973816,0.3970176875591278,-0.030494360253214836,0.5465913414955139,0.36771270632743835,-0.050504859536886215,0.5236003994941711,0.34050923585891724,-0.06570135056972504,0.5275788903236389,0.30885908007621765,-0.0756237804889679,0.5672827363014221,0.2456694096326828,-0.03708355873823166,0.5531243085861206,0.29999202489852905,-0.058487795293331146,0.5609790086746216,0.3364131450653076,-0.0671125128865242,0.5701014995574951,0.3338184356689453,-0.07255206257104874,0.6057354211807251,0.23521317541599274,-0.03320467844605446,0.5928843021392822,0.30358654260635376,-0.05233846977353096,0.5947256684303284,0.34163355827331543,-0.05485908314585686,0.600385844707489,0.3333616852760315,-0.05636080726981163,0.6417101621627808,0.24246668815612793,-0.032355498522520065,0.6300813555717468,0.3093189299106598,-0.05269215628504753,0.6284062266349792,0.34526699781417847,-0.048466555774211884,0.6314563155174255,0.33695629239082336,-0.04444807395339012,0.674938440322876,0.2597556412220001,-0.03454485163092613,0.6656566858291626,0.3055168390274048,-0.04726652055978775,0.6581827998161316,0.3370636999607086,-0.0449325256049633,0.6562914848327637,0.33295780420303345,-0.04150084778666496
YES,0.6484265327453613,0.4215508699417114,-4.2753288198582595e-07,0.6005939245223999,0.4172206521034241,-0.031501319259405136,0.5518335103988647,0.3886343240737915,-0.05205996334552765,0.5278700590133667,0.3565651774406433,-0.06743847578763962,0.5372823476791382,0.3236938714981079,-0.07689645141363144,0.5706018805503845,0.26637664437294006,-0.03740467131137848,0.5565850734710693,0.31752410531044006,-0.059483811259269714,0.5660086274147034,0.3542388081550598,-0.06750206649303436,0.5749021172523499,0.3483792543411255,-0.07283005863428116,0.6079335808753967,0.25319623947143555,-0.0333198718726635,0.5975570678710938,0.31909626722335815,-0.05405023321509361,0.5997008085250854,0.3574579358100891,-0.056051649153232574,0.6033924221992493,0.3459071218967438,-0.05672105401754379,0.6439343690872192,0.2600247859954834,-0.03254104033112526,0.635352373123169,0.3261861503124237,-0.05410848557949066,0.633998453617096,0.360864520072937,-0.048906709998846054,0.6363255977630615,0.3485686182975769,-0.04423205181956291,0.6771641373634338,0.2779727876186371,-0.03490813076496124,0.6693812012672424,0.3262163996696472,-0.04929414391517639,0.6652472019195557,0.35582491755485535,-0.047797832638025284,0.6662303805351257,0.3477335572242737,-0.04495063051581383
YES,0.617110013961792,0.36442482471466064,-5.380222205531027e-07,0.5651772022247314,0.3803211748600006,-0.04199432581663132,0.511170506477356,0.374805212020874,-0.07281718403100967,0.48202645778656006,0.37892740964889526,-0.09659011662006378,0.48135921359062195,0.3675438165664673,-0.11471310257911682,0.5344928503036499,0.25825831294059753,-0.07945992052555084,0.5176700353622437,0.38559529185295105,-0.11217347532510757,0.5305300354957581,0.39675667881965637,-0.12525227665901184,0.542670726776123,0.3668922781944275,-0.13446491956710815,0.5885444283485413,0.24280031025409698,-0.07463103532791138,0.5722730159759521,0.39810001850128174,-0.10261756181716919,0.5787801146507263,0.3918055295944214,-0.10236876457929611,0.5844948291778564,0.3530755639076233,-0.10420504957437515,0.6386491656303406,0.24916142225265503,-0.07179096341133118,0.6203344464302063,0.3932473659515381,-0.10044292360544205,0.6211673021316528,0.3911442160606384,-0.08679492771625519,0.6246577501296997,0.3524681329727173,-0.07631777971982956,0.6815012693405151,0.266500324010849,-0.07395254075527191,0.6672303676605225,0.3776989281177521,-0.0983961969614029,0.6615877151489258,0.3800279498100281,-0.09682189673185349,0.6615663170814514,0.34598857164382935,-0.09281201660633087
YES,0.6885538697242737,0.36283302307128906,-7.40667871923506e-07,0.6302934288978577,0.37617045640945435,-0.0343761220574379,0.5787827968597412,0.383932501077652,-0.06559157371520996,0.5541231632232666,0.40685921907424927,-0.09343045949935913,0.5478813648223877,0.42829060554504395,-0.11967200040817261,0.5965059995651245,0.26676106452941895,-0.06932897865772247,0.5901157855987549,0.3651251196861267,-0.09827060252428055,0.601524829864502,0.40865397453308105,-0.11312609910964966,0.6078611612319946,0.40722471475601196,-0.12389689683914185,0.6555638313293457,0.2532128393650055,-0.07135199010372162,0.6474635601043701,0.3634348511695862,-0.09639424085617065,0.6518661975860596,0.4147757887840271,-0.09902814775705338,0.6569312214851379,0.42193183302879333,-0.10286202281713486,0.7113445997238159,0.2585955858230591,-0.07448727637529373,0.7020782232284546,0.36321455240249634,-0.10109402239322662,0.7002388834953308,0.4117636978626251,-0.0932709276676178,0.7005048990249634,0.4163733720779419,-0.08761543035507202,0.7630634903907776,0.27271342277526855,-0.08103883266448975,0.7615945339202881,0.3510587215423584,-0.09604949504137039,0.7497152090072632,0.3956416845321655,-0.0874425545334816,0.7405102252960205,0.4079623818397522,-0.08082421123981476
YES,0.7173332571983337,0.37985917925834656,-4.549317509372486e-07,0.6561552882194519,0.3989810049533844,-0.040391989052295685,0.5970181226730347,0.41365787386894226,-0.07696553319692612,0.5622578859329224,0.4363003969192505,-0.10654494911432266,0.5468581914901733,0.44497811794281006,-0.13078196346759796,0.6106795072555542,0.2989400029182434,-0.0966656506061554,0.5903519988059998,0.4528563618659973,-0.13423027098178864,0.6088122725486755,0.4632306694984436,-0.14613474905490875,0.6236063838005066,0.43127429485321045,-0.15398402512073517,0.6706507205963135,0.2859303951263428,-0.09533229470252991,0.6578599214553833,0.4646807909011841,-0.12847602367401123,0.6693389415740967,0.4560416340827942,-0.12493832409381866,0.6766728162765503,0.4077703356742859,-0.12434272468090057,0.7294902205467224,0.2913871705532074,-0.09493092447519302,0.7175183892250061,0.45583802461624146,-0.1273135393857956,0.7210232615470886,0.4490145742893219,-0.10852815210819244,0.723934531211853,0.40070295333862305,-0.09416551887989044,0.7829467058181763,0.30916354060173035,-0.09961047768592834,0.7739040851593018,0.4325503408908844,-0.12662959098815918,0.7680980563163757,0.43193167448043823,-0.12225369364023209,0.7675650119781494,0.3907596170902252,-0.1158042922616005
YES,0.6973151564598083,0.32984891533851624,-4.1779401271924144e-07,0.6388382911682129,0.3540496230125427,-0.04257617145776749,0.5787477493286133,0.37882524728775024,-0.08313276618719101,0.5459042191505432,0.41222789883613586,-0.11670616269111633,0.5412607192993164,0.42305710911750793,-0.1459919512271881,0.5928943157196045,0.2836706042289734,-0.10669265687465668,0.5755751729011536,0.44421422481536865,-0.1498088389635086,0.5948678255081177,0.45315322279930115,-0.16705234348773956,0.6075497269630432,0.4185301661491394,-0.17825403809547424,0.6486998796463013,0.2801688313484192,-0.10441706329584122,0.6376696825027466,0.45370185375213623,-0.14090560376644135,0.6523220539093018,0.44780072569847107,-0.13923650979995728,0.6599757075309753,0.398837685585022,-0.1414208859205246,0.7054163813591003,0.28768572211265564,-0.1029435470700264,0.6948899626731873,0.4400939345359802,-0.13712623715400696,0.7023484706878662,0.43365293741226196,-0.1210494190454483,0.7054800391197205,0.38419175148010254,-0.10981673747301102,0.756452739238739,0.3041967451572418,-0.10625533759593964,0.7497117519378662,0.4145624041557312,-0.13186831772327423,0.7467507719993591,0.41116172075271606,-0.12719640135765076,0.747562825679779,0.3699614703655243,-0.12262453138828278
YES,0.6892917156219482,0.34321147203445435,-3.800429624334356e-07,0.6266589760780334,0.3678479492664337,-0.04169275239109993,0.5641705989837646,0.3900585174560547,-0.081293985247612,0.5330855846405029,0.41837242245674133,-0.11341585218906403,0.5385413765907288,0.4238814115524292,-0.14133192598819733,0.580574095249176,0.2907429039478302,-0.109222911298275,0.5661552548408508,0.44007712602615356,-0.15067629516124725,0.5878271460533142,0.4393390417098999,-0.16646237671375275,0.6033421754837036,0.4037262797355652,-0.17705200612545013,0.6376615166664124,0.28292226791381836,-0.10564639419317245,0.6310116648674011,0.45520853996276855,-0.13893185555934906,0.64573734998703,0.4389626383781433,-0.1359403282403946,0.6545129418373108,0.3861936628818512,-0.13837392628192902,0.6954210996627808,0.2903684973716736,-0.10241017490625381,0.6879903674125671,0.4482972025871277,-0.13438862562179565,0.6921871900558472,0.4335772395133972,-0.11818575114011765,0.6944332122802734,0.38070356845855713,-0.10772194713354111,0.7464351654052734,0.308297336101532,-0.10399168729782104,0.7418340444564819,0.4288032054901123,-0.13152585923671722,0.7367847561836243,0.4202997088432312,-0.12973131239414215,0.7357242703437805,0.373718798160553,-0.12714871764183044
YES,0.6790608167648315,0.36162638664245605,-4.310126087148092e-07,0.6269044876098633,0.3798810839653015,-0.04436507076025009,0.5678260326385498,0.39066562056541443,-0.08190709352493286,0.5354712605476379,0.41081464290618896,-0.11227627843618393,0.5479738712310791,0.4092288613319397,-0.1368006467819214,0.5837495923042297,0.28954678773880005,-0.10076594352722168,0.5636696815490723,0.4249608516693115,-0.14392408728599548,0.584316611289978,0.4319802224636078,-0.1598685085773468,0.5988005995750427,0.39866042137145996,-0.16964960098266602,0.6403299570083618,0.27857115864753723,-0.09604134410619736,0.6282080411911011,0.4490944743156433,-0.1323312371969223,0.6435224413871765,0.4417879581451416,-0.12987445294857025,0.6518893837928772,0.38950294256210327,-0.13047516345977783,0.6975054144859314,0.2859439253807068,-0.09313927590847015,0.686659574508667,0.44341835379600525,-0.12792839109897614,0.6911396980285645,0.43398624658584595,-0.11168117076158524,0.6936959028244019,0.3783026337623596,-0.09933515638113022,0.7484901547431946,0.3050118684768677,-0.09539185464382172,0.7415881156921387,0.4256304204463959,-0.12483992427587509,0.7349199056625366,0.421241819858551,-0.12326443940401077,0.732496976852417,0.37534841895103455,-0.11914664506912231
YES,0.7006413340568542,0.31117069721221924,-3.772961179038248e-07,0.6314547657966614,0.3401694595813751,-0.03891054168343544,0.5692238211631775,0.37355589866638184,-0.07724488526582718,0.5370404720306396,0.41186994314193726,-0.11013070493936539,0.5431037545204163,0.4335389733314514,-0.14009211957454681,0.5892574787139893,0.28411152958869934,-0.10193491727113724,0.5760767459869385,0.4286034107208252,-0.14370127022266388,0.5983431339263916,0.4322395324707031,-0.161261647939682,0.6146456599235535,0.39644601941108704,-0.17362014949321747,0.6466819643974304,0.2760746479034424,-0.10083596408367157,0.6350963115692139,0.44662976264953613,-0.13265401124954224,0.6499148011207581,0.44079944491386414,-0.13067661225795746,0.6629793643951416,0.38689327239990234,-0.13539935648441315,0.703468918800354,0.28413692116737366,-0.10045438259840012,0.6925379037857056,0.44105762243270874,-0.13197049498558044,0.6950171589851379,0.42906486988067627,-0.11863258481025696,0.7001519203186035,0.3693384528160095,-0.11141093075275421,0.7536290884017944,0.30163562297821045,-0.10478262603282928,0.7452235221862793,0.4218277931213379,-0.1325782686471939,0.7400432825088501,0.41356298327445984,-0.13244947791099548,0.7396917939186096,0.36360296607017517,-0.1323922872543335
YES,0.6829606890678406,0.3556689918041229,-5.157427267477033e-07,0.6235692501068115,0.3866823613643646,-0.03948749974370003,0.5707163214683533,0.40870246291160583,-0.07054528594017029,0.5413293838500977,0.4267880618572235,-0.09456201642751694,0.5268133878707886,0.4362478256225586,-0.11294380575418472,0.5870188474655151,0.2876615822315216,-0.07576488703489304,0.5710985064506531,0.42526304721832275,-0.10879889130592346,0.5941387414932251,0.4390762150287628,-0.12250399589538574,0.6062047481536865,0.4057411849498749,-0.13075242936611176,0.6410729885101318,0.27198007702827454,-0.07484281063079834,0.6176128387451172,0.4274361729621887,-0.10308527201414108,0.6372918486595154,0.42771345376968384,-0.10549139976501465,0.645063579082489,0.39061084389686584,-0.10872692614793777,0.6912335157394409,0.27746129035949707,-0.07588623464107513,0.6660023927688599,0.4249435067176819,-0.1035471186041832,0.6809262037277222,0.42525097727775574,-0.09568265080451965,0.6867091059684753,0.3905341625213623,-0.09016145020723343,0.7339574694633484,0.29663559794425964,-0.08098997175693512,0.7191809415817261,0.40947893261909485,-0.10104114562273026,0.7227944731712341,0.41468700766563416,-0.09867929667234421,0.7227572798728943,0.38779905438423157,-0.0958402156829834
YES,0.6855625510215759,0.3644397556781769,-4.5485106170417566e-07,0.6220232248306274,0.3956393897533417,-0.05720411241054535,0.5577361583709717,0.41725867986679077,-0.1003858745098114,0.527808427810669,0.4294353723526001,-0.13298721611499786,0.5178205966949463,0.4345713257789612,-0.15935690701007843,0.596443772315979,0.28214162588119507,-0.10826841741800308,0.5837653279304504,0.4273453652858734,-0.14373841881752014,0.601260781288147,0.434012770652771,-0.1551710069179535,0.6133439540863037,0.39852777123451233,-0.16296592354774475,0.6452383995056152,0.2668919265270233,-0.09919857233762741,0.6300801634788513,0.43766748905181885,-0.13395296037197113,0.6401441097259521,0.4285510778427124,-0.1345738172531128,0.6474350094795227,0.38971370458602905,-0.13630205392837524,0.6917301416397095,0.27046579122543335,-0.09193257987499237,0.6738093495368958,0.43059659004211426,-0.12388919293880463,0.6820088624954224,0.4215485453605652,-0.11374020576477051,0.6859608292579651,0.3834335207939148,-0.10613498836755753,0.734046459197998,0.28972774744033813,-0.09050343185663223,0.7232048511505127,0.4084091782569885,-0.11327937245368958,0.7184975743293762,0.4128877520561218,-0.11081111431121826,0.7146788239479065,0.38648831844329834,-0.10750281065702438
YES,0.6855625510215759,0.3644397556781769,-4.5485106170417566e-07,0.6220232248306274,0.3956393897533417,-0.05720411241054535,0.5577361583709717,0.41725867986679077,-0.1003858745098114,0.527808427810669,0.4294353723526001,-0.13298721611499786,0.5178205966949463,0.4345713257789612,-0.15935690701007843,0.596443772315979,0.28214162588119507,-0.10826841741800308,0.5837653279304504,0.4273453652858734,-0.14373841881752014,0.601260781288147,0.434012770652771,-0.1551710069179535,0.6133439540863037,0.39852777123451233,-0.16296592354774475,0.6452383995056152,0.2668919265270233,-0.09919857233762741,0.6300801634788513,0.43766748905181885,-0.13395296037197113,0.6401441097259521,0.4285510778427124,-0.1345738172531128,0.6474350094795227,0.38971370458602905,-0.13630205392837524,0.6917301416397095,0.27046579122543335,-0.09193257987499237,0.6738093495368958,0.43059659004211426,-0.12388919293880463,0.6820088624954224,0.4215485453605652,-0.11374020576477051,0.6859608292579651,0.3834335207939148,-0.10613498836755753,0.734046459197998,0.28972774744033813,-0.09050343185663223,0.7232048511505127,0.4084091782569885,-0.11327937245368958,0.7184975743293762,0.4128877520561218,-0.11081111431121826,0.7146788239479065,0.38648831844329834,-0.10750281065702438
YES,0.6855625510215759,0.3644397556781769,-4.5485106170417566e-07,0.6220232248306274,0.3956393897533417,-0.05720411241054535,0.5577361583709717,0.41725867986679077,-0.1003858745098114,0.527808427810669,0.4294353723526001,-0.13298721611499786,0.5178205966949463,0.4345713257789612,-0.15935690701007843,0.596443772315979,0.28214162588119507,-0.10826841741800308,0.5837653279304504,0.4273453652858734,-0.14373841881752014,0.601260781288147,0.434012770652771,-0.1551710069179535,0.6133439540863037,0.39852777123451233,-0.16296592354774475,0.6452383995056152,0.2668919265270233,-0.09919857233762741,0.6300801634788513,0.43766748905181885,-0.13395296037197113,0.6401441097259521,0.4285510778427124,-0.1345738172531128,0.6474350094795227,0.38971370458602905,-0.13630205392837524,0.6917301416397095,0.27046579122543335,-0.09193257987499237,0.6738093495368958,0.43059659004211426,-0.12388919293880463,0.6820088624954224,0.4215485453605652,-0.11374020576477051,0.6859608292579651,0.3834335207939148,-0.10613498836755753,0.734046459197998,0.28972774744033813,-0.09050343185663223,0.7232048511505127,0.4084091782569885,-0.11327937245368958,0.7184975743293762,0.4128877520561218,-0.11081111431121826,0.7146788239479065,0.38648831844329834,-0.10750281065702438
YES,0.666220486164093,0.373828649520874,-5.962120326330478e-07,0.6233199834823608,0.3858180046081543,-0.04809127748012543,0.5729821920394897,0.3972584307193756,-0.0845986008644104,0.5390965938568115,0.4133175015449524,-0.11211919039487839,0.5153788328170776,0.42153140902519226,-0.13504934310913086,0.6186686754226685,0.27481767535209656,-0.09540087729692459,0.6112244725227356,0.39575842022895813,-0.1233425885438919,0.6128256320953369,0.41318899393081665,-0.13243499398231506,0.6123847365379333,0.39090991020202637,-0.14040809869766235,0.6513507962226868,0.2641180157661438,-0.08840096741914749,0.635851263999939,0.40601542592048645,-0.11730825901031494,0.634040355682373,0.4152621626853943,-0.11736144125461578,0.634013831615448,0.39658278226852417,-0.11994873732328415,0.6809654831886292,0.27232128381729126,-0.0824468731880188,0.6628018021583557,0.41031908988952637,-0.10987585783004761,0.6610328555107117,0.4169372320175171,-0.1032327339053154,0.6601387858390808,0.39336249232292175,-0.09991908818483353,0.7067602276802063,0.2925628423690796,-0.08129508793354034,0.6952532529830933,0.3978005647659302,-0.10255349427461624,0.6829631328582764,0.4192940592765808,-0.10191304236650467,0.6727064847946167,0.41009387373924255,-0.10131160914897919
YES,0.666220486164093,0.373828649520874,-5.962120326330478e-07,0.6233199834823608,0.3858180046081543,-0.04809127748012543,0.5729821920394897,0.3972584307193756,-0.0845986008644104,0.5390965938568115,0.4133175015449524,-0.11211919039487839,0.5153788328170776,0.42153140902519226,-0.13504934310913086,0.6186686754226685,0.27481767535209656,-0.09540087729692459,0.6112244725227356,0.39575842022895813,-0.1233425885438919,0.6128256320953369,0.41318899393081665,-0.13243499398231506,0.6123847365379333,0.39090991020202637,-0.14040809869766235,0.6513507962226868,0.2641180157661438,-0.08840096741914749,0.635851263999939,0.40601542592048645,-0.11730825901031494,0.634040355682373,0.4152621626853943,-0.11736144125461578,0.634013831615448,0.39658278226852417,-0.11994873732328415,0.6809654831886292,0.27232128381729126,-0.0824468731880188,0.6628018021583557,0.41031908988952637,-0.10987585783004761,0.6610328555107117,0.4169372320175171,-0.1032327339053154,0.6601387858390808,0.39336249232292175,-0.09991908818483353,0.7067602276802063,0.2925628423690796,-0.08129508793354034,0.6952532529830933,0.3978005647659302,-0.10255349427461624,0.6829631328582764,0.4192940592765808,-0.10191304236650467,0.6727064847946167,0.41009387373924255,-0.10131160914897919
YES,0.666220486164093,0.373828649520874,-5.962120326330478e-07,0.6233199834823608,0.3858180046081543,-0.04809127748012543,0.5729821920394897,0.3972584307193756,-0.0845986008644104,0.5390965938568115,0.4133175015449524,-0.11211919039487839,0.5153788328170776,0.42153140902519226,-0.13504934310913086,0.6186686754226685,0.27481767535209656,-0.09540087729692459,0.6112244725227356,0.39575842022895813,-0.1233425885438919,0.6128256320953369,0.41318899393081665,-0.13243499398231506,0.6123847365379333,0.39090991020202637,-0.14040809869766235,0.6513507962226868,0.2641180157661438,-0.08840096741914749,0.635851263999939,0.40601542592048645,-0.11730825901031494,0.634040355682373,0.4152621626853943,-0.11736144125461578,0.634013831615448,0.39658278226852417,-0.11994873732328415,0.6809654831886292,0.27232128381729126,-0.0824468731880188,0.6628018021583557,0.41031908988952637,-0.10987585783004761,0.6610328555107117,0.4169372320175171,-0.1032327339053154,0.6601387858390808,0.39336249232292175,-0.09991908818483353,0.7067602276802063,0.2925628423690796,-0.08129508793354034,0.6952532529830933,0.3978005647659302,-0.10255349427461624,0.6829631328582764,0.4192940592765808,-0.10191304236650467,0.6727064847946167,0.41009387373924255,-0.10131160914897919
YES,0.6431303024291992,0.33354058861732483,-7.851884902265738e-07,0.5873847007751465,0.37043002247810364,-0.021703485399484634,0.5435245037078857,0.39585328102111816,-0.04548773542046547,0.5166426301002502,0.4147607088088989,-0.06857860088348389,0.5004404187202454,0.4376771152019501,-0.09306374937295914,0.5649054050445557,0.28073450922966003,-0.04392381012439728,0.5492594838142395,0.33088812232017517,-0.07360228151082993,0.538114070892334,0.3875529170036316,-0.09966952353715897,0.5369349718093872,0.42635464668273926,-0.11683561652898788,0.6172503232955933,0.2665105164051056,-0.05118132755160332,0.60007643699646,0.33073946833610535,-0.0745118036866188,0.5909767746925354,0.3962944746017456,-0.08799230307340622,0.5939738750457764,0.4385083019733429,-0.10002896934747696,0.6662908792495728,0.2665785849094391,-0.059599827975034714,0.6527183055877686,0.32851308584213257,-0.08538413792848587,0.6458594799041748,0.3878099322319031,-0.08579780161380768,0.6467039585113525,0.42892760038375854,-0.08577436208724976,0.7118318676948547,0.27539676427841187,-0.06967773288488388,0.7058945894241333,0.32411953806877136,-0.08994417637586594,0.7010468244552612,0.3656823933124542,-0.0849706158041954,0.6988256573677063,0.3972175717353821,-0.0801866352558136
YES,0.6431303024291992,0.33354058861732483,-7.851884902265738e-07,0.5873847007751465,0.37043002247810364,-0.021703485399484634,0.5435245037078857,0.39585328102111816,-0.04548773542046547,0.5166426301002502,0.4147607088088989,-0.06857860088348389,0.5004404187202454,0.4376771152019501,-0.09306374937295914,0.5649054050445557,0.28073450922966003,-0.04392381012439728,0.5492594838142395,0.33088812232017517,-0.07360228151082993,0.538114070892334,0.3875529170036316,-0.09966952353715897,0.5369349718093872,0.42635464668273926,-0.11683561652898788,0.6172503232955933,0.2665105164051056,-0.05118132755160332,0.60007643699646,0.33073946833610535,-0.0745118036866188,0.5909767746925354,0.3962944746017456,-0.08799230307340622,0.5939738750457764,0.4385083019733429,-0.10002896934747696,0.6662908792495728,0.2665785849094391,-0.059599827975034714,0.6527183055877686,0.32851308584213257,-0.08538413792848587,0.6458594799041748,0.3878099322319031,-0.08579780161380768,0.6467039585113525,0.42892760038375854,-0.08577436208724976,0.7118318676948547,0.27539676427841187,-0.06967773288488388,0.7058945894241333,0.32411953806877136,-0.08994417637586594,0.7010468244552612,0.3656823933124542,-0.0849706158041954,0.6988256573677063,0.3972175717353821,-0.0801866352558136
YES,0.6431303024291992,0.33354058861732483,-7.851884902265738e-07,0.5873847007751465,0.37043002247810364,-0.021703485399484634,0.5435245037078857,0.39585328102111816,-0.04548773542046547,0.5166426301002502,0.4147607088088989,-0.06857860088348389,0.5004404187202454,0.4376771152019501,-0.09306374937295914,0.5649054050445557,0.28073450922966003,-0.04392381012439728,0.5492594838142395,0.33088812232017517,-0.07360228151082993,0.538114070892334,0.3875529170036316,-0.09966952353715897,0.5369349718093872,0.42635464668273926,-0.11683561652898788,0.6172503232955933,0.2665105164051056,-0.05118132755160332,0.60007643699646,0.33073946833610535,-0.0745118036866188,0.5909767746925354,0.3962944746017456,-0.08799230307340622,0.5939738750457764,0.4385083019733429,-0.10002896934747696,0.6662908792495728,0.2665785849094391,-0.059599827975034714,0.6527183055877686,0.32851308584213257,-0.08538413792848587,0.6458594799041748,0.3878099322319031,-0.08579780161380768,0.6467039585113525,0.42892760038375854,-0.08577436208724976,0.7118318676948547,0.27539676427841187,-0.06967773288488388,0.7058945894241333,0.32411953806877136,-0.08994417637586594,0.7010468244552612,0.3656823933124542,-0.0849706158041954,0.6988256573677063,0.3972175717353821,-0.0801866352558136
YES,0.6431303024291992,0.33354058861732483,-7.851884902265738e-07,0.5873847007751465,0.37043002247810364,-0.021703485399484634,0.5435245037078857,0.39585328102111816,-0.04548773542046547,0.5166426301002502,0.4147607088088989,-0.06857860088348389,0.5004404187202454,0.4376771152019501,-0.09306374937295914,0.5649054050445557,0.28073450922966003,-0.04392381012439728,0.5492594838142395,0.33088812232017517,-0.07360228151082993,0.538114070892334,0.3875529170036316,-0.09966952353715897,0.5369349718093872,0.42635464668273926,-0.11683561652898788,0.6172503232955933,0.2665105164051056,-0.05118132755160332,0.60007643699646,0.33073946833610535,-0.0745118036866188,0.5909767746925354,0.3962944746017456,-0.08799230307340622,0.5939738750457764,0.4385083019733429,-0.10002896934747696,0.6662908792495728,0.2665785849094391,-0.059599827975034714,0.6527183055877686,0.32851308584213257,-0.08538413792848587,0.6458594799041748,0.3878099322319031,-0.08579780161380768,0.6467039585113525,0.42892760038375854,-0.08577436208724976,0.7118318676948547,0.27539676427841187,-0.06967773288488388,0.7058945894241333,0.32411953806877136,-0.08994417637586594,0.7010468244552612,0.3656823933124542,-0.0849706158041954,0.6988256573677063,0.3972175717353821,-0.0801866352558136
YES,0.599818766117096,0.3725997805595398,-3.3803453902692127e-07,0.5502775311470032,0.3880491256713867,-0.035101357847452164,0.5099610090255737,0.405836284160614,-0.06789039820432663,0.49590104818344116,0.42716819047927856,-0.09543800354003906,0.49119696021080017,0.4359436631202698,-0.11922918260097504,0.5240792632102966,0.30214744806289673,-0.07584074884653091,0.5193225145339966,0.4251539707183838,-0.10750166326761246,0.5331338047981262,0.4309994578361511,-0.1225072368979454,0.5426803827285767,0.40384969115257263,-0.1336938887834549,0.566483199596405,0.29804739356040955,-0.07481379061937332,0.5625524520874023,0.43267154693603516,-0.10143078863620758,0.5729742646217346,0.42659705877304077,-0.10286223143339157,0.5799683332443237,0.3917144536972046,-0.10748656839132309,0.6085615754127502,0.30553457140922546,-0.07533041387796402,0.6058913469314575,0.4283849596977234,-0.10230197757482529,0.6085195541381836,0.4210132360458374,-0.09480265527963638,0.6099015474319458,0.3812258839607239,-0.09017505496740341,0.6466562151908875,0.3219858407974243,-0.07991842925548553,0.6468464136123657,0.4091596007347107,-0.10149669647216797,0.6451206803321838,0.4016760587692261,-0.10192463546991348,0.6478138566017151,0.36575019359588623,-0.10171981155872345
YES,0.599818766117096,0.3725997805595398,-3.3803453902692127e-07,0.5502775311470032,0.3880491256713867,-0.035101357847452164,0.5099610090255737,0.405836284160614,-0.06789039820432663,0.49590104818344116,0.42716819047927856,-0.09543800354003906,0.49119696021080017,0.4359436631202698,-0.11922918260097504,0.5240792632102966,0.30214744806289673,-0.07584074884653091,0.5193225145339966,0.4251539707183838,-0.10750166326761246,0.5331338047981262,0.4309994578361511,-0.1225072368979454,0.5426803827285767,0.40384969115257263,-0.1336938887834549,0.566483199596405,0.29804739356040955,-0.07481379061937332,0.5625524520874023,0.43267154693603516,-0.10143078863620758,0.5729742646217346,0.42659705877304077,-0.10286223143339157,0.5799683332443237,0.3917144536972046,-0.10748656839132309,0.6085615754127502,0.30553457140922546,-0.07533041387796402,0.6058913469314575,0.4283849596977234,-0.10230197757482529,0.6085195541381836,0.4210132360458374,-0.09480265527963638,0.6099015474319458,0.3812258839607239,-0.09017505496740341,0.6466562151908875,0.3219858407974243,-0.07991842925548553,0.6468464136123657,0.4091596007347107,-0.10149669647216797,0.6451206803321838,0.4016760587692261,-0.10192463546991348,0.6478138566017151,0.36575019359588623,-0.10171981155872345
YES,0.599818766117096,0.3725997805595398,-3.3803453902692127e-07,0.5502775311470032,0.3880491256713867,-0.035101357847452164,0.5099610090255737,0.405836284160614,-0.06789039820432663,0.49590104818344116,0.42716819047927856,-0.09543800354003906,0.49119696021080017,0.4359436631202698,-0.11922918260097504,0.5240792632102966,0.30214744806289673,-0.07584074884653091,0.5193225145339966,0.4251539707183838,-0.10750166326761246,0.5331338047981262,0.4309994578361511,-0.1225072368979454,0.5426803827285767,0.40384969115257263,-0.1336938887834549,0.566483199596405,0.29804739356040955,-0.07481379061937332,0.5625524520874023,0.43267154693603516,-0.10143078863620758,0.5729742646217346,0.42659705877304077,-0.10286223143339157,0.5799683332443237,0.3917144536972046,-0.10748656839132309,0.6085615754127502,0.30553457140922546,-0.07533041387796402,0.6058913469314575,0.4283849596977234,-0.10230197757482529,0.6085195541381836,0.4210132360458374,-0.09480265527963638,0.6099015474319458,0.3812258839607239,-0.09017505496740341,0.6466562151908875,0.3219858407974243,-0.07991842925548553,0.6468464136123657,0.4091596007347107,-0.10149669647216797,0.6451206803321838,0.4016760587692261,-0.10192463546991348,0.6478138566017151,0.36575019359588623,-0.10171981155872345
YES,0.5890701413154602,0.382243275642395,-3.3364415230607847e-07,0.5435934662818909,0.40229034423828125,-0.03404314070940018,0.4954390525817871,0.4197523891925812,-0.0629778727889061,0.4708448052406311,0.43813735246658325,-0.08636992424726486,0.4706880748271942,0.43505266308784485,-0.10605986416339874,0.5095818042755127,0.31670981645584106,-0.07277382165193558,0.5043302178382874,0.43001294136047363,-0.10318503528833389,0.5133607983589172,0.425872802734375,-0.11823824048042297,0.5187034606933594,0.39698323607444763,-0.12904833257198334,0.5580043196678162,0.30354854464530945,-0.0695924237370491,0.5571033358573914,0.4411638379096985,-0.09423822164535522,0.560914158821106,0.42358526587486267,-0.09622307121753693,0.5612055063247681,0.38364917039871216,-0.1003212034702301,0.6044358015060425,0.30488961935043335,-0.06752137094736099,0.6021735072135925,0.4337289333343506,-0.0919429287314415,0.602077305316925,0.41710808873176575,-0.08279682695865631,0.5998400449752808,0.37392741441726685,-0.07597159594297409,0.6450096368789673,0.3154929578304291,-0.06963427364826202,0.6430398225784302,0.4117794632911682,-0.09288803488016129,0.6391661763191223,0.4010779857635498,-0.09360060095787048,0.6375332474708557,0.36254623532295227,-0.09124233573675156
YES,0.5890701413154602,0.382243275642395,-3.3364415230607847e-07,0.5435934662818909,0.40229034423828125,-0.03404314070940018,0.4954390525817871,0.4197523891925812,-0.0629778727889061,0.4708448052406311,0.43813735246658325,-0.08636992424726486,0.4706880748271942,0.43505266308784485,-0.10605986416339874,0.5095818042755127,0.31670981645584106,-0.07277382165193558,0.5043302178382874,0.43001294136047363,-0.10318503528833389,0.5133607983589172,0.425872802734375,-0.11823824048042297,0.5187034606933594,0.39698323607444763,-0.12904833257198334,0.5580043196678162,0.30354854464530945,-0.0695924237370491,0.5571033358573914,0.4411638379096985,-0.09423822164535522,0.560914158821106,0.42358526587486267,-0.09622307121753693,0.5612055063247681,0.38364917039871216,-0.1003212034702301,0.6044358015060425,0.30488961935043335,-0.06752137094736099,0.6021735072135925,0.4337289333343506,-0.0919429287314415,0.602077305316925,0.41710808873176575,-0.08279682695865631,0.5998400449752808,0.37392741441726685,-0.07597159594297409,0.6450096368789673,0.3154929578304291,-0.06963427364826202,0.6430398225784302,0.4117794632911682,-0.09288803488016129,0.6391661763191223,0.4010779857635498,-0.09360060095787048,0.6375332474708557,0.36254623532295227,-0.09124233573675156
YES,0.5890701413154602,0.382243275642395,-3.3364415230607847e-07,0.5435934662818909,0.40229034423828125,-0.03404314070940018,0.4954390525817871,0.4197523891925812,-0.0629778727889061,0.4708448052406311,0.43813735246658325,-0.08636992424726486,0.4706880748271942,0.43505266308784485,-0.10605986416339874,0.5095818042755127,0.31670981645584106,-0.07277382165193558,0.5043302178382874,0.43001294136047363,-0.10318503528833389,0.5133607983589172,0.425872802734375,-0.11823824048042297,0.5187034606933594,0.39698323607444763,-0.12904833257198334,0.5580043196678162,0.30354854464530945,-0.0695924237370491,0.5571033358573914,0.4411638379096985,-0.09423822164535522,0.560914158821106,0.42358526587486267,-0.09622307121753693,0.5612055063247681,0.38364917039871216,-0.1003212034702301,0.6044358015060425,0.30488961935043335,-0.06752137094736099,0.6021735072135925,0.4337289333343506,-0.0919429287314415,0.602077305316925,0.41710808873176575,-0.08279682695865631,0.5998400449752808,0.37392741441726685,-0.07597159594297409,0.6450096368789673,0.3154929578304291,-0.06963427364826202,0.6430398225784302,0.4117794632911682,-0.09288803488016129,0.6391661763191223,0.4010779857635498,-0.09360060095787048,0.6375332474708557,0.36254623532295227,-0.09124233573675156
YES,0.59786456823349,0.39550071954727173,-4.686607155690581e-07,0.5548428297042847,0.4162414073944092,-0.032762255519628525,0.5055138468742371,0.42753052711486816,-0.059793099761009216,0.4812125563621521,0.4413488507270813,-0.08159133791923523,0.4880254864692688,0.43474289774894714,-0.09882576018571854,0.5118377208709717,0.3261999785900116,-0.06990813463926315,0.5064665079116821,0.43767887353897095,-0.09906180202960968,0.5168432593345642,0.44913020730018616,-0.11012173444032669,0.5197518467903137,0.421934574842453,-0.11791691929101944,0.5576296448707581,0.30771613121032715,-0.06733901053667068,0.5594558715820312,0.44526687264442444,-0.09204909205436707,0.564876139163971,0.442683607339859,-0.09137070924043655,0.563691258430481,0.40327638387680054,-0.09305492788553238,0.6044973134994507,0.30562305450439453,-0.06591243296861649,0.605545163154602,0.4335073232650757,-0.09076007455587387,0.6060653328895569,0.4303189218044281,-0.07911337167024612,0.6025794744491577,0.38830113410949707,-0.07070526480674744,0.6461045145988464,0.31369590759277344,-0.06833397597074509,0.6470776200294495,0.41044777631759644,-0.09012183547019958,0.6453185677528381,0.4120100736618042,-0.08848749846220016,0.6446670889854431,0.3777788281440735,-0.08480963110923767
YES,0.59786456823349,0.39550071954727173,-4.686607155690581e-07,0.5548428297042847,0.4162414073944092,-0.032762255519628525,0.5055138468742371,0.42753052711486816,-0.059793099761009216,0.4812125563621521,0.4413488507270813,-0.08159133791923523,0.4880254864692688,0.43474289774894714,-0.09882576018571854,0.5118377208709717,0.3261999785900116,-0.06990813463926315,0.5064665079116821,0.43767887353897095,-0.09906180202960968,0.5168432593345642,0.44913020730018616,-0.11012173444032669,0.5197518467903137,0.421934574842453,-0.11791691929101944,0.5576296448707581,0.30771613121032715,-0.06733901053667068,0.5594558715820312,0.44526687264442444,-0.09204909205436707,0.564876139163971,0.442683607339859,-0.09137070924043655,0.563691258430481,0.40327638387680054,-0.09305492788553238,0.6044973134994507,0.30562305450439453,-0.06591243296861649,0.605545163154602,0.4335073232650757,-0.09076007455587387,0.6060653328895569,0.4303189218044281,-0.07911337167024612,0.6025794744491577,0.38830113410949707,-0.07070526480674744,0.6461045145988464,0.31369590759277344,-0.06833397597074509,0.6470776200294495,0.41044777631759644,-0.09012183547019958,0.6453185677528381,0.4120100736618042,-0.08848749846220016,0.6446670889854431,0.3777788281440735,-0.08480963110923767
YES,0.59786456823349,0.39550071954727173,-4.686607155690581e-07,0.5548428297042847,0.4162414073944092,-0.032762255519628525,0.5055138468742371,0.42753052711486816,-0.059793099761009216,0.4812125563621521,0.4413488507270813,-0.08159133791923523,0.4880254864692688,0.43474289774894714,-0.09882576018571854,0.5118377208709717,0.3261999785900116,-0.06990813463926315,0.5064665079116821,0.43767887353897095,-0.09906180202960968,0.5168432593345642,0.44913020730018616,-0.11012173444032669,0.5197518467903137,0.421934574842453,-0.11791691929101944,0.5576296448707581,0.30771613121032715,-0.06733901053667068,0.5594558715820312,0.44526687264442444,-0.09204909205436707,0.564876139163971,0.442683607339859,-0.09137070924043655,0.563691258430481,0.40327638387680054,-0.09305492788553238,0.6044973134994507,0.30562305450439453,-0.06591243296861649,0.605545163154602,0.4335073232650757,-0.09076007455587387,0.6060653328895569,0.4303189218044281,-0.07911337167024612,0.6025794744491577,0.38830113410949707,-0.07070526480674744,0.6461045145988464,0.31369590759277344,-0.06833397597074509,0.6470776200294495,0.41044777631759644,-0.09012183547019958,0.6453185677528381,0.4120100736618042,-0.08848749846220016,0.6446670889854431,0.3777788281440735,-0.08480963110923767
YES,0.6008332371711731,0.4115391671657562,-4.4432582058107073e-07,0.5591753125190735,0.4297105669975281,-0.03463564068078995,0.5063016414642334,0.4345157742500305,-0.06096695736050606,0.47921013832092285,0.44198766350746155,-0.08188814669847488,0.4870661199092865,0.4337496757507324,-0.09748797118663788,0.5130615830421448,0.3326674699783325,-0.06442679464817047,0.5034438371658325,0.43547359108924866,-0.09241532534360886,0.5162898898124695,0.4487106204032898,-0.10255099087953568,0.5230021476745605,0.42297419905662537,-0.10947944223880768,0.5576967597007751,0.3119674026966095,-0.060810934752225876,0.5557736158370972,0.44402292370796204,-0.0846874788403511,0.5648095607757568,0.44506359100341797,-0.08437248319387436,0.5666439533233643,0.4082094728946686,-0.08572336286306381,0.6028176546096802,0.30953630805015564,-0.05905423313379288,0.6014636158943176,0.433220773935318,-0.08384770900011063,0.6046555042266846,0.4347686767578125,-0.07390421628952026,0.6032370924949646,0.3964588940143585,-0.06609054654836655,0.6434176564216614,0.31856146454811096,-0.0612654946744442,0.6428922414779663,0.410770982503891,-0.08132189512252808,0.6422433853149414,0.4166089594364166,-0.079750195145607,0.6421797275543213,0.38698118925094604,-0.07616626471281052
YES,0.6008332371711731,0.4115391671657562,-4.4432582058107073e-07,0.5591753125190735,0.4297105669975281,-0.03463564068078995,0.5063016414642334,0.4345157742500305,-0.06096695736050606,0.47921013832092285,0.44198766350746155,-0.08188814669847488,0.4870661199092865,0.4337496757507324,-0.09748797118663788,0.5130615830421448,0.3326674699783325,-0.06442679464817047,0.5034438371658325,0.43547359108924866,-0.09241532534360886,0.5162898898124695,0.4487106204032898,-0.10255099087953568,0.5230021476745605,0.42297419905662537,-0.10947944223880768,0.5576967597007751,0.3119674026966095,-0.060810934752225876,0.5557736158370972,0.44402292370796204,-0.0846874788403511,0.5648095607757568,0.44506359100341797,-0.08437248319387436,0.5666439533233643,0.4082094728946686,-0.08572336286306381,0.6028176546096802,0.30953630805015564,-0.05905423313379288,0.6014636158943176,0.433220773935318,-0.08384770900011063,0.6046555042266846,0.4347686767578125,-0.07390421628952026,0.6032370924949646,0.3964588940143585,-0.06609054654836655,0.6434176564216614,0.31856146454811096,-0.0612654946744442,0.6428922414779663,0.410770982503891,-0.08132189512252808,0.6422433853149414,0.4166089594364166,-0.079750195145607,0.6421797275543213,0.38698118925094604,-0.07616626471281052
YES,0.6008332371711731,0.4115391671657562,-4.4432582058107073e-07,0.5591753125190735,0.4297105669975281,-0.03463564068078995,0.5063016414642334,0.4345157742500305,-0.06096695736050606,0.47921013832092285,0.44198766350746155,-0.08188814669847488,0.4870661199092865,0.4337496757507324,-0.09748797118663788,0.5130615830421448,0.3326674699783325,-0.06442679464817047,0.5034438371658325,0.43547359108924866,-0.09241532534360886,0.5162898898124695,0.4487106204032898,-0.10255099087953568,0.5230021476745605,0.42297419905662537,-0.10947944223880768,0.5576967597007751,0.3119674026966095,-0.060810934752225876,0.5557736158370972,0.44402292370796204,-0.0846874788403511,0.5648095607757568,0.44506359100341797,-0.08437248319387436,0.5666439533233643,0.4082094728946686,-0.08572336286306381,0.6028176546096802,0.30953630805015564,-0.05905423313379288,0.6014636158943176,0.433220773935318,-0.08384770900011063,0.6046555042266846,0.4347686767578125,-0.07390421628952026,0.6032370924949646,0.3964588940143585,-0.06609054654836655,0.6434176564216614,0.31856146454811096,-0.0612654946744442,0.6428922414779663,0.410770982503891,-0.08132189512252808,0.6422433853149414,0.4166089594364166,-0.079750195145607,0.6421797275543213,0.38698118925094604,-0.07616626471281052
YES,0.6034777164459229,0.4079948663711548,-4.536551045930537e-07,0.5623480677604675,0.4234977066516876,-0.030931813642382622,0.5126616954803467,0.4261634647846222,-0.05620206892490387,0.4853229224681854,0.4372178912162781,-0.07673876732587814,0.4833313226699829,0.4359472095966339,-0.09231317043304443,0.5143634676933289,0.33236467838287354,-0.06207892298698425,0.507526159286499,0.4335516095161438,-0.09072209149599075,0.5239026546478271,0.4543018937110901,-0.10082083940505981,0.5324498414993286,0.43118858337402344,-0.10745109617710114,0.5564103722572327,0.31129565834999084,-0.06079225614666939,0.555644154548645,0.43816351890563965,-0.08524292707443237,0.5682448148727417,0.4497740864753723,-0.08477284759283066,0.5708563923835754,0.4189862608909607,-0.08589348942041397,0.5996397733688354,0.30750802159309387,-0.06119004637002945,0.5989855527877808,0.4280027747154236,-0.08532295376062393,0.6051666140556335,0.4387243986129761,-0.07506010681390762,0.6039811968803406,0.40668198466300964,-0.06775625795125961,0.6403229832649231,0.31419119238853455,-0.06522248685359955,0.6382921934127808,0.40673449635505676,-0.08326991647481918,0.6382683515548706,0.4213624894618988,-0.08074840158224106,0.6364308595657349,0.39775392413139343,-0.07738377898931503
YES,0.6034777164459229,0.4079948663711548,-4.536551045930537e-07,0.5623480677604675,0.4234977066516876,-0.030931813642382622,0.5126616954803467,0.4261634647846222,-0.05620206892490387,0.4853229224681854,0.4372178912162781,-0.07673876732587814,0.4833313226699829,0.4359472095966339,-0.09231317043304443,0.5143634676933289,0.33236467838287354,-0.06207892298698425,0.507526159286499,0.4335516095161438,-0.09072209149599075,0.5239026546478271,0.4543018937110901,-0.10082083940505981,0.5324498414993286,0.43118858337402344,-0.10745109617710114,0.5564103722572327,0.31129565834999084,-0.06079225614666939,0.555644154548645,0.43816351890563965,-0.08524292707443237,0.5682448148727417,0.4497740864753723,-0.08477284759283066,0.5708563923835754,0.4189862608909607,-0.08589348942041397,0.5996397733688354,0.30750802159309387,-0.06119004637002945,0.5989855527877808,0.4280027747154236,-0.08532295376062393,0.6051666140556335,0.4387243986129761,-0.07506010681390762,0.6039811968803406,0.40668198466300964,-0.06775625795125961,0.6403229832649231,0.31419119238853455,-0.06522248685359955,0.6382921934127808,0.40673449635505676,-0.08326991647481918,0.6382683515548706,0.4213624894618988,-0.08074840158224106,0.6364308595657349,0.39775392413139343,-0.07738377898931503
YES,0.6034777164459229,0.4079948663711548,-4.536551045930537e-07,0.5623480677604675,0.4234977066516876,-0.030931813642382622,0.5126616954803467,0.4261634647846222,-0.05620206892490387,0.4853229224681854,0.4372178912162781,-0.07673876732587814,0.4833313226699829,0.4359472095966339,-0.09231317043304443,0.5143634676933289,0.33236467838287354,-0.06207892298698425,0.507526159286499,0.4335516095161438,-0.09072209149599075,0.5239026546478271,0.4543018937110901,-0.10082083940505981,0.5324498414993286,0.43118858337402344,-0.10745109617710114,0.5564103722572327,0.31129565834999084,-0.06079225614666939,0.555644154548645,0.43816351890563965,-0.08524292707443237,0.5682448148727417,0.4497740864753723,-0.08477284759283066,0.5708563923835754,0.4189862608909607,-0.08589348942041397,0.5996397733688354,0.30750802159309387,-0.06119004637002945,0.5989855527877808,0.4280027747154236,-0.08532295376062393,0.6051666140556335,0.4387243986129761,-0.07506010681390762,0.6039811968803406,0.40668198466300964,-0.06775625795125961,0.6403229832649231,0.31419119238853455,-0.06522248685359955,0.6382921934127808,0.40673449635505676,-0.08326991647481918,0.6382683515548706,0.4213624894618988,-0.08074840158224106,0.6364308595657349,0.39775392413139343,-0.07738377898931503
YES,0.6034100651741028,0.4028016924858093,-4.1016912177838094e-07,0.5620579123497009,0.42037850618362427,-0.03169936686754227,0.5111387968063354,0.42328357696533203,-0.05571403354406357,0.4832291603088379,0.43465495109558105,-0.07441161572933197,0.484993577003479,0.4348965287208557,-0.08750436455011368,0.5161621570587158,0.3292498290538788,-0.06326291710138321,0.5071625113487244,0.4317055344581604,-0.09084104001522064,0.5215749740600586,0.4472964406013489,-0.09891758859157562,0.5296865105628967,0.42259931564331055,-0.10386566072702408,0.559880793094635,0.307792991399765,-0.06020934134721756,0.5582151412963867,0.44297027587890625,-0.08372138440608978,0.5685541033744812,0.44081777334213257,-0.08036116510629654,0.5698804259300232,0.4023156464099884,-0.07856696099042892,0.6039513349533081,0.30704909563064575,-0.05901797488331795,0.602412223815918,0.4321497082710266,-0.08340644836425781,0.6051572561264038,0.4311814308166504,-0.06999709457159042,0.6023033261299133,0.3937230706214905,-0.05879457667469978,0.6439793109893799,0.3176623284816742,-0.06165410578250885,0.6425407528877258,0.41172298789024353,-0.08322127163410187,0.640493631362915,0.4156982898712158,-0.08171121031045914,0.6377137899398804,0.3861296772956848,-0.07688771188259125
YES,0.6034100651741028,0.4028016924858093,-4.1016912177838094e-07,0.5620579123497009,0.42037850618362427,-0.03169936686754227,0.5111387968063354,0.42328357696533203,-0.05571403354406357,0.4832291603088379,0.43465495109558105,-0.07441161572933197,0.484993577003479,0.4348965287208557,-0.08750436455011368,0.5161621570587158,0.3292498290538788,-0.06326291710138321,0.5071625113487244,0.4317055344581604,-0.09084104001522064,0.5215749740600586,0.4472964406013489,-0.09891758859157562,0.5296865105628967,0.42259931564331055,-0.10386566072702408,0.559880793094635,0.307792991399765,-0.06020934134721756,0.5582151412963867,0.44297027587890625,-0.08372138440608978,0.5685541033744812,0.44081777334213257,-0.08036116510629654,0.5698804259300232,0.4023156464099884,-0.07856696099042892,0.6039513349533081,0.30704909563064575,-0.05901797488331795,0.602412223815918,0.4321497082710266,-0.08340644836425781,0.6051572561264038,0.4311814308166504,-0.06999709457159042,0.6023033261299133,0.3937230706214905,-0.05879457667469978,0.6439793109893799,0.3176623284816742,-0.06165410578250885,0.6425407528877258,0.41172298789024353,-0.08322127163410187,0.640493631362915,0.4156982898712158,-0.08171121031045914,0.6377137899398804,0.3861296772956848,-0.07688771188259125
YES,0.6034100651741028,0.4028016924858093,-4.1016912177838094e-07,0.5620579123497009,0.42037850618362427,-0.03169936686754227,0.5111387968063354,0.42328357696533203,-0.05571403354406357,0.4832291603088379,0.43465495109558105,-0.07441161572933197,0.484993577003479,0.4348965287208557,-0.08750436455011368,0.5161621570587158,0.3292498290538788,-0.06326291710138321,0.5071625113487244,0.4317055344581604,-0.09084104001522064,0.5215749740600586,0.4472964406013489,-0.09891758859157562,0.5296865105628967,0.42259931564331055,-0.10386566072702408,0.559880793094635,0.307792991399765,-0.06020934134721756,0.5582151412963867,0.44297027587890625,-0.08372138440608978,0.5685541033744812,0.44081777334213257,-0.08036116510629654,0.5698804259300232,0.4023156464099884,-0.07856696099042892,0.6039513349533081,0.30704909563064575,-0.05901797488331795,0.602412223815918,0.4321497082710266,-0.08340644836425781,0.6051572561264038,0.4311814308166504,-0.06999709457159042,0.6023033261299133,0.3937230706214905,-0.05879457667469978,0.6439793109893799,0.3176623284816742,-0.06165410578250885,0.6425407528877258,0.41172298789024353,-0.08322127163410187,0.640493631362915,0.4156982898712158,-0.08171121031045914,0.6377137899398804,0.3861296772956848,-0.07688771188259125
YES,0.6054109334945679,0.406597375869751,-4.2466891159165243e-07,0.5628790259361267,0.424800843000412,-0.03147464618086815,0.513672947883606,0.4302849769592285,-0.05621527507901192,0.48537030816078186,0.43719300627708435,-0.07576950639486313,0.4829239249229431,0.4375326633453369,-0.09004434198141098,0.5161659717559814,0.3319818675518036,-0.060005176812410355,0.5074459910392761,0.4341241121292114,-0.08603669703006744,0.5240983963012695,0.4526418447494507,-0.0941440761089325,0.5350010991096497,0.4316261410713196,-0.09914081543684006,0.5582413673400879,0.31253552436828613,-0.05749029293656349,0.5563791990280151,0.437237024307251,-0.0804879441857338,0.5671530961990356,0.4418245553970337,-0.07963576167821884,0.5701655149459839,0.4122418761253357,-0.07959895581007004,0.6008020639419556,0.30900582671165466,-0.05661631003022194,0.5992269515991211,0.42670315504074097,-0.08007274568080902,0.60511314868927,0.43021535873413086,-0.0699838325381279,0.6052184104919434,0.3977888226509094,-0.061626289039850235,0.6401767730712891,0.3163299560546875,-0.059269338846206665,0.6373677253723145,0.4052248001098633,-0.07674898952245712,0.6378400325775146,0.4137793779373169,-0.0741552785038948,0.6370823979377747,0.388202428817749,-0.06982169300317764
YES,0.6054109334945679,0.406597375869751,-4.2466891159165243e-07,0.5628790259361267,0.424800843000412,-0.03147464618086815,0.513672947883606,0.4302849769592285,-0.05621527507901192,0.48537030816078186,0.43719300627708435,-0.07576950639486313,0.4829239249229431,0.4375326633453369,-0.09004434198141098,0.5161659717559814,0.3319818675518036,-0.060005176812410355,0.5074459910392761,0.4341241121292114,-0.08603669703006744,0.5240983963012695,0.4526418447494507,-0.0941440761089325,0.5350010991096497,0.4316261410713196,-0.09914081543684006,0.5582413673400879,0.31253552436828613,-0.05749029293656349,0.5563791990280151,0.437237024307251,-0.0804879441857338,0.5671530961990356,0.4418245553970337,-0.07963576167821884,0.5701655149459839,0.4122418761253357,-0.07959895581007004,0.6008020639419556,0.30900582671165466,-0.05661631003022194,0.5992269515991211,0.42670315504074097,-0.08007274568080902,0.60511314868927,0.43021535873413086,-0.0699838325381279,0.6052184104919434,0.3977888226509094,-0.061626289039850235,0.6401767730712891,0.3163299560546875,-0.059269338846206665,0.6373677253723145,0.4052248001098633,-0.07674898952245712,0.6378400325775146,0.4137793779373169,-0.0741552785038948,0.6370823979377747,0.388202428817749,-0.06982169300317764
YES,0.6066321730613708,0.41027823090553284,-3.802562673627108e-07,0.5668268203735352,0.42760714888572693,-0.032496485859155655,0.5156386494636536,0.4320283532142639,-0.056766804307699203,0.48589473962783813,0.4395560324192047,-0.0754145160317421,0.47906404733657837,0.43316537141799927,-0.08811433613300323,0.5138500332832336,0.3309994637966156,-0.06280148029327393,0.5032037496566772,0.433645635843277,-0.09039827436208725,0.5204312205314636,0.4464956521987915,-0.0983564555644989,0.5307166576385498,0.42267757654190063,-0.10287885367870331,0.5563474893569946,0.3096295893192291,-0.059029269963502884,0.5546658039093018,0.44184911251068115,-0.08249519765377045,0.5677816867828369,0.44045060873031616,-0.0789455994963646,0.5711221098899841,0.4057125151157379,-0.07672253996133804,0.6001172065734863,0.306957483291626,-0.05725081264972687,0.59931480884552,0.4307404160499573,-0.08135921508073807,0.605270504951477,0.4291101098060608,-0.06807394325733185,0.6048741936683655,0.3911728262901306,-0.056862279772758484,0.6407788395881653,0.31635570526123047,-0.05934591218829155,0.6395153403282166,0.408115953207016,-0.07916221022605896,0.6402084231376648,0.4117358326911926,-0.07666280120611191,0.6406709551811218,0.38078758120536804,-0.071382537484169
YES,0.6066321730613708,0.41027823090553284,-3.802562673627108e-07,0.5668268203735352,0.42760714888572693,-0.032496485859155655,0.5156386494636536,0.4320283532142639,-0.056766804307699203,0.48589473962783813,0.4395560324192047,-0.0754145160317421,0.47906404733657837,0.43316537141799927,-0.08811433613300323,0.5138500332832336,0.3309994637966156,-0.06280148029327393,0.5032037496566772,0.433645635843277,-0.09039827436208725,0.5204312205314636,0.4464956521987915,-0.0983564555644989,0.5307166576385498,0.42267757654190063,-0.10287885367870331,0.5563474893569946,0.3096295893192291,-0.059029269963502884,0.5546658039093018,0.44184911251068115,-0.08249519765377045,0.5677816867828369,0.44045060873031616,-0.0789455994963646,0.5711221098899841,0.4057125151157379,-0.07672253996133804,0.6001172065734863,0.306957483291626,-0.05725081264972687,0.59931480884552,0.4307404160499573,-0.08135921508073807,0.605270504951477,0.4291101098060608,-0.06807394325733185,0.6048741936683655,0.3911728262901306,-0.056862279772758484,0.6407788395881653,0.31635570526123047,-0.05934591218829155,0.6395153403282166,0.408115953207016,-0.07916221022605896,0.6402084231376648,0.4117358326911926,-0.07666280120611191,0.6406709551811218,0.38078758120536804,-0.071382537484169
YES,0.6066321730613708,0.41027823090553284,-3.802562673627108e-07,0.5668268203735352,0.42760714888572693,-0.032496485859155655,0.5156386494636536,0.4320283532142639,-0.056766804307699203,0.48589473962783813,0.4395560324192047,-0.0754145160317421,0.47906404733657837,0.43316537141799927,-0.08811433613300323,0.5138500332832336,0.3309994637966156,-0.06280148029327393,0.5032037496566772,0.433645635843277,-0.09039827436208725,0.5204312205314636,0.4464956521987915,-0.0983564555644989,0.5307166576385498,0.42267757654190063,-0.10287885367870331,0.5563474893569946,0.3096295893192291,-0.059029269963502884,0.5546658039093018,0.44184911251068115,-0.08249519765377045,0.5677816867828369,0.44045060873031616,-0.0789455994963646,0.5711221098899841,0.4057125151157379,-0.07672253996133804,0.6001172065734863,0.306957483291626,-0.05725081264972687,0.59931480884552,0.4307404160499573,-0.08135921508073807,0.605270504951477,0.4291101098060608,-0.06807394325733185,0.6048741936683655,0.3911728262901306,-0.056862279772758484,0.6407788395881653,0.31635570526123047,-0.05934591218829155,0.6395153403282166,0.408115953207016,-0.07916221022605896,0.6402084231376648,0.4117358326911926,-0.07666280120611191,0.6406709551811218,0.38078758120536804,-0.071382537484169
YES,0.6034136414527893,0.4054012894630432,-4.3634778990053746e-07,0.5600137114524841,0.4205167889595032,-0.03104412369430065,0.5096694231033325,0.4272843897342682,-0.05659791827201843,0.4829774498939514,0.44149941205978394,-0.07733671367168427,0.47417163848876953,0.44212770462036133,-0.09316008538007736,0.5112840533256531,0.32810676097869873,-0.06390760838985443,0.5008283853530884,0.43375083804130554,-0.09180834889411926,0.5147419571876526,0.45195627212524414,-0.10036260634660721,0.5222700834274292,0.4277574419975281,-0.10585934668779373,0.5553733110427856,0.30941107869148254,-0.06245480850338936,0.5516131520271301,0.4403311610221863,-0.08653872460126877,0.5624685287475586,0.4501713514328003,-0.0840190052986145,0.5648477077484131,0.41861963272094727,-0.08314702659845352,0.6002091765403748,0.30727359652519226,-0.06257487833499908,0.5959951281547546,0.43177008628845215,-0.08686032146215439,0.6028795838356018,0.43830472230911255,-0.07464689761400223,0.6032071709632874,0.4024752080440521,-0.06528511643409729,0.6417017579078674,0.3151869475841522,-0.06634323298931122,0.6368100643157959,0.40953660011291504,-0.08542747795581818,0.636833906173706,0.42128923535346985,-0.08204329758882523,0.6371045112609863,0.394865483045578,-0.07719167321920395
YES,0.6034136414527893,0.4054012894630432,-4.3634778990053746e-07,0.5600137114524841,0.4205167889595032,-0.03104412369430065,0.5096694231033325,0.4272843897342682,-0.05659791827201843,0.4829774498939514,0.44149941205978394,-0.07733671367168427,0.47417163848876953,0.44212770462036133,-0.09316008538007736,0.5112840533256531,0.32810676097869873,-0.06390760838985443,0.5008283853530884,0.43375083804130554,-0.09180834889411926,0.5147419571876526,0.45195627212524414,-0.10036260634660721,0.5222700834274292,0.4277574419975281,-0.10585934668779373,0.5553733110427856,0.30941107869148254,-0.06245480850338936,0.5516131520271301,0.4403311610221863,-0.08653872460126877,0.5624685287475586,0.4501713514328003,-0.0840190052986145,0.5648477077484131,0.41861963272094727,-0.08314702659845352,0.6002091765403748,0.30727359652519226,-0.06257487833499908,0.5959951281547546,0.43177008628845215,-0.08686032146215439,0.6028795838356018,0.43830472230911255,-0.07464689761400223,0.6032071709632874,0.4024752080440521,-0.06528511643409729,0.6417017579078674,0.3151869475841522,-0.06634323298931122,0.6368100643157959,0.40953660011291504,-0.08542747795581818,0.636833906173706,0.42128923535346985,-0.08204329758882523,0.6371045112609863,0.394865483045578,-0.07719167321920395
YES,0.5938361287117004,0.4144894480705261,-4.855766064792988e-07,0.5452691316604614,0.4385411739349365,-0.041884858161211014,0.4906401038169861,0.4496029019355774,-0.07347524911165237,0.4645593762397766,0.46128028631210327,-0.09807302802801132,0.4760412275791168,0.4481697082519531,-0.1166103184223175,0.5029686093330383,0.33499854803085327,-0.07840438932180405,0.49363112449645996,0.46418917179107666,-0.11052336543798447,0.5058485269546509,0.4807889759540558,-0.1218770369887352,0.5137807726860046,0.45319879055023193,-0.12965834140777588,0.5517528653144836,0.3169128894805908,-0.07243726402521133,0.548382043838501,0.46796754002571106,-0.10112886130809784,0.5552970767021179,0.4683018624782562,-0.10035920143127441,0.5569137930870056,0.4287993907928467,-0.10114965587854385,0.5999699831008911,0.3162360191345215,-0.06855934113264084,0.5961374640464783,0.4555744230747223,-0.0982733815908432,0.5970080494880676,0.4540994465351105,-0.08608503639698029,0.5942240357398987,0.41133832931518555,-0.07611183077096939,0.6424102187156677,0.32711362838745117,-0.06919383257627487,0.6407979726791382,0.43096503615379333,-0.09392783790826797,0.6367827653884888,0.4332217574119568,-0.09289605915546417,0.6337124705314636,0.39746206998825073,-0.08890607208013535
YES,0.5929782390594482,0.3889537453651428,-4.39675460484068e-07,0.5346667170524597,0.41567111015319824,-0.040082789957523346,0.47952359914779663,0.43785560131073,-0.07198230922222137,0.4533546566963196,0.456550657749176,-0.09701960533857346,0.4613957405090332,0.4522036910057068,-0.1177414208650589,0.5000970363616943,0.3333928883075714,-0.08659535646438599,0.4918458163738251,0.4646339416503906,-0.12091375142335892,0.5046776533126831,0.45509254932403564,-0.1353369951248169,0.5140864253044128,0.41944199800491333,-0.14532464742660522,0.5582765340805054,0.3178735375404358,-0.08158580958843231,0.5549798011779785,0.47949928045272827,-0.10979536175727844,0.5607600808143616,0.45543137192726135,-0.10881903767585754,0.5648247003555298,0.4084767699241638,-0.11065861582756042,0.6132673621177673,0.31924018263816833,-0.07757303863763809,0.6092739105224609,0.4687946140766144,-0.10699748247861862,0.6072402000427246,0.44652605056762695,-0.09250696748495102,0.6066461801528931,0.3954313397407532,-0.08092072606086731,0.6598213911056519,0.33118733763694763,-0.07838397473096848,0.6574041247367859,0.4451516270637512,-0.10703109949827194,0.6522650122642517,0.4299252927303314,-0.10641615837812424,0.6515668630599976,0.3817939758300781,-0.10181190818548203
YES,0.6111640930175781,0.2857946455478668,-3.6489004173745343e-07,0.5453111529350281,0.3249695301055908,-0.03256005048751831,0.48424968123435974,0.379782110452652,-0.07216452062129974,0.4552689790725708,0.4296046495437622,-0.10959435254335403,0.4510037302970886,0.46362122893333435,-0.14745840430259705,0.499387264251709,0.3179391324520111,-0.08734907954931259,0.48943161964416504,0.43768543004989624,-0.12472618371248245,0.5067906379699707,0.4409486949443817,-0.14821337163448334,0.5180242657661438,0.4131438136100769,-0.16601824760437012,0.5513036847114563,0.31630825996398926,-0.09095018357038498,0.5445048213005066,0.4520632028579712,-0.11752065271139145,0.5564747452735901,0.44679468870162964,-0.12296327203512192,0.5666720867156982,0.4050559401512146,-0.1348632425069809,0.6038142442703247,0.3205659091472626,-0.09466100484132767,0.599543035030365,0.45076024532318115,-0.12052217870950699,0.6030673384666443,0.4375741481781006,-0.11420703679323196,0.6064194440841675,0.3869236707687378,-0.11377783864736557,0.6524788737297058,0.3305509686470032,-0.10253018140792847,0.6513803005218506,0.4329966902732849,-0.11968568712472916,0.6482282876968384,0.4254993200302124,-0.11543387174606323,0.6473389267921448,0.3849566876888275,-0.11567732691764832
YES,0.6111640930175781,0.2857946455478668,-3.6489004173745343e-07,0.5453111529350281,0.3249695301055908,-0.03256005048751831,0.48424968123435974,0.379782110452652,-0.07216452062129974,0.4552689790725708,0.4296046495437622,-0.10959435254335403,0.4510037302970886,0.46362122893333435,-0.14745840430259705,0.499387264251709,0.3179391324520111,-0.08734907954931259,0.48943161964416504,0.43768543004989624,-0.12472618371248245,0.5067906379699707,0.4409486949443817,-0.14821337163448334,0.5180242657661438,0.4131438136100769,-0.16601824760437012,0.5513036847114563,0.31630825996398926,-0.09095018357038498,0.5445048213005066,0.4520632028579712,-0.11752065271139145,0.5564747452735901,0.44679468870162964,-0.12296327203512192,0.5666720867156982,0.4050559401512146,-0.1348632425069809,0.6038142442703247,0.3205659091472626,-0.09466100484132767,0.599543035030365,0.45076024532318115,-0.12052217870950699,0.6030673384666443,0.4375741481781006,-0.11420703679323196,0.6064194440841675,0.3869236707687378,-0.11377783864736557,0.6524788737297058,0.3305509686470032,-0.10253018140792847,0.6513803005218506,0.4329966902732849,-0.11968568712472916,0.6482282876968384,0.4254993200302124,-0.11543387174606323,0.6473389267921448,0.3849566876888275,-0.11567732691764832
YES,0.5927423238754272,0.40058398246765137,-4.352213807123917e-07,0.5440529584884644,0.4189724326133728,-0.03615853190422058,0.4924406111240387,0.4279184937477112,-0.06636426597833633,0.46104663610458374,0.43802621960639954,-0.0905124619603157,0.45733821392059326,0.44160518050193787,-0.1102481484413147,0.4904410243034363,0.31739097833633423,-0.07032345980405807,0.4849701225757599,0.43447285890579224,-0.09712303429841995,0.5012009739875793,0.4467390179634094,-0.10805518925189972,0.5114337801933289,0.42324769496917725,-0.11588963866233826,0.5409237742424011,0.3004080653190613,-0.06736260652542114,0.5380330085754395,0.4399191737174988,-0.08933089673519135,0.5488079786300659,0.44297242164611816,-0.08991281688213348,0.5561586022377014,0.4186241030693054,-0.09261319041252136,0.5908082723617554,0.3005255460739136,-0.0655394122004509,0.5873945951461792,0.4306187629699707,-0.08789699524641037,0.5940155982971191,0.4325096011161804,-0.07885650545358658,0.5986254215240479,0.40307748317718506,-0.07266822457313538,0.6357977390289307,0.3108022212982178,-0.0677204579114914,0.6346021294593811,0.40580493211746216,-0.08411399275064468,0.6362055540084839,0.41170385479927063,-0.08102893084287643,0.6398216485977173,0.38602134585380554,-0.07733731716871262
YES,0.5927423238754272,0.40058398246765137,-4.352213807123917e-07,0.5440529584884644,0.4189724326133728,-0.03615853190422058,0.4924406111240387,0.4279184937477112,-0.06636426597833633,0.46104663610458374,0.43802621960639954,-0.0905124619603157,0.45733821392059326,0.44160518050193787,-0.1102481484413147,0.4904410243034363,0.31739097833633423,-0.07032345980405807,0.4849701225757599,0.43447285890579224,-0.09712303429841995,0.5012009739875793,0.4467390179634094,-0.10805518925189972,0.5114337801933289,0.42324769496917725,-0.11588963866233826,0.5409237742424011,0.3004080653190613,-0.06736260652542114,0.5380330085754395,0.4399191737174988,-0.08933089673519135,0.5488079786300659,0.44297242164611816,-0.08991281688213348,0.5561586022377014,0.4186241030693054,-0.09261319041252136,0.5908082723617554,0.3005255460739136,-0.0655394122004509,0.5873945951461792,0.4306187629699707,-0.08789699524641037,0.5940155982971191,0.4325096011161804,-0.07885650545358658,0.5986254215240479,0.40307748317718506,-0.07266822457313538,0.6357977390289307,0.3108022212982178,-0.0677204579114914,0.6346021294593811,0.40580493211746216,-0.08411399275064468,0.6362055540084839,0.41170385479927063,-0.08102893084287643,0.6398216485977173,0.38602134585380554,-0.07733731716871262
YES,0.5927423238754272,0.40058398246765137,-4.352213807123917e-07,0.5440529584884644,0.4189724326133728,-0.03615853190422058,0.4924406111240387,0.4279184937477112,-0.06636426597833633,0.46104663610458374,0.43802621960639954,-0.0905124619603157,0.45733821392059326,0.44160518050193787,-0.1102481484413147,0.4904410243034363,0.31739097833633423,-0.07032345980405807,0.4849701225757599,0.43447285890579224,-0.09712303429841995,0.5012009739875793,0.4467390179634094,-0.10805518925189972,0.5114337801933289,0.42324769496917725,-0.11588963866233826,0.5409237742424011,0.3004080653190613,-0.06736260652542114,0.5380330085754395,0.4399191737174988,-0.08933089673519135,0.5488079786300659,0.44297242164611816,-0.08991281688213348,0.5561586022377014,0.4186241030693054,-0.09261319041252136,0.5908082723617554,0.3005255460739136,-0.0655394122004509,0.5873945951461792,0.4306187629699707,-0.08789699524641037,0.5940155982971191,0.4325096011161804,-0.07885650545358658,0.5986254215240479,0.40307748317718506,-0.07266822457313538,0.6357977390289307,0.3108022212982178,-0.0677204579114914,0.6346021294593811,0.40580493211746216,-0.08411399275064468,0.6362055540084839,0.41170385479927063,-0.08102893084287643,0.6398216485977173,0.38602134585380554,-0.07733731716871262
YES,0.5768762230873108,0.40434980392456055,-5.196574761612283e-07,0.5323675274848938,0.42190712690353394,-0.03510301187634468,0.4839138388633728,0.4235351085662842,-0.06237788498401642,0.45874208211898804,0.43189483880996704,-0.08425621688365936,0.4583590626716614,0.42999395728111267,-0.10165109485387802,0.48909488320350647,0.31866225600242615,-0.0655738040804863,0.4866955578327179,0.4248087406158447,-0.09123244881629944,0.4972490966320038,0.45193490386009216,-0.09946409612894058,0.5016644597053528,0.433272123336792,-0.1054750606417656,0.5377939343452454,0.30194586515426636,-0.06300897896289825,0.5355644822120667,0.42723339796066284,-0.08609449863433838,0.5453771352767944,0.44685977697372437,-0.08597858250141144,0.5513265132904053,0.42669224739074707,-0.08765676617622375,0.584220290184021,0.30141592025756836,-0.0618722103536129,0.5817461013793945,0.4197099208831787,-0.086269810795784,0.5864928364753723,0.4371548295021057,-0.07881417125463486,0.5881758332252502,0.41149288415908813,-0.0735136941075325,0.6253332495689392,0.3088301420211792,-0.06431782245635986,0.6261719465255737,0.39757227897644043,-0.08131188154220581,0.6250505447387695,0.41870206594467163,-0.07840380817651749,0.62538743019104,0.40353843569755554,-0.07497601956129074
YES,0.5768762230873108,0.40434980392456055,-5.196574761612283e-07,0.5323675274848938,0.42190712690353394,-0.03510301187634468,0.4839138388633728,0.4235351085662842,-0.06237788498401642,0.45874208211898804,0.43189483880996704,-0.08425621688365936,0.4583590626716614,0.42999395728111267,-0.10165109485387802,0.48909488320350647,0.31866225600242615,-0.0655738040804863,0.4866955578327179,0.4248087406158447,-0.09123244881629944,0.4972490966320038,0.45193490386009216,-0.09946409612894058,0.5016644597053528,0.433272123336792,-0.1054750606417656,0.5377939343452454,0.30194586515426636,-0.06300897896289825,0.5355644822120667,0.42723339796066284,-0.08609449863433838,0.5453771352767944,0.44685977697372437,-0.08597858250141144,0.5513265132904053,0.42669224739074707,-0.08765676617622375,0.584220290184021,0.30141592025756836,-0.0618722103536129,0.5817461013793945,0.4197099208831787,-0.086269810795784,0.5864928364753723,0.4371548295021057,-0.07881417125463486,0.5881758332252502,0.41149288415908813,-0.0735136941075325,0.6253332495689392,0.3088301420211792,-0.06431782245635986,0.6261719465255737,0.39757227897644043,-0.08131188154220581,0.6250505447387695,0.41870206594467163,-0.07840380817651749,0.62538743019104,0.40353843569755554,-0.07497601956129074
YES,0.5768762230873108,0.40434980392456055,-5.196574761612283e-07,0.5323675274848938,0.42190712690353394,-0.03510301187634468,0.4839138388633728,0.4235351085662842,-0.06237788498401642,0.45874208211898804,0.43189483880996704,-0.08425621688365936,0.4583590626716614,0.42999395728111267,-0.10165109485387802,0.48909488320350647,0.31866225600242615,-0.0655738040804863,0.4866955578327179,0.4248087406158447,-0.09123244881629944,0.4972490966320038,0.45193490386009216,-0.09946409612894058,0.5016644597053528,0.433272123336792,-0.1054750606417656,0.5377939343452454,0.30194586515426636,-0.06300897896289825,0.5355644822120667,0.42723339796066284,-0.08609449863433838,0.5453771352767944,0.44685977697372437,-0.08597858250141144,0.5513265132904053,0.42669224739074707,-0.08765676617622375,0.584220290184021,0.30141592025756836,-0.0618722103536129,0.5817461013793945,0.4197099208831787,-0.086269810795784,0.5864928364753723,0.4371548295021057,-0.07881417125463486,0.5881758332252502,0.41149288415908813,-0.0735136941075325,0.6253332495689392,0.3088301420211792,-0.06431782245635986,0.6261719465255737,0.39757227897644043,-0.08131188154220581,0.6250505447387695,0.41870206594467163,-0.07840380817651749,0.62538743019104,0.40353843569755554,-0.07497601956129074
YES,0.5702135562896729,0.40800702571868896,-4.4408318444766337e-07,0.5257566571235657,0.4288249611854553,-0.03118302673101425,0.47958171367645264,0.4333611726760864,-0.056026216596364975,0.4512913227081299,0.43515828251838684,-0.07591626793146133,0.43353724479675293,0.4215039610862732,-0.09175334125757217,0.4721587598323822,0.3193401098251343,-0.057658880949020386,0.46525490283966064,0.4185090959072113,-0.08399917185306549,0.4789550006389618,0.43776845932006836,-0.09616430103778839,0.48643606901168823,0.41754838824272156,-0.10417979955673218,0.5153233408927917,0.3030581474304199,-0.055990107357501984,0.5079127550125122,0.41813862323760986,-0.0782577395439148,0.5194907188415527,0.4337932765483856,-0.08122771978378296,0.526757538318634,0.4146857261657715,-0.0848117396235466,0.5583884119987488,0.3031422793865204,-0.055798113346099854,0.5509161353111267,0.4118401110172272,-0.07938611507415771,0.5597070455551147,0.4287141263484955,-0.07416386902332306,0.564386785030365,0.4080045223236084,-0.07023733109235764,0.5968257784843445,0.31252521276474,-0.058700937777757645,0.5941903591156006,0.3974396586418152,-0.07551330327987671,0.5990488529205322,0.41390693187713623,-0.07363119721412659,0.6037354469299316,0.39661750197410583,-0.07058408856391907
YES,0.5702135562896729,0.40800702571868896,-4.4408318444766337e-07,0.5257566571235657,0.4288249611854553,-0.03118302673101425,0.47958171367645264,0.4333611726760864,-0.056026216596364975,0.4512913227081299,0.43515828251838684,-0.07591626793146133,0.43353724479675293,0.4215039610862732,-0.09175334125757217,0.4721587598323822,0.3193401098251343,-0.057658880949020386,0.46525490283966064,0.4185090959072113,-0.08399917185306549,0.4789550006389618,0.43776845932006836,-0.09616430103778839,0.48643606901168823,0.41754838824272156,-0.10417979955673218,0.5153233408927917,0.3030581474304199,-0.055990107357501984,0.5079127550125122,0.41813862323760986,-0.0782577395439148,0.5194907188415527,0.4337932765483856,-0.08122771978378296,0.526757538318634,0.4146857261657715,-0.0848117396235466,0.5583884119987488,0.3031422793865204,-0.055798113346099854,0.5509161353111267,0.4118401110172272,-0.07938611507415771,0.5597070455551147,0.4287141263484955,-0.07416386902332306,0.564386785030365,0.4080045223236084,-0.07023733109235764,0.5968257784843445,0.31252521276474,-0.058700937777757645,0.5941903591156006,0.3974396586418152,-0.07551330327987671,0.5990488529205322,0.41390693187713623,-0.07363119721412659,0.6037354469299316,0.39661750197410583,-0.07058408856391907
YES,0.5702135562896729,0.40800702571868896,-4.4408318444766337e-07,0.5257566571235657,0.4288249611854553,-0.03118302673101425,0.47958171367645264,0.4333611726760864,-0.056026216596364975,0.4512913227081299,0.43515828251838684,-0.07591626793146133,0.43353724479675293,0.4215039610862732,-0.09175334125757217,0.4721587598323822,0.3193401098251343,-0.057658880949020386,0.46525490283966064,0.4185090959072113,-0.08399917185306549,0.4789550006389618,0.43776845932006836,-0.09616430103778839,0.48643606901168823,0.41754838824272156,-0.10417979955673218,0.5153233408927917,0.3030581474304199,-0.055990107357501984,0.5079127550125122,0.41813862323760986,-0.0782577395439148,0.5194907188415527,0.4337932765483856,-0.08122771978378296,0.526757538318634,0.4146857261657715,-0.0848117396235466,0.5583884119987488,0.3031422793865204,-0.055798113346099854,0.5509161353111267,0.4118401110172272,-0.07938611507415771,0.5597070455551147,0.4287141263484955,-0.07416386902332306,0.564386785030365,0.4080045223236084,-0.07023733109235764,0.5968257784843445,0.31252521276474,-0.058700937777757645,0.5941903591156006,0.3974396586418152,-0.07551330327987671,0.5990488529205322,0.41390693187713623,-0.07363119721412659,0.6037354469299316,0.39661750197410583,-0.07058408856391907
YES,0.5614848136901855,0.3969185948371887,-5.771078122052131e-07,0.5166425108909607,0.42262622714042664,-0.01658709906041622,0.4742538630962372,0.43247443437576294,-0.03293586149811745,0.44311949610710144,0.43728935718536377,-0.04784593731164932,0.4143916964530945,0.4473983645439148,-0.062493108212947845,0.463253915309906,0.3389919400215149,-0.036995694041252136,0.4519874155521393,0.3943672180175781,-0.06107746437191963,0.45520153641700745,0.4249834418296814,-0.07817554473876953,0.4594374895095825,0.4375036954879761,-0.08844570070505142,0.4946902096271515,0.322724312543869,-0.04114923253655434,0.4845302700996399,0.3999139666557312,-0.05960575491189957,0.4914625287055969,0.43236786127090454,-0.06712167710065842,0.4999801218509674,0.44137346744537354,-0.07324150204658508,0.5298126339912415,0.32142096757888794,-0.04616687819361687,0.5213205814361572,0.3940301239490509,-0.06471429765224457,0.527444064617157,0.42350879311561584,-0.062402743846178055,0.5333355665206909,0.43417975306510925,-0.06022119149565697,0.5645016431808472,0.3290060758590698,-0.05270751193165779,0.5581420660018921,0.3776194453239441,-0.06770684570074081,0.5593904852867126,0.40224429965019226,-0.06420484185218811,0.5609200596809387,0.4131946563720703,-0.059580378234386444
YES,0.5614848136901855,0.3969185948371887,-5.771078122052131e-07,0.5166425108909607,0.42262622714042664,-0.01658709906041622,0.4742538630962372,0.43247443437576294,-0.03293586149811745,0.44311949610710144,0.43728935718536377,-0.04784593731164932,0.4143916964530945,0.4473983645439148,-0.062493108212947845,0.463253915309906,0.3389919400215149,-0.036995694041252136,0.4519874155521393,0.3943672180175781,-0.06107746437191963,0.45520153641700745,0.4249834418296814,-0.07817554473876953,0.4594374895095825,0.4375036954879761,-0.08844570070505142,0.4946902096271515,0.322724312543869,-0.04114923253655434,0.4845302700996399,0.3999139666557312,-0.05960575491189957,0.4914625287055969,0.43236786127090454,-0.06712167710065842,0.4999801218509674,0.44137346744537354,-0.07324150204658508,0.5298126339912415,0.32142096757888794,-0.04616687819361687,0.5213205814361572,0.3940301239490509,-0.06471429765224457,0.527444064617157,0.42350879311561584,-0.062402743846178055,0.5333355665206909,0.43417975306510925,-0.06022119149565697,0.5645016431808472,0.3290060758590698,-0.05270751193165779,0.5581420660018921,0.3776194453239441,-0.06770684570074081,0.5593904852867126,0.40224429965019226,-0.06420484185218811,0.5609200596809387,0.4131946563720703,-0.059580378234386444
YES,0.5614848136901855,0.3969185948371887,-5.771078122052131e-07,0.5166425108909607,0.42262622714042664,-0.01658709906041622,0.4742538630962372,0.43247443437576294,-0.03293586149811745,0.44311949610710144,0.43728935718536377,-0.04784593731164932,0.4143916964530945,0.4473983645439148,-0.062493108212947845,0.463253915309906,0.3389919400215149,-0.036995694041252136,0.4519874155521393,0.3943672180175781,-0.06107746437191963,0.45520153641700745,0.4249834418296814,-0.07817554473876953,0.4594374895095825,0.4375036954879761,-0.08844570070505142,0.4946902096271515,0.322724312543869,-0.04114923253655434,0.4845302700996399,0.3999139666557312,-0.05960575491189957,0.4914625287055969,0.43236786127090454,-0.06712167710065842,0.4999801218509674,0.44137346744537354,-0.07324150204658508,0.5298126339912415,0.32142096757888794,-0.04616687819361687,0.5213205814361572,0.3940301239490509,-0.06471429765224457,0.527444064617157,0.42350879311561584,-0.062402743846178055,0.5333355665206909,0.43417975306510925,-0.06022119149565697,0.5645016431808472,0.3290060758590698,-0.05270751193165779,0.5581420660018921,0.3776194453239441,-0.06770684570074081,0.5593904852867126,0.40224429965019226,-0.06420484185218811,0.5609200596809387,0.4131946563720703,-0.059580378234386444
YES,0.5226733088493347,0.454479843378067,-4.751792062052118e-07,0.4502106010913849,0.48430901765823364,-0.012679388746619225,0.3885749280452728,0.4842671751976013,-0.025114960968494415,0.34699711203575134,0.4832179546356201,-0.038397327065467834,0.3112589120864868,0.483274906873703,-0.047050315886735916,0.35268688201904297,0.37048372626304626,-0.008803836070001125,0.33520808815956116,0.46952396631240845,-0.0367906354367733,0.36182406544685364,0.48484957218170166,-0.0553198866546154,0.3748835623264313,0.45960572361946106,-0.06538764387369156,0.38228437304496765,0.35364943742752075,-0.01698257215321064,0.36832866072654724,0.475736141204834,-0.04108080267906189,0.39634883403778076,0.48429667949676514,-0.048121608793735504,0.40587663650512695,0.4550442099571228,-0.050074510276317596,0.41989535093307495,0.3515826165676117,-0.028724469244480133,0.40629419684410095,0.46542486548423767,-0.04922855645418167,0.4329763650894165,0.47310730814933777,-0.04230698570609093,0.4410449266433716,0.44584351778030396,-0.03489459678530693,0.45965108275413513,0.36056211590766907,-0.04314618930220604,0.448476105928421,0.44708001613616943,-0.05393701419234276,0.4638611078262329,0.451504647731781,-0.04726327955722809,0.4718303680419922,0.42458003759384155,-0.03887856379151344
YES,0.5226733088493347,0.454479843378067,-4.751792062052118e-07,0.4502106010913849,0.48430901765823364,-0.012679388746619225,0.3885749280452728,0.4842671751976013,-0.025114960968494415,0.34699711203575134,0.4832179546356201,-0.038397327065467834,0.3112589120864868,0.483274906873703,-0.047050315886735916,0.35268688201904297,0.37048372626304626,-0.008803836070001125,0.33520808815956116,0.46952396631240845,-0.0367906354367733,0.36182406544685364,0.48484957218170166,-0.0553198866546154,0.3748835623264313,0.45960572361946106,-0.06538764387369156,0.38228437304496765,0.35364943742752075,-0.01698257215321064,0.36832866072654724,0.475736141204834,-0.04108080267906189,0.39634883403778076,0.48429667949676514,-0.048121608793735504,0.40587663650512695,0.4550442099571228,-0.050074510276317596,0.41989535093307495,0.3515826165676117,-0.028724469244480133,0.40629419684410095,0.46542486548423767,-0.04922855645418167,0.4329763650894165,0.47310730814933777,-0.04230698570609093,0.4410449266433716,0.44584351778030396,-0.03489459678530693,0.45965108275413513,0.36056211590766907,-0.04314618930220604,0.448476105928421,0.44708001613616943,-0.05393701419234276,0.4638611078262329,0.451504647731781,-0.04726327955722809,0.4718303680419922,0.42458003759384155,-0.03887856379151344
YES,0.5226733088493347,0.454479843378067,-4.751792062052118e-07,0.4502106010913849,0.48430901765823364,-0.012679388746619225,0.3885749280452728,0.4842671751976013,-0.025114960968494415,0.34699711203575134,0.4832179546356201,-0.038397327065467834,0.3112589120864868,0.483274906873703,-0.047050315886735916,0.35268688201904297,0.37048372626304626,-0.008803836070001125,0.33520808815956116,0.46952396631240845,-0.0367906354367733,0.36182406544685364,0.48484957218170166,-0.0553198866546154,0.3748835623264313,0.45960572361946106,-0.06538764387369156,0.38228437304496765,0.35364943742752075,-0.01698257215321064,0.36832866072654724,0.475736141204834,-0.04108080267906189,0.39634883403778076,0.48429667949676514,-0.048121608793735504,0.40587663650512695,0.4550442099571228,-0.050074510276317596,0.41989535093307495,0.3515826165676117,-0.028724469244480133,0.40629419684410095,0.46542486548423767,-0.04922855645418167,0.4329763650894165,0.47310730814933777,-0.04230698570609093,0.4410449266433716,0.44584351778030396,-0.03489459678530693,0.45965108275413513,0.36056211590766907,-0.04314618930220604,0.448476105928421,0.44708001613616943,-0.05393701419234276,0.4638611078262329,0.451504647731781,-0.04726327955722809,0.4718303680419922,0.42458003759384155,-0.03887856379151344
YES,0.46712011098861694,0.4537726044654846,-3.7286812926140556e-07,0.4153570830821991,0.47887733578681946,-0.020743319764733315,0.36267122626304626,0.47879984974861145,-0.03714771196246147,0.3272663354873657,0.47584396600723267,-0.05179120600223541,0.299940288066864,0.47066742181777954,-0.06226940080523491,0.3425317704677582,0.3687531352043152,-0.025136249139904976,0.3245426416397095,0.46297818422317505,-0.0508853904902935,0.34807032346725464,0.48014867305755615,-0.06666942685842514,0.3627314269542694,0.45831647515296936,-0.07541351020336151,0.3745536506175995,0.349484920501709,-0.027877863496541977,0.3580597937107086,0.4561080038547516,-0.047205086797475815,0.384836882352829,0.46797823905944824,-0.050748225301504135,0.3989904224872589,0.4470342993736267,-0.051902808248996735,0.4101390540599823,0.34568148851394653,-0.03364579752087593,0.3939782679080963,0.4468178451061249,-0.051146361976861954,0.4195118844509125,0.4592096209526062,-0.044403888285160065,0.4321383237838745,0.4364013671875,-0.038197074085474014,0.44590818881988525,0.35234755277633667,-0.04243503510951996,0.4335229992866516,0.43139293789863586,-0.0511651486158371,0.4483163058757782,0.4428735673427582,-0.04514847323298454,0.4597429037094116,0.42235299944877625,-0.038433510810136795
YES,0.46712011098861694,0.4537726044654846,-3.7286812926140556e-07,0.4153570830821991,0.47887733578681946,-0.020743319764733315,0.36267122626304626,0.47879984974861145,-0.03714771196246147,0.3272663354873657,0.47584396600723267,-0.05179120600223541,0.299940288066864,0.47066742181777954,-0.06226940080523491,0.3425317704677582,0.3687531352043152,-0.025136249139904976,0.3245426416397095,0.46297818422317505,-0.0508853904902935,0.34807032346725464,0.48014867305755615,-0.06666942685842514,0.3627314269542694,0.45831647515296936,-0.07541351020336151,0.3745536506175995,0.349484920501709,-0.027877863496541977,0.3580597937107086,0.4561080038547516,-0.047205086797475815,0.384836882352829,0.46797823905944824,-0.050748225301504135,0.3989904224872589,0.4470342993736267,-0.051902808248996735,0.4101390540599823,0.34568148851394653,-0.03364579752087593,0.3939782679080963,0.4468178451061249,-0.051146361976861954,0.4195118844509125,0.4592096209526062,-0.044403888285160065,0.4321383237838745,0.4364013671875,-0.038197074085474014,0.44590818881988525,0.35234755277633667,-0.04243503510951996,0.4335229992866516,0.43139293789863586,-0.0511651486158371,0.4483163058757782,0.4428735673427582,-0.04514847323298454,0.4597429037094116,0.42235299944877625,-0.038433510810136795
YES,0.46712011098861694,0.4537726044654846,-3.7286812926140556e-07,0.4153570830821991,0.47887733578681946,-0.020743319764733315,0.36267122626304626,0.47879984974861145,-0.03714771196246147,0.3272663354873657,0.47584396600723267,-0.05179120600223541,0.299940288066864,0.47066742181777954,-0.06226940080523491,0.3425317704677582,0.3687531352043152,-0.025136249139904976,0.3245426416397095,0.46297818422317505,-0.0508853904902935,0.34807032346725464,0.48014867305755615,-0.06666942685842514,0.3627314269542694,0.45831647515296936,-0.07541351020336151,0.3745536506175995,0.349484920501709,-0.027877863496541977,0.3580597937107086,0.4561080038547516,-0.047205086797475815,0.384836882352829,0.46797823905944824,-0.050748225301504135,0.3989904224872589,0.4470342993736267,-0.051902808248996735,0.4101390540599823,0.34568148851394653,-0.03364579752087593,0.3939782679080963,0.4468178451061249,-0.051146361976861954,0.4195118844509125,0.4592096209526062,-0.044403888285160065,0.4321383237838745,0.4364013671875,-0.038197074085474014,0.44590818881988525,0.35234755277633667,-0.04243503510951996,0.4335229992866516,0.43139293789863586,-0.0511651486158371,0.4483163058757782,0.4428735673427582,-0.04514847323298454,0.4597429037094116,0.42235299944877625,-0.038433510810136795
YES,0.458798885345459,0.4585522413253784,-3.6054012753083953e-07,0.4159965515136719,0.48693734407424927,-0.03178353235125542,0.3601490557193756,0.4903218448162079,-0.05223008990287781,0.3210655748844147,0.4893695116043091,-0.06763295829296112,0.29568618535995483,0.47483280301094055,-0.07702779024839401,0.34442320466041565,0.3663095235824585,-0.03897137567400932,0.3259836435317993,0.4716673493385315,-0.06395268440246582,0.35220080614089966,0.4878069758415222,-0.07547641545534134,0.3696243166923523,0.4636615812778473,-0.081495001912117,0.3744021952152252,0.34598132967948914,-0.035920191556215286,0.35362666845321655,0.4644112288951874,-0.05718290060758591,0.3819615840911865,0.477158784866333,-0.05855312570929527,0.39881664514541626,0.45683544874191284,-0.05798708647489548,0.4065496027469635,0.34216368198394775,-0.036340150982141495,0.38539251685142517,0.453043133020401,-0.055843811482191086,0.411940336227417,0.46636927127838135,-0.04876866564154625,0.42568328976631165,0.44423049688339233,-0.04240930452942848,0.43957623839378357,0.3518880307674408,-0.040606122463941574,0.42286550998687744,0.4336242079734802,-0.0521584078669548,0.4376414120197296,0.44765013456344604,-0.047815896570682526,0.44900113344192505,0.42856231331825256,-0.04218485578894615
YES,0.458798885345459,0.4585522413253784,-3.6054012753083953e-07,0.4159965515136719,0.48693734407424927,-0.03178353235125542,0.3601490557193756,0.4903218448162079,-0.05223008990287781,0.3210655748844147,0.4893695116043091,-0.06763295829296112,0.29568618535995483,0.47483280301094055,-0.07702779024839401,0.34442320466041565,0.3663095235824585,-0.03897137567400932,0.3259836435317993,0.4716673493385315,-0.06395268440246582,0.35220080614089966,0.4878069758415222,-0.07547641545534134,0.3696243166923523,0.4636615812778473,-0.081495001912117,0.3744021952152252,0.34598132967948914,-0.035920191556215286,0.35362666845321655,0.4644112288951874,-0.05718290060758591,0.3819615840911865,0.477158784866333,-0.05855312570929527,0.39881664514541626,0.45683544874191284,-0.05798708647489548,0.4065496027469635,0.34216368198394775,-0.036340150982141495,0.38539251685142517,0.453043133020401,-0.055843811482191086,0.411940336227417,0.46636927127838135,-0.04876866564154625,0.42568328976631165,0.44423049688339233,-0.04240930452942848,0.43957623839378357,0.3518880307674408,-0.040606122463941574,0.42286550998687744,0.4336242079734802,-0.0521584078669548,0.4376414120197296,0.44765013456344604,-0.047815896570682526,0.44900113344192505,0.42856231331825256,-0.04218485578894615
YES,0.458798885345459,0.4585522413253784,-3.6054012753083953e-07,0.4159965515136719,0.48693734407424927,-0.03178353235125542,0.3601490557193756,0.4903218448162079,-0.05223008990287781,0.3210655748844147,0.4893695116043091,-0.06763295829296112,0.29568618535995483,0.47483280301094055,-0.07702779024839401,0.34442320466041565,0.3663095235824585,-0.03897137567400932,0.3259836435317993,0.4716673493385315,-0.06395268440246582,0.35220080614089966,0.4878069758415222,-0.07547641545534134,0.3696243166923523,0.4636615812778473,-0.081495001912117,0.3744021952152252,0.34598132967948914,-0.035920191556215286,0.35362666845321655,0.4644112288951874,-0.05718290060758591,0.3819615840911865,0.477158784866333,-0.05855312570929527,0.39881664514541626,0.45683544874191284,-0.05798708647489548,0.4065496027469635,0.34216368198394775,-0.036340150982141495,0.38539251685142517,0.453043133020401,-0.055843811482191086,0.411940336227417,0.46636927127838135,-0.04876866564154625,0.42568328976631165,0.44423049688339233,-0.04240930452942848,0.43957623839378357,0.3518880307674408,-0.040606122463941574,0.42286550998687744,0.4336242079734802,-0.0521584078669548,0.4376414120197296,0.44765013456344604,-0.047815896570682526,0.44900113344192505,0.42856231331825256,-0.04218485578894615
YES,0.48355191946029663,0.4412705898284912,-4.508654569690407e-07,0.4236493408679962,0.4703133702278137,-0.01757841557264328,0.37194323539733887,0.47549986839294434,-0.031925346702337265,0.33624112606048584,0.47582799196243286,-0.04554331675171852,0.3061453700065613,0.47664934396743774,-0.05566437914967537,0.34920647740364075,0.36628204584121704,-0.018210843205451965,0.33002397418022156,0.46005111932754517,-0.04480741545557976,0.3529350459575653,0.4795362949371338,-0.06324490159749985,0.3660724461078644,0.4596062898635864,-0.07346193492412567,0.37983205914497375,0.3471599519252777,-0.022632570937275887,0.3635837137699127,0.46668627858161926,-0.04199058189988136,0.3896150588989258,0.47520968317985535,-0.04746302589774132,0.40033504366874695,0.4492110013961792,-0.04942283779382706,0.4165213406085968,0.3450380563735962,-0.030167417600750923,0.3998480439186096,0.4577217698097229,-0.04655908793210983,0.42257124185562134,0.46394050121307373,-0.03908694535493851,0.4305151700973511,0.43783822655677795,-0.032056599855422974,0.45310625433921814,0.3545677065849304,-0.04058224707841873,0.43988388776779175,0.44303613901138306,-0.049383439123630524,0.4512753188610077,0.448020339012146,-0.04220664128661156,0.45793935656547546,0.4236563742160797,-0.033764809370040894
YES,0.48355191946029663,0.4412705898284912,-4.508654569690407e-07,0.4236493408679962,0.4703133702278137,-0.01757841557264328,0.37194323539733887,0.47549986839294434,-0.031925346702337265,0.33624112606048584,0.47582799196243286,-0.04554331675171852,0.3061453700065613,0.47664934396743774,-0.05566437914967537,0.34920647740364075,0.36628204584121704,-0.018210843205451965,0.33002397418022156,0.46005111932754517,-0.04480741545557976,0.3529350459575653,0.4795362949371338,-0.06324490159749985,0.3660724461078644,0.4596062898635864,-0.07346193492412567,0.37983205914497375,0.3471599519252777,-0.022632570937275887,0.3635837137699127,0.46668627858161926,-0.04199058189988136,0.3896150588989258,0.47520968317985535,-0.04746302589774132,0.40033504366874695,0.4492110013961792,-0.04942283779382706,0.4165213406085968,0.3450380563735962,-0.030167417600750923,0.3998480439186096,0.4577217698097229,-0.04655908793210983,0.42257124185562134,0.46394050121307373,-0.03908694535493851,0.4305151700973511,0.43783822655677795,-0.032056599855422974,0.45310625433921814,0.3545677065849304,-0.04058224707841873,0.43988388776779175,0.44303613901138306,-0.049383439123630524,0.4512753188610077,0.448020339012146,-0.04220664128661156,0.45793935656547546,0.4236563742160797,-0.033764809370040894
YES,0.5046942234039307,0.4123510420322418,-5.655996346831671e-07,0.4433198571205139,0.424267053604126,-0.016242723912000656,0.39140409231185913,0.43070515990257263,-0.03614349290728569,0.3538900911808014,0.4468165636062622,-0.055375177413225174,0.3262070417404175,0.4637480676174164,-0.07637140154838562,0.4006010591983795,0.3271133005619049,-0.040052786469459534,0.36641398072242737,0.37069904804229736,-0.07068552076816559,0.34908318519592285,0.4151598811149597,-0.09669899940490723,0.33591222763061523,0.4484645128250122,-0.1126922070980072,0.4331185817718506,0.3313249349594116,-0.0472770556807518,0.39323490858078003,0.38635045289993286,-0.07059356570243835,0.3690831661224365,0.43193358182907104,-0.08610327541828156,0.35376808047294617,0.4655649960041046,-0.09825346618890762,0.4644800126552582,0.3506723940372467,-0.05545348301529884,0.4270284175872803,0.4103928804397583,-0.07623711228370667,0.40177351236343384,0.4484662115573883,-0.08112411201000214,0.38317182660102844,0.4754590094089508,-0.08454148471355438,0.4916014075279236,0.38039839267730713,-0.06483125686645508,0.4600723385810852,0.4325476884841919,-0.08168713748455048,0.43669524788856506,0.4620133638381958,-0.08035998046398163,0.4167029857635498,0.4836457371711731,-0.07781528681516647
YES,0.5046942234039307,0.4123510420322418,-5.655996346831671e-07,0.4433198571205139,0.424267053604126,-0.016242723912000656,0.39140409231185913,0.43070515990257263,-0.03614349290728569,0.3538900911808014,0.4468165636062622,-0.055375177413225174,0.3262070417404175,0.4637480676174164,-0.07637140154838562,0.4006010591983795,0.3271133005619049,-0.040052786469459534,0.36641398072242737,0.37069904804229736,-0.07068552076816559,0.34908318519592285,0.4151598811149597,-0.09669899940490723,0.33591222763061523,0.4484645128250122,-0.1126922070980072,0.4331185817718506,0.3313249349594116,-0.0472770556807518,0.39323490858078003,0.38635045289993286,-0.07059356570243835,0.3690831661224365,0.43193358182907104,-0.08610327541828156,0.35376808047294617,0.4655649960041046,-0.09825346618890762,0.4644800126552582,0.3506723940372467,-0.05545348301529884,0.4270284175872803,0.4103928804397583,-0.07623711228370667,0.40177351236343384,0.4484662115573883,-0.08112411201000214,0.38317182660102844,0.4754590094089508,-0.08454148471355438,0.4916014075279236,0.38039839267730713,-0.06483125686645508,0.4600723385810852,0.4325476884841919,-0.08168713748455048,0.43669524788856506,0.4620133638381958,-0.08035998046398163,0.4167029857635498,0.4836457371711731,-0.07781528681516647
YES,0.5046942234039307,0.4123510420322418,-5.655996346831671e-07,0.4433198571205139,0.424267053604126,-0.016242723912000656,0.39140409231185913,0.43070515990257263,-0.03614349290728569,0.3538900911808014,0.4468165636062622,-0.055375177413225174,0.3262070417404175,0.4637480676174164,-0.07637140154838562,0.4006010591983795,0.3271133005619049,-0.040052786469459534,0.36641398072242737,0.37069904804229736,-0.07068552076816559,0.34908318519592285,0.4151598811149597,-0.09669899940490723,0.33591222763061523,0.4484645128250122,-0.1126922070980072,0.4331185817718506,0.3313249349594116,-0.0472770556807518,0.39323490858078003,0.38635045289993286,-0.07059356570243835,0.3690831661224365,0.43193358182907104,-0.08610327541828156,0.35376808047294617,0.4655649960041046,-0.09825346618890762,0.4644800126552582,0.3506723940372467,-0.05545348301529884,0.4270284175872803,0.4103928804397583,-0.07623711228370667,0.40177351236343384,0.4484662115573883,-0.08112411201000214,0.38317182660102844,0.4754590094089508,-0.08454148471355438,0.4916014075279236,0.38039839267730713,-0.06483125686645508,0.4600723385810852,0.4325476884841919,-0.08168713748455048,0.43669524788856506,0.4620133638381958,-0.08035998046398163,0.4167029857635498,0.4836457371711731,-0.07781528681516647
YES,0.31447523832321167,0.45529186725616455,-3.615161148218249e-08,0.31953665614128113,0.4071238040924072,-0.02789876237511635,0.3409183621406555,0.36986738443374634,-0.04663766920566559,0.37096357345581055,0.3585960268974304,-0.05901512876152992,0.40115559101104736,0.3536967635154724,-0.06923654675483704,0.3614954650402069,0.427123099565506,-0.05840428173542023,0.4122926592826843,0.41241270303726196,-0.07909394800662994,0.4399871528148651,0.38401761651039124,-0.08763086050748825,0.4555452764034271,0.3599834144115448,-0.09132484346628189,0.3721172511577606,0.4561465084552765,-0.05011027678847313,0.42489922046661377,0.4355427920818329,-0.0674356073141098,0.4512658715248108,0.405891090631485,-0.06892368197441101,0.46335843205451965,0.38058406114578247,-0.0691104382276535,0.38011637330055237,0.4725034534931183,-0.04248262196779251,0.42962411046028137,0.4533573091030121,-0.05699481442570686,0.4528934955596924,0.42427927255630493,-0.05541091412305832,0.4638087749481201,0.3970043659210205,-0.0525691844522953,0.38645607233047485,0.4782559275627136,-0.0363677442073822,0.42582863569259644,0.4609643220901489,-0.04901062697172165,0.44765761494636536,0.438684344291687,-0.050453342497348785,0.45986130833625793,0.415044903755188,-0.04927261546254158
YES,0.31447523832321167,0.45529186725616455,-3.615161148218249e-08,0.31953665614128113,0.4071238040924072,-0.02789876237511635,0.3409183621406555,0.36986738443374634,-0.04663766920566559,0.37096357345581055,0.3585960268974304,-0.05901512876152992,0.40115559101104736,0.3536967635154724,-0.06923654675483704,0.3614954650402069,0.427123099565506,-0.05840428173542023,0.4122926592826843,0.41241270303726196,-0.07909394800662994,0.4399871528148651,0.38401761651039124,-0.08763086050748825,0.4555452764034271,0.3599834144115448,-0.09132484346628189,0.3721172511577606,0.4561465084552765,-0.05011027678847313,0.42489922046661377,0.4355427920818329,-0.0674356073141098,0.4512658715248108,0.405891090631485,-0.06892368197441101,0.46335843205451965,0.38058406114578247,-0.0691104382276535,0.38011637330055237,0.4725034534931183,-0.04248262196779251,0.42962411046028137,0.4533573091030121,-0.05699481442570686,0.4528934955596924,0.42427927255630493,-0.05541091412305832,0.4638087749481201,0.3970043659210205,-0.0525691844522953,0.38645607233047485,0.4782559275627136,-0.0363677442073822,0.42582863569259644,0.4609643220901489,-0.04901062697172165,0.44765761494636536,0.438684344291687,-0.050453342497348785,0.45986130833625793,0.415044903755188,-0.04927261546254158
YES,0.31447523832321167,0.45529186725616455,-3.615161148218249e-08,0.31953665614128113,0.4071238040924072,-0.02789876237511635,0.3409183621406555,0.36986738443374634,-0.04663766920566559,0.37096357345581055,0.3585960268974304,-0.05901512876152992,0.40115559101104736,0.3536967635154724,-0.06923654675483704,0.3614954650402069,0.427123099565506,-0.05840428173542023,0.4122926592826843,0.41241270303726196,-0.07909394800662994,0.4399871528148651,0.38401761651039124,-0.08763086050748825,0.4555452764034271,0.3599834144115448,-0.09132484346628189,0.3721172511577606,0.4561465084552765,-0.05011027678847313,0.42489922046661377,0.4355427920818329,-0.0674356073141098,0.4512658715248108,0.405891090631485,-0.06892368197441101,0.46335843205451965,0.38058406114578247,-0.0691104382276535,0.38011637330055237,0.4725034534931183,-0.04248262196779251,0.42962411046028137,0.4533573091030121,-0.05699481442570686,0.4528934955596924,0.42427927255630493,-0.05541091412305832,0.4638087749481201,0.3970043659210205,-0.0525691844522953,0.38645607233047485,0.4782559275627136,-0.0363677442073822,0.42582863569259644,0.4609643220901489,-0.04901062697172165,0.44765761494636536,0.438684344291687,-0.050453342497348785,0.45986130833625793,0.415044903755188,-0.04927261546254158
YES,0.6331395506858826,0.4111092686653137,-7.018385304036201e-07,0.5778135657310486,0.42464184761047363,-0.04098840057849884,0.5210459232330322,0.4184271991252899,-0.07259129732847214,0.49879133701324463,0.40882939100265503,-0.09765227884054184,0.5063285231590271,0.37941110134124756,-0.11677800118923187,0.5380702018737793,0.28492510318756104,-0.07515744119882584,0.5389288663864136,0.3846486806869507,-0.10599309951066971,0.5521707534790039,0.42548465728759766,-0.11540734022855759,0.5549348592758179,0.40368086099624634,-0.12229060381650925,0.5892484188079834,0.26690706610679626,-0.07070610672235489,0.5906217098236084,0.3885197341442108,-0.09725869446992874,0.5983542799949646,0.4333280920982361,-0.09608271718025208,0.6002437472343445,0.4113847613334656,-0.09842968732118607,0.6394139528274536,0.26762253046035767,-0.0681690126657486,0.6368879079818726,0.3838886022567749,-0.09517893195152283,0.6366012096405029,0.4267955422401428,-0.08572614938020706,0.6342061161994934,0.40337073802948,-0.08111453056335449,0.6834537982940674,0.27747201919555664,-0.0696328729391098,0.6826823949813843,0.3705894947052002,-0.08819327503442764,0.6750288605690002,0.40927088260650635,-0.08522071689367294,0.6693010330200195,0.39540740847587585,-0.08320830762386322
YES,0.6331395506858826,0.4111092686653137,-7.018385304036201e-07,0.5778135657310486,0.42464184761047363,-0.04098840057849884,0.5210459232330322,0.4184271991252899,-0.07259129732847214,0.49879133701324463,0.40882939100265503,-0.09765227884054184,0.5063285231590271,0.37941110134124756,-0.11677800118923187,0.5380702018737793,0.28492510318756104,-0.07515744119882584,0.5389288663864136,0.3846486806869507,-0.10599309951066971,0.5521707534790039,0.42548465728759766,-0.11540734022855759,0.5549348592758179,0.40368086099624634,-0.12229060381650925,0.5892484188079834,0.26690706610679626,-0.07070610672235489,0.5906217098236084,0.3885197341442108,-0.09725869446992874,0.5983542799949646,0.4333280920982361,-0.09608271718025208,0.6002437472343445,0.4113847613334656,-0.09842968732118607,0.6394139528274536,0.26762253046035767,-0.0681690126657486,0.6368879079818726,0.3838886022567749,-0.09517893195152283,0.6366012096405029,0.4267955422401428,-0.08572614938020706,0.6342061161994934,0.40337073802948,-0.08111453056335449,0.6834537982940674,0.27747201919555664,-0.0696328729391098,0.6826823949813843,0.3705894947052002,-0.08819327503442764,0.6750288605690002,0.40927088260650635,-0.08522071689367294,0.6693010330200195,0.39540740847587585,-0.08320830762386322
YES,0.6331395506858826,0.4111092686653137,-7.018385304036201e-07,0.5778135657310486,0.42464184761047363,-0.04098840057849884,0.5210459232330322,0.4184271991252899,-0.07259129732847214,0.49879133701324463,0.40882939100265503,-0.09765227884054184,0.5063285231590271,0.37941110134124756,-0.11677800118923187,0.5380702018737793,0.28492510318756104,-0.07515744119882584,0.5389288663864136,0.3846486806869507,-0.10599309951066971,0.5521707534790039,0.42548465728759766,-0.11540734022855759,0.5549348592758179,0.40368086099624634,-0.12229060381650925,0.5892484188079834,0.26690706610679626,-0.07070610672235489,0.5906217098236084,0.3885197341442108,-0.09725869446992874,0.5983542799949646,0.4333280920982361,-0.09608271718025208,0.6002437472343445,0.4113847613334656,-0.09842968732118607,0.6394139528274536,0.26762253046035767,-0.0681690126657486,0.6368879079818726,0.3838886022567749,-0.09517893195152283,0.6366012096405029,0.4267955422401428,-0.08572614938020706,0.6342061161994934,0.40337073802948,-0.08111453056335449,0.6834537982940674,0.27747201919555664,-0.0696328729391098,0.6826823949813843,0.3705894947052002,-0.08819327503442764,0.6750288605690002,0.40927088260650635,-0.08522071689367294,0.6693010330200195,0.39540740847587585,-0.08320830762386322
YES,0.6314058303833008,0.41045498847961426,-7.522325518038997e-07,0.5714054703712463,0.42460867762565613,-0.04075857251882553,0.5162183046340942,0.4202623963356018,-0.07387471199035645,0.4962460398674011,0.4140040874481201,-0.10133461654186249,0.5016283392906189,0.39752262830734253,-0.12318630516529083,0.5362889170646667,0.2808411419391632,-0.07215434312820435,0.5362392663955688,0.3982994556427002,-0.10240982472896576,0.5455188751220703,0.4400787651538849,-0.11244911700487137,0.5478482842445374,0.41581034660339355,-0.12050123512744904,0.5886118412017822,0.26569217443466187,-0.07005316764116287,0.5904600024223328,0.4025965631008148,-0.09781212359666824,0.5936807990074158,0.44276273250579834,-0.09766551852226257,0.5938493609428406,0.41576915979385376,-0.10032074898481369,0.6394999623298645,0.2683602273464203,-0.07000424712896347,0.637834906578064,0.3968927562236786,-0.0979861319065094,0.6346065998077393,0.43594691157341003,-0.08793924003839493,0.6306270956993103,0.40850287675857544,-0.08240878582000732,0.6838843822479248,0.28009575605392456,-0.07427103072404861,0.6851227283477783,0.377841591835022,-0.09204966574907303,0.6758618354797363,0.4143769145011902,-0.0874350443482399,0.6687194108963013,0.39770716428756714,-0.08418815582990646
YES,0.6314058303833008,0.41045498847961426,-7.522325518038997e-07,0.5714054703712463,0.42460867762565613,-0.04075857251882553,0.5162183046340942,0.4202623963356018,-0.07387471199035645,0.4962460398674011,0.4140040874481201,-0.10133461654186249,0.5016283392906189,0.39752262830734253,-0.12318630516529083,0.5362889170646667,0.2808411419391632,-0.07215434312820435,0.5362392663955688,0.3982994556427002,-0.10240982472896576,0.5455188751220703,0.4400787651538849,-0.11244911700487137,0.5478482842445374,0.41581034660339355,-0.12050123512744904,0.5886118412017822,0.26569217443466187,-0.07005316764116287,0.5904600024223328,0.4025965631008148,-0.09781212359666824,0.5936807990074158,0.44276273250579834,-0.09766551852226257,0.5938493609428406,0.41576915979385376,-0.10032074898481369,0.6394999623298645,0.2683602273464203,-0.07000424712896347,0.637834906578064,0.3968927562236786,-0.0979861319065094,0.6346065998077393,0.43594691157341003,-0.08793924003839493,0.6306270956993103,0.40850287675857544,-0.08240878582000732,0.6838843822479248,0.28009575605392456,-0.07427103072404861,0.6851227283477783,0.377841591835022,-0.09204966574907303,0.6758618354797363,0.4143769145011902,-0.0874350443482399,0.6687194108963013,0.39770716428756714,-0.08418815582990646
YES,0.6829941272735596,0.2420450747013092,-2.7012364967049507e-07,0.6069486141204834,0.27978137135505676,-0.03485327214002609,0.5341878533363342,0.34193870425224304,-0.08137807995080948,0.5035631656646729,0.3905642330646515,-0.12536673247814178,0.49326252937316895,0.424358069896698,-0.17014305293560028,0.5429112315177917,0.2881918251514435,-0.106390580534935,0.5360860824584961,0.4237942695617676,-0.15544748306274414,0.5571300983428955,0.42039090394973755,-0.18648844957351685,0.5668739080429077,0.3828911781311035,-0.20870642364025116,0.596485435962677,0.279834121465683,-0.11044556647539139,0.5891532897949219,0.43028998374938965,-0.1435335874557495,0.6071629524230957,0.4207618236541748,-0.14757466316223145,0.6176666617393494,0.37807342410087585,-0.15955570340156555,0.6524593234062195,0.2851766049861908,-0.11458621174097061,0.6441311240196228,0.4282852113246918,-0.14313796162605286,0.6545743942260742,0.4120585322380066,-0.13304732739925385,0.6627126932144165,0.3648986220359802,-0.13103406131267548,0.7067492008209229,0.3002076745033264,-0.12339460104703903,0.6962417960166931,0.4127189815044403,-0.14328499138355255,0.6978440284729004,0.4008312225341797,-0.1394703984260559,0.7016462087631226,0.3589094579219818,-0.1407458335161209
YES,0.6829941272735596,0.2420450747013092,-2.7012364967049507e-07,0.6069486141204834,0.27978137135505676,-0.03485327214002609,0.5341878533363342,0.34193870425224304,-0.08137807995080948,0.5035631656646729,0.3905642330646515,-0.12536673247814178,0.49326252937316895,0.424358069896698,-0.17014305293560028,0.5429112315177917,0.2881918251514435,-0.106390580534935,0.5360860824584961,0.4237942695617676,-0.15544748306274414,0.5571300983428955,0.42039090394973755,-0.18648844957351685,0.5668739080429077,0.3828911781311035,-0.20870642364025116,0.596485435962677,0.279834121465683,-0.11044556647539139,0.5891532897949219,0.43028998374938965,-0.1435335874557495,0.6071629524230957,0.4207618236541748,-0.14757466316223145,0.6176666617393494,0.37807342410087585,-0.15955570340156555,0.6524593234062195,0.2851766049861908,-0.11458621174097061,0.6441311240196228,0.4282852113246918,-0.14313796162605286,0.6545743942260742,0.4120585322380066,-0.13304732739925385,0.6627126932144165,0.3648986220359802,-0.13103406131267548,0.7067492008209229,0.3002076745033264,-0.12339460104703903,0.6962417960166931,0.4127189815044403,-0.14328499138355255,0.6978440284729004,0.4008312225341797,-0.1394703984260559,0.7016462087631226,0.3589094579219818,-0.1407458335161209
YES,0.6829941272735596,0.2420450747013092,-2.7012364967049507e-07,0.6069486141204834,0.27978137135505676,-0.03485327214002609,0.5341878533363342,0.34193870425224304,-0.08137807995080948,0.5035631656646729,0.3905642330646515,-0.12536673247814178,0.49326252937316895,0.424358069896698,-0.17014305293560028,0.5429112315177917,0.2881918251514435,-0.106390580534935,0.5360860824584961,0.4237942695617676,-0.15544748306274414,0.5571300983428955,0.42039090394973755,-0.18648844957351685,0.5668739080429077,0.3828911781311035,-0.20870642364025116,0.596485435962677,0.279834121465683,-0.11044556647539139,0.5891532897949219,0.43028998374938965,-0.1435335874557495,0.6071629524230957,0.4207618236541748,-0.14757466316223145,0.6176666617393494,0.37807342410087585,-0.15955570340156555,0.6524593234062195,0.2851766049861908,-0.11458621174097061,0.6441311240196228,0.4282852113246918,-0.14313796162605286,0.6545743942260742,0.4120585322380066,-0.13304732739925385,0.6627126932144165,0.3648986220359802,-0.13103406131267548,0.7067492008209229,0.3002076745033264,-0.12339460104703903,0.6962417960166931,0.4127189815044403,-0.14328499138355255,0.6978440284729004,0.4008312225341797,-0.1394703984260559,0.7016462087631226,0.3589094579219818,-0.1407458335161209
YES,0.6829941272735596,0.2420450747013092,-2.7012364967049507e-07,0.6069486141204834,0.27978137135505676,-0.03485327214002609,0.5341878533363342,0.34193870425224304,-0.08137807995080948,0.5035631656646729,0.3905642330646515,-0.12536673247814178,0.49326252937316895,0.424358069896698,-0.17014305293560028,0.5429112315177917,0.2881918251514435,-0.106390580534935,0.5360860824584961,0.4237942695617676,-0.15544748306274414,0.5571300983428955,0.42039090394973755,-0.18648844957351685,0.5668739080429077,0.3828911781311035,-0.20870642364025116,0.596485435962677,0.279834121465683,-0.11044556647539139,0.5891532897949219,0.43028998374938965,-0.1435335874557495,0.6071629524230957,0.4207618236541748,-0.14757466316223145,0.6176666617393494,0.37807342410087585,-0.15955570340156555,0.6524593234062195,0.2851766049861908,-0.11458621174097061,0.6441311240196228,0.4282852113246918,-0.14313796162605286,0.6545743942260742,0.4120585322380066,-0.13304732739925385,0.6627126932144165,0.3648986220359802,-0.13103406131267548,0.7067492008209229,0.3002076745033264,-0.12339460104703903,0.6962417960166931,0.4127189815044403,-0.14328499138355255,0.6978440284729004,0.4008312225341797,-0.1394703984260559,0.7016462087631226,0.3589094579219818,-0.1407458335161209
YES,0.7056978940963745,0.2767924964427948,-1.2341385513536807e-07,0.6404134035110474,0.3152102530002594,-0.025594079867005348,0.5794298648834229,0.3614516258239746,-0.06485958397388458,0.5397971272468567,0.411040723323822,-0.10446934401988983,0.5296298861503601,0.43782252073287964,-0.1458178609609604,0.6034954786300659,0.2923973798751831,-0.09926149249076843,0.5919687747955322,0.34786659479141235,-0.1359245777130127,0.6056728363037109,0.40570664405822754,-0.15239982306957245,0.6139096617698669,0.43196332454681396,-0.16364850103855133,0.6529520153999329,0.27688902616500854,-0.10625184327363968,0.6539307236671448,0.35831236839294434,-0.13403135538101196,0.6554063558578491,0.42835813760757446,-0.1368192583322525,0.6542074084281921,0.44961875677108765,-0.1460130661725998,0.705258846282959,0.28348320722579956,-0.11146888136863708,0.7061336040496826,0.3688037693500519,-0.13467523455619812,0.6980041265487671,0.428701251745224,-0.12769651412963867,0.683891773223877,0.4369797110557556,-0.1272973269224167,0.7560627460479736,0.30083224177360535,-0.11937396973371506,0.7615472078323364,0.3845802843570709,-0.12962433695793152,0.7520604133605957,0.42901352047920227,-0.12093143165111542,0.7356616258621216,0.4345618188381195,-0.11884964257478714
YES,0.7056978940963745,0.2767924964427948,-1.2341385513536807e-07,0.6404134035110474,0.3152102530002594,-0.025594079867005348,0.5794298648834229,0.3614516258239746,-0.06485958397388458,0.5397971272468567,0.411040723323822,-0.10446934401988983,0.5296298861503601,0.43782252073287964,-0.1458178609609604,0.6034954786300659,0.2923973798751831,-0.09926149249076843,0.5919687747955322,0.34786659479141235,-0.1359245777130127,0.6056728363037109,0.40570664405822754,-0.15239982306957245,0.6139096617698669,0.43196332454681396,-0.16364850103855133,0.6529520153999329,0.27688902616500854,-0.10625184327363968,0.6539307236671448,0.35831236839294434,-0.13403135538101196,0.6554063558578491,0.42835813760757446,-0.1368192583322525,0.6542074084281921,0.44961875677108765,-0.1460130661725998,0.705258846282959,0.28348320722579956,-0.11146888136863708,0.7061336040496826,0.3688037693500519,-0.13467523455619812,0.6980041265487671,0.428701251745224,-0.12769651412963867,0.683891773223877,0.4369797110557556,-0.1272973269224167,0.7560627460479736,0.30083224177360535,-0.11937396973371506,0.7615472078323364,0.3845802843570709,-0.12962433695793152,0.7520604133605957,0.42901352047920227,-0.12093143165111542,0.7356616258621216,0.4345618188381195,-0.11884964257478714
YES,0.6395788788795471,0.4021346867084503,-6.958821927582903e-07,0.5777489542961121,0.41345158219337463,-0.04356147721409798,0.5221556425094604,0.3980098366737366,-0.0754183754324913,0.5026633143424988,0.3867173194885254,-0.1007276177406311,0.5224456787109375,0.36852437257766724,-0.11988987028598785,0.558063268661499,0.2634314000606537,-0.07369232922792435,0.5609806776046753,0.36398816108703613,-0.10516109317541122,0.5638877749443054,0.4097128212451935,-0.1131257712841034,0.5632979273796082,0.3935224413871765,-0.11892624199390411,0.6115649938583374,0.24631550908088684,-0.06837104260921478,0.6151015162467957,0.37043479084968567,-0.0960807055234909,0.6102302074432373,0.4224224090576172,-0.09410253167152405,0.611024022102356,0.4030556082725525,-0.09559227526187897,0.6621999740600586,0.2512654960155487,-0.06590554118156433,0.6628925800323486,0.3723434805870056,-0.09547636657953262,0.6493760347366333,0.41803285479545593,-0.08659927546977997,0.6444576978683472,0.39463844895362854,-0.081764355301857,0.7069644331932068,0.26730120182037354,-0.06776159256696701,0.7079665064811707,0.36463165283203125,-0.08979243040084839,0.6901054382324219,0.4033099412918091,-0.08920639753341675,0.6802414655685425,0.3851528763771057,-0.08835167437791824
YES,0.6400699019432068,0.4023423492908478,-6.738445677001437e-07,0.5766143798828125,0.4120197892189026,-0.04293486475944519,0.5212501287460327,0.3974684476852417,-0.07565096020698547,0.5046990513801575,0.3875911235809326,-0.10166279971599579,0.5247001647949219,0.37100785970687866,-0.12173967063426971,0.5584656000137329,0.2648266553878784,-0.07512672990560532,0.5594386458396912,0.36690467596054077,-0.10640110820531845,0.5626267790794373,0.41330277919769287,-0.11437856405973434,0.562599241733551,0.39606773853302,-0.1202053502202034,0.6128218173980713,0.24668215215206146,-0.06990335136651993,0.613034725189209,0.3754783868789673,-0.09772144258022308,0.6079785227775574,0.43000417947769165,-0.09649937599897385,0.6084864735603333,0.4095279574394226,-0.0981859639286995,0.6633086800575256,0.25023624300956726,-0.06706613302230835,0.6611272692680359,0.3757493495941162,-0.09712058305740356,0.6492670774459839,0.4225367605686188,-0.08936848491430283,0.6444493532180786,0.3982967734336853,-0.08482332527637482,0.7069856524467468,0.26507118344306946,-0.068165123462677,0.7056496143341064,0.3656919002532959,-0.09049763530492783,0.6893702745437622,0.4059669077396393,-0.08999388664960861,0.6794964075088501,0.3866649270057678,-0.08865412324666977
YES,0.6400699019432068,0.4023423492908478,-6.738445677001437e-07,0.5766143798828125,0.4120197892189026,-0.04293486475944519,0.5212501287460327,0.3974684476852417,-0.07565096020698547,0.5046990513801575,0.3875911235809326,-0.10166279971599579,0.5247001647949219,0.37100785970687866,-0.12173967063426971,0.5584656000137329,0.2648266553878784,-0.07512672990560532,0.5594386458396912,0.36690467596054077,-0.10640110820531845,0.5626267790794373,0.41330277919769287,-0.11437856405973434,0.562599241733551,0.39606773853302,-0.1202053502202034,0.6128218173980713,0.24668215215206146,-0.06990335136651993,0.613034725189209,0.3754783868789673,-0.09772144258022308,0.6079785227775574,0.43000417947769165,-0.09649937599897385,0.6084864735603333,0.4095279574394226,-0.0981859639286995,0.6633086800575256,0.25023624300956726,-0.06706613302230835,0.6611272692680359,0.3757493495941162,-0.09712058305740356,0.6492670774459839,0.4225367605686188,-0.08936848491430283,0.6444493532180786,0.3982967734336853,-0.08482332527637482,0.7069856524467468,0.26507118344306946,-0.068165123462677,0.7056496143341064,0.3656919002532959,-0.09049763530492783,0.6893702745437622,0.4059669077396393,-0.08999388664960861,0.6794964075088501,0.3866649270057678,-0.08865412324666977
YES,0.6400699019432068,0.4023423492908478,-6.738445677001437e-07,0.5766143798828125,0.4120197892189026,-0.04293486475944519,0.5212501287460327,0.3974684476852417,-0.07565096020698547,0.5046990513801575,0.3875911235809326,-0.10166279971599579,0.5247001647949219,0.37100785970687866,-0.12173967063426971,0.5584656000137329,0.2648266553878784,-0.07512672990560532,0.5594386458396912,0.36690467596054077,-0.10640110820531845,0.5626267790794373,0.41330277919769287,-0.11437856405973434,0.562599241733551,0.39606773853302,-0.1202053502202034,0.6128218173980713,0.24668215215206146,-0.06990335136651993,0.613034725189209,0.3754783868789673,-0.09772144258022308,0.6079785227775574,0.43000417947769165,-0.09649937599897385,0.6084864735603333,0.4095279574394226,-0.0981859639286995,0.6633086800575256,0.25023624300956726,-0.06706613302230835,0.6611272692680359,0.3757493495941162,-0.09712058305740356,0.6492670774459839,0.4225367605686188,-0.08936848491430283,0.6444493532180786,0.3982967734336853,-0.08482332527637482,0.7069856524467468,0.26507118344306946,-0.068165123462677,0.7056496143341064,0.3656919002532959,-0.09049763530492783,0.6893702745437622,0.4059669077396393,-0.08999388664960861,0.6794964075088501,0.3866649270057678,-0.08865412324666977
YES,0.6463021636009216,0.40281832218170166,-6.318415444184211e-07,0.5826970338821411,0.4101048409938812,-0.044134411960840225,0.5260307788848877,0.3956456184387207,-0.07762832194566727,0.5078599452972412,0.3902881145477295,-0.10412537306547165,0.5272845029830933,0.38010114431381226,-0.1250114142894745,0.5638518333435059,0.26631733775138855,-0.07693883776664734,0.5622557401657104,0.37620866298675537,-0.10816238075494766,0.567571759223938,0.4240593910217285,-0.116947241127491,0.5680499076843262,0.4079611897468567,-0.12335248291492462,0.61916184425354,0.25059273838996887,-0.07108835130929947,0.6129079461097717,0.3805709481239319,-0.0986190214753151,0.611016035079956,0.4315028488636017,-0.09784197807312012,0.6126161813735962,0.4103861451148987,-0.09996048361063004,0.6702623963356018,0.2551623284816742,-0.06754310429096222,0.6604718565940857,0.37815237045288086,-0.0961420089006424,0.6522183418273926,0.4227789044380188,-0.08851579576730728,0.649380624294281,0.40000152587890625,-0.084238700568676,0.7139888405799866,0.2701992988586426,-0.06818332523107529,0.7062676548957825,0.36676234006881714,-0.08895283192396164,0.6926048994064331,0.40502801537513733,-0.08819282799959183,0.6848772764205933,0.3877243399620056,-0.08681055158376694
YES,0.6286616325378418,0.3873019218444824,-6.90909075728996e-07,0.5656448006629944,0.3876342177391052,-0.03850385919213295,0.5204406380653381,0.370965838432312,-0.07019922882318497,0.5103737115859985,0.3720715641975403,-0.09776762872934341,0.5271347165107727,0.3799629509449005,-0.12085149437189102,0.5705216526985168,0.25789692997932434,-0.07004750519990921,0.5774298906326294,0.35984933376312256,-0.10316675156354904,0.573137640953064,0.4061869978904724,-0.11188527196645737,0.5693963170051575,0.3848345875740051,-0.11795354634523392,0.6211426258087158,0.24305802583694458,-0.06850770860910416,0.6291738152503967,0.3707438111305237,-0.09649444371461868,0.616050124168396,0.42795947194099426,-0.09452357888221741,0.6148025989532471,0.40115293860435486,-0.0960240587592125,0.6674161553382874,0.2510486841201782,-0.06973732262849808,0.674342155456543,0.37020987272262573,-0.10253432393074036,0.6541467905044556,0.4216899871826172,-0.09475702792406082,0.6460437178611755,0.39452195167541504,-0.08910141885280609,0.7060629725456238,0.2704572081565857,-0.07437009364366531,0.7143607139587402,0.3616834878921509,-0.09686045348644257,0.6937117576599121,0.4008859395980835,-0.09438331425189972,0.6823544502258301,0.382163941860199,-0.0918925553560257
YES,0.6484087705612183,0.3959980607032776,-7.635845236109162e-07,0.5835376977920532,0.4025232195854187,-0.04244038462638855,0.5256543159484863,0.38753822445869446,-0.07587084919214249,0.508682131767273,0.3850712180137634,-0.1041700690984726,0.5327984094619751,0.3779171109199524,-0.1269190013408661,0.5687598586082458,0.26352012157440186,-0.07435980439186096,0.5750116109848022,0.3628888726234436,-0.10763439536094666,0.5763483643531799,0.40858209133148193,-0.1156783476471901,0.5736274123191833,0.3873351216316223,-0.12156952172517776,0.6225888729095459,0.24716562032699585,-0.0711686760187149,0.6266840100288391,0.3683355450630188,-0.10027533024549484,0.6217579245567322,0.4258391559123993,-0.09766872972249985,0.6230360865592957,0.4005955159664154,-0.09872360527515411,0.6727498173713684,0.2516053318977356,-0.0708906352519989,0.6758506298065186,0.3647972345352173,-0.10406443476676941,0.6631509065628052,0.4178742468357086,-0.09442830085754395,0.6562368273735046,0.3931621313095093,-0.08803094178438187,0.7160482406616211,0.26649945974349976,-0.07456731796264648,0.7216933965682983,0.3557729721069336,-0.09861142188310623,0.7037255167961121,0.3987845480442047,-0.09594748169183731,0.69045090675354,0.3833616375923157,-0.0931934341788292
YES,0.6460153460502625,0.3831017017364502,-7.548057965323096e-07,0.5803039073944092,0.39588505029678345,-0.04508647695183754,0.5246224403381348,0.38743820786476135,-0.07926065474748611,0.5079644918441772,0.3848421573638916,-0.10751226544380188,0.5326907634735107,0.37497156858444214,-0.13022883236408234,0.5681479573249817,0.2639990448951721,-0.0780610740184784,0.5722859501838684,0.3673914670944214,-0.11001141369342804,0.5728029012680054,0.4134112000465393,-0.11755558103322983,0.5699352622032166,0.3930434286594391,-0.12337160855531693,0.6223025918006897,0.24791033565998077,-0.07280491292476654,0.6238337755203247,0.37585246562957764,-0.10020794719457626,0.6178723573684692,0.4296843409538269,-0.09786868095397949,0.6184249520301819,0.4040728509426117,-0.09975635260343552,0.6731218099594116,0.25168418884277344,-0.07018004357814789,0.6723529100418091,0.37167680263519287,-0.10061003267765045,0.6584930419921875,0.4188210666179657,-0.09118055552244186,0.6518315672874451,0.3918374180793762,-0.08600033074617386,0.7162281274795532,0.26453548669815063,-0.07184586673974991,0.7176312208175659,0.35846614837646484,-0.09399010986089706,0.700897753238678,0.39679455757141113,-0.09161289781332016,0.6904757022857666,0.3782917857170105,-0.08957798033952713
YES,0.6460153460502625,0.3831017017364502,-7.548057965323096e-07,0.5803039073944092,0.39588505029678345,-0.04508647695183754,0.5246224403381348,0.38743820786476135,-0.07926065474748611,0.5079644918441772,0.3848421573638916,-0.10751226544380188,0.5326907634735107,0.37497156858444214,-0.13022883236408234,0.5681479573249817,0.2639990448951721,-0.0780610740184784,0.5722859501838684,0.3673914670944214,-0.11001141369342804,0.5728029012680054,0.4134112000465393,-0.11755558103322983,0.5699352622032166,0.3930434286594391,-0.12337160855531693,0.6223025918006897,0.24791033565998077,-0.07280491292476654,0.6238337755203247,0.37585246562957764,-0.10020794719457626,0.6178723573684692,0.4296843409538269,-0.09786868095397949,0.6184249520301819,0.4040728509426117,-0.09975635260343552,0.6731218099594116,0.25168418884277344,-0.07018004357814789,0.6723529100418091,0.37167680263519287,-0.10061003267765045,0.6584930419921875,0.4188210666179657,-0.09118055552244186,0.6518315672874451,0.3918374180793762,-0.08600033074617386,0.7162281274795532,0.26453548669815063,-0.07184586673974991,0.7176312208175659,0.35846614837646484,-0.09399010986089706,0.700897753238678,0.39679455757141113,-0.09161289781332016,0.6904757022857666,0.3782917857170105,-0.08957798033952713
YES,0.6460153460502625,0.3831017017364502,-7.548057965323096e-07,0.5803039073944092,0.39588505029678345,-0.04508647695183754,0.5246224403381348,0.38743820786476135,-0.07926065474748611,0.5079644918441772,0.3848421573638916,-0.10751226544380188,0.5326907634735107,0.37497156858444214,-0.13022883236408234,0.5681479573249817,0.2639990448951721,-0.0780610740184784,0.5722859501838684,0.3673914670944214,-0.11001141369342804,0.5728029012680054,0.4134112000465393,-0.11755558103322983,0.5699352622032166,0.3930434286594391,-0.12337160855531693,0.6223025918006897,0.24791033565998077,-0.07280491292476654,0.6238337755203247,0.37585246562957764,-0.10020794719457626,0.6178723573684692,0.4296843409538269,-0.09786868095397949,0.6184249520301819,0.4040728509426117,-0.09975635260343552,0.6731218099594116,0.25168418884277344,-0.07018004357814789,0.6723529100418091,0.37167680263519287,-0.10061003267765045,0.6584930419921875,0.4188210666179657,-0.09118055552244186,0.6518315672874451,0.3918374180793762,-0.08600033074617386,0.7162281274795532,0.26453548669815063,-0.07184586673974991,0.7176312208175659,0.35846614837646484,-0.09399010986089706,0.700897753238678,0.39679455757141113,-0.09161289781332016,0.6904757022857666,0.3782917857170105,-0.08957798033952713
YES,0.6481775641441345,0.3804033100605011,-7.674561288695259e-07,0.582722008228302,0.39051371812820435,-0.03980295732617378,0.5279504060745239,0.3823397755622864,-0.07347477972507477,0.5086549520492554,0.3855988681316376,-0.10219688713550568,0.5269670486450195,0.37990209460258484,-0.1258925199508667,0.5671176314353943,0.2624489367008209,-0.07904334366321564,0.5759968161582947,0.36294981837272644,-0.1107330322265625,0.5786531567573547,0.40867841243743896,-0.11675150692462921,0.5751357078552246,0.38741812109947205,-0.12170800566673279,0.6200911402702332,0.24413004517555237,-0.07748677581548691,0.6284068822860718,0.3645048141479492,-0.10494755208492279,0.6237094402313232,0.4236842393875122,-0.10151160508394241,0.6208711862564087,0.40059179067611694,-0.10320736467838287,0.6695175170898438,0.2463645040988922,-0.07781178504228592,0.6760472059249878,0.35925912857055664,-0.10969685018062592,0.6622774004936218,0.4160894751548767,-0.09944377094507217,0.650720477104187,0.3941586911678314,-0.09360135346651077,0.7111941576004028,0.2601097524166107,-0.08165683597326279,0.7198618054389954,0.35202574729919434,-0.10430583357810974,0.7023556232452393,0.3967696726322174,-0.100636325776577,0.6867116689682007,0.38243603706359863,-0.0980820581316948
YES,0.6481775641441345,0.3804033100605011,-7.674561288695259e-07,0.582722008228302,0.39051371812820435,-0.03980295732617378,0.5279504060745239,0.3823397755622864,-0.07347477972507477,0.5086549520492554,0.3855988681316376,-0.10219688713550568,0.5269670486450195,0.37990209460258484,-0.1258925199508667,0.5671176314353943,0.2624489367008209,-0.07904334366321564,0.5759968161582947,0.36294981837272644,-0.1107330322265625,0.5786531567573547,0.40867841243743896,-0.11675150692462921,0.5751357078552246,0.38741812109947205,-0.12170800566673279,0.6200911402702332,0.24413004517555237,-0.07748677581548691,0.6284068822860718,0.3645048141479492,-0.10494755208492279,0.6237094402313232,0.4236842393875122,-0.10151160508394241,0.6208711862564087,0.40059179067611694,-0.10320736467838287,0.6695175170898438,0.2463645040988922,-0.07781178504228592,0.6760472059249878,0.35925912857055664,-0.10969685018062592,0.6622774004936218,0.4160894751548767,-0.09944377094507217,0.650720477104187,0.3941586911678314,-0.09360135346651077,0.7111941576004028,0.2601097524166107,-0.08165683597326279,0.7198618054389954,0.35202574729919434,-0.10430583357810974,0.7023556232452393,0.3967696726322174,-0.100636325776577,0.6867116689682007,0.38243603706359863,-0.0980820581316948
YES,0.6481775641441345,0.3804033100605011,-7.674561288695259e-07,0.582722008228302,0.39051371812820435,-0.03980295732617378,0.5279504060745239,0.3823397755622864,-0.07347477972507477,0.5086549520492554,0.3855988681316376,-0.10219688713550568,0.5269670486450195,0.37990209460258484,-0.1258925199508667,0.5671176314353943,0.2624489367008209,-0.07904334366321564,0.5759968161582947,0.36294981837272644,-0.1107330322265625,0.5786531567573547,0.40867841243743896,-0.11675150692462921,0.5751357078552246,0.38741812109947205,-0.12170800566673279,0.6200911402702332,0.24413004517555237,-0.07748677581548691,0.6284068822860718,0.3645048141479492,-0.10494755208492279,0.6237094402313232,0.4236842393875122,-0.10151160508394241,0.6208711862564087,0.40059179067611694,-0.10320736467838287,0.6695175170898438,0.2463645040988922,-0.07781178504228592,0.6760472059249878,0.35925912857055664,-0.10969685018062592,0.6622774004936218,0.4160894751548767,-0.09944377094507217,0.650720477104187,0.3941586911678314,-0.09360135346651077,0.7111941576004028,0.2601097524166107,-0.08165683597326279,0.7198618054389954,0.35202574729919434,-0.10430583357810974,0.7023556232452393,0.3967696726322174,-0.100636325776577,0.6867116689682007,0.38243603706359863,-0.0980820581316948
YES,0.6360045075416565,0.36449989676475525,-6.660752660536673e-07,0.5733533501625061,0.37063777446746826,-0.04118804261088371,0.524303138256073,0.36232224106788635,-0.07726144790649414,0.5093281269073486,0.37045538425445557,-0.10880867391824722,0.5232682824134827,0.38303840160369873,-0.1364120990037918,0.5722830295562744,0.2572493255138397,-0.08323506265878677,0.5816755294799805,0.3626896142959595,-0.11770203709602356,0.5806109309196472,0.4127424657344818,-0.1267394870519638,0.577696681022644,0.3950756788253784,-0.1333456039428711,0.6231887936592102,0.24427852034568787,-0.08125832676887512,0.6315500140190125,0.36962395906448364,-0.10963615030050278,0.620120108127594,0.4289010167121887,-0.10678686201572418,0.6182568669319153,0.40590715408325195,-0.1089438870549202,0.6702319979667664,0.25148236751556396,-0.08129444718360901,0.6761767864227295,0.36604341864585876,-0.11340481042861938,0.6569452285766602,0.4194744825363159,-0.10361286252737045,0.6487442255020142,0.3964790105819702,-0.09779727458953857,0.7107572555541992,0.2689358592033386,-0.08497511595487595,0.7149185538291931,0.3579230010509491,-0.1056157723069191,0.6955421566963196,0.39841902256011963,-0.10070887953042984,0.6847705245018005,0.3839707374572754,-0.09771580994129181
YES,0.6437468528747559,0.395256906747818,-7.284493790393753e-07,0.5778287649154663,0.40025758743286133,-0.04411376640200615,0.524815559387207,0.38367339968681335,-0.07789594680070877,0.5121634006500244,0.3828861117362976,-0.10609856992959976,0.5355020761489868,0.37871015071868896,-0.1287427395582199,0.5721274018287659,0.2615029513835907,-0.07731033116579056,0.5763126015663147,0.364044189453125,-0.11261443793773651,0.5779727101325989,0.4161781072616577,-0.12268856912851334,0.5765464901924133,0.3985289931297302,-0.1296013742685318,0.625694990158081,0.2460889220237732,-0.07291729748249054,0.6276828646659851,0.37307804822921753,-0.10223639011383057,0.6209282279014587,0.432832807302475,-0.10049842298030853,0.6213738918304443,0.4083833396434784,-0.1024145632982254,0.6749066114425659,0.2531863749027252,-0.07157685607671738,0.6761835217475891,0.3702154755592346,-0.10430898517370224,0.6620458364486694,0.4227020740509033,-0.09569492191076279,0.6557341814041138,0.3970699906349182,-0.09024457633495331,0.7167980670928955,0.27066484093666077,-0.07427442818880081,0.7203148603439331,0.36267971992492676,-0.09800460934638977,0.703127384185791,0.40304306149482727,-0.09621834009885788,0.692419171333313,0.3848171830177307,-0.0941334143280983
YES,0.23266001045703888,0.4779953360557556,-1.1952703005135845e-07,0.2948879897594452,0.491489052772522,-0.02402288094162941,0.3354340195655823,0.4856348931789398,-0.04327479749917984,0.3513732850551605,0.4567817151546478,-0.05962827801704407,0.34378501772880554,0.4243529438972473,-0.07361999899148941,0.3239463269710541,0.3681381344795227,-0.04183892160654068,0.3050815761089325,0.42684927582740784,-0.06797284632921219,0.29893821477890015,0.4540044069290161,-0.08662839978933334,0.29800790548324585,0.4550408124923706,-0.09946782886981964,0.2810545265674591,0.3542877435684204,-0.04329748824238777,0.2606881558895111,0.4484451711177826,-0.06360616534948349,0.2610372304916382,0.46992430090904236,-0.07116539776325226,0.2650042176246643,0.4587034583091736,-0.07993096113204956,0.24060946702957153,0.36101657152175903,-0.04652484506368637,0.22279256582260132,0.453259140253067,-0.06618735939264297,0.22777236998081207,0.46764427423477173,-0.06435640156269073,0.2350676953792572,0.45288071036338806,-0.06473317742347717,0.20731210708618164,0.3774228096008301,-0.05258011445403099,0.19025199115276337,0.4465407133102417,-0.06732117384672165,0.19411413371562958,0.45667970180511475,-0.06675004214048386,0.19975285232067108,0.44214701652526855,-0.06655272841453552
YES,0.25832509994506836,0.4376651346683502,-1.2635129564841918e-07,0.3140478730201721,0.46864357590675354,-0.0265389122068882,0.354879766702652,0.47453856468200684,-0.049258407205343246,0.3771919012069702,0.4540160894393921,-0.06855174154043198,0.37876516580581665,0.4173057973384857,-0.08669797331094742,0.3478582501411438,0.36777544021606445,-0.05544928088784218,0.3452627956867218,0.42543473839759827,-0.08332451432943344,0.3328898847103119,0.4519858956336975,-0.10086698085069656,0.32409173250198364,0.4472748637199402,-0.11259389668703079,0.30817660689353943,0.35330143570899963,-0.05640897899866104,0.30359554290771484,0.44127804040908813,-0.07757674157619476,0.29450294375419617,0.4666648805141449,-0.08332759141921997,0.29270005226135254,0.4557534158229828,-0.09118719398975372,0.27134788036346436,0.3590224087238312,-0.05853523313999176,0.2665886878967285,0.44341886043548584,-0.07861010730266571,0.26371991634368896,0.4655478000640869,-0.07398439198732376,0.2641909420490265,0.45525962114334106,-0.07343524694442749,0.2414427399635315,0.37219470739364624,-0.06318601965904236,0.232542023062706,0.43629488348960876,-0.07876738160848618,0.23085293173789978,0.45332029461860657,-0.07532887160778046,0.23095469176769257,0.4455573856830597,-0.07365340739488602
YES,0.2692933678627014,0.4523090124130249,-1.519400001370741e-07,0.3236137628555298,0.47435423731803894,-0.024806786328554153,0.36151832342147827,0.4796977639198303,-0.04723168537020683,0.3802919089794159,0.45583999156951904,-0.06645812839269638,0.3781364858150482,0.4190406799316406,-0.08351831138134003,0.35140758752822876,0.3753185570240021,-0.052255745977163315,0.3375946581363678,0.445639044046402,-0.0794544368982315,0.3306449353694916,0.46524733304977417,-0.09482909739017487,0.32957005500793457,0.44976019859313965,-0.10525158047676086,0.31032922863960266,0.359098881483078,-0.054375287145376205,0.29754236340522766,0.455534964799881,-0.0758582279086113,0.29381126165390015,0.47250646352767944,-0.07986446470022202,0.29996925592422485,0.4463539719581604,-0.08642907440662384,0.27293145656585693,0.3628222942352295,-0.05770612880587578,0.26057806611061096,0.4537956118583679,-0.0788964033126831,0.26271724700927734,0.4662301540374756,-0.07284659892320633,0.26918748021125793,0.4411092698574066,-0.07098653167486191,0.24217787384986877,0.37420469522476196,-0.0636439248919487,0.22776763141155243,0.43834105134010315,-0.0807868167757988,0.23036615550518036,0.4478569030761719,-0.07881370186805725,0.23422998189926147,0.42928189039230347,-0.07793454825878143
YES,0.2648543417453766,0.47679954767227173,-2.3016816896870296e-07,0.31533655524253845,0.4942391514778137,-0.030139844864606857,0.35812750458717346,0.4888434112071991,-0.05197121575474739,0.3757152557373047,0.4603431522846222,-0.07000678777694702,0.38128340244293213,0.41885560750961304,-0.08505874872207642,0.3552783727645874,0.37199097871780396,-0.051216140389442444,0.33359453082084656,0.4417307376861572,-0.08405590802431107,0.3257262408733368,0.47159671783447266,-0.10366586595773697,0.3319631516933441,0.4599888026714325,-0.11614919453859329,0.31206226348876953,0.3546076714992523,-0.05091916024684906,0.2923615574836731,0.45505475997924805,-0.0775805190205574,0.2893691658973694,0.4798215627670288,-0.08474619686603546,0.2999473810195923,0.45374467968940735,-0.09231352806091309,0.27203071117401123,0.35805633664131165,-0.05332766845822334,0.2561238408088684,0.4494609534740448,-0.08000294864177704,0.25686144828796387,0.4699189066886902,-0.07623248547315598,0.2671796679496765,0.4453270435333252,-0.07436173409223557,0.23840273916721344,0.36921319365501404,-0.058739542961120605,0.22395877540111542,0.43344929814338684,-0.07860539853572845,0.22560064494609833,0.4484744966030121,-0.07842808216810226,0.23117361962795258,0.43215301632881165,-0.0778602585196495
YES,0.25519075989723206,0.4640202224254608,-1.3323169412160496e-07,0.3160380423069,0.4820638597011566,-0.028277765959501266,0.35690146684646606,0.4808765649795532,-0.050074007362127304,0.37586984038352966,0.45676928758621216,-0.0681714341044426,0.3776456117630005,0.422016441822052,-0.08341295272111893,0.34839871525764465,0.36385786533355713,-0.04726473242044449,0.3372128903865814,0.4490571618080139,-0.07481961697340012,0.33111193776130676,0.466298907995224,-0.09277596324682236,0.32956400513648987,0.4450763463973999,-0.10519654303789139,0.3064306080341339,0.3521309494972229,-0.04706127569079399,0.2947360575199127,0.46057063341140747,-0.06856957823038101,0.29338333010673523,0.4739066958427429,-0.07413704693317413,0.2966400980949402,0.4470798969268799,-0.08173438906669617,0.26756441593170166,0.36094391345977783,-0.04925178363919258,0.25829556584358215,0.4619249701499939,-0.0706067755818367,0.26129117608070374,0.47152280807495117,-0.06728821992874146,0.2653828263282776,0.4451610743999481,-0.06663954257965088,0.2354941964149475,0.37844985723495483,-0.05455710366368294,0.22615666687488556,0.4544278383255005,-0.07187290489673615,0.22862252593040466,0.4592689871788025,-0.07233070582151413,0.2305237352848053,0.4348912239074707,-0.07291068136692047
YES,0.2579108774662018,0.4764760732650757,-1.394853654801409e-07,0.3165636658668518,0.4866040349006653,-0.023606939241290092,0.35857558250427246,0.4799308478832245,-0.042454227805137634,0.37600085139274597,0.4536111056804657,-0.05834793671965599,0.3735405206680298,0.4206182360649109,-0.07178813219070435,0.34670573472976685,0.3657763600349426,-0.043982189148664474,0.33532533049583435,0.4254611134529114,-0.07008001208305359,0.3315987288951874,0.45589303970336914,-0.08663418889045715,0.33249059319496155,0.4556390941143036,-0.09758932143449783,0.30519914627075195,0.3543493151664734,-0.045169293880462646,0.2930532395839691,0.4428938031196594,-0.06587571650743484,0.29294708371162415,0.468905508518219,-0.07177659869194031,0.29766175150871277,0.45593732595443726,-0.07923892140388489,0.265863299369812,0.36348333954811096,-0.048007186502218246,0.25517982244491577,0.44658875465393066,-0.0688013806939125,0.25905081629753113,0.4638582468032837,-0.06625097244977951,0.265632301568985,0.44655269384384155,-0.06611305475234985,0.2337643802165985,0.3804588317871094,-0.05324758216738701,0.22113914787769318,0.44244056940078735,-0.06913808733224869,0.2257799208164215,0.4537074565887451,-0.0690750703215599,0.23199230432510376,0.43813133239746094,-0.06937837600708008
YES,0.26260262727737427,0.4850669503211975,-1.6427944160568586e-07,0.3202122747898102,0.49724724888801575,-0.030575817450881004,0.35980722308158875,0.4846256673336029,-0.05353562906384468,0.37631893157958984,0.45645570755004883,-0.07242555916309357,0.38074401021003723,0.42007583379745483,-0.08779224008321762,0.35127049684524536,0.36612075567245483,-0.05300600454211235,0.3338312804698944,0.4232535660266876,-0.0832323208451271,0.3273206055164337,0.45632120966911316,-0.09878741949796677,0.3289791941642761,0.4532429575920105,-0.10774518549442291,0.3081686496734619,0.35309141874313354,-0.05141761898994446,0.29235994815826416,0.4455450475215912,-0.07732707262039185,0.28926992416381836,0.47553160786628723,-0.08156251162290573,0.2965920567512512,0.4555722177028656,-0.08585277199745178,0.26948800683021545,0.36132511496543884,-0.052276916801929474,0.255884051322937,0.44741418957710266,-0.0782885029911995,0.2574305832386017,0.4691832363605499,-0.07289174199104309,0.2641984820365906,0.4480045437812805,-0.06905209273099899,0.23826776444911957,0.3759736120700836,-0.056047480553388596,0.2248281091451645,0.43813827633857727,-0.07619863748550415,0.226468026638031,0.45260924100875854,-0.07547058910131454,0.2302107959985733,0.4349466562271118,-0.0735996887087822
YES,0.2675362825393677,0.47853878140449524,-2.0493257579801138e-07,0.3221288025379181,0.4902547597885132,-0.025216205045580864,0.36379027366638184,0.4820537567138672,-0.045004382729530334,0.3825385570526123,0.453551709651947,-0.06172137334942818,0.38077878952026367,0.41797277331352234,-0.07562965154647827,0.3512660264968872,0.3677405118942261,-0.043747130781412125,0.3424686789512634,0.42536622285842896,-0.07095351070165634,0.33414456248283386,0.4559673070907593,-0.08738239109516144,0.3352643847465515,0.44943419098854065,-0.09826797246932983,0.30997270345687866,0.35532715916633606,-0.04465072229504585,0.3009781837463379,0.44634586572647095,-0.06755626201629639,0.29780614376068115,0.4729115664958954,-0.07429207861423492,0.3033473491668701,0.45246654748916626,-0.08170658349990845,0.2727678716182709,0.36225438117980957,-0.047634635120630264,0.26526349782943726,0.44998013973236084,-0.07033649832010269,0.26566851139068604,0.46871793270111084,-0.06778213381767273,0.2712107300758362,0.44628721475601196,-0.06738604605197906,0.24329859018325806,0.375796914100647,-0.05312694236636162,0.23200443387031555,0.4391961693763733,-0.07005669921636581,0.23222655057907104,0.451629102230072,-0.07020251452922821,0.23474828898906708,0.4334096908569336,-0.07047034054994583
YES,0.26425349712371826,0.4990091323852539,-1.6252052148502116e-07,0.324368953704834,0.49983346462249756,-0.025991227477788925,0.3665046989917755,0.48313042521476746,-0.04707111418247223,0.38358739018440247,0.454905241727829,-0.06508234143257141,0.3831106126308441,0.4202924370765686,-0.08082421123981476,0.3596133887767792,0.3710673749446869,-0.05069141834974289,0.3482631742954254,0.40426674485206604,-0.07856297492980957,0.33841007947921753,0.44934970140457153,-0.09306991845369339,0.33767834305763245,0.46325111389160156,-0.10125916451215744,0.31782102584838867,0.36046838760375977,-0.05098592862486839,0.3032318651676178,0.4193440079689026,-0.0744551569223404,0.30054470896720886,0.46287646889686584,-0.07953467965126038,0.3060319721698761,0.4654552638530731,-0.0851268321275711,0.2783128023147583,0.3691231608390808,-0.05274749919772148,0.26426273584365845,0.42295193672180176,-0.07595369219779968,0.2668864130973816,0.4561767578125,-0.0732407420873642,0.2748332619667053,0.4553155303001404,-0.07200418412685394,0.2462673783302307,0.382868230342865,-0.056638095527887344,0.2296103835105896,0.4157339632511139,-0.0717390775680542,0.23363658785820007,0.440272718667984,-0.06964319944381714,0.24087762832641602,0.44466152787208557,-0.06815668195486069
YES,0.2735736668109894,0.4838765561580658,-1.0868261313135008e-07,0.3294069766998291,0.4957807958126068,-0.030577654018998146,0.37006711959838867,0.48527148365974426,-0.05244824290275574,0.38529208302497864,0.4579371213912964,-0.06993023306131363,0.38337719440460205,0.42190879583358765,-0.08448828011751175,0.35227352380752563,0.3706972599029541,-0.053171753883361816,0.33860278129577637,0.43808287382125854,-0.0826580747961998,0.33911263942718506,0.465154230594635,-0.09944571554660797,0.34423828125,0.45748358964920044,-0.1101665049791336,0.30977728962898254,0.3565007746219635,-0.05168340727686882,0.2969683110713959,0.45263931155204773,-0.07698945701122284,0.30217865109443665,0.47622326016426086,-0.08282405883073807,0.30973097681999207,0.4562086760997772,-0.0893842875957489,0.27135613560676575,0.3630731701850891,-0.052531834691762924,0.26136353611946106,0.45063525438308716,-0.07740258425474167,0.26834923028945923,0.4684770405292511,-0.074337437748909,0.2772192358970642,0.44874244928359985,-0.07292423397302628,0.24077951908111572,0.3773706257343292,-0.05640982836484909,0.22960007190704346,0.43964481353759766,-0.07563342899084091,0.23524990677833557,0.4526994228363037,-0.07704401016235352,0.2415362149477005,0.4385221302509308,-0.07786483317613602
YES,0.2697157859802246,0.4904744029045105,-2.3418304806455126e-07,0.3273930549621582,0.49829399585723877,-0.02697734907269478,0.3714500069618225,0.48710209131240845,-0.04707669839262962,0.3891774117946625,0.458598792552948,-0.06337480992078781,0.38187292218208313,0.423525869846344,-0.07660536468029022,0.35378047823905945,0.3685523569583893,-0.04990874603390694,0.3428395986557007,0.44168150424957275,-0.07805296778678894,0.33496156334877014,0.4728025197982788,-0.09330400824546814,0.3357253968715668,0.45978593826293945,-0.10308342427015305,0.3103462755680084,0.35693618655204773,-0.04994899407029152,0.30043333768844604,0.4569597840309143,-0.07377142459154129,0.29750800132751465,0.48474904894828796,-0.07858830690383911,0.3020108640193939,0.4624435305595398,-0.0846405103802681,0.27148759365081787,0.36427003145217896,-0.05193396285176277,0.26452431082725525,0.45521634817123413,-0.07624001055955887,0.26612141728401184,0.47659069299697876,-0.07322627305984497,0.270868718624115,0.45344918966293335,-0.07192102074623108,0.240477055311203,0.37974101305007935,-0.056452710181474686,0.2329619824886322,0.441663533449173,-0.07507354766130447,0.23598304390907288,0.45607033371925354,-0.07594592124223709,0.23898017406463623,0.43819108605384827,-0.07640378177165985
YES,0.2754144072532654,0.4046425223350525,-1.4375389412180084e-07,0.32582175731658936,0.43662601709365845,-0.023278839886188507,0.35466670989990234,0.47334158420562744,-0.04439283907413483,0.3622644543647766,0.4986771047115326,-0.06267707049846649,0.33591127395629883,0.5004451870918274,-0.08115048706531525,0.31629812717437744,0.39687228202819824,-0.059536706656217575,0.29698646068573,0.5065301656723022,-0.08536721020936966,0.3005125820636749,0.5130913257598877,-0.10406056046485901,0.3021373152732849,0.4880725145339966,-0.11818259209394455,0.2662859559059143,0.3869103789329529,-0.06336923688650131,0.2504960298538208,0.5207400918006897,-0.07940732687711716,0.2599624693393707,0.5194432735443115,-0.08042013645172119,0.26771390438079834,0.4836422801017761,-0.08796422183513641,0.22582870721817017,0.3911130428314209,-0.06742974370718002,0.21261465549468994,0.5147663950920105,-0.08239138871431351,0.22555245459079742,0.5119367241859436,-0.07266747206449509,0.2352345734834671,0.48189887404441833,-0.06994207948446274,0.1956268548965454,0.40228351950645447,-0.07527171075344086,0.18203993141651154,0.4982115924358368,-0.08915857970714569,0.19090113043785095,0.497702956199646,-0.0850200355052948,0.19567136466503143,0.4738079607486725,-0.08422905951738358
YES,0.2628868520259857,0.4537956416606903,-7.604874241451398e-08,0.3187849819660187,0.466327965259552,-0.022582802921533585,0.35748207569122314,0.47915980219841003,-0.047304119914770126,0.3737947940826416,0.4845731556415558,-0.07047376781702042,0.360118567943573,0.47959914803504944,-0.09396550059318542,0.33315593004226685,0.39104899764060974,-0.059656303375959396,0.32969772815704346,0.4151468873023987,-0.09076453000307083,0.3292856812477112,0.4587603807449341,-0.11060569435358047,0.321421355009079,0.4872390031814575,-0.12153857201337814,0.2871405780315399,0.3892590403556824,-0.06423510611057281,0.2844211459159851,0.43679967522621155,-0.08638632297515869,0.2926488518714905,0.4743354320526123,-0.08770236372947693,0.2901574373245239,0.49341922998428345,-0.09078792482614517,0.24629700183868408,0.3996572494506836,-0.07000517845153809,0.2431279718875885,0.44560205936431885,-0.0891878753900528,0.2582704424858093,0.47278693318367004,-0.07916807383298874,0.2612881064414978,0.48938435316085815,-0.07235900312662125,0.21446174383163452,0.4152679145336151,-0.07862924784421921,0.21071256697177887,0.44844767451286316,-0.0912325382232666,0.22462551295757294,0.46778813004493713,-0.08271307498216629,0.2308308333158493,0.4793694317340851,-0.07610800862312317
YES,0.27534019947052,0.43246081471443176,-9.885744134408014e-08,0.33179816603660583,0.4561881422996521,-0.02304835617542267,0.3636985421180725,0.47997385263442993,-0.04510236531496048,0.374838650226593,0.4872109293937683,-0.06402122974395752,0.36027413606643677,0.4729384779930115,-0.08205952495336533,0.3336664140224457,0.3964160084724426,-0.05924355238676071,0.3241803050041199,0.4815153479576111,-0.08397412300109863,0.3242967128753662,0.4840792417526245,-0.09949337691068649,0.3207768499851227,0.46130508184432983,-0.11037252098321915,0.28606799244880676,0.38847821950912476,-0.06212500110268593,0.2782641053199768,0.49325111508369446,-0.0792202278971672,0.2866865396499634,0.48753151297569275,-0.08036245405673981,0.2892282009124756,0.458694726228714,-0.08627593517303467,0.24506798386573792,0.39516040682792664,-0.06513170897960663,0.23831534385681152,0.4891873598098755,-0.08074543625116348,0.251630574464798,0.47904157638549805,-0.07164573669433594,0.25740355253219604,0.45294710993766785,-0.06807323545217514,0.21405166387557983,0.40784862637519836,-0.07134339213371277,0.20626026391983032,0.4747040867805481,-0.08556166291236877,0.2165423482656479,0.46549147367477417,-0.08183971792459488,0.22003667056560516,0.4400278627872467,-0.07999945431947708
YES,0.2674577236175537,0.45627808570861816,-9.89954216379374e-08,0.327515184879303,0.4750334620475769,-0.025248026475310326,0.365628719329834,0.48863524198532104,-0.044127386063337326,0.3794645667076111,0.4831690788269043,-0.059972263872623444,0.3659568428993225,0.4650663435459137,-0.07458039373159409,0.3411945104598999,0.3809329569339752,-0.0480978898704052,0.32691246271133423,0.49540096521377563,-0.07567685842514038,0.325131356716156,0.5034383535385132,-0.09520294517278671,0.32340002059936523,0.4753642678260803,-0.10901598632335663,0.2923833429813385,0.3699803054332733,-0.04931482672691345,0.28012359142303467,0.5033444166183472,-0.0687759518623352,0.28615641593933105,0.5061967372894287,-0.07423786073923111,0.29187506437301636,0.4721018671989441,-0.08311604708433151,0.24996788799762726,0.3785895109176636,-0.052170004695653915,0.2412969022989273,0.49626877903938293,-0.07228466868400574,0.2501089572906494,0.4976247549057007,-0.06871716678142548,0.25675901770591736,0.46699395775794983,-0.06817005574703217,0.2164052426815033,0.39594513177871704,-0.058320704847574234,0.20753221213817596,0.48005929589271545,-0.07686114311218262,0.21553978323936462,0.4807368516921997,-0.07808438688516617,0.21893541514873505,0.45636147260665894,-0.07915550470352173
