label,x0,y0,z0,x1,y1,z1,x2,y2,z2,x3,y3,z3,x4,y4,z4,x5,y5,z5,x6,y6,z6,x7,y7,z7,x8,y8,z8,x9,y9,z9,x10,y10,z10,x11,y11,z11,x12,y12,z12,x13,y13,z13,x14,y14,z14,x15,y15,z15,x16,y16,z16,x17,y17,z17,x18,y18,z18,x19,y19,z19,x20,y20,z20
HELLO,0.731592059135437,0.7964604496955872,1.3874826265691809e-07,0.6646608710289001,0.7886673212051392,-0.020935609936714172,0.6048112511634827,0.7477580308914185,-0.031847789883613586,0.5629170536994934,0.7059177160263062,-0.04251484572887421,0.5253625512123108,0.6862497925758362,-0.052906110882759094,0.6123412847518921,0.6162458658218384,-0.009738873690366745,0.569939911365509,0.547749936580658,-0.02481762133538723,0.5434725284576416,0.506016731262207,-0.04034566879272461,0.5198644995689392,0.4703057110309601,-0.05263679474592209,0.6469408869743347,0.5882940292358398,-0.012971222400665283,0.6139203310012817,0.5045375823974609,-0.02359551005065441,0.591394305229187,0.45333242416381836,-0.03560306876897812,0.5703534483909607,0.41335514187812805,-0.04550323635339737,0.6871728301048279,0.5847712159156799,-0.02036728709936142,0.6662883162498474,0.5088130235671997,-0.032170020043849945,0.6506832242012024,0.4605940580368042,-0.044003456830978394,0.6357476711273193,0.4207371175289154,-0.053334757685661316,0.7307299971580505,0.5973873138427734,-0.030429158359766006,0.736240804195404,0.5388261675834656,-0.04023347422480583,0.739008367061615,0.4997204542160034,-0.04661454260349274,0.7397712469100952,0.4633750319480896,-0.05201356112957001
HELLO,0.607163667678833,0.7919169664382935,-2.028678096621661e-07,0.5909435153007507,0.7063280940055847,0.006150403525680304,0.5608404874801636,0.640970766544342,0.0035961440298706293,0.5380150675773621,0.5912858843803406,-0.001841102261096239,0.5394442081451416,0.5468579530715942,-0.008340829983353615,0.4780474007129669,0.6563511490821838,0.0004444720398169011,0.44479605555534363,0.6820987462997437,-0.003717112820595503,0.4644610285758972,0.7000072002410889,-0.011295302771031857,0.4877639412879944,0.7053704857826233,-0.017320731654763222,0.4693547487258911,0.710166871547699,-0.008305632509291172,0.44385483860969543,0.7328729033470154,-0.004915010649710894,0.4651165306568146,0.743032693862915,-0.006702058482915163,0.4903922975063324,0.7427957057952881,-0.011729398742318153,0.47428110241889954,0.7656846046447754,-0.01568814180791378,0.4570120573043823,0.7829219102859497,-0.016216358169913292,0.4765858054161072,0.7866004705429077,-0.01432524248957634,0.49990707635879517,0.7843435406684875,-0.01569213904440403,0.48561492562294006,0.8151825070381165,-0.022547457367181778,0.4790474474430084,0.8257406949996948,-0.023036258295178413,0.4998200833797455,0.826906681060791,-0.016345513984560966,0.5193699598312378,0.8240506649017334,-0.011381403543055058
HELLO,0.7179491519927979,0.792291522026062,3.244313262484866e-08,0.6588926911354065,0.779990017414093,-0.029398731887340546,0.6022682189941406,0.7488031387329102,-0.05521267652511597,0.5576357841491699,0.7277197241783142,-0.08213148266077042,0.5188859105110168,0.7178106904029846,-0.10929667204618454,0.6235401630401611,0.6225776672363281,-0.040604762732982635,0.5872420072555542,0.5444398522377014,-0.07151144742965698,0.5611439943313599,0.503341794013977,-0.09296812862157822,0.5395164489746094,0.4716283977031708,-0.10691309720277786,0.6619732975959778,0.6071588397026062,-0.04419505223631859,0.6503033638000488,0.527690589427948,-0.0844883918762207,0.6653931736946106,0.5631703734397888,-0.10306961089372635,0.6774184107780457,0.6077613234519958,-0.10909201949834824,0.7022244930267334,0.6100007891654968,-0.05042818561196327,0.7023339867591858,0.5253986120223999,-0.0833284854888916,0.7103071212768555,0.5639984011650085,-0.08631566911935806,0.7160648703575134,0.6059815883636475,-0.08149704337120056,0.741674542427063,0.6269760131835938,-0.05974286422133446,0.7638530731201172,0.5658996105194092,-0.0811019167304039,0.7839685678482056,0.5287941098213196,-0.08692222833633423,0.8001687526702881,0.4911629855632782,-0.0880812257528305
HELLO,0.7137789726257324,0.39470720291137695,-2.9144737823116884e-07,0.6825981140136719,0.4695335030555725,-0.02129010111093521,0.6498186588287354,0.5389345288276672,-0.037906065583229065,0.6235476732254028,0.5975989103317261,-0.054959315806627274,0.6101780533790588,0.6457688808441162,-0.06776339560747147,0.5803728699684143,0.48972344398498535,-0.01230119913816452,0.5398190021514893,0.47850874066352844,-0.034357380121946335,0.5790435671806335,0.47086578607559204,-0.04461344704031944,0.6022411584854126,0.476126492023468,-0.04838152602314949,0.5797722339630127,0.43981510400772095,-0.01130640134215355,0.5435280203819275,0.42988505959510803,-0.031868673861026764,0.5947803854942322,0.429372102022171,-0.03500737249851227,0.6103055477142334,0.43811652064323425,-0.03332705795764923,0.5858012437820435,0.3914412558078766,-0.01433496829122305,0.55229651927948,0.3815661668777466,-0.03186466544866562,0.598350465297699,0.3875492215156555,-0.02149207890033722,0.6169140338897705,0.39953306317329407,-0.01098965760320425,0.5977910161018372,0.3490172028541565,-0.0196835957467556,0.5689137578010559,0.3385760486125946,-0.026703039184212685,0.5993157029151917,0.35254964232444763,-0.015017432160675526,0.6149381995201111,0.3649798035621643,-0.004479114897549152
HELLO,0.6006671190261841,0.47755321860313416,-4.051565483109698e-08,0.5602672100067139,0.46937525272369385,0.0047748195938766,0.529335618019104,0.44242995977401733,0.004686533007770777,0.5078052282333374,0.4212326407432556,0.0018236226169392467,0.4882904589176178,0.4060410261154175,-0.0019083311781287193,0.5058674812316895,0.4124273955821991,-0.003303742967545986,0.4663301110267639,0.38059860467910767,-0.014357822015881538,0.44210606813430786,0.3602886497974396,-0.02132299914956093,0.423916757106781,0.3416350483894348,-0.025883862748742104,0.5110408067703247,0.4075469374656677,-0.013706144876778126,0.4674772620201111,0.37262097001075745,-0.026664413511753082,0.4402630031108856,0.3481123447418213,-0.03460847958922386,0.41985881328582764,0.32567450404167175,-0.039324790239334106,0.5233833193778992,0.4035762846469879,-0.024394085630774498,0.48307034373283386,0.3650292456150055,-0.039163894951343536,0.4564560651779175,0.3359145224094391,-0.04862489178776741,0.43612241744995117,0.31193941831588745,-0.05362935736775398,0.541921854019165,0.40026211738586426,-0.03433121740818024,0.5197421908378601,0.35869598388671875,-0.04744404926896095,0.503290057182312,0.33034586906433105,-0.0542793795466423,0.48939141631126404,0.3071935772895813,-0.05846742168068886
HELLO,0.7085363864898682,0.6198200583457947,1.0966858354777287e-07,0.6514082551002502,0.625091552734375,-0.02352004498243332,0.5965542197227478,0.5945749878883362,-0.03794879466295242,0.560278058052063,0.5601403713226318,-0.05115608498454094,0.5256373882293701,0.5454602837562561,-0.06512979418039322,0.5988568663597107,0.48291194438934326,-0.031028419733047485,0.5514969229698181,0.4266507923603058,-0.05357440561056137,0.5216918587684631,0.3905004560947418,-0.07084918022155762,0.49514681100845337,0.3600615859031677,-0.08343558758497238,0.6288696527481079,0.45130500197410583,-0.034797780215740204,0.5914461612701416,0.3724561333656311,-0.05521790683269501,0.56650310754776,0.32440274953842163,-0.07073131948709488,0.5441946983337402,0.2847391963005066,-0.08215665072202682,0.665656328201294,0.44243738055229187,-0.041509658098220825,0.6438990831375122,0.3666761517524719,-0.06297117471694946,0.6272121667861938,0.31964051723480225,-0.07905136048793793,0.6110528111457825,0.27852997183799744,-0.0902303159236908,0.7053166031837463,0.4500690698623657,-0.050133317708969116,0.714937150478363,0.3884636461734772,-0.06847142428159714,0.7200754284858704,0.3468765616416931,-0.079414963722229,0.7214955687522888,0.3072436451911926,-0.08742175996303558
HELLO,0.7019822001457214,0.5325618386268616,1.426936080406449e-07,0.6386820077896118,0.5267128348350525,-0.022879214957356453,0.5791987776756287,0.49033528566360474,-0.03513049706816673,0.535367488861084,0.4568290710449219,-0.04677799344062805,0.4965904951095581,0.44413548707962036,-0.058838795870542526,0.5841552019119263,0.3570997416973114,-0.018728038296103477,0.5411247611045837,0.2894052565097809,-0.036846984177827835,0.5130661725997925,0.24631182849407196,-0.05350412055850029,0.4879557490348816,0.20851658284664154,-0.06666946411132812,0.6185879111289978,0.3267897367477417,-0.02262764237821102,0.5840663909912109,0.2439095377922058,-0.03750567138195038,0.5627901554107666,0.19247496128082275,-0.05166959390044212,0.5439330339431763,0.1493576616048813,-0.06306726485490799,0.6597276926040649,0.32211366295814514,-0.030405644327402115,0.6432579755783081,0.24317480623722076,-0.04860478639602661,0.630232572555542,0.19236700236797333,-0.0650106891989708,0.6166267395019531,0.14725229144096375,-0.07707104086875916,0.7029776573181152,0.33512604236602783,-0.04046203941106796,0.717287003993988,0.2741558253765106,-0.05751248449087143,0.7263862490653992,0.23384079337120056,-0.06834280490875244,0.7322906851768494,0.19518646597862244,-0.07648764550685883
HELLO,0.6391087770462036,0.49203968048095703,2.9211838636911125e-07,0.6813161969184875,0.4363977015018463,-0.014075970277190208,0.7055564522743225,0.373699814081192,-0.02343831956386566,0.722047746181488,0.32372185587882996,-0.03258567675948143,0.7446050047874451,0.29050329327583313,-0.043539561331272125,0.6307382583618164,0.30517956614494324,-0.030403584241867065,0.6204069256782532,0.21737706661224365,-0.0461588017642498,0.6154655814170837,0.16213339567184448,-0.056634146720170975,0.6110648512840271,0.11903877556324005,-0.06511519849300385,0.5930391550064087,0.3167169690132141,-0.035585008561611176,0.5694946050643921,0.2297612428665161,-0.049864888191223145,0.5560194849967957,0.1720818728208542,-0.06264913082122803,0.5438950061798096,0.13056252896785736,-0.07347569614648819,0.5661033987998962,0.34933075308799744,-0.04099284112453461,0.5349560379981995,0.28038346767425537,-0.05884556472301483,0.5137441158294678,0.23560459911823273,-0.07548759877681732,0.49592629075050354,0.20133864879608154,-0.08812829107046127,0.5500251054763794,0.3937930166721344,-0.046583808958530426,0.5110716223716736,0.3643184006214142,-0.06750570237636566,0.485637366771698,0.3451939523220062,-0.07996037602424622,0.46382227540016174,0.33101686835289,-0.08803100138902664
HELLO,0.5747309327125549,0.42334258556365967,2.471417701599421e-07,0.5934850573539734,0.4192541837692261,-0.041297633200883865,0.5996894836425781,0.4011404812335968,-0.06708024442195892,0.5949423909187317,0.37769803404808044,-0.08630938082933426,0.5900673270225525,0.354104220867157,-0.1048130914568901,0.5815691351890564,0.33690303564071655,-0.06559646129608154,0.5800158977508545,0.28641605377197266,-0.09019744396209717,0.5779507756233215,0.25576677918434143,-0.10554679483175278,0.5757815837860107,0.22704172134399414,-0.11602194607257843,0.5579527616500854,0.3234664499759674,-0.05479798465967178,0.5469050407409668,0.26296481490135193,-0.08121395856142044,0.5400074124336243,0.22754691541194916,-0.09611723572015762,0.5334338545799255,0.19562771916389465,-0.10578428953886032,0.5398548245429993,0.3179662227630615,-0.045263614505529404,0.5273224711418152,0.26342692971229553,-0.06833042949438095,0.5202274918556213,0.23056647181510925,-0.07965816557407379,0.5149203538894653,0.20342722535133362,-0.08607533574104309,0.5282405614852905,0.3195731043815613,-0.0382479652762413,0.5159209370613098,0.2779468595981598,-0.05481893941760063,0.5066754817962646,0.256342351436615,-0.06219632178544998,0.4990779757499695,0.2398073375225067,-0.066864013671875
HELLO,0.6756981611251831,0.5721403956413269,5.890181142831352e-08,0.6152645349502563,0.5620077848434448,-0.018603630363941193,0.5629218220710754,0.5174648761749268,-0.0285498034209013,0.5290897488594055,0.4732498228549957,-0.03916824609041214,0.4936273992061615,0.4542081952095032,-0.05054265633225441,0.5748160481452942,0.395275741815567,-0.013292934745550156,0.5343390703201294,0.3292456269264221,-0.03133154287934303,0.5075474381446838,0.2880387306213379,-0.04782247915863991,0.4826401472091675,0.2543887794017792,-0.060298673808574677,0.6085015535354614,0.36842095851898193,-0.01866503246128559,0.5796083211898804,0.28182804584503174,-0.03408602252602577,0.5594353675842285,0.23066113889217377,-0.048514001071453094,0.5399961471557617,0.18997998535633087,-0.05967789515852928,0.6474281549453735,0.36618971824645996,-0.027585364878177643,0.6311823725700378,0.2862916886806488,-0.04564109072089195,0.6197535991668701,0.2374151051044464,-0.06020217388868332,0.6082600355148315,0.1958666443824768,-0.07046683132648468,0.6876544952392578,0.3808058798313141,-0.038528747856616974,0.7019287943840027,0.3211477994918823,-0.05377497896552086,0.7131803631782532,0.2823587656021118,-0.06276004016399384,0.7212437987327576,0.2465585172176361,-0.06957414746284485
HELLO,0.6942216753959656,0.5802594423294067,-2.432175563171768e-07,0.6435585618019104,0.5554906725883484,-0.01885216124355793,0.5922349691390991,0.503070056438446,-0.0335480161011219,0.5531215667724609,0.46091824769973755,-0.05052401125431061,0.5132544636726379,0.44257068634033203,-0.06970137357711792,0.611763060092926,0.3737090528011322,-0.013412173837423325,0.5727065205574036,0.3033089339733124,-0.035668835043907166,0.5453541278839111,0.2670552134513855,-0.057911522686481476,0.5252547264099121,0.23394247889518738,-0.07463566958904266,0.6476215124130249,0.3504437804222107,-0.020797790959477425,0.620464563369751,0.2622881531715393,-0.03586585447192192,0.6025022268295288,0.21838462352752686,-0.05103764683008194,0.5886362791061401,0.1850462406873703,-0.06479360908269882,0.6863237023353577,0.3522714376449585,-0.03198011964559555,0.6735121011734009,0.26416802406311035,-0.048756491392850876,0.6609636545181274,0.2181408703327179,-0.059148989617824554,0.6489313244819641,0.18280428647994995,-0.0675215870141983,0.7279592156410217,0.373140424489975,-0.04571573808789253,0.7384122610092163,0.3065197169780731,-0.05767979845404625,0.7429912686347961,0.2673586308956146,-0.05989764630794525,0.7448658347129822,0.2311350554227829,-0.06275532394647598
HELLO,0.7139857411384583,0.549068808555603,9.208386586578854e-08,0.664129912853241,0.5291063785552979,-0.01867518201470375,0.6217658519744873,0.48832792043685913,-0.030870888382196426,0.5909780859947205,0.4517002999782562,-0.04315723478794098,0.5612511038780212,0.43189865350723267,-0.05593918263912201,0.6456034183502197,0.3844706118106842,-0.015667874366044998,0.6167646050453186,0.32345500588417053,-0.032770197838544846,0.5972052216529846,0.28519970178604126,-0.048412028700113297,0.5795716643333435,0.25215640664100647,-0.05990012362599373,0.675037682056427,0.3686894178390503,-0.018761323764920235,0.6584687232971191,0.2959626615047455,-0.03152316063642502,0.645845353603363,0.2507489323616028,-0.04317357391119003,0.6337636709213257,0.21335627138614655,-0.05241641774773598,0.7067157030105591,0.3735659122467041,-0.02501714788377285,0.6988124251365662,0.3085176348686218,-0.0376565046608448,0.6910739541053772,0.2686675786972046,-0.0474819615483284,0.6831053495407104,0.23484142124652863,-0.054936498403549194,0.7382413148880005,0.39251354336738586,-0.033565349876880646,0.7508110404014587,0.34810617566108704,-0.043163079768419266,0.7584564089775085,0.3193944990634918,-0.048103321343660355,0.7635015845298767,0.29315513372421265,-0.05207059532403946
HELLO,0.7000477910041809,0.5390008091926575,1.538379308385629e-07,0.6515095233917236,0.5234304666519165,-0.018480828031897545,0.6099803447723389,0.48172900080680847,-0.02993738278746605,0.580695390701294,0.4441438913345337,-0.0408969484269619,0.5512058734893799,0.42660555243492126,-0.052274007350206375,0.6334438323974609,0.3766939342021942,-0.018019746989011765,0.6062257289886475,0.3139856159687042,-0.033954914659261703,0.5875353813171387,0.2742895185947418,-0.04830791801214218,0.5707476735115051,0.24106937646865845,-0.05889411270618439,0.6643559336662292,0.36128881573677063,-0.02077285200357437,0.6477295756340027,0.2878706455230713,-0.03226737678050995,0.6350924968719482,0.24053597450256348,-0.04326040297746658,0.6231569647789001,0.20199935138225555,-0.051887739449739456,0.6977105140686035,0.3671264946460724,-0.026377424597740173,0.6919153928756714,0.3018409013748169,-0.03802094608545303,0.6850786209106445,0.259021133184433,-0.04873691126704216,0.6773315072059631,0.22309185564517975,-0.05689148232340813,0.7308291792869568,0.3874191641807556,-0.03405134379863739,0.7467361092567444,0.34010353684425354,-0.0435614250600338,0.7550233602523804,0.30822592973709106,-0.04931425303220749,0.7600250840187073,0.27898043394088745,-0.05378740280866623
HELLO,0.704754114151001,0.5371282696723938,1.5944490883157414e-07,0.6534751653671265,0.5213127136230469,-0.020524559542536736,0.6107105612754822,0.48358896374702454,-0.03422269597649574,0.5805286765098572,0.44711363315582275,-0.047290507704019547,0.5506687164306641,0.42635107040405273,-0.06075726076960564,0.6343150734901428,0.3743337392807007,-0.020378274843096733,0.6053179502487183,0.3128276765346527,-0.03732628747820854,0.5857837200164795,0.27415600419044495,-0.0525917187333107,0.5682052969932556,0.2422383576631546,-0.06378814578056335,0.6658910512924194,0.3580123782157898,-0.022656314074993134,0.6487895250320435,0.2842980921268463,-0.03493867814540863,0.6350100636482239,0.23639905452728271,-0.04674458131194115,0.6218979358673096,0.197717547416687,-0.05612410604953766,0.6995849609375,0.3643955886363983,-0.02793450467288494,0.6932639479637146,0.29795876145362854,-0.040273942053318024,0.6855744123458862,0.2559262812137604,-0.05160731077194214,0.6769452095031738,0.2205977588891983,-0.06031744182109833,0.7324731349945068,0.3853135108947754,-0.03536657616496086,0.7482145428657532,0.3388485312461853,-0.04574234411120415,0.7562302947044373,0.3076927959918976,-0.0519939549267292,0.7609626054763794,0.27875077724456787,-0.05678856000304222
HELLO,0.7089511752128601,0.54242342710495,1.188930482953765e-07,0.6561577916145325,0.5239377021789551,-0.019832570105791092,0.6120444536209106,0.48271822929382324,-0.032369691878557205,0.5812589526176453,0.4443891644477844,-0.044653039425611496,0.5498191118240356,0.42549869418144226,-0.057655468583106995,0.6355687975883484,0.3768332898616791,-0.01808820106089115,0.6067776083946228,0.31550082564353943,-0.03398517891764641,0.5885104537010193,0.2761363983154297,-0.04877622798085213,0.5713366270065308,0.2418878674507141,-0.06014889478683472,0.6670831441879272,0.3600001931190491,-0.020913854241371155,0.6497129201889038,0.285573810338974,-0.03338875621557236,0.6367284059524536,0.2384427785873413,-0.045521557331085205,0.6241906881332397,0.19883906841278076,-0.055346906185150146,0.7006118893623352,0.3648514449596405,-0.02672123908996582,0.6916854977607727,0.2965303063392639,-0.03998682647943497,0.6841776371002197,0.2540704905986786,-0.05185370892286301,0.6759835481643677,0.21730439364910126,-0.060916125774383545,0.7337502241134644,0.38368940353393555,-0.03464961051940918,0.7470198273658752,0.3368549346923828,-0.04536925628781319,0.7559255957603455,0.30722886323928833,-0.05175631865859032,0.7620378732681274,0.2798982262611389,-0.05691739171743393
HELLO,0.6763893961906433,0.5528764128684998,-2.9483571140076492e-08,0.622904360294342,0.5297407507896423,-0.018629739060997963,0.57664555311203,0.4839025139808655,-0.030422359704971313,0.5444704294204712,0.4419276714324951,-0.04282437637448311,0.5112918019294739,0.421399861574173,-0.05581376329064369,0.5989622473716736,0.3689678907394409,-0.013379957526922226,0.5670408010482788,0.3019668757915497,-0.031193861737847328,0.545398473739624,0.26194605231285095,-0.047637101262807846,0.525702714920044,0.22537446022033691,-0.059900544583797455,0.6323137283325195,0.3511899709701538,-0.01826442778110504,0.6129344701766968,0.2693578600883484,-0.03271309658885002,0.5993096232414246,0.22155986726284027,-0.04559071734547615,0.5868966579437256,0.17919717729091644,-0.055870890617370605,0.6678537726402283,0.3556979298591614,-0.026638327166438103,0.6607850193977356,0.28040993213653564,-0.043374840170145035,0.6544631719589233,0.23567000031471252,-0.05450905114412308,0.6477823853492737,0.19634439051151276,-0.0618821419775486,0.7036692500114441,0.3747606873512268,-0.037195462733507156,0.7206153273582458,0.31833022832870483,-0.04957360774278641,0.7325007319450378,0.2838349938392639,-0.054794613271951675,0.7412537336349487,0.2518332600593567,-0.05872718617320061
HELLO,0.6414828300476074,0.5437082052230835,5.0439523668899255e-09,0.5796961784362793,0.5176775455474854,-0.020744696259498596,0.5285753011703491,0.46755921840667725,-0.03388755023479462,0.4941304326057434,0.4226817190647125,-0.04813890531659126,0.4596865773200989,0.404327392578125,-0.0631503239274025,0.5543984174728394,0.34012582898139954,-0.01307985931634903,0.5199008584022522,0.2659716308116913,-0.03376179188489914,0.4970123767852783,0.22193464636802673,-0.05306076630949974,0.47592926025390625,0.18332982063293457,-0.06715773791074753,0.5906358361244202,0.31893229484558105,-0.019357312470674515,0.5679418444633484,0.2275601625442505,-0.035579610615968704,0.5521054863929749,0.17276909947395325,-0.05084700882434845,0.5366504788398743,0.1271904706954956,-0.06278903037309647,0.6312723755836487,0.3217640519142151,-0.02975841797888279,0.6231411695480347,0.2361346185207367,-0.048779960721731186,0.6148186922073364,0.18585194647312164,-0.06193852797150612,0.6064177751541138,0.1425759196281433,-0.07062757760286331,0.672649085521698,0.34120336174964905,-0.04274417459964752,0.6929327249526978,0.27968281507492065,-0.05761544033885002,0.7080408334732056,0.24187980592250824,-0.0642012432217598,0.7196528911590576,0.20697057247161865,-0.0689067468047142
HELLO,0.629548966884613,0.5628306865692139,2.1821010420808307e-07,0.5624536275863647,0.5533727407455444,-0.024239812046289444,0.5061095952987671,0.5018002390861511,-0.03972158581018448,0.470996230840683,0.45343196392059326,-0.05446511507034302,0.43454664945602417,0.4293837249279022,-0.07063842564821243,0.5250359773635864,0.3611959218978882,-0.031154196709394455,0.4797736704349518,0.2807237505912781,-0.05821901187300682,0.45005178451538086,0.2295893132686615,-0.08055796474218369,0.4230780005455017,0.18769089877605438,-0.09632299095392227,0.566571831703186,0.3350509703159332,-0.03766842186450958,0.5381198525428772,0.2343485951423645,-0.05919995158910751,0.5189883708953857,0.16949504613876343,-0.07827426493167877,0.5015395283699036,0.11413401365280151,-0.09240143746137619,0.6131388545036316,0.33704736828804016,-0.04768534377217293,0.6003950238227844,0.24258440732955933,-0.07127126306295395,0.5899841785430908,0.1819586157798767,-0.09115468710660934,0.5802924633026123,0.12947222590446472,-0.1050819680094719,0.6596494913101196,0.3590666353702545,-0.059684544801712036,0.6812474131584167,0.29138803482055664,-0.08072132617235184,0.6976233720779419,0.2479081004858017,-0.09265230596065521,0.7117263674736023,0.2077018767595291,-0.10098861902952194
HELLO,0.6341372132301331,0.5733717679977417,2.987870288961858e-07,0.5653224587440491,0.5666829347610474,-0.02856522798538208,0.5064581632614136,0.5170104503631592,-0.04762193188071251,0.4679241180419922,0.4679209291934967,-0.06479181349277496,0.42902353405952454,0.43859604001045227,-0.08330089598894119,0.520805835723877,0.3704756796360016,-0.039605867117643356,0.4704408645629883,0.28996261954307556,-0.06941664963960648,0.43839967250823975,0.23680588603019714,-0.09345363080501556,0.4100029468536377,0.19159260392189026,-0.11061656475067139,0.5636577010154724,0.3418556749820709,-0.044603921473026276,0.5342251658439636,0.2361311912536621,-0.06817116588354111,0.514657735824585,0.16618147492408752,-0.0872230976819992,0.4956311583518982,0.10575851798057556,-0.10114780813455582,0.6124345660209656,0.3444004952907562,-0.05328851193189621,0.597283661365509,0.24411989748477936,-0.07893167436122894,0.5867462754249573,0.17828771471977234,-0.09939223527908325,0.576560378074646,0.12097504734992981,-0.11338464170694351,0.6611638069152832,0.36769282817840576,-0.06404974311590195,0.6833118796348572,0.29545533657073975,-0.08757911622524261,0.6993249654769897,0.24823135137557983,-0.10055506229400635,0.7129558324813843,0.20355971157550812,-0.10920770466327667
HELLO,0.6331139802932739,0.5499303340911865,-3.8535063140443526e-08,0.5711439251899719,0.5291143655776978,-0.020091122016310692,0.5141696333885193,0.484429270029068,-0.0339517779648304,0.4773401618003845,0.44691383838653564,-0.0493047833442688,0.4483778476715088,0.42801427841186523,-0.06412935256958008,0.5483258366584778,0.35805946588516235,-0.008745279163122177,0.5338526964187622,0.29663440585136414,-0.026582013815641403,0.5293202996253967,0.29959338903427124,-0.046773649752140045,0.5270654559135437,0.30209994316101074,-0.062247782945632935,0.5805191993713379,0.33331364393234253,-0.01424869429320097,0.554678738117218,0.24361184239387512,-0.026774859055876732,0.535915195941925,0.19096076488494873,-0.044900067150592804,0.5209261178970337,0.14642883837223053,-0.06105232611298561,0.619134783744812,0.3331688642501831,-0.024010073393583298,0.6062794923782349,0.24193599820137024,-0.0404173918068409,0.5967338681221008,0.1867387890815735,-0.0590449683368206,0.5897923707962036,0.14185290038585663,-0.07352316379547119,0.6631618142127991,0.3520072102546692,-0.035957638174295425,0.6823919415473938,0.2923405170440674,-0.04876596853137016,0.6955604553222656,0.25659242272377014,-0.05749582126736641,0.7063540816307068,0.22435979545116425,-0.06529863178730011
HELLO,0.6462997198104858,0.5925477743148804,1.1669727228991178e-07,0.5922750234603882,0.5779789686203003,-0.015340703539550304,0.5483440160751343,0.5272991061210632,-0.022821446880698204,0.5206903219223022,0.4842345118522644,-0.030469410121440887,0.490686297416687,0.4630866050720215,-0.0386236198246479,0.5721182823181152,0.41417109966278076,-0.011768965981900692,0.5417556762695312,0.3463098704814911,-0.028712201863527298,0.5202826857566833,0.3049933612346649,-0.04434434324502945,0.500167965888977,0.27185744047164917,-0.05568191781640053,0.6048318147659302,0.39717811346054077,-0.016799086704850197,0.5863161087036133,0.31642383337020874,-0.029198866337537766,0.5723564624786377,0.264685720205307,-0.04195304214954376,0.5584288835525513,0.2222716510295868,-0.05165531486272812,0.6407677531242371,0.4016079306602478,-0.024973008781671524,0.6352395415306091,0.32655075192451477,-0.03887813538312912,0.6293473839759827,0.27878430485725403,-0.051654987037181854,0.6222260594367981,0.2380751669406891,-0.060969773679971695,0.6767482161521912,0.4213468134403229,-0.03491686284542084,0.6947121024131775,0.3697822093963623,-0.04732019826769829,0.7064706087112427,0.33506903052330017,-0.054788630455732346,0.7154156565666199,0.3034421503543854,-0.06025313585996628
HELLO,0.6562320590019226,0.5715673565864563,1.7796070039821643e-07,0.5982580184936523,0.5614919066429138,-0.016199711710214615,0.5506963729858398,0.5184729099273682,-0.025565456598997116,0.5223156213760376,0.4781975746154785,-0.034527212381362915,0.49081891775131226,0.4580366611480713,-0.04392719268798828,0.5601047277450562,0.40861618518829346,-0.014688380993902683,0.5381766557693481,0.33426761627197266,-0.02857651747763157,0.5259557366371155,0.2892797291278839,-0.041609130799770355,0.5148124694824219,0.24984222650527954,-0.05206593498587608,0.5894972681999207,0.39307814836502075,-0.019047735258936882,0.5682122707366943,0.3114950358867645,-0.03127074986696243,0.5546233654022217,0.2599413990974426,-0.04446170851588249,0.5405477285385132,0.21431946754455566,-0.05472813546657562,0.6221884489059448,0.39399197697639465,-0.025860168039798737,0.6036532521247864,0.3178974688053131,-0.038633815944194794,0.5908132791519165,0.27148890495300293,-0.05107564851641655,0.5769588947296143,0.23209261894226074,-0.06007980555295944,0.6583223342895508,0.40573298931121826,-0.034299179911613464,0.6496894359588623,0.34514904022216797,-0.045906245708465576,0.6410654783248901,0.3063889741897583,-0.053221650421619415,0.6321161389350891,0.270402193069458,-0.05860074609518051
HELLO,0.6541074514389038,0.5673648118972778,1.2066890064943436e-07,0.5971073508262634,0.5557451248168945,-0.01630478724837303,0.5505803823471069,0.5125427842140198,-0.02543836086988449,0.5220416784286499,0.47248169779777527,-0.034283462911844254,0.4916386604309082,0.4526517987251282,-0.04353978857398033,0.5624076724052429,0.3965912461280823,-0.012415237724781036,0.5400900840759277,0.3228975534439087,-0.025519592687487602,0.5277369618415833,0.2775648236274719,-0.038495033979415894,0.5163953304290771,0.23846441507339478,-0.04891812801361084,0.5918734669685364,0.381024569272995,-0.016184039413928986,0.5709532499313354,0.3000278174877167,-0.02720513381063938,0.5561923980712891,0.24900484085083008,-0.0392303392291069,0.5413837432861328,0.2055080682039261,-0.04870563745498657,0.6240737438201904,0.3828836977481842,-0.02262665517628193,0.6070802807807922,0.30611175298690796,-0.03439977020025253,0.5941059589385986,0.26122328639030457,-0.045476630330085754,0.5801718831062317,0.22340023517608643,-0.0535530187189579,0.6594725847244263,0.3964605927467346,-0.030877789482474327,0.653635561466217,0.33710384368896484,-0.041448283940553665,0.6464018821716309,0.29994529485702515,-0.047708217054605484,0.6382079124450684,0.2654529809951782,-0.05234525725245476
HELLO,0.6576395034790039,0.5681359767913818,1.1349798256787835e-07,0.5982016921043396,0.5549280643463135,-0.016690362244844437,0.5503162741661072,0.50899738073349,-0.025478582829236984,0.5218195915222168,0.46672192215919495,-0.03397705778479576,0.4906684160232544,0.44685226678848267,-0.042957011610269547,0.5641152858734131,0.39278796315193176,-0.012836689129471779,0.5402854681015015,0.31830963492393494,-0.026740510016679764,0.5274785757064819,0.2720743417739868,-0.04030328616499901,0.5160624980926514,0.23157848417758942,-0.051249854266643524,0.5951951146125793,0.3764713406562805,-0.016660770401358604,0.5729084014892578,0.29468756914138794,-0.02837059646844864,0.5590813159942627,0.2434496283531189,-0.040785156190395355,0.5454667210578918,0.19910742342472076,-0.050711508840322495,0.6289464831352234,0.37821945548057556,-0.023354273289442062,0.6115725040435791,0.3022406995296478,-0.03582269698381424,0.5984303951263428,0.2575039267539978,-0.047721102833747864,0.5845217108726501,0.21951819956302643,-0.0563746877014637,0.6657376289367676,0.3919268846511841,-0.03192124515771866,0.6589251756668091,0.3312948942184448,-0.043288812041282654,0.6511357426643372,0.2920561134815216,-0.05070395767688751,0.6425472497940063,0.25507882237434387,-0.05624454841017723
HELLO,0.6594036817550659,0.571338415145874,1.0813606365900341e-07,0.5996833443641663,0.5558103919029236,-0.017505452036857605,0.5522918105125427,0.5105892419815063,-0.026679793372750282,0.5226718187332153,0.4690760374069214,-0.03545309603214264,0.49177679419517517,0.4483974575996399,-0.04468933492898941,0.5674839615821838,0.3954399526119232,-0.012373367324471474,0.5439597964286804,0.32140612602233887,-0.025930000469088554,0.5312796831130981,0.27546021342277527,-0.03947819396853447,0.5195160508155823,0.23476527631282806,-0.050403278321027756,0.5981526374816895,0.37994498014450073,-0.01595904864370823,0.5771435499191284,0.2985950708389282,-0.027533166110515594,0.5632798671722412,0.2469794750213623,-0.040208879858255386,0.5498426556587219,0.20220784842967987,-0.05019973963499069,0.631628155708313,0.38266196846961975,-0.022497499361634254,0.6154978275299072,0.30670666694641113,-0.03514403477311134,0.602051854133606,0.26076585054397583,-0.04732722416520119,0.5880498886108398,0.22075481712818146,-0.056036967784166336,0.6684551239013672,0.39728012681007385,-0.03095966763794422,0.6632652282714844,0.3360730707645416,-0.04206635802984238,0.6561379432678223,0.29661163687705994,-0.04896354302763939,0.6484378576278687,0.25926557183265686,-0.05409182235598564
HELLO,0.6594036817550659,0.571338415145874,1.0813606365900341e-07,0.5996833443641663,0.5558103919029236,-0.017505452036857605,0.5522918105125427,0.5105892419815063,-0.026679793372750282,0.5226718187332153,0.4690760374069214,-0.03545309603214264,0.49177679419517517,0.4483974575996399,-0.04468933492898941,0.5674839615821838,0.3954399526119232,-0.012373367324471474,0.5439597964286804,0.32140612602233887,-0.025930000469088554,0.5312796831130981,0.27546021342277527,-0.03947819396853447,0.5195160508155823,0.23476527631282806,-0.050403278321027756,0.5981526374816895,0.37994498014450073,-0.01595904864370823,0.5771435499191284,0.2985950708389282,-0.027533166110515594,0.5632798671722412,0.2469794750213623,-0.040208879858255386,0.5498426556587219,0.20220784842967987,-0.05019973963499069,0.631628155708313,0.38266196846961975,-0.022497499361634254,0.6154978275299072,0.30670666694641113,-0.03514403477311134,0.602051854133606,0.26076585054397583,-0.04732722416520119,0.5880498886108398,0.22075481712818146,-0.056036967784166336,0.6684551239013672,0.39728012681007385,-0.03095966763794422,0.6632652282714844,0.3360730707645416,-0.04206635802984238,0.6561379432678223,0.29661163687705994,-0.04896354302763939,0.6484378576278687,0.25926557183265686,-0.05409182235598564
HELLO,0.6594036817550659,0.571338415145874,1.0813606365900341e-07,0.5996833443641663,0.5558103919029236,-0.017505452036857605,0.5522918105125427,0.5105892419815063,-0.026679793372750282,0.5226718187332153,0.4690760374069214,-0.03545309603214264,0.49177679419517517,0.4483974575996399,-0.04468933492898941,0.5674839615821838,0.3954399526119232,-0.012373367324471474,0.5439597964286804,0.32140612602233887,-0.025930000469088554,0.5312796831130981,0.27546021342277527,-0.03947819396853447,0.5195160508155823,0.23476527631282806,-0.050403278321027756,0.5981526374816895,0.37994498014450073,-0.01595904864370823,0.5771435499191284,0.2985950708389282,-0.027533166110515594,0.5632798671722412,0.2469794750213623,-0.040208879858255386,0.5498426556587219,0.20220784842967987,-0.05019973963499069,0.631628155708313,0.38266196846961975,-0.022497499361634254,0.6154978275299072,0.30670666694641113,-0.03514403477311134,0.602051854133606,0.26076585054397583,-0.04732722416520119,0.5880498886108398,0.22075481712818146,-0.056036967784166336,0.6684551239013672,0.39728012681007385,-0.03095966763794422,0.6632652282714844,0.3360730707645416,-0.04206635802984238,0.6561379432678223,0.29661163687705994,-0.04896354302763939,0.6484378576278687,0.25926557183265686,-0.05409182235598564
HELLO,0.6577626466751099,0.5699867010116577,1.3428149259198108e-07,0.5988420248031616,0.5567636489868164,-0.01799999736249447,0.551952064037323,0.5113304853439331,-0.027714984491467476,0.5228700041770935,0.46980369091033936,-0.036823321133852005,0.4918258786201477,0.44836515188217163,-0.0463358610868454,0.5668528079986572,0.3955841064453125,-0.013766446150839329,0.5432909727096558,0.3218842148780823,-0.027710970491170883,0.5300576090812683,0.276081919670105,-0.04158210754394531,0.5180673599243164,0.23576247692108154,-0.052724745124578476,0.5980955362319946,0.3799077570438385,-0.017058558762073517,0.5767120122909546,0.29939162731170654,-0.02834876999258995,0.5631238222122192,0.24814626574516296,-0.04096350446343422,0.54964679479599,0.20291846990585327,-0.05107256770133972,0.6317005157470703,0.3824670612812042,-0.02328384853899479,0.6149190664291382,0.3066328763961792,-0.03543537110090256,0.6021788120269775,0.260846883058548,-0.047367144376039505,0.5889086127281189,0.22148779034614563,-0.056137457489967346,0.6679596900939941,0.39715439081192017,-0.03148220106959343,0.6620456576347351,0.3370403051376343,-0.04239216819405556,0.6554723978042603,0.2984340786933899,-0.04930698871612549,0.6487477421760559,0.26217666268348694,-0.05452772229909897
HELLO,0.6577626466751099,0.5699867010116577,1.3428149259198108e-07,0.5988420248031616,0.5567636489868164,-0.01799999736249447,0.551952064037323,0.5113304853439331,-0.027714984491467476,0.5228700041770935,0.46980369091033936,-0.036823321133852005,0.4918258786201477,0.44836515188217163,-0.0463358610868454,0.5668528079986572,0.3955841064453125,-0.013766446150839329,0.5432909727096558,0.3218842148780823,-0.027710970491170883,0.5300576090812683,0.276081919670105,-0.04158210754394531,0.5180673599243164,0.23576247692108154,-0.052724745124578476,0.5980955362319946,0.3799077570438385,-0.017058558762073517,0.5767120122909546,0.29939162731170654,-0.02834876999258995,0.5631238222122192,0.24814626574516296,-0.04096350446343422,0.54964679479599,0.20291846990585327,-0.05107256770133972,0.6317005157470703,0.3824670612812042,-0.02328384853899479,0.6149190664291382,0.3066328763961792,-0.03543537110090256,0.6021788120269775,0.260846883058548,-0.047367144376039505,0.5889086127281189,0.22148779034614563,-0.056137457489967346,0.6679596900939941,0.39715439081192017,-0.03148220106959343,0.6620456576347351,0.3370403051376343,-0.04239216819405556,0.6554723978042603,0.2984340786933899,-0.04930698871612549,0.6487477421760559,0.26217666268348694,-0.05452772229909897
HELLO,0.659612774848938,0.5728864073753357,1.078440163837513e-07,0.6007079482078552,0.5583775043487549,-0.01639549620449543,0.5525563955307007,0.5118904709815979,-0.024428782984614372,0.5232431888580322,0.4695073962211609,-0.03216040879487991,0.4923206865787506,0.4507284164428711,-0.04026640206575394,0.5679556131362915,0.39579516649246216,-0.01033154595643282,0.5437218546867371,0.3216486871242523,-0.023309309035539627,0.5303749442100525,0.2760270833969116,-0.036570191383361816,0.518390417098999,0.23646874725818634,-0.047268737107515335,0.5987232327461243,0.3796698749065399,-0.013935664668679237,0.5766568779945374,0.29799753427505493,-0.0245247520506382,0.5625311136245728,0.2465851753950119,-0.03664050251245499,0.5487611293792725,0.20245517790317535,-0.04630778357386589,0.632366418838501,0.38212722539901733,-0.020486710593104362,0.615479052066803,0.30638739466667175,-0.03194395825266838,0.6023638844490051,0.2606772184371948,-0.04346809163689613,0.5885263085365295,0.2218402624130249,-0.051968928426504135,0.6691761612892151,0.3972480297088623,-0.028960561379790306,0.6636703014373779,0.3371683955192566,-0.039072971791028976,0.6567221283912659,0.29875481128692627,-0.04548865929245949,0.6490253210067749,0.26313701272010803,-0.05040286108851433
HELLO,0.658169150352478,0.5718597769737244,1.0776940939649648e-07,0.5998945832252502,0.5571389198303223,-0.017649881541728973,0.5523136854171753,0.5116628408432007,-0.027425915002822876,0.5228167772293091,0.4706190824508667,-0.03668031468987465,0.4925997257232666,0.4491865038871765,-0.04637739062309265,0.5674632787704468,0.3961257338523865,-0.014524199068546295,0.542862057685852,0.3225279748439789,-0.028860237449407578,0.5296512246131897,0.27646058797836304,-0.042578913271427155,0.5180774927139282,0.23645177483558655,-0.05361228436231613,0.5985018014907837,0.38049182295799255,-0.018225762993097305,0.575920581817627,0.29913049936294556,-0.030298283323645592,0.5619236826896667,0.24797719717025757,-0.04277538135647774,0.5486013889312744,0.20401602983474731,-0.05260929837822914,0.6325808763504028,0.38382166624069214,-0.02480265311896801,0.6158387660980225,0.3069945275783539,-0.03782885521650314,0.6026172041893005,0.26046961545944214,-0.04973912239074707,0.5888330340385437,0.22030271589756012,-0.058427758514881134,0.6694226264953613,0.40003302693367004,-0.03324511647224426,0.6638328433036804,0.3399268388748169,-0.04504537954926491,0.6567931175231934,0.3008716106414795,-0.052146296948194504,0.6488776803016663,0.26407790184020996,-0.05740155279636383
HELLO,0.658169150352478,0.5718597769737244,1.0776940939649648e-07,0.5998945832252502,0.5571389198303223,-0.017649881541728973,0.5523136854171753,0.5116628408432007,-0.027425915002822876,0.5228167772293091,0.4706190824508667,-0.03668031468987465,0.4925997257232666,0.4491865038871765,-0.04637739062309265,0.5674632787704468,0.3961257338523865,-0.014524199068546295,0.542862057685852,0.3225279748439789,-0.028860237449407578,0.5296512246131897,0.27646058797836304,-0.042578913271427155,0.5180774927139282,0.23645177483558655,-0.05361228436231613,0.5985018014907837,0.38049182295799255,-0.018225762993097305,0.575920581817627,0.29913049936294556,-0.030298283323645592,0.5619236826896667,0.24797719717025757,-0.04277538135647774,0.5486013889312744,0.20401602983474731,-0.05260929837822914,0.6325808763504028,0.38382166624069214,-0.02480265311896801,0.6158387660980225,0.3069945275783539,-0.03782885521650314,0.6026172041893005,0.26046961545944214,-0.04973912239074707,0.5888330340385437,0.22030271589756012,-0.058427758514881134,0.6694226264953613,0.40003302693367004,-0.03324511647224426,0.6638328433036804,0.3399268388748169,-0.04504537954926491,0.6567931175231934,0.3008716106414795,-0.052146296948194504,0.6488776803016663,0.26407790184020996,-0.05740155279636383
HELLO,0.658169150352478,0.5718597769737244,1.0776940939649648e-07,0.5998945832252502,0.5571389198303223,-0.017649881541728973,0.5523136854171753,0.5116628408432007,-0.027425915002822876,0.5228167772293091,0.4706190824508667,-0.03668031468987465,0.4925997257232666,0.4491865038871765,-0.04637739062309265,0.5674632787704468,0.3961257338523865,-0.014524199068546295,0.542862057685852,0.3225279748439789,-0.028860237449407578,0.5296512246131897,0.27646058797836304,-0.042578913271427155,0.5180774927139282,0.23645177483558655,-0.05361228436231613,0.5985018014907837,0.38049182295799255,-0.018225762993097305,0.575920581817627,0.29913049936294556,-0.030298283323645592,0.5619236826896667,0.24797719717025757,-0.04277538135647774,0.5486013889312744,0.20401602983474731,-0.05260929837822914,0.6325808763504028,0.38382166624069214,-0.02480265311896801,0.6158387660980225,0.3069945275783539,-0.03782885521650314,0.6026172041893005,0.26046961545944214,-0.04973912239074707,0.5888330340385437,0.22030271589756012,-0.058427758514881134,0.6694226264953613,0.40003302693367004,-0.03324511647224426,0.6638328433036804,0.3399268388748169,-0.04504537954926491,0.6567931175231934,0.3008716106414795,-0.052146296948194504,0.6488776803016663,0.26407790184020996,-0.05740155279636383
HELLO,0.6571811437606812,0.5706942677497864,1.214116451819791e-07,0.5992271304130554,0.5564250946044922,-0.018504027277231216,0.5522896647453308,0.5110295414924622,-0.029146332293748856,0.5227651000022888,0.4698265790939331,-0.0391007624566555,0.4912753701210022,0.4481370747089386,-0.04955655336380005,0.5666384100914001,0.39616525173187256,-0.016767334192991257,0.5421753525733948,0.32201579213142395,-0.032532744109630585,0.5286886692047119,0.2752498984336853,-0.047165460884571075,0.516507625579834,0.23447078466415405,-0.0585545189678669,0.5976791977882385,0.38077986240386963,-0.020316703245043755,0.5757534503936768,0.30016207695007324,-0.03372238203883171,0.5619840025901794,0.24835054576396942,-0.04723143205046654,0.5483598709106445,0.20313005149364471,-0.05759274959564209,0.6317154765129089,0.3833464980125427,-0.026688892394304276,0.6151244640350342,0.3081217408180237,-0.040426041930913925,0.6023178100585938,0.2611672580242157,-0.05279921367764473,0.5888972878456116,0.22075849771499634,-0.06152847036719322,0.6684693098068237,0.39761948585510254,-0.03496247157454491,0.6617956161499023,0.3370422124862671,-0.046728573739528656,0.6550748944282532,0.2977724075317383,-0.05361726135015488,0.64805006980896,0.2613268196582794,-0.05858117341995239
HELLO,0.6571811437606812,0.5706942677497864,1.214116451819791e-07,0.5992271304130554,0.5564250946044922,-0.018504027277231216,0.5522896647453308,0.5110295414924622,-0.029146332293748856,0.5227651000022888,0.4698265790939331,-0.0391007624566555,0.4912753701210022,0.4481370747089386,-0.04955655336380005,0.5666384100914001,0.39616525173187256,-0.016767334192991257,0.5421753525733948,0.32201579213142395,-0.032532744109630585,0.5286886692047119,0.2752498984336853,-0.047165460884571075,0.516507625579834,0.23447078466415405,-0.0585545189678669,0.5976791977882385,0.38077986240386963,-0.020316703245043755,0.5757534503936768,0.30016207695007324,-0.03372238203883171,0.5619840025901794,0.24835054576396942,-0.04723143205046654,0.5483598709106445,0.20313005149364471,-0.05759274959564209,0.6317154765129089,0.3833464980125427,-0.026688892394304276,0.6151244640350342,0.3081217408180237,-0.040426041930913925,0.6023178100585938,0.2611672580242157,-0.05279921367764473,0.5888972878456116,0.22075849771499634,-0.06152847036719322,0.6684693098068237,0.39761948585510254,-0.03496247157454491,0.6617956161499023,0.3370422124862671,-0.046728573739528656,0.6550748944282532,0.2977724075317383,-0.05361726135015488,0.64805006980896,0.2613268196582794,-0.05858117341995239
HELLO,0.6571811437606812,0.5706942677497864,1.214116451819791e-07,0.5992271304130554,0.5564250946044922,-0.018504027277231216,0.5522896647453308,0.5110295414924622,-0.029146332293748856,0.5227651000022888,0.4698265790939331,-0.0391007624566555,0.4912753701210022,0.4481370747089386,-0.04955655336380005,0.5666384100914001,0.39616525173187256,-0.016767334192991257,0.5421753525733948,0.32201579213142395,-0.032532744109630585,0.5286886692047119,0.2752498984336853,-0.047165460884571075,0.516507625579834,0.23447078466415405,-0.0585545189678669,0.5976791977882385,0.38077986240386963,-0.020316703245043755,0.5757534503936768,0.30016207695007324,-0.03372238203883171,0.5619840025901794,0.24835054576396942,-0.04723143205046654,0.5483598709106445,0.20313005149364471,-0.05759274959564209,0.6317154765129089,0.3833464980125427,-0.026688892394304276,0.6151244640350342,0.3081217408180237,-0.040426041930913925,0.6023178100585938,0.2611672580242157,-0.05279921367764473,0.5888972878456116,0.22075849771499634,-0.06152847036719322,0.6684693098068237,0.39761948585510254,-0.03496247157454491,0.6617956161499023,0.3370422124862671,-0.046728573739528656,0.6550748944282532,0.2977724075317383,-0.05361726135015488,0.64805006980896,0.2613268196582794,-0.05858117341995239
HELLO,0.6583353281021118,0.572748064994812,1.1812023359425439e-07,0.5988848805427551,0.5589734315872192,-0.017554184421896935,0.5516936779022217,0.5124143958091736,-0.026805290952324867,0.5229846239089966,0.4702805280685425,-0.03562573343515396,0.492075651884079,0.44834625720977783,-0.04497464746236801,0.5659626722335815,0.39641037583351135,-0.013532489538192749,0.5414396524429321,0.3226523995399475,-0.02860107645392418,0.5277106761932373,0.27592360973358154,-0.043357741087675095,0.5154603719711304,0.23468945920467377,-0.05504337698221207,0.5975111126899719,0.38052091002464294,-0.017354100942611694,0.5754889249801636,0.3008544147014618,-0.029984408989548683,0.5616611242294312,0.2490108162164688,-0.043699607253074646,0.5477858185768127,0.20299363136291504,-0.05444823205471039,0.6316327452659607,0.3827098608016968,-0.024123670533299446,0.6148843169212341,0.30798378586769104,-0.037448715418577194,0.6018084287643433,0.2618430554866791,-0.050071682780981064,0.5879596471786499,0.22194136679172516,-0.059089384973049164,0.6681846380233765,0.39664965867996216,-0.03278719261288643,0.6612260341644287,0.3359050750732422,-0.044404398649930954,0.6544322967529297,0.2971341013908386,-0.05150168761610985,0.647577166557312,0.26078811287879944,-0.056710079312324524
HELLO,0.6583353281021118,0.572748064994812,1.1812023359425439e-07,0.5988848805427551,0.5589734315872192,-0.017554184421896935,0.5516936779022217,0.5124143958091736,-0.026805290952324867,0.5229846239089966,0.4702805280685425,-0.03562573343515396,0.492075651884079,0.44834625720977783,-0.04497464746236801,0.5659626722335815,0.39641037583351135,-0.013532489538192749,0.5414396524429321,0.3226523995399475,-0.02860107645392418,0.5277106761932373,0.27592360973358154,-0.043357741087675095,0.5154603719711304,0.23468945920467377,-0.05504337698221207,0.5975111126899719,0.38052091002464294,-0.017354100942611694,0.5754889249801636,0.3008544147014618,-0.029984408989548683,0.5616611242294312,0.2490108162164688,-0.043699607253074646,0.5477858185768127,0.20299363136291504,-0.05444823205471039,0.6316327452659607,0.3827098608016968,-0.024123670533299446,0.6148843169212341,0.30798378586769104,-0.037448715418577194,0.6018084287643433,0.2618430554866791,-0.050071682780981064,0.5879596471786499,0.22194136679172516,-0.059089384973049164,0.6681846380233765,0.39664965867996216,-0.03278719261288643,0.6612260341644287,0.3359050750732422,-0.044404398649930954,0.6544322967529297,0.2971341013908386,-0.05150168761610985,0.647577166557312,0.26078811287879944,-0.056710079312324524
HELLO,0.6583353281021118,0.572748064994812,1.1812023359425439e-07,0.5988848805427551,0.5589734315872192,-0.017554184421896935,0.5516936779022217,0.5124143958091736,-0.026805290952324867,0.5229846239089966,0.4702805280685425,-0.03562573343515396,0.492075651884079,0.44834625720977783,-0.04497464746236801,0.5659626722335815,0.39641037583351135,-0.013532489538192749,0.5414396524429321,0.3226523995399475,-0.02860107645392418,0.5277106761932373,0.27592360973358154,-0.043357741087675095,0.5154603719711304,0.23468945920467377,-0.05504337698221207,0.5975111126899719,0.38052091002464294,-0.017354100942611694,0.5754889249801636,0.3008544147014618,-0.029984408989548683,0.5616611242294312,0.2490108162164688,-0.043699607253074646,0.5477858185768127,0.20299363136291504,-0.05444823205471039,0.6316327452659607,0.3827098608016968,-0.024123670533299446,0.6148843169212341,0.30798378586769104,-0.037448715418577194,0.6018084287643433,0.2618430554866791,-0.050071682780981064,0.5879596471786499,0.22194136679172516,-0.059089384973049164,0.6681846380233765,0.39664965867996216,-0.03278719261288643,0.6612260341644287,0.3359050750732422,-0.044404398649930954,0.6544322967529297,0.2971341013908386,-0.05150168761610985,0.647577166557312,0.26078811287879944,-0.056710079312324524
HELLO,0.6581282019615173,0.5749818682670593,9.464115180435329e-08,0.598347008228302,0.5593879222869873,-0.016562417149543762,0.5506579279899597,0.5113956332206726,-0.024683983996510506,0.522347092628479,0.469077467918396,-0.032533708959817886,0.491620272397995,0.4485408365726471,-0.040858928114175797,0.5663642287254333,0.3948323726654053,-0.01140399556607008,0.5427036285400391,0.32011741399765015,-0.025227533653378487,0.5294954776763916,0.27414605021476746,-0.03897646814584732,0.5172656774520874,0.23363928496837616,-0.050031889230012894,0.5975777506828308,0.3796587586402893,-0.015482555143535137,0.5757479667663574,0.297797292470932,-0.02722777985036373,0.5615085959434509,0.2458733767271042,-0.04010374844074249,0.5475980639457703,0.20020924508571625,-0.05031441152095795,0.6313742995262146,0.38279491662979126,-0.022521793842315674,0.6149716377258301,0.305992066860199,-0.03536377102136612,0.6014012694358826,0.25968241691589355,-0.04759877547621727,0.5873168706893921,0.21934965252876282,-0.05651093274354935,0.6680383682250977,0.3982780873775482,-0.0314333401620388,0.6623080372810364,0.3376782238483429,-0.04312761500477791,0.6558620929718018,0.2984638214111328,-0.05043241009116173,0.6490431427955627,0.2613804042339325,-0.05590958893299103
HELLO,0.6581282019615173,0.5749818682670593,9.464115180435329e-08,0.598347008228302,0.5593879222869873,-0.016562417149543762,0.5506579279899597,0.5113956332206726,-0.024683983996510506,0.522347092628479,0.469077467918396,-0.032533708959817886,0.491620272397995,0.4485408365726471,-0.040858928114175797,0.5663642287254333,0.3948323726654053,-0.01140399556607008,0.5427036285400391,0.32011741399765015,-0.025227533653378487,0.5294954776763916,0.27414605021476746,-0.03897646814584732,0.5172656774520874,0.23363928496837616,-0.050031889230012894,0.5975777506828308,0.3796587586402893,-0.015482555143535137,0.5757479667663574,0.297797292470932,-0.02722777985036373,0.5615085959434509,0.2458733767271042,-0.04010374844074249,0.5475980639457703,0.20020924508571625,-0.05031441152095795,0.6313742995262146,0.38279491662979126,-0.022521793842315674,0.6149716377258301,0.305992066860199,-0.03536377102136612,0.6014012694358826,0.25968241691589355,-0.04759877547621727,0.5873168706893921,0.21934965252876282,-0.05651093274354935,0.6680383682250977,0.3982780873775482,-0.0314333401620388,0.6623080372810364,0.3376782238483429,-0.04312761500477791,0.6558620929718018,0.2984638214111328,-0.05043241009116173,0.6490431427955627,0.2613804042339325,-0.05590958893299103
HELLO,0.6590328216552734,0.5718633532524109,1.207673818726107e-07,0.5991000533103943,0.5568158626556396,-0.017652902752161026,0.5517285466194153,0.5115339756011963,-0.02744126133620739,0.5235814452171326,0.4695611894130707,-0.03687776252627373,0.49344050884246826,0.44685375690460205,-0.04681847617030144,0.5676711797714233,0.3943251073360443,-0.013547077775001526,0.5438164472579956,0.3199036419391632,-0.028288708999753,0.5305370092391968,0.27421557903289795,-0.042664267122745514,0.518363356590271,0.23410561680793762,-0.054060667753219604,0.5994551181793213,0.37944188714027405,-0.017440790310502052,0.5779312252998352,0.297538161277771,-0.03018312342464924,0.5640627145767212,0.245730921626091,-0.04386822506785393,0.5505515336990356,0.20039737224578857,-0.05454469472169876,0.6335448026657104,0.38301658630371094,-0.024312542751431465,0.6170142292976379,0.3065202236175537,-0.037856101989746094,0.6034316420555115,0.260225385427475,-0.05054919049143791,0.5894578099250793,0.22050033509731293,-0.05963161587715149,0.6708129048347473,0.39891210198402405,-0.03306112810969353,0.6651474237442017,0.3376217484474182,-0.04489313066005707,0.6580463647842407,0.2983090877532959,-0.052229415625333786,0.6502818465232849,0.2612593472003937,-0.05763653293251991
HELLO,0.6590328216552734,0.5718633532524109,1.207673818726107e-07,0.5991000533103943,0.5568158626556396,-0.017652902752161026,0.5517285466194153,0.5115339756011963,-0.02744126133620739,0.5235814452171326,0.4695611894130707,-0.03687776252627373,0.49344050884246826,0.44685375690460205,-0.04681847617030144,0.5676711797714233,0.3943251073360443,-0.013547077775001526,0.5438164472579956,0.3199036419391632,-0.028288708999753,0.5305370092391968,0.27421557903289795,-0.042664267122745514,0.518363356590271,0.23410561680793762,-0.054060667753219604,0.5994551181793213,0.37944188714027405,-0.017440790310502052,0.5779312252998352,0.297538161277771,-0.03018312342464924,0.5640627145767212,0.245730921626091,-0.04386822506785393,0.5505515336990356,0.20039737224578857,-0.05454469472169876,0.6335448026657104,0.38301658630371094,-0.024312542751431465,0.6170142292976379,0.3065202236175537,-0.037856101989746094,0.6034316420555115,0.260225385427475,-0.05054919049143791,0.5894578099250793,0.22050033509731293,-0.05963161587715149,0.6708129048347473,0.39891210198402405,-0.03306112810969353,0.6651474237442017,0.3376217484474182,-0.04489313066005707,0.6580463647842407,0.2983090877532959,-0.052229415625333786,0.6502818465232849,0.2612593472003937,-0.05763653293251991
HELLO,0.6590328216552734,0.5718633532524109,1.207673818726107e-07,0.5991000533103943,0.5568158626556396,-0.017652902752161026,0.5517285466194153,0.5115339756011963,-0.02744126133620739,0.5235814452171326,0.4695611894130707,-0.03687776252627373,0.49344050884246826,0.44685375690460205,-0.04681847617030144,0.5676711797714233,0.3943251073360443,-0.013547077775001526,0.5438164472579956,0.3199036419391632,-0.028288708999753,0.5305370092391968,0.27421557903289795,-0.042664267122745514,0.518363356590271,0.23410561680793762,-0.054060667753219604,0.5994551181793213,0.37944188714027405,-0.017440790310502052,0.5779312252998352,0.297538161277771,-0.03018312342464924,0.5640627145767212,0.245730921626091,-0.04386822506785393,0.5505515336990356,0.20039737224578857,-0.05454469472169876,0.6335448026657104,0.38301658630371094,-0.024312542751431465,0.6170142292976379,0.3065202236175537,-0.037856101989746094,0.6034316420555115,0.260225385427475,-0.05054919049143791,0.5894578099250793,0.22050033509731293,-0.05963161587715149,0.6708129048347473,0.39891210198402405,-0.03306112810969353,0.6651474237442017,0.3376217484474182,-0.04489313066005707,0.6580463647842407,0.2983090877532959,-0.052229415625333786,0.6502818465232849,0.2612593472003937,-0.05763653293251991
HELLO,0.6590328216552734,0.5718633532524109,1.207673818726107e-07,0.5991000533103943,0.5568158626556396,-0.017652902752161026,0.5517285466194153,0.5115339756011963,-0.02744126133620739,0.5235814452171326,0.4695611894130707,-0.03687776252627373,0.49344050884246826,0.44685375690460205,-0.04681847617030144,0.5676711797714233,0.3943251073360443,-0.013547077775001526,0.5438164472579956,0.3199036419391632,-0.028288708999753,0.5305370092391968,0.27421557903289795,-0.042664267122745514,0.518363356590271,0.23410561680793762,-0.054060667753219604,0.5994551181793213,0.37944188714027405,-0.017440790310502052,0.5779312252998352,0.297538161277771,-0.03018312342464924,0.5640627145767212,0.245730921626091,-0.04386822506785393,0.5505515336990356,0.20039737224578857,-0.05454469472169876,0.6335448026657104,0.38301658630371094,-0.024312542751431465,0.6170142292976379,0.3065202236175537,-0.037856101989746094,0.6034316420555115,0.260225385427475,-0.05054919049143791,0.5894578099250793,0.22050033509731293,-0.05963161587715149,0.6708129048347473,0.39891210198402405,-0.03306112810969353,0.6651474237442017,0.3376217484474182,-0.04489313066005707,0.6580463647842407,0.2983090877532959,-0.052229415625333786,0.6502818465232849,0.2612593472003937,-0.05763653293251991
HELLO,0.6595907807350159,0.5738948583602905,1.2345859090601152e-07,0.6008718609809875,0.5584495067596436,-0.017739029601216316,0.5537124872207642,0.5117844343185425,-0.027057642117142677,0.5251560211181641,0.4698140621185303,-0.035819895565509796,0.4937576353549957,0.44932985305786133,-0.045108865946531296,0.5691837072372437,0.39583873748779297,-0.013757913373410702,0.5452178120613098,0.3208840489387512,-0.028309272602200508,0.5315194129943848,0.27375829219818115,-0.04255184158682823,0.5189301371574402,0.23259581625461578,-0.053895123302936554,0.6005268096923828,0.38084501028060913,-0.017553672194480896,0.5788105130195618,0.2993893623352051,-0.030162230134010315,0.5650076270103455,0.24612002074718475,-0.04366748034954071,0.5513189435005188,0.1998191475868225,-0.054228756576776505,0.6343106031417847,0.383923202753067,-0.024289453402161598,0.61850506067276,0.3087513744831085,-0.037920866161584854,0.6054986119270325,0.2620849311351776,-0.05065089464187622,0.5916022062301636,0.22187915444374084,-0.05970045179128647,0.6709486842155457,0.399018794298172,-0.032911695539951324,0.6657243967056274,0.3377741575241089,-0.04494507983326912,0.6594337224960327,0.2983405590057373,-0.05223974213004112,0.652445912361145,0.2615504264831543,-0.05762948468327522
HELLO,0.6595907807350159,0.5738948583602905,1.2345859090601152e-07,0.6008718609809875,0.5584495067596436,-0.017739029601216316,0.5537124872207642,0.5117844343185425,-0.027057642117142677,0.5251560211181641,0.4698140621185303,-0.035819895565509796,0.4937576353549957,0.44932985305786133,-0.045108865946531296,0.5691837072372437,0.39583873748779297,-0.013757913373410702,0.5452178120613098,0.3208840489387512,-0.028309272602200508,0.5315194129943848,0.27375829219818115,-0.04255184158682823,0.5189301371574402,0.23259581625461578,-0.053895123302936554,0.6005268096923828,0.38084501028060913,-0.017553672194480896,0.5788105130195618,0.2993893623352051,-0.030162230134010315,0.5650076270103455,0.24612002074718475,-0.04366748034954071,0.5513189435005188,0.1998191475868225,-0.054228756576776505,0.6343106031417847,0.383923202753067,-0.024289453402161598,0.61850506067276,0.3087513744831085,-0.037920866161584854,0.6054986119270325,0.2620849311351776,-0.05065089464187622,0.5916022062301636,0.22187915444374084,-0.05970045179128647,0.6709486842155457,0.399018794298172,-0.032911695539951324,0.6657243967056274,0.3377741575241089,-0.04494507983326912,0.6594337224960327,0.2983405590057373,-0.05223974213004112,0.652445912361145,0.2615504264831543,-0.05762948468327522
HELLO,0.6595907807350159,0.5738948583602905,1.2345859090601152e-07,0.6008718609809875,0.5584495067596436,-0.017739029601216316,0.5537124872207642,0.5117844343185425,-0.027057642117142677,0.5251560211181641,0.4698140621185303,-0.035819895565509796,0.4937576353549957,0.44932985305786133,-0.045108865946531296,0.5691837072372437,0.39583873748779297,-0.013757913373410702,0.5452178120613098,0.3208840489387512,-0.028309272602200508,0.5315194129943848,0.27375829219818115,-0.04255184158682823,0.5189301371574402,0.23259581625461578,-0.053895123302936554,0.6005268096923828,0.38084501028060913,-0.017553672194480896,0.5788105130195618,0.2993893623352051,-0.030162230134010315,0.5650076270103455,0.24612002074718475,-0.04366748034954071,0.5513189435005188,0.1998191475868225,-0.054228756576776505,0.6343106031417847,0.383923202753067,-0.024289453402161598,0.61850506067276,0.3087513744831085,-0.037920866161584854,0.6054986119270325,0.2620849311351776,-0.05065089464187622,0.5916022062301636,0.22187915444374084,-0.05970045179128647,0.6709486842155457,0.399018794298172,-0.032911695539951324,0.6657243967056274,0.3377741575241089,-0.04494507983326912,0.6594337224960327,0.2983405590057373,-0.05223974213004112,0.652445912361145,0.2615504264831543,-0.05762948468327522
HELLO,0.6588972210884094,0.5720772743225098,1.1961127199811017e-07,0.6000438332557678,0.55698561668396,-0.01898662932217121,0.5533546209335327,0.5114233493804932,-0.029019372537732124,0.5252183675765991,0.46990135312080383,-0.0381866954267025,0.49475061893463135,0.44933658838272095,-0.047759320586919785,0.5689863562583923,0.39467188715934753,-0.014921900816261768,0.5451197624206543,0.32064005732536316,-0.029258256778120995,0.5322402715682983,0.27412325143814087,-0.04332534968852997,0.5207037925720215,0.2334470897912979,-0.05459653586149216,0.6006582975387573,0.3795855641365051,-0.018003061413764954,0.578869104385376,0.29882848262786865,-0.030135247856378555,0.5647993683815002,0.24713867902755737,-0.04313485696911812,0.551211953163147,0.2023574411869049,-0.05338608846068382,0.6347889304161072,0.3830811679363251,-0.024089017882943153,0.618837833404541,0.3076816499233246,-0.037190645933151245,0.6057435274124146,0.2609218657016754,-0.04940112307667732,0.5923646092414856,0.2201189547777176,-0.058241769671440125,0.6715319156646729,0.3987821638584137,-0.03218917176127434,0.6661229729652405,0.3376997113227844,-0.04400021955370903,0.659616231918335,0.29848513007164,-0.05109088495373726,0.6526421308517456,0.26124072074890137,-0.05633961036801338
HELLO,0.6588972210884094,0.5720772743225098,1.1961127199811017e-07,0.6000438332557678,0.55698561668396,-0.01898662932217121,0.5533546209335327,0.5114233493804932,-0.029019372537732124,0.5252183675765991,0.46990135312080383,-0.0381866954267025,0.49475061893463135,0.44933658838272095,-0.047759320586919785,0.5689863562583923,0.39467188715934753,-0.014921900816261768,0.5451197624206543,0.32064005732536316,-0.029258256778120995,0.5322402715682983,0.27412325143814087,-0.04332534968852997,0.5207037925720215,0.2334470897912979,-0.05459653586149216,0.6006582975387573,0.3795855641365051,-0.018003061413764954,0.578869104385376,0.29882848262786865,-0.030135247856378555,0.5647993683815002,0.24713867902755737,-0.04313485696911812,0.551211953163147,0.2023574411869049,-0.05338608846068382,0.6347889304161072,0.3830811679363251,-0.024089017882943153,0.618837833404541,0.3076816499233246,-0.037190645933151245,0.6057435274124146,0.2609218657016754,-0.04940112307667732,0.5923646092414856,0.2201189547777176,-0.058241769671440125,0.6715319156646729,0.3987821638584137,-0.03218917176127434,0.6661229729652405,0.3376997113227844,-0.04400021955370903,0.659616231918335,0.29848513007164,-0.05109088495373726,0.6526421308517456,0.26124072074890137,-0.05633961036801338
HELLO,0.6588972210884094,0.5720772743225098,1.1961127199811017e-07,0.6000438332557678,0.55698561668396,-0.01898662932217121,0.5533546209335327,0.5114233493804932,-0.029019372537732124,0.5252183675765991,0.46990135312080383,-0.0381866954267025,0.49475061893463135,0.44933658838272095,-0.047759320586919785,0.5689863562583923,0.39467188715934753,-0.014921900816261768,0.5451197624206543,0.32064005732536316,-0.029258256778120995,0.5322402715682983,0.27412325143814087,-0.04332534968852997,0.5207037925720215,0.2334470897912979,-0.05459653586149216,0.6006582975387573,0.3795855641365051,-0.018003061413764954,0.578869104385376,0.29882848262786865,-0.030135247856378555,0.5647993683815002,0.24713867902755737,-0.04313485696911812,0.551211953163147,0.2023574411869049,-0.05338608846068382,0.6347889304161072,0.3830811679363251,-0.024089017882943153,0.618837833404541,0.3076816499233246,-0.037190645933151245,0.6057435274124146,0.2609218657016754,-0.04940112307667732,0.5923646092414856,0.2201189547777176,-0.058241769671440125,0.6715319156646729,0.3987821638584137,-0.03218917176127434,0.6661229729652405,0.3376997113227844,-0.04400021955370903,0.659616231918335,0.29848513007164,-0.05109088495373726,0.6526421308517456,0.26124072074890137,-0.05633961036801338
HELLO,0.6595762372016907,0.5733290314674377,1.0727862331805227e-07,0.6026719808578491,0.558106541633606,-0.018738795071840286,0.5561169981956482,0.5135384202003479,-0.028727233409881592,0.5279362201690674,0.47084444761276245,-0.03833143785595894,0.4971526265144348,0.4489073157310486,-0.04832615330815315,0.5703078508377075,0.3966147303581238,-0.013582268729805946,0.5462543964385986,0.32287847995758057,-0.028346948325634003,0.5325480103492737,0.2766883373260498,-0.04285600781440735,0.5206133723258972,0.2357444167137146,-0.05433783680200577,0.6008899807929993,0.38032448291778564,-0.016982704401016235,0.5790764093399048,0.29644545912742615,-0.029032526537775993,0.564814567565918,0.24489763379096985,-0.04158022999763489,0.551842212677002,0.20084811747074127,-0.05157814174890518,0.6343388557434082,0.38302093744277954,-0.02347775734961033,0.6185534596443176,0.3056078255176544,-0.03589651733636856,0.6059929132461548,0.2605797052383423,-0.04658474028110504,0.5934284329414368,0.22165203094482422,-0.054609689861536026,0.6708512902259827,0.39854493737220764,-0.032236430794000626,0.667104184627533,0.3366376757621765,-0.04255681857466698,0.6619038581848145,0.29802823066711426,-0.04803738370537758,0.6560852527618408,0.26156020164489746,-0.05237354710698128
HELLO,0.6595762372016907,0.5733290314674377,1.0727862331805227e-07,0.6026719808578491,0.558106541633606,-0.018738795071840286,0.5561169981956482,0.5135384202003479,-0.028727233409881592,0.5279362201690674,0.47084444761276245,-0.03833143785595894,0.4971526265144348,0.4489073157310486,-0.04832615330815315,0.5703078508377075,0.3966147303581238,-0.013582268729805946,0.5462543964385986,0.32287847995758057,-0.028346948325634003,0.5325480103492737,0.2766883373260498,-0.04285600781440735,0.5206133723258972,0.2357444167137146,-0.05433783680200577,0.6008899807929993,0.38032448291778564,-0.016982704401016235,0.5790764093399048,0.29644545912742615,-0.029032526537775993,0.564814567565918,0.24489763379096985,-0.04158022999763489,0.551842212677002,0.20084811747074127,-0.05157814174890518,0.6343388557434082,0.38302093744277954,-0.02347775734961033,0.6185534596443176,0.3056078255176544,-0.03589651733636856,0.6059929132461548,0.2605797052383423,-0.04658474028110504,0.5934284329414368,0.22165203094482422,-0.054609689861536026,0.6708512902259827,0.39854493737220764,-0.032236430794000626,0.667104184627533,0.3366376757621765,-0.04255681857466698,0.6619038581848145,0.29802823066711426,-0.04803738370537758,0.6560852527618408,0.26156020164489746,-0.05237354710698128
HELLO,0.6635611057281494,0.5753584504127502,9.085580643386493e-08,0.6046110987663269,0.5598846673965454,-0.018251175060868263,0.5570214986801147,0.5127855539321899,-0.0270391833037138,0.5273467898368835,0.46885353326797485,-0.03565555065870285,0.49587059020996094,0.446806401014328,-0.044709596782922745,0.5720856189727783,0.39737582206726074,-0.010689917020499706,0.5471792817115784,0.32245510816574097,-0.024512197822332382,0.5335026979446411,0.2762855291366577,-0.038532231003046036,0.5212957262992859,0.23528313636779785,-0.0498330220580101,0.6031253337860107,0.380797803401947,-0.013860926032066345,0.580419659614563,0.2967545688152313,-0.02553511969745159,0.5654504895210266,0.24504734575748444,-0.03846663236618042,0.5513721108436584,0.20066387951374054,-0.0488482341170311,0.6368522644042969,0.38321325182914734,-0.020261133089661598,0.6200318932533264,0.3063557744026184,-0.032377492636442184,0.6060594916343689,0.2597777843475342,-0.04408668726682663,0.5918309688568115,0.21975231170654297,-0.05293070897459984,0.6737661957740784,0.3986925184726715,-0.028885817155241966,0.6692265868186951,0.33719903230667114,-0.03902696445584297,0.6627660989761353,0.29746824502944946,-0.04548228159546852,0.6554833650588989,0.25981470942497253,-0.050715137273073196
HELLO,0.6635611057281494,0.5753584504127502,9.085580643386493e-08,0.6046110987663269,0.5598846673965454,-0.018251175060868263,0.5570214986801147,0.5127855539321899,-0.0270391833037138,0.5273467898368835,0.46885353326797485,-0.03565555065870285,0.49587059020996094,0.446806401014328,-0.044709596782922745,0.5720856189727783,0.39737582206726074,-0.010689917020499706,0.5471792817115784,0.32245510816574097,-0.024512197822332382,0.5335026979446411,0.2762855291366577,-0.038532231003046036,0.5212957262992859,0.23528313636779785,-0.0498330220580101,0.6031253337860107,0.380797803401947,-0.013860926032066345,0.580419659614563,0.2967545688152313,-0.02553511969745159,0.5654504895210266,0.24504734575748444,-0.03846663236618042,0.5513721108436584,0.20066387951374054,-0.0488482341170311,0.6368522644042969,0.38321325182914734,-0.020261133089661598,0.6200318932533264,0.3063557744026184,-0.032377492636442184,0.6060594916343689,0.2597777843475342,-0.04408668726682663,0.5918309688568115,0.21975231170654297,-0.05293070897459984,0.6737661957740784,0.3986925184726715,-0.028885817155241966,0.6692265868186951,0.33719903230667114,-0.03902696445584297,0.6627660989761353,0.29746824502944946,-0.04548228159546852,0.6554833650588989,0.25981470942497253,-0.050715137273073196
HELLO,0.6635611057281494,0.5753584504127502,9.085580643386493e-08,0.6046110987663269,0.5598846673965454,-0.018251175060868263,0.5570214986801147,0.5127855539321899,-0.0270391833037138,0.5273467898368835,0.46885353326797485,-0.03565555065870285,0.49587059020996094,0.446806401014328,-0.044709596782922745,0.5720856189727783,0.39737582206726074,-0.010689917020499706,0.5471792817115784,0.32245510816574097,-0.024512197822332382,0.5335026979446411,0.2762855291366577,-0.038532231003046036,0.5212957262992859,0.23528313636779785,-0.0498330220580101,0.6031253337860107,0.380797803401947,-0.013860926032066345,0.580419659614563,0.2967545688152313,-0.02553511969745159,0.5654504895210266,0.24504734575748444,-0.03846663236618042,0.5513721108436584,0.20066387951374054,-0.0488482341170311,0.6368522644042969,0.38321325182914734,-0.020261133089661598,0.6200318932533264,0.3063557744026184,-0.032377492636442184,0.6060594916343689,0.2597777843475342,-0.04408668726682663,0.5918309688568115,0.21975231170654297,-0.05293070897459984,0.6737661957740784,0.3986925184726715,-0.028885817155241966,0.6692265868186951,0.33719903230667114,-0.03902696445584297,0.6627660989761353,0.29746824502944946,-0.04548228159546852,0.6554833650588989,0.25981470942497253,-0.050715137273073196
HELLO,0.6633023023605347,0.5721266269683838,1.1134287092318118e-07,0.6040657162666321,0.5576831102371216,-0.01794675923883915,0.5564659237861633,0.5124542713165283,-0.02757100947201252,0.5270965099334717,0.47023138403892517,-0.03676224127411842,0.4969330132007599,0.4480900466442108,-0.04636694863438606,0.5715489983558655,0.3962138593196869,-0.013683514669537544,0.547264039516449,0.3221258521080017,-0.028162866830825806,0.5339446663856506,0.27650129795074463,-0.0421825610101223,0.5221706032752991,0.23621709644794464,-0.05330563336610794,0.6031107306480408,0.3798297047615051,-0.01701211743056774,0.5810155272483826,0.2974870204925537,-0.029181428253650665,0.56668621301651,0.2458600103855133,-0.04205978289246559,0.553139865398407,0.20097070932388306,-0.052178919315338135,0.63718181848526,0.3822939395904541,-0.023301338776946068,0.6208034753799438,0.3067288100719452,-0.03596115857362747,0.6074744462966919,0.2603541910648346,-0.04800691455602646,0.5937799215316772,0.22033758461475372,-0.056812796741724014,0.6737511157989502,0.39733004570007324,-0.03156653791666031,0.6687286496162415,0.3371676802635193,-0.04263406619429588,0.6623373031616211,0.2980424165725708,-0.0496038943529129,0.6552324295043945,0.26099154353141785,-0.054825980216264725
HELLO,0.6633023023605347,0.5721266269683838,1.1134287092318118e-07,0.6040657162666321,0.5576831102371216,-0.01794675923883915,0.5564659237861633,0.5124542713165283,-0.02757100947201252,0.5270965099334717,0.47023138403892517,-0.03676224127411842,0.4969330132007599,0.4480900466442108,-0.04636694863438606,0.5715489983558655,0.3962138593196869,-0.013683514669537544,0.547264039516449,0.3221258521080017,-0.028162866830825806,0.5339446663856506,0.27650129795074463,-0.0421825610101223,0.5221706032752991,0.23621709644794464,-0.05330563336610794,0.6031107306480408,0.3798297047615051,-0.01701211743056774,0.5810155272483826,0.2974870204925537,-0.029181428253650665,0.56668621301651,0.2458600103855133,-0.04205978289246559,0.553139865398407,0.20097070932388306,-0.052178919315338135,0.63718181848526,0.3822939395904541,-0.023301338776946068,0.6208034753799438,0.3067288100719452,-0.03596115857362747,0.6074744462966919,0.2603541910648346,-0.04800691455602646,0.5937799215316772,0.22033758461475372,-0.056812796741724014,0.6737511157989502,0.39733004570007324,-0.03156653791666031,0.6687286496162415,0.3371676802635193,-0.04263406619429588,0.6623373031616211,0.2980424165725708,-0.0496038943529129,0.6552324295043945,0.26099154353141785,-0.054825980216264725
HELLO,0.6633023023605347,0.5721266269683838,1.1134287092318118e-07,0.6040657162666321,0.5576831102371216,-0.01794675923883915,0.5564659237861633,0.5124542713165283,-0.02757100947201252,0.5270965099334717,0.47023138403892517,-0.03676224127411842,0.4969330132007599,0.4480900466442108,-0.04636694863438606,0.5715489983558655,0.3962138593196869,-0.013683514669537544,0.547264039516449,0.3221258521080017,-0.028162866830825806,0.5339446663856506,0.27650129795074463,-0.0421825610101223,0.5221706032752991,0.23621709644794464,-0.05330563336610794,0.6031107306480408,0.3798297047615051,-0.01701211743056774,0.5810155272483826,0.2974870204925537,-0.029181428253650665,0.56668621301651,0.2458600103855133,-0.04205978289246559,0.553139865398407,0.20097070932388306,-0.052178919315338135,0.63718181848526,0.3822939395904541,-0.023301338776946068,0.6208034753799438,0.3067288100719452,-0.03596115857362747,0.6074744462966919,0.2603541910648346,-0.04800691455602646,0.5937799215316772,0.22033758461475372,-0.056812796741724014,0.6737511157989502,0.39733004570007324,-0.03156653791666031,0.6687286496162415,0.3371676802635193,-0.04263406619429588,0.6623373031616211,0.2980424165725708,-0.0496038943529129,0.6552324295043945,0.26099154353141785,-0.054825980216264725
HELLO,0.6633023023605347,0.5721266269683838,1.1134287092318118e-07,0.6040657162666321,0.5576831102371216,-0.01794675923883915,0.5564659237861633,0.5124542713165283,-0.02757100947201252,0.5270965099334717,0.47023138403892517,-0.03676224127411842,0.4969330132007599,0.4480900466442108,-0.04636694863438606,0.5715489983558655,0.3962138593196869,-0.013683514669537544,0.547264039516449,0.3221258521080017,-0.028162866830825806,0.5339446663856506,0.27650129795074463,-0.0421825610101223,0.5221706032752991,0.23621709644794464,-0.05330563336610794,0.6031107306480408,0.3798297047615051,-0.01701211743056774,0.5810155272483826,0.2974870204925537,-0.029181428253650665,0.56668621301651,0.2458600103855133,-0.04205978289246559,0.553139865398407,0.20097070932388306,-0.052178919315338135,0.63718181848526,0.3822939395904541,-0.023301338776946068,0.6208034753799438,0.3067288100719452,-0.03596115857362747,0.6074744462966919,0.2603541910648346,-0.04800691455602646,0.5937799215316772,0.22033758461475372,-0.056812796741724014,0.6737511157989502,0.39733004570007324,-0.03156653791666031,0.6687286496162415,0.3371676802635193,-0.04263406619429588,0.6623373031616211,0.2980424165725708,-0.0496038943529129,0.6552324295043945,0.26099154353141785,-0.054825980216264725
HELLO,0.6616374850273132,0.5724056959152222,9.598505812391522e-08,0.6038223505020142,0.5579514503479004,-0.018770048394799232,0.5561421513557434,0.5123732089996338,-0.028345609083771706,0.5275638699531555,0.4706476032733917,-0.037245120853185654,0.49763262271881104,0.4477900266647339,-0.04634154215455055,0.5710702538490295,0.3948751389980316,-0.0139424754306674,0.5465665459632874,0.3209942579269409,-0.02823205664753914,0.5334144234657288,0.27569326758384705,-0.042112987488508224,0.5215900540351868,0.23569048941135406,-0.05321524292230606,0.6024994850158691,0.37918248772621155,-0.01700812578201294,0.5794695615768433,0.29638129472732544,-0.028927261009812355,0.5658100247383118,0.24484868347644806,-0.04136131331324577,0.5532700419425964,0.20056062936782837,-0.05124446004629135,0.6365671157836914,0.3828331530094147,-0.023201383650302887,0.620360255241394,0.3068719506263733,-0.03639748692512512,0.608153223991394,0.26218274235725403,-0.04807737097144127,0.5956009030342102,0.22289927303791046,-0.056493815034627914,0.6738382577896118,0.3989805579185486,-0.03146122023463249,0.6693631410598755,0.3386639356613159,-0.04336567223072052,0.6629669070243835,0.30007898807525635,-0.05037326738238335,0.6556196808815002,0.2629334628582001,-0.055548667907714844
HELLO,0.6616374850273132,0.5724056959152222,9.598505812391522e-08,0.6038223505020142,0.5579514503479004,-0.018770048394799232,0.5561421513557434,0.5123732089996338,-0.028345609083771706,0.5275638699531555,0.4706476032733917,-0.037245120853185654,0.49763262271881104,0.4477900266647339,-0.04634154215455055,0.5710702538490295,0.3948751389980316,-0.0139424754306674,0.5465665459632874,0.3209942579269409,-0.02823205664753914,0.5334144234657288,0.27569326758384705,-0.042112987488508224,0.5215900540351868,0.23569048941135406,-0.05321524292230606,0.6024994850158691,0.37918248772621155,-0.01700812578201294,0.5794695615768433,0.29638129472732544,-0.028927261009812355,0.5658100247383118,0.24484868347644806,-0.04136131331324577,0.5532700419425964,0.20056062936782837,-0.05124446004629135,0.6365671157836914,0.3828331530094147,-0.023201383650302887,0.620360255241394,0.3068719506263733,-0.03639748692512512,0.608153223991394,0.26218274235725403,-0.04807737097144127,0.5956009030342102,0.22289927303791046,-0.056493815034627914,0.6738382577896118,0.3989805579185486,-0.03146122023463249,0.6693631410598755,0.3386639356613159,-0.04336567223072052,0.6629669070243835,0.30007898807525635,-0.05037326738238335,0.6556196808815002,0.2629334628582001,-0.055548667907714844
HELLO,0.6595649123191833,0.5742250680923462,8.15158074374267e-08,0.6006737351417542,0.5582268238067627,-0.01728546805679798,0.5544790029525757,0.5117074847221375,-0.02597537636756897,0.5269109010696411,0.4685746431350708,-0.03450619801878929,0.49652010202407837,0.4463520050048828,-0.04351012781262398,0.5710302591323853,0.3948438763618469,-0.010690544731914997,0.5475742220878601,0.3215349316596985,-0.024383943527936935,0.534389317035675,0.27728384733200073,-0.03825834020972252,0.5221877098083496,0.23776495456695557,-0.04941033944487572,0.6022612452507019,0.3788350224494934,-0.014501634053885937,0.5798425078392029,0.2961389422416687,-0.026146937161684036,0.565534770488739,0.24503450095653534,-0.03896849602460861,0.5520821809768677,0.2011995166540146,-0.04910019040107727,0.635978639125824,0.3820740580558777,-0.021441148594021797,0.6199876666069031,0.30549362301826477,-0.03417319431900978,0.6070526242256165,0.2594803273677826,-0.046127479523420334,0.5937501192092896,0.21924883127212524,-0.05484263598918915,0.6725903749465942,0.3982357680797577,-0.030366122722625732,0.6679039001464844,0.3371075391769409,-0.04138963669538498,0.661915123462677,0.2979723811149597,-0.04806597903370857,0.6552409529685974,0.26069799065589905,-0.05316682159900665
HELLO,0.6595649123191833,0.5742250680923462,8.15158074374267e-08,0.6006737351417542,0.5582268238067627,-0.01728546805679798,0.5544790029525757,0.5117074847221375,-0.02597537636756897,0.5269109010696411,0.4685746431350708,-0.03450619801878929,0.49652010202407837,0.4463520050048828,-0.04351012781262398,0.5710302591323853,0.3948438763618469,-0.010690544731914997,0.5475742220878601,0.3215349316596985,-0.024383943527936935,0.534389317035675,0.27728384733200073,-0.03825834020972252,0.5221877098083496,0.23776495456695557,-0.04941033944487572,0.6022612452507019,0.3788350224494934,-0.014501634053885937,0.5798425078392029,0.2961389422416687,-0.026146937161684036,0.565534770488739,0.24503450095653534,-0.03896849602460861,0.5520821809768677,0.2011995166540146,-0.04910019040107727,0.635978639125824,0.3820740580558777,-0.021441148594021797,0.6199876666069031,0.30549362301826477,-0.03417319431900978,0.6070526242256165,0.2594803273677826,-0.046127479523420334,0.5937501192092896,0.21924883127212524,-0.05484263598918915,0.6725903749465942,0.3982357680797577,-0.030366122722625732,0.6679039001464844,0.3371075391769409,-0.04138963669538498,0.661915123462677,0.2979723811149597,-0.04806597903370857,0.6552409529685974,0.26069799065589905,-0.05316682159900665
HELLO,0.6611323356628418,0.5755022168159485,8.230229298078484e-08,0.602028489112854,0.5591340661048889,-0.01684134639799595,0.5549899339675903,0.5114026069641113,-0.02481240965425968,0.5265178680419922,0.46714818477630615,-0.032729703933000565,0.4955400824546814,0.4465506374835968,-0.04099268466234207,0.5706367492675781,0.39477548003196716,-0.009141294285655022,0.545963704586029,0.3205181658267975,-0.022389601916074753,0.5320969223976135,0.27511778473854065,-0.035904496908187866,0.5197446346282959,0.23514050245285034,-0.04668798670172691,0.6017500758171082,0.3785147964954376,-0.012650873512029648,0.5789437890052795,0.2949218153953552,-0.023356318473815918,0.5645265579223633,0.24316295981407166,-0.03508944436907768,0.5513945817947388,0.20025645196437836,-0.044479016214609146,0.6356509923934937,0.38133755326271057,-0.019377784803509712,0.6190875172615051,0.3043377995491028,-0.03087921068072319,0.605359673500061,0.2585673928260803,-0.04176139831542969,0.5914917588233948,0.2199116051197052,-0.04987848177552223,0.6726070642471313,0.397063672542572,-0.028235899284482002,0.6687953472137451,0.3361741900444031,-0.038065385073423386,0.6628690361976624,0.2970273196697235,-0.044057976454496384,0.656196117401123,0.2602541744709015,-0.04878487065434456
HELLO,0.6611323356628418,0.5755022168159485,8.230229298078484e-08,0.602028489112854,0.5591340661048889,-0.01684134639799595,0.5549899339675903,0.5114026069641113,-0.02481240965425968,0.5265178680419922,0.46714818477630615,-0.032729703933000565,0.4955400824546814,0.4465506374835968,-0.04099268466234207,0.5706367492675781,0.39477548003196716,-0.009141294285655022,0.545963704586029,0.3205181658267975,-0.022389601916074753,0.5320969223976135,0.27511778473854065,-0.035904496908187866,0.5197446346282959,0.23514050245285034,-0.04668798670172691,0.6017500758171082,0.3785147964954376,-0.012650873512029648,0.5789437890052795,0.2949218153953552,-0.023356318473815918,0.5645265579223633,0.24316295981407166,-0.03508944436907768,0.5513945817947388,0.20025645196437836,-0.044479016214609146,0.6356509923934937,0.38133755326271057,-0.019377784803509712,0.6190875172615051,0.3043377995491028,-0.03087921068072319,0.605359673500061,0.2585673928260803,-0.04176139831542969,0.5914917588233948,0.2199116051197052,-0.04987848177552223,0.6726070642471313,0.397063672542572,-0.028235899284482002,0.6687953472137451,0.3361741900444031,-0.038065385073423386,0.6628690361976624,0.2970273196697235,-0.044057976454496384,0.656196117401123,0.2602541744709015,-0.04878487065434456
HELLO,0.6611323356628418,0.5755022168159485,8.230229298078484e-08,0.602028489112854,0.5591340661048889,-0.01684134639799595,0.5549899339675903,0.5114026069641113,-0.02481240965425968,0.5265178680419922,0.46714818477630615,-0.032729703933000565,0.4955400824546814,0.4465506374835968,-0.04099268466234207,0.5706367492675781,0.39477548003196716,-0.009141294285655022,0.545963704586029,0.3205181658267975,-0.022389601916074753,0.5320969223976135,0.27511778473854065,-0.035904496908187866,0.5197446346282959,0.23514050245285034,-0.04668798670172691,0.6017500758171082,0.3785147964954376,-0.012650873512029648,0.5789437890052795,0.2949218153953552,-0.023356318473815918,0.5645265579223633,0.24316295981407166,-0.03508944436907768,0.5513945817947388,0.20025645196437836,-0.044479016214609146,0.6356509923934937,0.38133755326271057,-0.019377784803509712,0.6190875172615051,0.3043377995491028,-0.03087921068072319,0.605359673500061,0.2585673928260803,-0.04176139831542969,0.5914917588233948,0.2199116051197052,-0.04987848177552223,0.6726070642471313,0.397063672542572,-0.028235899284482002,0.6687953472137451,0.3361741900444031,-0.038065385073423386,0.6628690361976624,0.2970273196697235,-0.044057976454496384,0.656196117401123,0.2602541744709015,-0.04878487065434456
HELLO,0.6602420806884766,0.5708024501800537,9.807948231355113e-08,0.6002721190452576,0.556372880935669,-0.01725553721189499,0.553388237953186,0.508794903755188,-0.024163898080587387,0.5252410173416138,0.4661799967288971,-0.03062155656516552,0.4952208995819092,0.4464785158634186,-0.037331245839595795,0.5696538686752319,0.39386749267578125,-0.008845779113471508,0.5455345511436462,0.3196524679660797,-0.020769493654370308,0.532630443572998,0.273445725440979,-0.033262427896261215,0.5212143063545227,0.2334377020597458,-0.04346024990081787,0.6010025143623352,0.3779464662075043,-0.011612530797719955,0.5786225199699402,0.2951306700706482,-0.02145429700613022,0.564506471157074,0.24342577159404755,-0.03290745988488197,0.5514683127403259,0.20013292133808136,-0.042034514248371124,0.6347934007644653,0.3808687925338745,-0.017615895718336105,0.6188878417015076,0.30517956614494324,-0.02919677272439003,0.6057446002960205,0.26007840037345886,-0.040705326944589615,0.5926052927970886,0.22142115235328674,-0.048940714448690414,0.6721807718276978,0.3957326114177704,-0.025650396943092346,0.6679298281669617,0.3340989947319031,-0.036268286406993866,0.6612719893455505,0.2953953742980957,-0.04312369227409363,0.6538068056106567,0.25852590799331665,-0.04824260249733925
HELLO,0.6602420806884766,0.5708024501800537,9.807948231355113e-08,0.6002721190452576,0.556372880935669,-0.01725553721189499,0.553388237953186,0.508794903755188,-0.024163898080587387,0.5252410173416138,0.4661799967288971,-0.03062155656516552,0.4952208995819092,0.4464785158634186,-0.037331245839595795,0.5696538686752319,0.39386749267578125,-0.008845779113471508,0.5455345511436462,0.3196524679660797,-0.020769493654370308,0.532630443572998,0.273445725440979,-0.033262427896261215,0.5212143063545227,0.2334377020597458,-0.04346024990081787,0.6010025143623352,0.3779464662075043,-0.011612530797719955,0.5786225199699402,0.2951306700706482,-0.02145429700613022,0.564506471157074,0.24342577159404755,-0.03290745988488197,0.5514683127403259,0.20013292133808136,-0.042034514248371124,0.6347934007644653,0.3808687925338745,-0.017615895718336105,0.6188878417015076,0.30517956614494324,-0.02919677272439003,0.6057446002960205,0.26007840037345886,-0.040705326944589615,0.5926052927970886,0.22142115235328674,-0.048940714448690414,0.6721807718276978,0.3957326114177704,-0.025650396943092346,0.6679298281669617,0.3340989947319031,-0.036268286406993866,0.6612719893455505,0.2953953742980957,-0.04312369227409363,0.6538068056106567,0.25852590799331665,-0.04824260249733925
HELLO,0.6602420806884766,0.5708024501800537,9.807948231355113e-08,0.6002721190452576,0.556372880935669,-0.01725553721189499,0.553388237953186,0.508794903755188,-0.024163898080587387,0.5252410173416138,0.4661799967288971,-0.03062155656516552,0.4952208995819092,0.4464785158634186,-0.037331245839595795,0.5696538686752319,0.39386749267578125,-0.008845779113471508,0.5455345511436462,0.3196524679660797,-0.020769493654370308,0.532630443572998,0.273445725440979,-0.033262427896261215,0.5212143063545227,0.2334377020597458,-0.04346024990081787,0.6010025143623352,0.3779464662075043,-0.011612530797719955,0.5786225199699402,0.2951306700706482,-0.02145429700613022,0.564506471157074,0.24342577159404755,-0.03290745988488197,0.5514683127403259,0.20013292133808136,-0.042034514248371124,0.6347934007644653,0.3808687925338745,-0.017615895718336105,0.6188878417015076,0.30517956614494324,-0.02919677272439003,0.6057446002960205,0.26007840037345886,-0.040705326944589615,0.5926052927970886,0.22142115235328674,-0.048940714448690414,0.6721807718276978,0.3957326114177704,-0.025650396943092346,0.6679298281669617,0.3340989947319031,-0.036268286406993866,0.6612719893455505,0.2953953742980957,-0.04312369227409363,0.6538068056106567,0.25852590799331665,-0.04824260249733925
HELLO,0.6624189615249634,0.5726338028907776,9.747932949721871e-08,0.6037244200706482,0.557309627532959,-0.01803797483444214,0.5557311177253723,0.5100692510604858,-0.026562683284282684,0.5257744193077087,0.46675196290016174,-0.03476927801966667,0.49379652738571167,0.44684940576553345,-0.04338414967060089,0.5713360905647278,0.39524200558662415,-0.010980430990457535,0.5462629199028015,0.32116833329200745,-0.024480395019054413,0.5328235626220703,0.2752019166946411,-0.038212910294532776,0.5209478139877319,0.23451310396194458,-0.04918123781681061,0.6023373007774353,0.37927407026290894,-0.014136926271021366,0.5799835920333862,0.29609352350234985,-0.025101426988840103,0.5656642317771912,0.2441549301147461,-0.03734169527888298,0.55244380235672,0.19999584555625916,-0.047122299671173096,0.6362121105194092,0.3817642033100128,-0.020489538088440895,0.6191607713699341,0.3057606816291809,-0.0322846919298172,0.6056370735168457,0.2598174810409546,-0.04370880872011185,0.5922225713729858,0.2202623188495636,-0.05212629213929176,0.6732341051101685,0.3963952362537384,-0.029038794338703156,0.6683493852615356,0.33502835035324097,-0.03889548406004906,0.6622348427772522,0.29574596881866455,-0.04493732005357742,0.655741810798645,0.2586609423160553,-0.049755360931158066
HELLO,0.6624189615249634,0.5726338028907776,9.747932949721871e-08,0.6037244200706482,0.557309627532959,-0.01803797483444214,0.5557311177253723,0.5100692510604858,-0.026562683284282684,0.5257744193077087,0.46675196290016174,-0.03476927801966667,0.49379652738571167,0.44684940576553345,-0.04338414967060089,0.5713360905647278,0.39524200558662415,-0.010980430990457535,0.5462629199028015,0.32116833329200745,-0.024480395019054413,0.5328235626220703,0.2752019166946411,-0.038212910294532776,0.5209478139877319,0.23451310396194458,-0.04918123781681061,0.6023373007774353,0.37927407026290894,-0.014136926271021366,0.5799835920333862,0.29609352350234985,-0.025101426988840103,0.5656642317771912,0.2441549301147461,-0.03734169527888298,0.55244380235672,0.19999584555625916,-0.047122299671173096,0.6362121105194092,0.3817642033100128,-0.020489538088440895,0.6191607713699341,0.3057606816291809,-0.0322846919298172,0.6056370735168457,0.2598174810409546,-0.04370880872011185,0.5922225713729858,0.2202623188495636,-0.05212629213929176,0.6732341051101685,0.3963952362537384,-0.029038794338703156,0.6683493852615356,0.33502835035324097,-0.03889548406004906,0.6622348427772522,0.29574596881866455,-0.04493732005357742,0.655741810798645,0.2586609423160553,-0.049755360931158066
HELLO,0.6627681255340576,0.5726273059844971,1.114151473302627e-07,0.6032593250274658,0.5575936436653137,-0.01832948997616768,0.5559979677200317,0.5112655758857727,-0.02723083458840847,0.527320384979248,0.46912094950675964,-0.03550250083208084,0.49673181772232056,0.447645366191864,-0.04397915303707123,0.5716309547424316,0.39430826902389526,-0.011859363876283169,0.5470362305641174,0.31967806816101074,-0.024984221905469894,0.5341106653213501,0.27419257164001465,-0.03819921985268593,0.5225832462310791,0.23424379527568817,-0.04874471202492714,0.6030461192131042,0.3787287473678589,-0.014736399985849857,0.5802333950996399,0.2972438931465149,-0.025633126497268677,0.5659264326095581,0.24554196000099182,-0.037857767194509506,0.5526955723762512,0.20112870633602142,-0.04741373658180237,0.6371675133705139,0.38198262453079224,-0.020764365792274475,0.6206842064857483,0.3080403506755829,-0.03295272961258888,0.6072039604187012,0.2624969482421875,-0.04469659924507141,0.5938311219215393,0.22252152860164642,-0.05303100869059563,0.6742732524871826,0.3971153199672699,-0.0288352370262146,0.6691296100616455,0.33654946088790894,-0.03946937993168831,0.6628015041351318,0.2978987693786621,-0.04590632766485214,0.6562434434890747,0.2606106996536255,-0.05064582824707031
HELLO,0.6627681255340576,0.5726273059844971,1.114151473302627e-07,0.6032593250274658,0.5575936436653137,-0.01832948997616768,0.5559979677200317,0.5112655758857727,-0.02723083458840847,0.527320384979248,0.46912094950675964,-0.03550250083208084,0.49673181772232056,0.447645366191864,-0.04397915303707123,0.5716309547424316,0.39430826902389526,-0.011859363876283169,0.5470362305641174,0.31967806816101074,-0.024984221905469894,0.5341106653213501,0.27419257164001465,-0.03819921985268593,0.5225832462310791,0.23424379527568817,-0.04874471202492714,0.6030461192131042,0.3787287473678589,-0.014736399985849857,0.5802333950996399,0.2972438931465149,-0.025633126497268677,0.5659264326095581,0.24554196000099182,-0.037857767194509506,0.5526955723762512,0.20112870633602142,-0.04741373658180237,0.6371675133705139,0.38198262453079224,-0.020764365792274475,0.6206842064857483,0.3080403506755829,-0.03295272961258888,0.6072039604187012,0.2624969482421875,-0.04469659924507141,0.5938311219215393,0.22252152860164642,-0.05303100869059563,0.6742732524871826,0.3971153199672699,-0.0288352370262146,0.6691296100616455,0.33654946088790894,-0.03946937993168831,0.6628015041351318,0.2978987693786621,-0.04590632766485214,0.6562434434890747,0.2606106996536255,-0.05064582824707031
HELLO,0.6627681255340576,0.5726273059844971,1.114151473302627e-07,0.6032593250274658,0.5575936436653137,-0.01832948997616768,0.5559979677200317,0.5112655758857727,-0.02723083458840847,0.527320384979248,0.46912094950675964,-0.03550250083208084,0.49673181772232056,0.447645366191864,-0.04397915303707123,0.5716309547424316,0.39430826902389526,-0.011859363876283169,0.5470362305641174,0.31967806816101074,-0.024984221905469894,0.5341106653213501,0.27419257164001465,-0.03819921985268593,0.5225832462310791,0.23424379527568817,-0.04874471202492714,0.6030461192131042,0.3787287473678589,-0.014736399985849857,0.5802333950996399,0.2972438931465149,-0.025633126497268677,0.5659264326095581,0.24554196000099182,-0.037857767194509506,0.5526955723762512,0.20112870633602142,-0.04741373658180237,0.6371675133705139,0.38198262453079224,-0.020764365792274475,0.6206842064857483,0.3080403506755829,-0.03295272961258888,0.6072039604187012,0.2624969482421875,-0.04469659924507141,0.5938311219215393,0.22252152860164642,-0.05303100869059563,0.6742732524871826,0.3971153199672699,-0.0288352370262146,0.6691296100616455,0.33654946088790894,-0.03946937993168831,0.6628015041351318,0.2978987693786621,-0.04590632766485214,0.6562434434890747,0.2606106996536255,-0.05064582824707031
HELLO,0.6623128652572632,0.5714398622512817,1.2121259373998328e-07,0.6038450598716736,0.5565609335899353,-0.017975304275751114,0.5566707849502563,0.5107010006904602,-0.02766318805515766,0.5287001729011536,0.4690830111503601,-0.036871328949928284,0.4977163076400757,0.4486410915851593,-0.04649816080927849,0.5722241401672363,0.3951343595981598,-0.014206415973603725,0.548058032989502,0.32120656967163086,-0.028978677466511726,0.5347122550010681,0.2752377986907959,-0.043107520788908005,0.5229499936103821,0.23505669832229614,-0.05429033562541008,0.6038669943809509,0.3792617917060852,-0.017782192677259445,0.5811409950256348,0.29740920662879944,-0.030281439423561096,0.5667256712913513,0.2458348572254181,-0.043161068111658096,0.5532271265983582,0.20093636214733124,-0.05323868989944458,0.6380735635757446,0.38228681683540344,-0.024334965273737907,0.6219033598899841,0.3062046766281128,-0.03751215711236,0.6087399125099182,0.26018983125686646,-0.04947393760085106,0.5952292680740356,0.2203281968832016,-0.058148276060819626,0.6751257181167603,0.39791736006736755,-0.03285536170005798,0.6710689663887024,0.3371466398239136,-0.04444687440991402,0.6647793054580688,0.29816025495529175,-0.051467616111040115,0.6573978066444397,0.26133403182029724,-0.05667262151837349
HELLO,0.6623128652572632,0.5714398622512817,1.2121259373998328e-07,0.6038450598716736,0.5565609335899353,-0.017975304275751114,0.5566707849502563,0.5107010006904602,-0.02766318805515766,0.5287001729011536,0.4690830111503601,-0.036871328949928284,0.4977163076400757,0.4486410915851593,-0.04649816080927849,0.5722241401672363,0.3951343595981598,-0.014206415973603725,0.548058032989502,0.32120656967163086,-0.028978677466511726,0.5347122550010681,0.2752377986907959,-0.043107520788908005,0.5229499936103821,0.23505669832229614,-0.05429033562541008,0.6038669943809509,0.3792617917060852,-0.017782192677259445,0.5811409950256348,0.29740920662879944,-0.030281439423561096,0.5667256712913513,0.2458348572254181,-0.043161068111658096,0.5532271265983582,0.20093636214733124,-0.05323868989944458,0.6380735635757446,0.38228681683540344,-0.024334965273737907,0.6219033598899841,0.3062046766281128,-0.03751215711236,0.6087399125099182,0.26018983125686646,-0.04947393760085106,0.5952292680740356,0.2203281968832016,-0.058148276060819626,0.6751257181167603,0.39791736006736755,-0.03285536170005798,0.6710689663887024,0.3371466398239136,-0.04444687440991402,0.6647793054580688,0.29816025495529175,-0.051467616111040115,0.6573978066444397,0.26133403182029724,-0.05667262151837349
HELLO,0.6623128652572632,0.5714398622512817,1.2121259373998328e-07,0.6038450598716736,0.5565609335899353,-0.017975304275751114,0.5566707849502563,0.5107010006904602,-0.02766318805515766,0.5287001729011536,0.4690830111503601,-0.036871328949928284,0.4977163076400757,0.4486410915851593,-0.04649816080927849,0.5722241401672363,0.3951343595981598,-0.014206415973603725,0.548058032989502,0.32120656967163086,-0.028978677466511726,0.5347122550010681,0.2752377986907959,-0.043107520788908005,0.5229499936103821,0.23505669832229614,-0.05429033562541008,0.6038669943809509,0.3792617917060852,-0.017782192677259445,0.5811409950256348,0.29740920662879944,-0.030281439423561096,0.5667256712913513,0.2458348572254181,-0.043161068111658096,0.5532271265983582,0.20093636214733124,-0.05323868989944458,0.6380735635757446,0.38228681683540344,-0.024334965273737907,0.6219033598899841,0.3062046766281128,-0.03751215711236,0.6087399125099182,0.26018983125686646,-0.04947393760085106,0.5952292680740356,0.2203281968832016,-0.058148276060819626,0.6751257181167603,0.39791736006736755,-0.03285536170005798,0.6710689663887024,0.3371466398239136,-0.04444687440991402,0.6647793054580688,0.29816025495529175,-0.051467616111040115,0.6573978066444397,0.26133403182029724,-0.05667262151837349
HELLO,0.6642484664916992,0.5725440382957458,9.151099078508196e-08,0.604090690612793,0.5574032068252563,-0.01704617775976658,0.5559329986572266,0.5102839469909668,-0.02575562708079815,0.5273551940917969,0.46727460622787476,-0.03426547721028328,0.4970141649246216,0.44643184542655945,-0.04324348270893097,0.5722851753234863,0.39461278915405273,-0.011963477358222008,0.5480733513832092,0.32118335366249084,-0.025639982894062996,0.5350593328475952,0.27716299891471863,-0.039174553006887436,0.5231003761291504,0.23813043534755707,-0.049985650926828384,0.6043809056282043,0.3783080279827118,-0.015645818784832954,0.581885576248169,0.2949487566947937,-0.02692112699151039,0.5674514174461365,0.2439040094614029,-0.03891729563474655,0.5540711879730225,0.20087848603725433,-0.04846392571926117,0.6390553712844849,0.38167932629585266,-0.022307265549898148,0.622239351272583,0.3035963177680969,-0.03420766443014145,0.608823835849762,0.25808054208755493,-0.045012492686510086,0.595340371131897,0.21920844912528992,-0.05309510603547096,0.6763436198234558,0.3981880843639374,-0.030987583100795746,0.671649694442749,0.33690202236175537,-0.04137271270155907,0.66541588306427,0.2974289059638977,-0.0474466010928154,0.6585039496421814,0.2603434920310974,-0.05211402848362923
HELLO,0.6642484664916992,0.5725440382957458,9.151099078508196e-08,0.604090690612793,0.5574032068252563,-0.01704617775976658,0.5559329986572266,0.5102839469909668,-0.02575562708079815,0.5273551940917969,0.46727460622787476,-0.03426547721028328,0.4970141649246216,0.44643184542655945,-0.04324348270893097,0.5722851753234863,0.39461278915405273,-0.011963477358222008,0.5480733513832092,0.32118335366249084,-0.025639982894062996,0.5350593328475952,0.27716299891471863,-0.039174553006887436,0.5231003761291504,0.23813043534755707,-0.049985650926828384,0.6043809056282043,0.3783080279827118,-0.015645818784832954,0.581885576248169,0.2949487566947937,-0.02692112699151039,0.5674514174461365,0.2439040094614029,-0.03891729563474655,0.5540711879730225,0.20087848603725433,-0.04846392571926117,0.6390553712844849,0.38167932629585266,-0.022307265549898148,0.622239351272583,0.3035963177680969,-0.03420766443014145,0.608823835849762,0.25808054208755493,-0.045012492686510086,0.595340371131897,0.21920844912528992,-0.05309510603547096,0.6763436198234558,0.3981880843639374,-0.030987583100795746,0.671649694442749,0.33690202236175537,-0.04137271270155907,0.66541588306427,0.2974289059638977,-0.0474466010928154,0.6585039496421814,0.2603434920310974,-0.05211402848362923
HELLO,0.6642484664916992,0.5725440382957458,9.151099078508196e-08,0.604090690612793,0.5574032068252563,-0.01704617775976658,0.5559329986572266,0.5102839469909668,-0.02575562708079815,0.5273551940917969,0.46727460622787476,-0.03426547721028328,0.4970141649246216,0.44643184542655945,-0.04324348270893097,0.5722851753234863,0.39461278915405273,-0.011963477358222008,0.5480733513832092,0.32118335366249084,-0.025639982894062996,0.5350593328475952,0.27716299891471863,-0.039174553006887436,0.5231003761291504,0.23813043534755707,-0.049985650926828384,0.6043809056282043,0.3783080279827118,-0.015645818784832954,0.581885576248169,0.2949487566947937,-0.02692112699151039,0.5674514174461365,0.2439040094614029,-0.03891729563474655,0.5540711879730225,0.20087848603725433,-0.04846392571926117,0.6390553712844849,0.38167932629585266,-0.022307265549898148,0.622239351272583,0.3035963177680969,-0.03420766443014145,0.608823835849762,0.25808054208755493,-0.045012492686510086,0.595340371131897,0.21920844912528992,-0.05309510603547096,0.6763436198234558,0.3981880843639374,-0.030987583100795746,0.671649694442749,0.33690202236175537,-0.04137271270155907,0.66541588306427,0.2974289059638977,-0.0474466010928154,0.6585039496421814,0.2603434920310974,-0.05211402848362923
HELLO,0.6642484664916992,0.5725440382957458,9.151099078508196e-08,0.604090690612793,0.5574032068252563,-0.01704617775976658,0.5559329986572266,0.5102839469909668,-0.02575562708079815,0.5273551940917969,0.46727460622787476,-0.03426547721028328,0.4970141649246216,0.44643184542655945,-0.04324348270893097,0.5722851753234863,0.39461278915405273,-0.011963477358222008,0.5480733513832092,0.32118335366249084,-0.025639982894062996,0.5350593328475952,0.27716299891471863,-0.039174553006887436,0.5231003761291504,0.23813043534755707,-0.049985650926828384,0.6043809056282043,0.3783080279827118,-0.015645818784832954,0.581885576248169,0.2949487566947937,-0.02692112699151039,0.5674514174461365,0.2439040094614029,-0.03891729563474655,0.5540711879730225,0.20087848603725433,-0.04846392571926117,0.6390553712844849,0.38167932629585266,-0.022307265549898148,0.622239351272583,0.3035963177680969,-0.03420766443014145,0.608823835849762,0.25808054208755493,-0.045012492686510086,0.595340371131897,0.21920844912528992,-0.05309510603547096,0.6763436198234558,0.3981880843639374,-0.030987583100795746,0.671649694442749,0.33690202236175537,-0.04137271270155907,0.66541588306427,0.2974289059638977,-0.0474466010928154,0.6585039496421814,0.2603434920310974,-0.05211402848362923
HELLO,0.6652567386627197,0.5733445882797241,1.1403089672512579e-07,0.6052374839782715,0.5589892864227295,-0.01825069449841976,0.55785071849823,0.5124660730361938,-0.027445940300822258,0.5294817686080933,0.46881791949272156,-0.03616999462246895,0.497554749250412,0.4481085538864136,-0.04534973204135895,0.5736506581306458,0.3959997892379761,-0.012836480513215065,0.5492871999740601,0.3212481141090393,-0.026871874928474426,0.5358592867851257,0.27515366673469543,-0.04069305583834648,0.523506224155426,0.23454773426055908,-0.05175001546740532,0.605180561542511,0.37970179319381714,-0.01612323708832264,0.5830495357513428,0.2967253625392914,-0.028086671605706215,0.5680686831474304,0.24486981332302094,-0.04105811193585396,0.5537365674972534,0.20003390312194824,-0.05120324343442917,0.639244556427002,0.3825063109397888,-0.02240097150206566,0.622779130935669,0.30616217851638794,-0.035077307373285294,0.6089717745780945,0.2603304386138916,-0.04682694002985954,0.5950863361358643,0.22067248821258545,-0.05537889897823334,0.6762377619743347,0.39803415536880493,-0.03072834573686123,0.6713474988937378,0.3372647762298584,-0.04151385650038719,0.6652118563652039,0.29811346530914307,-0.047935135662555695,0.6587294936180115,0.26103904843330383,-0.052785322070121765
HELLO,0.6652567386627197,0.5733445882797241,1.1403089672512579e-07,0.6052374839782715,0.5589892864227295,-0.01825069449841976,0.55785071849823,0.5124660730361938,-0.027445940300822258,0.5294817686080933,0.46881791949272156,-0.03616999462246895,0.497554749250412,0.4481085538864136,-0.04534973204135895,0.5736506581306458,0.3959997892379761,-0.012836480513215065,0.5492871999740601,0.3212481141090393,-0.026871874928474426,0.5358592867851257,0.27515366673469543,-0.04069305583834648,0.523506224155426,0.23454773426055908,-0.05175001546740532,0.605180561542511,0.37970179319381714,-0.01612323708832264,0.5830495357513428,0.2967253625392914,-0.028086671605706215,0.5680686831474304,0.24486981332302094,-0.04105811193585396,0.5537365674972534,0.20003390312194824,-0.05120324343442917,0.639244556427002,0.3825063109397888,-0.02240097150206566,0.622779130935669,0.30616217851638794,-0.035077307373285294,0.6089717745780945,0.2603304386138916,-0.04682694002985954,0.5950863361358643,0.22067248821258545,-0.05537889897823334,0.6762377619743347,0.39803415536880493,-0.03072834573686123,0.6713474988937378,0.3372647762298584,-0.04151385650038719,0.6652118563652039,0.29811346530914307,-0.047935135662555695,0.6587294936180115,0.26103904843330383,-0.052785322070121765
HELLO,0.6649879217147827,0.572312593460083,9.733469852335475e-08,0.6060708165168762,0.5572831630706787,-0.01808108016848564,0.5585784912109375,0.5104649066925049,-0.026393014937639236,0.5291050672531128,0.46754583716392517,-0.03415905684232712,0.4977418780326843,0.44737255573272705,-0.04224380850791931,0.572665274143219,0.3948173224925995,-0.0108658941462636,0.5486100316047668,0.320870041847229,-0.023923076689243317,0.5353888869285583,0.27563971281051636,-0.03711644932627678,0.5233838558197021,0.23620197176933289,-0.04772137477993965,0.6037309169769287,0.3785906434059143,-0.013553082942962646,0.5807064175605774,0.29565757513046265,-0.024078968912363052,0.5662785768508911,0.24454346299171448,-0.03557106480002403,0.5529110431671143,0.2011304497718811,-0.04474695026874542,0.6379384994506836,0.3816787898540497,-0.019470080733299255,0.6212878823280334,0.3050796687602997,-0.03119470365345478,0.6084615588188171,0.25916194915771484,-0.042228374630212784,0.5955125093460083,0.2192758023738861,-0.050386957824230194,0.6754010915756226,0.3976283371448517,-0.027501657605171204,0.6710662245750427,0.33700913190841675,-0.0380239374935627,0.6650101542472839,0.29827451705932617,-0.044395364820957184,0.658523440361023,0.2610601484775543,-0.0492844320833683
HELLO,0.6649879217147827,0.572312593460083,9.733469852335475e-08,0.6060708165168762,0.5572831630706787,-0.01808108016848564,0.5585784912109375,0.5104649066925049,-0.026393014937639236,0.5291050672531128,0.46754583716392517,-0.03415905684232712,0.4977418780326843,0.44737255573272705,-0.04224380850791931,0.572665274143219,0.3948173224925995,-0.0108658941462636,0.5486100316047668,0.320870041847229,-0.023923076689243317,0.5353888869285583,0.27563971281051636,-0.03711644932627678,0.5233838558197021,0.23620197176933289,-0.04772137477993965,0.6037309169769287,0.3785906434059143,-0.013553082942962646,0.5807064175605774,0.29565757513046265,-0.024078968912363052,0.5662785768508911,0.24454346299171448,-0.03557106480002403,0.5529110431671143,0.2011304497718811,-0.04474695026874542,0.6379384994506836,0.3816787898540497,-0.019470080733299255,0.6212878823280334,0.3050796687602997,-0.03119470365345478,0.6084615588188171,0.25916194915771484,-0.042228374630212784,0.5955125093460083,0.2192758023738861,-0.050386957824230194,0.6754010915756226,0.3976283371448517,-0.027501657605171204,0.6710662245750427,0.33700913190841675,-0.0380239374935627,0.6650101542472839,0.29827451705932617,-0.044395364820957184,0.658523440361023,0.2610601484775543,-0.0492844320833683
HELLO,0.6649879217147827,0.572312593460083,9.733469852335475e-08,0.6060708165168762,0.5572831630706787,-0.01808108016848564,0.5585784912109375,0.5104649066925049,-0.026393014937639236,0.5291050672531128,0.46754583716392517,-0.03415905684232712,0.4977418780326843,0.44737255573272705,-0.04224380850791931,0.572665274143219,0.3948173224925995,-0.0108658941462636,0.5486100316047668,0.320870041847229,-0.023923076689243317,0.5353888869285583,0.27563971281051636,-0.03711644932627678,0.5233838558197021,0.23620197176933289,-0.04772137477993965,0.6037309169769287,0.3785906434059143,-0.013553082942962646,0.5807064175605774,0.29565757513046265,-0.024078968912363052,0.5662785768508911,0.24454346299171448,-0.03557106480002403,0.5529110431671143,0.2011304497718811,-0.04474695026874542,0.6379384994506836,0.3816787898540497,-0.019470080733299255,0.6212878823280334,0.3050796687602997,-0.03119470365345478,0.6084615588188171,0.25916194915771484,-0.042228374630212784,0.5955125093460083,0.2192758023738861,-0.050386957824230194,0.6754010915756226,0.3976283371448517,-0.027501657605171204,0.6710662245750427,0.33700913190841675,-0.0380239374935627,0.6650101542472839,0.29827451705932617,-0.044395364820957184,0.658523440361023,0.2610601484775543,-0.0492844320833683
HELLO,0.6637355089187622,0.5754936337471008,9.289139768497989e-08,0.6041426658630371,0.5600756406784058,-0.017794277518987656,0.5573309063911438,0.5122119188308716,-0.02696002461016178,0.5291397571563721,0.4683840870857239,-0.0359538272023201,0.4980354607105255,0.44823944568634033,-0.04562263935804367,0.5733290910720825,0.3972083032131195,-0.01271017175167799,0.5492849946022034,0.3226753771305084,-0.027300331741571426,0.5358105301856995,0.2771145701408386,-0.041453637182712555,0.5233048796653748,0.2368529886007309,-0.05260444059967995,0.6051978468894958,0.38128897547721863,-0.016345905140042305,0.5830439925193787,0.29900312423706055,-0.028954656794667244,0.568041205406189,0.24682849645614624,-0.04226956143975258,0.5539662837982178,0.20165026187896729,-0.05266112461686134,0.6396370530128479,0.3844718039035797,-0.023020360618829727,0.6232483983039856,0.30915623903274536,-0.03605598956346512,0.6096842885017395,0.26211637258529663,-0.04833919182419777,0.5960226058959961,0.22133934497833252,-0.05727079510688782,0.6766119003295898,0.40060392022132874,-0.03172008693218231,0.6724097728729248,0.3387029767036438,-0.0424661859869957,0.6671534180641174,0.299399197101593,-0.049122173339128494,0.6613503694534302,0.26222074031829834,-0.05428715795278549
HELLO,0.667206346988678,0.5767884254455566,9.819978430414267e-08,0.6073407530784607,0.5613344311714172,-0.016193529590964317,0.5601827502250671,0.5132224559783936,-0.02390509843826294,0.531391978263855,0.4695499539375305,-0.03172696381807327,0.4999825656414032,0.44815927743911743,-0.039996832609176636,0.5750287175178528,0.3976869583129883,-0.008373644202947617,0.5510630011558533,0.323788046836853,-0.02169659174978733,0.5374365448951721,0.27861446142196655,-0.03534632548689842,0.5250298380851746,0.2385587841272354,-0.04625564441084862,0.6063463687896729,0.38010501861572266,-0.01234621275216341,0.5839542150497437,0.2974320650100708,-0.023050379008054733,0.569446325302124,0.2453453689813614,-0.035161446779966354,0.5558878183364868,0.20015496015548706,-0.04487608000636101,0.6403466463088989,0.3821183741092682,-0.019519707188010216,0.6242033839225769,0.30593958497047424,-0.03091035969555378,0.61187744140625,0.25949665904045105,-0.04215318337082863,0.5990613698959351,0.2192634642124176,-0.050590064376592636,0.6770581007003784,0.39738765358924866,-0.028740588575601578,0.6735033988952637,0.33713555335998535,-0.03836904838681221,0.6682608723640442,0.2982615530490875,-0.04447808489203453,0.6621856093406677,0.2609269618988037,-0.049364376813173294
HELLO,0.667206346988678,0.5767884254455566,9.819978430414267e-08,0.6073407530784607,0.5613344311714172,-0.016193529590964317,0.5601827502250671,0.5132224559783936,-0.02390509843826294,0.531391978263855,0.4695499539375305,-0.03172696381807327,0.4999825656414032,0.44815927743911743,-0.039996832609176636,0.5750287175178528,0.3976869583129883,-0.008373644202947617,0.5510630011558533,0.323788046836853,-0.02169659174978733,0.5374365448951721,0.27861446142196655,-0.03534632548689842,0.5250298380851746,0.2385587841272354,-0.04625564441084862,0.6063463687896729,0.38010501861572266,-0.01234621275216341,0.5839542150497437,0.2974320650100708,-0.023050379008054733,0.569446325302124,0.2453453689813614,-0.035161446779966354,0.5558878183364868,0.20015496015548706,-0.04487608000636101,0.6403466463088989,0.3821183741092682,-0.019519707188010216,0.6242033839225769,0.30593958497047424,-0.03091035969555378,0.61187744140625,0.25949665904045105,-0.04215318337082863,0.5990613698959351,0.2192634642124176,-0.050590064376592636,0.6770581007003784,0.39738765358924866,-0.028740588575601578,0.6735033988952637,0.33713555335998535,-0.03836904838681221,0.6682608723640442,0.2982615530490875,-0.04447808489203453,0.6621856093406677,0.2609269618988037,-0.049364376813173294
HELLO,0.6671431064605713,0.574236273765564,9.104284259819906e-08,0.606928825378418,0.560093879699707,-0.017720725387334824,0.5588850975036621,0.5133111476898193,-0.026127943769097328,0.5300201177597046,0.4687340259552002,-0.03441796451807022,0.4984910488128662,0.4473939836025238,-0.04313909262418747,0.5741683840751648,0.3962831199169159,-0.009660744108259678,0.5492925047874451,0.3218502998352051,-0.022874651476740837,0.5354430675506592,0.2766503095626831,-0.036593466997146606,0.5229403972625732,0.23646999895572662,-0.04763459414243698,0.6054694652557373,0.37943127751350403,-0.012876197695732117,0.5828004479408264,0.29567718505859375,-0.023449299857020378,0.568211019039154,0.24415479600429535,-0.03549158573150635,0.5549185276031494,0.19993625581264496,-0.04528987407684326,0.6395902037620544,0.38168835639953613,-0.019377660006284714,0.6228243112564087,0.30477872490882874,-0.03049500100314617,0.6098625063896179,0.2587897777557373,-0.041195306926965714,0.5970876216888428,0.21888206899166107,-0.049464959651231766,0.677006185054779,0.39698806405067444,-0.028145119547843933,0.6725764274597168,0.335335373878479,-0.037321627140045166,0.6670389771461487,0.29711005091667175,-0.04284389317035675,0.6611475944519043,0.26056578755378723,-0.047472722828388214
HELLO,0.6671431064605713,0.574236273765564,9.104284259819906e-08,0.606928825378418,0.560093879699707,-0.017720725387334824,0.5588850975036621,0.5133111476898193,-0.026127943769097328,0.5300201177597046,0.4687340259552002,-0.03441796451807022,0.4984910488128662,0.4473939836025238,-0.04313909262418747,0.5741683840751648,0.3962831199169159,-0.009660744108259678,0.5492925047874451,0.3218502998352051,-0.022874651476740837,0.5354430675506592,0.2766503095626831,-0.036593466997146606,0.5229403972625732,0.23646999895572662,-0.04763459414243698,0.6054694652557373,0.37943127751350403,-0.012876197695732117,0.5828004479408264,0.29567718505859375,-0.023449299857020378,0.568211019039154,0.24415479600429535,-0.03549158573150635,0.5549185276031494,0.19993625581264496,-0.04528987407684326,0.6395902037620544,0.38168835639953613,-0.019377660006284714,0.6228243112564087,0.30477872490882874,-0.03049500100314617,0.6098625063896179,0.2587897777557373,-0.041195306926965714,0.5970876216888428,0.21888206899166107,-0.049464959651231766,0.677006185054779,0.39698806405067444,-0.028145119547843933,0.6725764274597168,0.335335373878479,-0.037321627140045166,0.6670389771461487,0.29711005091667175,-0.04284389317035675,0.6611475944519043,0.26056578755378723,-0.047472722828388214
HELLO,0.6671431064605713,0.574236273765564,9.104284259819906e-08,0.606928825378418,0.560093879699707,-0.017720725387334824,0.5588850975036621,0.5133111476898193,-0.026127943769097328,0.5300201177597046,0.4687340259552002,-0.03441796451807022,0.4984910488128662,0.4473939836025238,-0.04313909262418747,0.5741683840751648,0.3962831199169159,-0.009660744108259678,0.5492925047874451,0.3218502998352051,-0.022874651476740837,0.5354430675506592,0.2766503095626831,-0.036593466997146606,0.5229403972625732,0.23646999895572662,-0.04763459414243698,0.6054694652557373,0.37943127751350403,-0.012876197695732117,0.5828004479408264,0.29567718505859375,-0.023449299857020378,0.568211019039154,0.24415479600429535,-0.03549158573150635,0.5549185276031494,0.19993625581264496,-0.04528987407684326,0.6395902037620544,0.38168835639953613,-0.019377660006284714,0.6228243112564087,0.30477872490882874,-0.03049500100314617,0.6098625063896179,0.2587897777557373,-0.041195306926965714,0.5970876216888428,0.21888206899166107,-0.049464959651231766,0.677006185054779,0.39698806405067444,-0.028145119547843933,0.6725764274597168,0.335335373878479,-0.037321627140045166,0.6670389771461487,0.29711005091667175,-0.04284389317035675,0.6611475944519043,0.26056578755378723,-0.047472722828388214
HELLO,0.6610472798347473,0.5732332468032837,8.367661763486467e-08,0.6037776470184326,0.5580686926841736,-0.017433959990739822,0.5562751293182373,0.5114186406135559,-0.025810591876506805,0.5277342200279236,0.4699035584926605,-0.03390662372112274,0.49767380952835083,0.4489921033382416,-0.042482148855924606,0.5712496638298035,0.39404380321502686,-0.011443858966231346,0.5474592447280884,0.321056604385376,-0.025378843769431114,0.5336723327636719,0.2757801413536072,-0.039221473038196564,0.5210652351379395,0.23601175844669342,-0.050265926867723465,0.6023861169815063,0.3778407573699951,-0.01509682647883892,0.5800635814666748,0.29540500044822693,-0.02682052180171013,0.5654510855674744,0.2436458319425583,-0.039487216621637344,0.5520992875099182,0.19955426454544067,-0.04951124265789986,0.6364198327064514,0.38097870349884033,-0.021841565147042274,0.6204360127449036,0.30646634101867676,-0.03469553589820862,0.6076470613479614,0.26216575503349304,-0.046409692615270615,0.5947338342666626,0.22266793251037598,-0.054990869015455246,0.6731758117675781,0.39660394191741943,-0.030613331124186516,0.6702203154563904,0.3370121717453003,-0.04179979860782623,0.6651439666748047,0.2994108498096466,-0.04833463206887245,0.6593658924102783,0.26313114166259766,-0.05336710065603256
HELLO,0.6610472798347473,0.5732332468032837,8.367661763486467e-08,0.6037776470184326,0.5580686926841736,-0.017433959990739822,0.5562751293182373,0.5114186406135559,-0.025810591876506805,0.5277342200279236,0.4699035584926605,-0.03390662372112274,0.49767380952835083,0.4489921033382416,-0.042482148855924606,0.5712496638298035,0.39404380321502686,-0.011443858966231346,0.5474592447280884,0.321056604385376,-0.025378843769431114,0.5336723327636719,0.2757801413536072,-0.039221473038196564,0.5210652351379395,0.23601175844669342,-0.050265926867723465,0.6023861169815063,0.3778407573699951,-0.01509682647883892,0.5800635814666748,0.29540500044822693,-0.02682052180171013,0.5654510855674744,0.2436458319425583,-0.039487216621637344,0.5520992875099182,0.19955426454544067,-0.04951124265789986,0.6364198327064514,0.38097870349884033,-0.021841565147042274,0.6204360127449036,0.30646634101867676,-0.03469553589820862,0.6076470613479614,0.26216575503349304,-0.046409692615270615,0.5947338342666626,0.22266793251037598,-0.054990869015455246,0.6731758117675781,0.39660394191741943,-0.030613331124186516,0.6702203154563904,0.3370121717453003,-0.04179979860782623,0.6651439666748047,0.2994108498096466,-0.04833463206887245,0.6593658924102783,0.26313114166259766,-0.05336710065603256
HELLO,0.6610472798347473,0.5732332468032837,8.367661763486467e-08,0.6037776470184326,0.5580686926841736,-0.017433959990739822,0.5562751293182373,0.5114186406135559,-0.025810591876506805,0.5277342200279236,0.4699035584926605,-0.03390662372112274,0.49767380952835083,0.4489921033382416,-0.042482148855924606,0.5712496638298035,0.39404380321502686,-0.011443858966231346,0.5474592447280884,0.321056604385376,-0.025378843769431114,0.5336723327636719,0.2757801413536072,-0.039221473038196564,0.5210652351379395,0.23601175844669342,-0.050265926867723465,0.6023861169815063,0.3778407573699951,-0.01509682647883892,0.5800635814666748,0.29540500044822693,-0.02682052180171013,0.5654510855674744,0.2436458319425583,-0.039487216621637344,0.5520992875099182,0.19955426454544067,-0.04951124265789986,0.6364198327064514,0.38097870349884033,-0.021841565147042274,0.6204360127449036,0.30646634101867676,-0.03469553589820862,0.6076470613479614,0.26216575503349304,-0.046409692615270615,0.5947338342666626,0.22266793251037598,-0.054990869015455246,0.6731758117675781,0.39660394191741943,-0.030613331124186516,0.6702203154563904,0.3370121717453003,-0.04179979860782623,0.6651439666748047,0.2994108498096466,-0.04833463206887245,0.6593658924102783,0.26313114166259766,-0.05336710065603256
HELLO,0.6601036787033081,0.5712429881095886,1.0140994533003322e-07,0.6020082831382751,0.5564678311347961,-0.01880940981209278,0.5551737546920776,0.510995626449585,-0.02875746786594391,0.5262154936790466,0.4689711034297943,-0.03833615034818649,0.49574995040893555,0.4468572437763214,-0.048155058175325394,0.5696877241134644,0.39395344257354736,-0.012576612643897533,0.5448237061500549,0.32161611318588257,-0.027755670249462128,0.5307066440582275,0.2769415080547333,-0.04267345741391182,0.5176661610603333,0.23728305101394653,-0.054335691034793854,0.601176381111145,0.3771865665912628,-0.01580759696662426,0.5779253840446472,0.2968336343765259,-0.028169821947813034,0.5632043480873108,0.2451743334531784,-0.04150279983878136,0.5493953227996826,0.2001636028289795,-0.05189879238605499,0.6352603435516357,0.3801083564758301,-0.02229083888232708,0.6188119649887085,0.30779993534088135,-0.035036150366067886,0.6054308414459229,0.26188570261001587,-0.04700998589396477,0.5917635560035706,0.22136586904525757,-0.0557171106338501,0.6719555854797363,0.396329790353775,-0.030953483656048775,0.6674063801765442,0.33740779757499695,-0.04167261719703674,0.6612839102745056,0.29966339468955994,-0.048009973019361496,0.6544502973556519,0.26374346017837524,-0.05278322100639343
HELLO,0.6601036787033081,0.5712429881095886,1.0140994533003322e-07,0.6020082831382751,0.5564678311347961,-0.01880940981209278,0.5551737546920776,0.510995626449585,-0.02875746786594391,0.5262154936790466,0.4689711034297943,-0.03833615034818649,0.49574995040893555,0.4468572437763214,-0.048155058175325394,0.5696877241134644,0.39395344257354736,-0.012576612643897533,0.5448237061500549,0.32161611318588257,-0.027755670249462128,0.5307066440582275,0.2769415080547333,-0.04267345741391182,0.5176661610603333,0.23728305101394653,-0.054335691034793854,0.601176381111145,0.3771865665912628,-0.01580759696662426,0.5779253840446472,0.2968336343765259,-0.028169821947813034,0.5632043480873108,0.2451743334531784,-0.04150279983878136,0.5493953227996826,0.2001636028289795,-0.05189879238605499,0.6352603435516357,0.3801083564758301,-0.02229083888232708,0.6188119649887085,0.30779993534088135,-0.035036150366067886,0.6054308414459229,0.26188570261001587,-0.04700998589396477,0.5917635560035706,0.22136586904525757,-0.0557171106338501,0.6719555854797363,0.396329790353775,-0.030953483656048775,0.6674063801765442,0.33740779757499695,-0.04167261719703674,0.6612839102745056,0.29966339468955994,-0.048009973019361496,0.6544502973556519,0.26374346017837524,-0.05278322100639343
HELLO,0.6601036787033081,0.5712429881095886,1.0140994533003322e-07,0.6020082831382751,0.5564678311347961,-0.01880940981209278,0.5551737546920776,0.510995626449585,-0.02875746786594391,0.5262154936790466,0.4689711034297943,-0.03833615034818649,0.49574995040893555,0.4468572437763214,-0.048155058175325394,0.5696877241134644,0.39395344257354736,-0.012576612643897533,0.5448237061500549,0.32161611318588257,-0.027755670249462128,0.5307066440582275,0.2769415080547333,-0.04267345741391182,0.5176661610603333,0.23728305101394653,-0.054335691034793854,0.601176381111145,0.3771865665912628,-0.01580759696662426,0.5779253840446472,0.2968336343765259,-0.028169821947813034,0.5632043480873108,0.2451743334531784,-0.04150279983878136,0.5493953227996826,0.2001636028289795,-0.05189879238605499,0.6352603435516357,0.3801083564758301,-0.02229083888232708,0.6188119649887085,0.30779993534088135,-0.035036150366067886,0.6054308414459229,0.26188570261001587,-0.04700998589396477,0.5917635560035706,0.22136586904525757,-0.0557171106338501,0.6719555854797363,0.396329790353775,-0.030953483656048775,0.6674063801765442,0.33740779757499695,-0.04167261719703674,0.6612839102745056,0.29966339468955994,-0.048009973019361496,0.6544502973556519,0.26374346017837524,-0.05278322100639343
HELLO,0.6592629551887512,0.5700564384460449,8.815502638981343e-08,0.6009560227394104,0.5553121566772461,-0.017837895080447197,0.5536872148513794,0.5092439651489258,-0.02684692293405533,0.524935781955719,0.46746358275413513,-0.03548244759440422,0.49360230565071106,0.4469831883907318,-0.044492337852716446,0.5686509013175964,0.392411470413208,-0.012277149595320225,0.542796790599823,0.31941643357276917,-0.026548607274889946,0.5285295844078064,0.27445289492607117,-0.04058312624692917,0.5155490636825562,0.2349487990140915,-0.05162959545850754,0.5997260808944702,0.3760918080806732,-0.015520183369517326,0.575730562210083,0.2952389419078827,-0.0272599458694458,0.5607770681381226,0.2436896115541458,-0.03976428136229515,0.5470569729804993,0.19982367753982544,-0.04954368993639946,0.6337831616401672,0.37890613079071045,-0.02187875472009182,0.6159799098968506,0.3052337169647217,-0.03424180671572685,0.602226972579956,0.259943425655365,-0.04577004164457321,0.5886261463165283,0.22085906565189362,-0.054123856127262115,0.6712031960487366,0.39410901069641113,-0.030309870839118958,0.6660158038139343,0.33450061082839966,-0.04078347235918045,0.6595654487609863,0.2967492938041687,-0.04705093801021576,0.652523398399353,0.26153481006622314,-0.051783133298158646
HELLO,0.6592629551887512,0.5700564384460449,8.815502638981343e-08,0.6009560227394104,0.5553121566772461,-0.017837895080447197,0.5536872148513794,0.5092439651489258,-0.02684692293405533,0.524935781955719,0.46746358275413513,-0.03548244759440422,0.49360230565071106,0.4469831883907318,-0.044492337852716446,0.5686509013175964,0.392411470413208,-0.012277149595320225,0.542796790599823,0.31941643357276917,-0.026548607274889946,0.5285295844078064,0.27445289492607117,-0.04058312624692917,0.5155490636825562,0.2349487990140915,-0.05162959545850754,0.5997260808944702,0.3760918080806732,-0.015520183369517326,0.575730562210083,0.2952389419078827,-0.0272599458694458,0.5607770681381226,0.2436896115541458,-0.03976428136229515,0.5470569729804993,0.19982367753982544,-0.04954368993639946,0.6337831616401672,0.37890613079071045,-0.02187875472009182,0.6159799098968506,0.3052337169647217,-0.03424180671572685,0.602226972579956,0.259943425655365,-0.04577004164457321,0.5886261463165283,0.22085906565189362,-0.054123856127262115,0.6712031960487366,0.39410901069641113,-0.030309870839118958,0.6660158038139343,0.33450061082839966,-0.04078347235918045,0.6595654487609863,0.2967492938041687,-0.04705093801021576,0.652523398399353,0.26153481006622314,-0.051783133298158646
HELLO,0.6592629551887512,0.5700564384460449,8.815502638981343e-08,0.6009560227394104,0.5553121566772461,-0.017837895080447197,0.5536872148513794,0.5092439651489258,-0.02684692293405533,0.524935781955719,0.46746358275413513,-0.03548244759440422,0.49360230565071106,0.4469831883907318,-0.044492337852716446,0.5686509013175964,0.392411470413208,-0.012277149595320225,0.542796790599823,0.31941643357276917,-0.026548607274889946,0.5285295844078064,0.27445289492607117,-0.04058312624692917,0.5155490636825562,0.2349487990140915,-0.05162959545850754,0.5997260808944702,0.3760918080806732,-0.015520183369517326,0.575730562210083,0.2952389419078827,-0.0272599458694458,0.5607770681381226,0.2436896115541458,-0.03976428136229515,0.5470569729804993,0.19982367753982544,-0.04954368993639946,0.6337831616401672,0.37890613079071045,-0.02187875472009182,0.6159799098968506,0.3052337169647217,-0.03424180671572685,0.602226972579956,0.259943425655365,-0.04577004164457321,0.5886261463165283,0.22085906565189362,-0.054123856127262115,0.6712031960487366,0.39410901069641113,-0.030309870839118958,0.6660158038139343,0.33450061082839966,-0.04078347235918045,0.6595654487609863,0.2967492938041687,-0.04705093801021576,0.652523398399353,0.26153481006622314,-0.051783133298158646
HELLO,0.6582662463188171,0.5670123100280762,1.1203511718349546e-07,0.5995556116104126,0.5528860092163086,-0.017986901104450226,0.5536035895347595,0.5084151029586792,-0.02784014120697975,0.5253739356994629,0.4671785831451416,-0.0374615453183651,0.4945787489414215,0.447767972946167,-0.047663815319538116,0.5670915842056274,0.3925397992134094,-0.013806983828544617,0.5417118668556213,0.31887221336364746,-0.028750812634825706,0.527407169342041,0.2739005386829376,-0.043184321373701096,0.513766348361969,0.23443593084812164,-0.05439716577529907,0.5989296436309814,0.3761746287345886,-0.017249053344130516,0.5761512517929077,0.29536348581314087,-0.029597444459795952,0.5606975555419922,0.24370332062244415,-0.0430937223136425,0.5455973148345947,0.1993137151002884,-0.0535736046731472,0.633567214012146,0.3789145052433014,-0.023620126768946648,0.6172610521316528,0.3050473928451538,-0.03611156344413757,0.6036714315414429,0.2592277526855469,-0.048480719327926636,0.5895460844039917,0.2199258655309677,-0.057430416345596313,0.6706990003585815,0.39415255188941956,-0.031970612704753876,0.6660588979721069,0.33459392189979553,-0.042328864336013794,0.65994793176651,0.29635632038116455,-0.04882058501243591,0.6530153751373291,0.26078692078590393,-0.05371403694152832
HELLO,0.6582662463188171,0.5670123100280762,1.1203511718349546e-07,0.5995556116104126,0.5528860092163086,-0.017986901104450226,0.5536035895347595,0.5084151029586792,-0.02784014120697975,0.5253739356994629,0.4671785831451416,-0.0374615453183651,0.4945787489414215,0.447767972946167,-0.047663815319538116,0.5670915842056274,0.3925397992134094,-0.013806983828544617,0.5417118668556213,0.31887221336364746,-0.028750812634825706,0.527407169342041,0.2739005386829376,-0.043184321373701096,0.513766348361969,0.23443593084812164,-0.05439716577529907,0.5989296436309814,0.3761746287345886,-0.017249053344130516,0.5761512517929077,0.29536348581314087,-0.029597444459795952,0.5606975555419922,0.24370332062244415,-0.0430937223136425,0.5455973148345947,0.1993137151002884,-0.0535736046731472,0.633567214012146,0.3789145052433014,-0.023620126768946648,0.6172610521316528,0.3050473928451538,-0.03611156344413757,0.6036714315414429,0.2592277526855469,-0.048480719327926636,0.5895460844039917,0.2199258655309677,-0.057430416345596313,0.6706990003585815,0.39415255188941956,-0.031970612704753876,0.6660588979721069,0.33459392189979553,-0.042328864336013794,0.65994793176651,0.29635632038116455,-0.04882058501243591,0.6530153751373291,0.26078692078590393,-0.05371403694152832
HELLO,0.6582662463188171,0.5670123100280762,1.1203511718349546e-07,0.5995556116104126,0.5528860092163086,-0.017986901104450226,0.5536035895347595,0.5084151029586792,-0.02784014120697975,0.5253739356994629,0.4671785831451416,-0.0374615453183651,0.4945787489414215,0.447767972946167,-0.047663815319538116,0.5670915842056274,0.3925397992134094,-0.013806983828544617,0.5417118668556213,0.31887221336364746,-0.028750812634825706,0.527407169342041,0.2739005386829376,-0.043184321373701096,0.513766348361969,0.23443593084812164,-0.05439716577529907,0.5989296436309814,0.3761746287345886,-0.017249053344130516,0.5761512517929077,0.29536348581314087,-0.029597444459795952,0.5606975555419922,0.24370332062244415,-0.0430937223136425,0.5455973148345947,0.1993137151002884,-0.0535736046731472,0.633567214012146,0.3789145052433014,-0.023620126768946648,0.6172610521316528,0.3050473928451538,-0.03611156344413757,0.6036714315414429,0.2592277526855469,-0.048480719327926636,0.5895460844039917,0.2199258655309677,-0.057430416345596313,0.6706990003585815,0.39415255188941956,-0.031970612704753876,0.6660588979721069,0.33459392189979553,-0.042328864336013794,0.65994793176651,0.29635632038116455,-0.04882058501243591,0.6530153751373291,0.26078692078590393,-0.05371403694152832
HELLO,0.6599642038345337,0.566685140132904,1.2027648210732877e-07,0.5998959541320801,0.5530032515525818,-0.018800513818860054,0.5534525513648987,0.5090791583061218,-0.02994995191693306,0.525732696056366,0.46674755215644836,-0.04081016033887863,0.4943445324897766,0.4457762539386749,-0.052309200167655945,0.5678621530532837,0.3927696645259857,-0.016253910958766937,0.5425562858581543,0.3181595504283905,-0.031970150768756866,0.5279676914215088,0.2727797031402588,-0.047053463757038116,0.514125645160675,0.232537642121315,-0.058777131140232086,0.5995317697525024,0.3769259750843048,-0.01977023109793663,0.5762907862663269,0.296738862991333,-0.03289589285850525,0.5609555244445801,0.24484597146511078,-0.04717092216014862,0.5459679961204529,0.1999524086713791,-0.05840389430522919,0.6339442729949951,0.37944093346595764,-0.02617942914366722,0.6171336770057678,0.3055328130722046,-0.03913512080907822,0.604011595249176,0.2589455246925354,-0.05225193500518799,0.5900493264198303,0.21973925828933716,-0.06190388649702072,0.6709426641464233,0.3940197825431824,-0.03462987020611763,0.6658558249473572,0.3331439793109894,-0.045348700135946274,0.659881591796875,0.2940494120121002,-0.05247732996940613,0.6530597805976868,0.2583063244819641,-0.05798588693141937
HELLO,0.6599642038345337,0.566685140132904,1.2027648210732877e-07,0.5998959541320801,0.5530032515525818,-0.018800513818860054,0.5534525513648987,0.5090791583061218,-0.02994995191693306,0.525732696056366,0.46674755215644836,-0.04081016033887863,0.4943445324897766,0.4457762539386749,-0.052309200167655945,0.5678621530532837,0.3927696645259857,-0.016253910958766937,0.5425562858581543,0.3181595504283905,-0.031970150768756866,0.5279676914215088,0.2727797031402588,-0.047053463757038116,0.514125645160675,0.232537642121315,-0.058777131140232086,0.5995317697525024,0.3769259750843048,-0.01977023109793663,0.5762907862663269,0.296738862991333,-0.03289589285850525,0.5609555244445801,0.24484597146511078,-0.04717092216014862,0.5459679961204529,0.1999524086713791,-0.05840389430522919,0.6339442729949951,0.37944093346595764,-0.02617942914366722,0.6171336770057678,0.3055328130722046,-0.03913512080907822,0.604011595249176,0.2589455246925354,-0.05225193500518799,0.5900493264198303,0.21973925828933716,-0.06190388649702072,0.6709426641464233,0.3940197825431824,-0.03462987020611763,0.6658558249473572,0.3331439793109894,-0.045348700135946274,0.659881591796875,0.2940494120121002,-0.05247732996940613,0.6530597805976868,0.2583063244819641,-0.05798588693141937
HELLO,0.6599642038345337,0.566685140132904,1.2027648210732877e-07,0.5998959541320801,0.5530032515525818,-0.018800513818860054,0.5534525513648987,0.5090791583061218,-0.02994995191693306,0.525732696056366,0.46674755215644836,-0.04081016033887863,0.4943445324897766,0.4457762539386749,-0.052309200167655945,0.5678621530532837,0.3927696645259857,-0.016253910958766937,0.5425562858581543,0.3181595504283905,-0.031970150768756866,0.5279676914215088,0.2727797031402588,-0.047053463757038116,0.514125645160675,0.232537642121315,-0.058777131140232086,0.5995317697525024,0.3769259750843048,-0.01977023109793663,0.5762907862663269,0.296738862991333,-0.03289589285850525,0.5609555244445801,0.24484597146511078,-0.04717092216014862,0.5459679961204529,0.1999524086713791,-0.05840389430522919,0.6339442729949951,0.37944093346595764,-0.02617942914366722,0.6171336770057678,0.3055328130722046,-0.03913512080907822,0.604011595249176,0.2589455246925354,-0.05225193500518799,0.5900493264198303,0.21973925828933716,-0.06190388649702072,0.6709426641464233,0.3940197825431824,-0.03462987020611763,0.6658558249473572,0.3331439793109894,-0.045348700135946274,0.659881591796875,0.2940494120121002,-0.05247732996940613,0.6530597805976868,0.2583063244819641,-0.05798588693141937
HELLO,0.6602031588554382,0.5693782567977905,1.0895752211581566e-07,0.6016673445701599,0.5545079708099365,-0.018796022981405258,0.5550140142440796,0.5089234113693237,-0.028576212003827095,0.5260173082351685,0.4667184054851532,-0.038006167858839035,0.4944879412651062,0.44665879011154175,-0.047862451523542404,0.5687460899353027,0.3922351896762848,-0.012805050238966942,0.5428586006164551,0.31819677352905273,-0.027764946222305298,0.5285233855247498,0.2725154757499695,-0.042510952800512314,0.5154786109924316,0.23246100544929504,-0.05394132807850838,0.6007656455039978,0.3757062256336212,-0.015776952728629112,0.5777149200439453,0.29510965943336487,-0.027989594265818596,0.5628643035888672,0.24283064901828766,-0.041399311274290085,0.548959493637085,0.19774258136749268,-0.051881831139326096,0.6351866126060486,0.37816300988197327,-0.02196069061756134,0.6187087297439575,0.30450934171676636,-0.03419426456093788,0.6054015159606934,0.25906383991241455,-0.046236757189035416,0.5918798446655273,0.2199847251176834,-0.055004216730594635,0.672309398651123,0.3932335376739502,-0.03033742867410183,0.6669438481330872,0.33289098739624023,-0.04054521769285202,0.6605479717254639,0.29469427466392517,-0.04697351157665253,0.6536916494369507,0.2588638961315155,-0.051846425980329514
HELLO,0.6602031588554382,0.5693782567977905,1.0895752211581566e-07,0.6016673445701599,0.5545079708099365,-0.018796022981405258,0.5550140142440796,0.5089234113693237,-0.028576212003827095,0.5260173082351685,0.4667184054851532,-0.038006167858839035,0.4944879412651062,0.44665879011154175,-0.047862451523542404,0.5687460899353027,0.3922351896762848,-0.012805050238966942,0.5428586006164551,0.31819677352905273,-0.027764946222305298,0.5285233855247498,0.2725154757499695,-0.042510952800512314,0.5154786109924316,0.23246100544929504,-0.05394132807850838,0.6007656455039978,0.3757062256336212,-0.015776952728629112,0.5777149200439453,0.29510965943336487,-0.027989594265818596,0.5628643035888672,0.24283064901828766,-0.041399311274290085,0.548959493637085,0.19774258136749268,-0.051881831139326096,0.6351866126060486,0.37816300988197327,-0.02196069061756134,0.6187087297439575,0.30450934171676636,-0.03419426456093788,0.6054015159606934,0.25906383991241455,-0.046236757189035416,0.5918798446655273,0.2199847251176834,-0.055004216730594635,0.672309398651123,0.3932335376739502,-0.03033742867410183,0.6669438481330872,0.33289098739624023,-0.04054521769285202,0.6605479717254639,0.29469427466392517,-0.04697351157665253,0.6536916494369507,0.2588638961315155,-0.051846425980329514
HELLO,0.660514235496521,0.5699040293693542,1.0708367170764177e-07,0.6013662815093994,0.5543048977851868,-0.017725400626659393,0.5547059178352356,0.5076690912246704,-0.026794428005814552,0.526854395866394,0.4658350944519043,-0.03531629219651222,0.4959228038787842,0.44581282138824463,-0.04422033578157425,0.5697901248931885,0.39067792892456055,-0.012180344201624393,0.5451680421829224,0.3178193271160126,-0.026114389300346375,0.5314769744873047,0.27221789956092834,-0.040177296847105026,0.5191691517829895,0.2325403392314911,-0.05141059309244156,0.6016790866851807,0.37441250681877136,-0.015577929094433784,0.5789746642112732,0.2943575978279114,-0.026712099090218544,0.5645466446876526,0.24332138895988464,-0.03908426687121391,0.5506311655044556,0.19985973834991455,-0.048938311636447906,0.6361884474754333,0.3774130642414093,-0.022056620568037033,0.6193367838859558,0.3024608790874481,-0.03392229229211807,0.6062291264533997,0.2567194402217865,-0.04539070650935173,0.5927729606628418,0.21725301444530487,-0.053920499980449677,0.673334538936615,0.3933459520339966,-0.030574165284633636,0.6685737371444702,0.3339087665081024,-0.04121886193752289,0.6623790264129639,0.29565033316612244,-0.0477050356566906,0.6557472348213196,0.2593676745891571,-0.05261137709021568
HELLO,0.660514235496521,0.5699040293693542,1.0708367170764177e-07,0.6013662815093994,0.5543048977851868,-0.017725400626659393,0.5547059178352356,0.5076690912246704,-0.026794428005814552,0.526854395866394,0.4658350944519043,-0.03531629219651222,0.4959228038787842,0.44581282138824463,-0.04422033578157425,0.5697901248931885,0.39067792892456055,-0.012180344201624393,0.5451680421829224,0.3178193271160126,-0.026114389300346375,0.5314769744873047,0.27221789956092834,-0.040177296847105026,0.5191691517829895,0.2325403392314911,-0.05141059309244156,0.6016790866851807,0.37441250681877136,-0.015577929094433784,0.5789746642112732,0.2943575978279114,-0.026712099090218544,0.5645466446876526,0.24332138895988464,-0.03908426687121391,0.5506311655044556,0.19985973834991455,-0.048938311636447906,0.6361884474754333,0.3774130642414093,-0.022056620568037033,0.6193367838859558,0.3024608790874481,-0.03392229229211807,0.6062291264533997,0.2567194402217865,-0.04539070650935173,0.5927729606628418,0.21725301444530487,-0.053920499980449677,0.673334538936615,0.3933459520339966,-0.030574165284633636,0.6685737371444702,0.3339087665081024,-0.04121886193752289,0.6623790264129639,0.29565033316612244,-0.0477050356566906,0.6557472348213196,0.2593676745891571,-0.05261137709021568
HELLO,0.6639099717140198,0.5743182897567749,4.888990190465847e-08,0.6044787168502808,0.5583246946334839,-0.017038390040397644,0.5569174289703369,0.5112782716751099,-0.02500348538160324,0.5278656482696533,0.4674186110496521,-0.03310960531234741,0.4971925914287567,0.4465455412864685,-0.04169684275984764,0.5735672116279602,0.3932180106639862,-0.009042507037520409,0.5476775169372559,0.3196432888507843,-0.022910267114639282,0.532934308052063,0.2741296589374542,-0.03722032532095909,0.5202158093452454,0.2334248572587967,-0.0485665537416935,0.6045894622802734,0.37603527307510376,-0.012650813907384872,0.5816675424575806,0.2924627959728241,-0.02349844202399254,0.5666324496269226,0.24150533974170685,-0.03541238605976105,0.5536065697669983,0.19850492477416992,-0.045037999749183655,0.6385292410850525,0.3785587549209595,-0.019510045647621155,0.6224064826965332,0.30195850133895874,-0.03073640540242195,0.6096543073654175,0.25792980194091797,-0.0406801663339138,0.5970569849014282,0.21990960836410522,-0.04820770025253296,0.6753794550895691,0.3944011628627777,-0.02869960479438305,0.6716420650482178,0.33262899518013,-0.03783164918422699,0.6660135984420776,0.2946467995643616,-0.04270562529563904,0.6597808599472046,0.25897687673568726,-0.04666677117347717
