label,x0,y0,z0,x1,y1,z1,x2,y2,z2,x3,y3,z3,x4,y4,z4,x5,y5,z5,x6,y6,z6,x7,y7,z7,x8,y8,z8,x9,y9,z9,x10,y10,z10,x11,y11,z11,x12,y12,z12,x13,y13,z13,x14,y14,z14,x15,y15,z15,x16,y16,z16,x17,y17,z17,x18,y18,z18,x19,y19,z19,x20,y20,z20
NO,0.8388426899909973,0.6050098538398743,6.017032205818396e-08,0.7770400643348694,0.5455794334411621,-0.036685410887002945,0.7440338730812073,0.45867079496383667,-0.044838692992925644,0.7502052187919617,0.36976268887519836,-0.05171569064259529,0.7483184337615967,0.31334879994392395,-0.055476654320955276,0.6870669722557068,0.3909924626350403,0.004014746751636267,0.6550202965736389,0.32655349373817444,-0.033713486045598984,0.6768026351928711,0.2962329685688019,-0.06207893043756485,0.7073259353637695,0.2937866747379303,-0.07486265897750854,0.7423055768013,0.3590788245201111,0.00804112944751978,0.717277467250824,0.254679411649704,-0.037151336669921875,0.7260427474975586,0.24462296068668365,-0.06161098927259445,0.7319210171699524,0.2616279125213623,-0.06548339128494263,0.8016315698623657,0.34756168723106384,0.0037461163010448217,0.8011978268623352,0.2816883623600006,-0.056862231343984604,0.8118448257446289,0.3645890951156616,-0.06971649080514908,0.8154844641685486,0.44645729660987854,-0.057086579501628876,0.8583813309669495,0.3518203794956207,-0.0029215675313025713,0.850623607635498,0.29024049639701843,-0.05157295614480972,0.8481358289718628,0.34993776679039,-0.05814101919531822,0.8448666334152222,0.41466787457466125,-0.0487024262547493
NO,0.8002574443817139,0.6272798776626587,1.2560240847392379e-08,0.7424572110176086,0.5791414976119995,-0.04024447873234749,0.6982308626174927,0.5106255412101746,-0.0591869093477726,0.688075065612793,0.42869681119918823,-0.07709160447120667,0.6789158582687378,0.3591732978820801,-0.09054911881685257,0.6365227103233337,0.41150033473968506,-0.011707920581102371,0.5875580310821533,0.34711381793022156,-0.05417143180966377,0.60188889503479,0.32101303339004517,-0.08053901046514511,0.6280873417854309,0.332063227891922,-0.09004345536231995,0.6875619888305664,0.376080721616745,-0.008092747069895267,0.6502012014389038,0.28654003143310547,-0.050341393798589706,0.6589194536209106,0.28500714898109436,-0.06802614778280258,0.6664618253707886,0.3058142066001892,-0.06868019700050354,0.7446280717849731,0.3618721067905426,-0.012746994383633137,0.7346101403236389,0.3032732307910919,-0.06707870960235596,0.7484864592552185,0.38602256774902344,-0.06955096125602722,0.7575359344482422,0.461718887090683,-0.05294619873166084,0.8032641410827637,0.36662057042121887,-0.020515238866209984,0.792017936706543,0.311779260635376,-0.06292960792779922,0.7932898998260498,0.36931470036506653,-0.06246760115027428,0.7937904596328735,0.4297330975532532,-0.049092527478933334
NO,0.7623446583747864,0.6368440985679626,-1.8487899922092765e-07,0.7013034224510193,0.5922672748565674,-0.046346064656972885,0.6534592509269714,0.5214335322380066,-0.07279308885335922,0.6286277770996094,0.43642154335975647,-0.09846290200948715,0.5962789058685303,0.3782065510749817,-0.11991589516401291,0.6193752884864807,0.40745916962623596,-0.0166169460862875,0.5748105049133301,0.3220668137073517,-0.06006154417991638,0.5774033665657043,0.31884220242500305,-0.08588225394487381,0.5906311273574829,0.3456684350967407,-0.09538409858942032,0.6690759062767029,0.3831790089607239,-0.010463051497936249,0.6566377878189087,0.30869728326797485,-0.06792496144771576,0.6781206130981445,0.3939571976661682,-0.09061375260353088,0.6910627484321594,0.4774087965488434,-0.08884493261575699,0.7196515798568726,0.3715011775493622,-0.012505654245615005,0.7080321311950684,0.31733012199401855,-0.07146987318992615,0.7165459990501404,0.405712753534317,-0.07956564426422119,0.7248548269271851,0.4856031537055969,-0.06571226567029953,0.7695786356925964,0.36819779872894287,-0.017660025507211685,0.7576678395271301,0.31467166543006897,-0.057623762637376785,0.7552099227905273,0.3672572076320648,-0.06046520173549652,0.7563209533691406,0.4264206290245056,-0.050130803138017654
NO,0.7498512864112854,0.6269000768661499,-1.2202724519738695e-07,0.6969927549362183,0.586624264717102,-0.04717499017715454,0.6492066979408264,0.529010534286499,-0.07161253690719604,0.6276419162750244,0.45249176025390625,-0.0951075330376625,0.6017532348632812,0.3863222002983093,-0.11566709727048874,0.6031943559646606,0.41715359687805176,-0.011001050472259521,0.5553377270698547,0.35339435935020447,-0.04960770532488823,0.5437574982643127,0.33407631516456604,-0.07587546110153198,0.5484128594398499,0.3436216115951538,-0.0875871330499649,0.6506782174110413,0.38630804419517517,-0.005066493526101112,0.6107468605041504,0.29749226570129395,-0.043835386633872986,0.6048902273178101,0.3088212013244629,-0.06273342669010162,0.6044763922691345,0.3360157012939453,-0.06644199043512344,0.704193651676178,0.3748469948768616,-0.008358610793948174,0.6849631667137146,0.31510165333747864,-0.060971759259700775,0.692584216594696,0.38998451828956604,-0.07169120758771896,0.703458309173584,0.46673405170440674,-0.06341471523046494,0.7607934474945068,0.3750776946544647,-0.015280140563845634,0.7424426674842834,0.3176251947879791,-0.05806926637887955,0.7380384802818298,0.3716745376586914,-0.06470181792974472,0.7392074465751648,0.4341399073600769,-0.058855459094047546
NO,0.7568495869636536,0.619478166103363,-6.023188348081021e-08,0.7010211944580078,0.5802146792411804,-0.037909843027591705,0.6555425524711609,0.518314003944397,-0.05584205687046051,0.6354935765266418,0.44330283999443054,-0.07372007519006729,0.6101271510124207,0.38430044054985046,-0.08825385570526123,0.6015244722366333,0.4161955416202545,-0.005072006490081549,0.5604299306869507,0.35352620482444763,-0.041782304644584656,0.5591655969619751,0.3291091322898865,-0.06623591482639313,0.5722424387931824,0.33533811569213867,-0.07672394812107086,0.6504217982292175,0.38254350423812866,-0.0029955869540572166,0.6128737926483154,0.2977176308631897,-0.040013451129198074,0.6123045682907104,0.2980062961578369,-0.05631902813911438,0.6152374148368835,0.3159620761871338,-0.05810299888253212,0.7058424353599548,0.36898931860923767,-0.009363153949379921,0.692420482635498,0.3105244040489197,-0.061460744589567184,0.7023634910583496,0.38733887672424316,-0.06707072257995605,0.7118622064590454,0.4634856879711151,-0.0544896200299263,0.7641699314117432,0.3712882995605469,-0.01879713498055935,0.7481361031532288,0.32275912165641785,-0.0637771338224411,0.7468274235725403,0.3782763183116913,-0.06840378046035767,0.7485165596008301,0.43931978940963745,-0.059621550142765045
NO,0.7628860473632812,0.6157528758049011,-6.882828529342078e-08,0.708966851234436,0.570361852645874,-0.0374569408595562,0.6680964231491089,0.5090502500534058,-0.056775566190481186,0.6486350893974304,0.42788025736808777,-0.07650008797645569,0.6198523640632629,0.36965012550354004,-0.09280628710985184,0.6186055541038513,0.4081442058086395,-0.003257647156715393,0.5830665826797485,0.3392368257045746,-0.0366060808300972,0.5815077424049377,0.3203504979610443,-0.05779547244310379,0.5923059582710266,0.3310803771018982,-0.06640272587537766,0.6684709191322327,0.37869197130203247,-0.00024093312094919384,0.6364700794219971,0.2906038165092468,-0.03439875692129135,0.6389442682266235,0.30267179012298584,-0.04850396513938904,0.6435378789901733,0.32857146859169006,-0.0492180772125721,0.7218974232673645,0.36811771988868713,-0.005387626122683287,0.7108967900276184,0.31000640988349915,-0.05330037698149681,0.7178833484649658,0.385804682970047,-0.057230960577726364,0.7258051633834839,0.4610464870929718,-0.04468599334359169,0.7787925004959106,0.37121453881263733,-0.01360006257891655,0.7649269700050354,0.31868189573287964,-0.05176398158073425,0.7624576091766357,0.3728305995464325,-0.05365719646215439,0.763558030128479,0.43347400426864624,-0.04442144185304642
NO,0.7357158660888672,0.6289854049682617,-2.255464579548061e-07,0.6875112652778625,0.5838357210159302,-0.03800870478153229,0.6432693600654602,0.5189197659492493,-0.0553896389901638,0.6227102875709534,0.4436241388320923,-0.07181696593761444,0.6010156273841858,0.3930538594722748,-0.0851171687245369,0.6053683161735535,0.41589486598968506,-0.00644309027120471,0.5665756464004517,0.35978400707244873,-0.04065569490194321,0.5617380142211914,0.3475845456123352,-0.06488804519176483,0.5681279301643372,0.36176931858062744,-0.0758301392197609,0.6496582627296448,0.3895924687385559,-0.0026517154183238745,0.6150797009468079,0.30340462923049927,-0.03597133606672287,0.610916793346405,0.31707102060317993,-0.05096188932657242,0.6096580028533936,0.3481619358062744,-0.05295978859066963,0.6979907155036926,0.38316580653190613,-0.006937562022358179,0.6865561604499817,0.332173228263855,-0.052992936223745346,0.6928669810295105,0.3986750841140747,-0.06160024181008339,0.6979923248291016,0.46062320470809937,-0.053791698068380356,0.7481839060783386,0.38996586203575134,-0.014013909734785557,0.7376897931098938,0.33791273832321167,-0.04998369142413139,0.7332795858383179,0.3902927041053772,-0.05384562909603119,0.7315691113471985,0.4429630637168884,-0.04773969203233719
NO,0.7506589889526367,0.6312706470489502,-1.0430451169440857e-07,0.6975558996200562,0.5860903859138489,-0.037463195621967316,0.6566887497901917,0.5287516713142395,-0.053548481315374374,0.6406280994415283,0.4488932192325592,-0.06755044311285019,0.6315464973449707,0.3812485337257385,-0.07592485845088959,0.6070361137390137,0.41472819447517395,-0.009959210641682148,0.5663996338844299,0.35121604800224304,-0.039397019892930984,0.576626181602478,0.3343122601509094,-0.05236169323325157,0.5963463187217712,0.3526986241340637,-0.05473128333687782,0.6602728962898254,0.38659676909446716,-0.003841991303488612,0.6198319792747498,0.2998698353767395,-0.03343537449836731,0.6296837329864502,0.30922433733940125,-0.04019962251186371,0.6385408639907837,0.3286774158477783,-0.03635234385728836,0.7148013710975647,0.37645959854125977,-0.0054230596870183945,0.703683614730835,0.32657966017723083,-0.04930392652750015,0.7150288820266724,0.4064350128173828,-0.04769904911518097,0.7212568521499634,0.47854411602020264,-0.0322631374001503,0.7724605798721313,0.3802337348461151,-0.010096169076859951,0.7592834830284119,0.3276529312133789,-0.0502476692199707,0.7599324584007263,0.38654184341430664,-0.05290417745709419,0.7583422660827637,0.4454384744167328,-0.0436222106218338
NO,0.7580664753913879,0.63289475440979,-3.806471582379345e-08,0.7053672075271606,0.5838816165924072,-0.03651163727045059,0.6664085388183594,0.5226396918296814,-0.05663256347179413,0.6487540006637573,0.4414980113506317,-0.07796211540699005,0.6194338798522949,0.3858550488948822,-0.0958971157670021,0.6159182786941528,0.4183552861213684,-0.003563236678019166,0.5802586078643799,0.34257546067237854,-0.03633498400449753,0.5826057195663452,0.3249201476573944,-0.05524047091603279,0.5963782668113708,0.3395644724369049,-0.06181931495666504,0.6667905449867249,0.39098480343818665,-0.00105957908090204,0.6363123059272766,0.3008894622325897,-0.034531112760305405,0.6394991278648376,0.3081691265106201,-0.047329388558864594,0.6440661549568176,0.3310258090496063,-0.04739253222942352,0.7205772995948792,0.38184037804603577,-0.006900419481098652,0.7111880779266357,0.3219722509384155,-0.053719017654657364,0.7177222967147827,0.3986421525478363,-0.05828830227255821,0.7246431112289429,0.4749050736427307,-0.04650728777050972,0.7768576741218567,0.3847253918647766,-0.015810152515769005,0.764030396938324,0.32967615127563477,-0.05287635698914528,0.7610570192337036,0.38304999470710754,-0.05577382072806358,0.7623915076255798,0.4436430037021637,-0.047686655074357986
NO,0.7567947506904602,0.6331808567047119,-6.73088393909893e-08,0.7035107612609863,0.584283709526062,-0.03656928986310959,0.6661154627799988,0.5206034779548645,-0.055722277611494064,0.6525835394859314,0.43835189938545227,-0.0754772275686264,0.6260340213775635,0.3820505142211914,-0.09226948767900467,0.6144116520881653,0.42038410902023315,-0.0036050050985068083,0.5743257999420166,0.3476197421550751,-0.035803038626909256,0.580044150352478,0.3317950367927551,-0.05466046929359436,0.5975430011749268,0.34113624691963196,-0.06170732155442238,0.6663680076599121,0.3939925730228424,-3.670581281767227e-05,0.6399378180503845,0.30648118257522583,-0.03653712570667267,0.6476141810417175,0.3315587341785431,-0.05086654797196388,0.6551969647407532,0.3635829985141754,-0.050629835575819016,0.7201629877090454,0.3854003846645355,-0.00425288500264287,0.7107599377632141,0.32209768891334534,-0.05338137224316597,0.7156336903572083,0.39945149421691895,-0.05974883958697319,0.7225427627563477,0.47589659690856934,-0.04825403168797493,0.775077223777771,0.388838529586792,-0.011071878485381603,0.7641279697418213,0.33158621191978455,-0.04959910735487938,0.7598255276679993,0.38207557797431946,-0.05379327014088631,0.7604147791862488,0.4421177804470062,-0.04619421437382698
NO,0.7497334480285645,0.6290878653526306,-8.161839559761574e-08,0.6976425647735596,0.5864695310592651,-0.03355449065566063,0.65697181224823,0.5326254963874817,-0.04679069295525551,0.6420873403549194,0.4550780653953552,-0.059301890432834625,0.6292290687561035,0.39147627353668213,-0.06732865422964096,0.605194091796875,0.41924530267715454,-0.002177925081923604,0.5642189979553223,0.3479575514793396,-0.0320623442530632,0.5742324590682983,0.3296099901199341,-0.047878414392471313,0.5944856405258179,0.34843429923057556,-0.05140428990125656,0.6579108238220215,0.38922399282455444,0.0015184228541329503,0.6207736730575562,0.29086318612098694,-0.02803877927362919,0.6282852292060852,0.2975013256072998,-0.03714241087436676,0.635094165802002,0.32097965478897095,-0.0333140604197979,0.713110089302063,0.37800830602645874,-0.0023752914275974035,0.7041836977005005,0.32578855752944946,-0.04748113080859184,0.7123650908470154,0.4027263820171356,-0.0495794415473938,0.7167684435844421,0.4719122648239136,-0.03489372879266739,0.7700629234313965,0.3815515339374542,-0.008644357323646545,0.7593532800674438,0.3274754285812378,-0.04657813906669617,0.7579323053359985,0.38240107893943787,-0.04741201549768448,0.7548968195915222,0.43949928879737854,-0.03631383180618286
NO,0.7421454191207886,0.6328389048576355,-1.3369107421112858e-07,0.6960817575454712,0.5913500785827637,-0.04396688938140869,0.6542212963104248,0.5455410480499268,-0.06586667895317078,0.6362900137901306,0.47538572549819946,-0.08542405068874359,0.6256402730941772,0.4078860580921173,-0.10017633438110352,0.6000982522964478,0.42144906520843506,-0.018295718356966972,0.5562326312065125,0.35816019773483276,-0.05724654346704483,0.5622037649154663,0.3405209183692932,-0.08016403764486313,0.5791581273078918,0.36104080080986023,-0.08809950202703476,0.6505244374275208,0.39241600036621094,-0.012917166575789452,0.610605776309967,0.2872075140476227,-0.05226636305451393,0.6211121082305908,0.30510497093200684,-0.06658227741718292,0.6297200918197632,0.3474401831626892,-0.06542153656482697,0.7048271298408508,0.38287055492401123,-0.015866054221987724,0.6943277716636658,0.33133170008659363,-0.06827273219823837,0.7059652209281921,0.4047587215900421,-0.07563752681016922,0.711574912071228,0.47377073764801025,-0.06437123566865921,0.7628554701805115,0.3876425325870514,-0.02179206721484661,0.7499883770942688,0.3340017795562744,-0.06430751085281372,0.7502244114875793,0.39123693108558655,-0.06905390322208405,0.7474184632301331,0.44933369755744934,-0.06132093444466591
NO,0.7383853793144226,0.6318237781524658,-1.5350565263361204e-07,0.6898178458213806,0.5919265747070312,-0.04529982805252075,0.648368239402771,0.5485333800315857,-0.06568171083927155,0.6284235119819641,0.479345440864563,-0.08283653855323792,0.616661012172699,0.4145447015762329,-0.09395007789134979,0.5932849645614624,0.42370039224624634,-0.017324024811387062,0.5543874502182007,0.35512906312942505,-0.05012938007712364,0.5572793483734131,0.340148001909256,-0.06672374159097672,0.5697482228279114,0.3689888119697571,-0.07125002145767212,0.6465321779251099,0.3959132134914398,-0.009070944041013718,0.6079441905021667,0.2937787175178528,-0.04456913843750954,0.6167066097259521,0.31436169147491455,-0.05817767605185509,0.6242088079452515,0.35576319694519043,-0.05797766521573067,0.7007641196250916,0.3865668773651123,-0.008901948109269142,0.6866332292556763,0.33801424503326416,-0.05541099235415459,0.6974964737892151,0.4078742563724518,-0.06189170479774475,0.7040058970451355,0.47488653659820557,-0.05229669809341431,0.7596874833106995,0.3904038667678833,-0.0119416369125247,0.7442231178283691,0.33617860078811646,-0.05045704543590546,0.7436038255691528,0.3899621069431305,-0.05648818612098694,0.740881621837616,0.446601927280426,-0.05127675086259842
NO,0.7411092519760132,0.6381748914718628,-1.4215228816283343e-07,0.6906362175941467,0.5941064953804016,-0.04298439249396324,0.6463563442230225,0.5434415340423584,-0.06462649255990982,0.6264488101005554,0.4715076982975006,-0.08492058515548706,0.6103512048721313,0.4042114317417145,-0.10059267282485962,0.5939491391181946,0.424450546503067,-0.016903741285204887,0.551193118095398,0.34938156604766846,-0.055915553122758865,0.5547841191291809,0.33786144852638245,-0.07796670496463776,0.5700673460960388,0.3714725375175476,-0.08451851457357407,0.6437512040138245,0.39705076813697815,-0.011217856779694557,0.6063936948776245,0.2948288917541504,-0.05121896043419838,0.6135193705558777,0.31073328852653503,-0.0671435296535492,0.6208645105361938,0.35402581095695496,-0.06736210733652115,0.6983547210693359,0.38766229152679443,-0.013880318962037563,0.6845362186431885,0.33524832129478455,-0.06457812339067459,0.6955565214157104,0.407518208026886,-0.07366842776536942,0.703437089920044,0.48031678795814514,-0.06437618285417557,0.7555361986160278,0.39158162474632263,-0.01959342509508133,0.7417200803756714,0.333718478679657,-0.060736507177352905,0.7404676079750061,0.3872358500957489,-0.06673257052898407,0.7398148775100708,0.44801047444343567,-0.0604776106774807
NO,0.740277886390686,0.6395349502563477,-1.4540430015586026e-07,0.6898145079612732,0.5983991622924805,-0.046584032475948334,0.6462010145187378,0.5484429597854614,-0.07088262587785721,0.6254748702049255,0.4763546884059906,-0.09284989535808563,0.6069329977035522,0.4105224311351776,-0.109706811606884,0.5884863138198853,0.42389145493507385,-0.021480588242411613,0.5468747019767761,0.34665361046791077,-0.05846787244081497,0.5526602864265442,0.34031885862350464,-0.07800298929214478,0.5689546465873718,0.3785657286643982,-0.08366628736257553,0.6398680806159973,0.39584070444107056,-0.014424720779061317,0.601709246635437,0.29487156867980957,-0.05136489123106003,0.6106632351875305,0.32123881578445435,-0.06611303240060806,0.6182541251182556,0.36424344778060913,-0.06681407988071442,0.6949911117553711,0.38590919971466064,-0.01553252711892128,0.6827443242073059,0.33565554022789,-0.06460455805063248,0.6942263245582581,0.4091236889362335,-0.07412487268447876,0.7014606595039368,0.4806067943572998,-0.06662408262491226,0.753856360912323,0.39032644033432007,-0.01981845311820507,0.740157425403595,0.33727288246154785,-0.06084499508142471,0.7399440407752991,0.3939247727394104,-0.06786616146564484,0.7390143871307373,0.45522239804267883,-0.06313972175121307
NO,0.7378293871879578,0.6383700966835022,-1.645038310016389e-07,0.6883746385574341,0.5978005528450012,-0.04478656128048897,0.6446057558059692,0.5484703183174133,-0.06722252070903778,0.6266396641731262,0.4762728810310364,-0.08799462765455246,0.6092928647994995,0.4096887707710266,-0.10433196276426315,0.5902979969978333,0.425356388092041,-0.01464658509939909,0.5483230352401733,0.3570137917995453,-0.05175577476620674,0.5454327464103699,0.34695836901664734,-0.07346753031015396,0.5545639991760254,0.3763054609298706,-0.08063636720180511,0.6402267217636108,0.3965030908584595,-0.008244436234235764,0.6015905141830444,0.2993868589401245,-0.04528141766786575,0.6043448448181152,0.3161928057670593,-0.06067190319299698,0.6093682646751404,0.35436922311782837,-0.061587292701005936,0.6947712302207947,0.3868445158004761,-0.010501866228878498,0.6804810166358948,0.3375035226345062,-0.06080236658453941,0.689814031124115,0.41254717111587524,-0.07074519246816635,0.6978590488433838,0.4850873649120331,-0.062398068606853485,0.7530212998390198,0.3897712826728821,-0.015842223539948463,0.7385276556015015,0.3359698951244354,-0.05725005641579628,0.7369298934936523,0.3927791714668274,-0.06383322179317474,0.7369906306266785,0.4531369209289551,-0.05823059752583504
NO,0.7374495267868042,0.643056333065033,-1.6406922043188388e-07,0.6872202157974243,0.6022589206695557,-0.04473161697387695,0.640261709690094,0.5482285022735596,-0.06835394352674484,0.6210812926292419,0.47696375846862793,-0.09120257943868637,0.6013752222061157,0.4122348427772522,-0.11012772470712662,0.5919371843338013,0.42383667826652527,-0.011664804071187973,0.5498349070549011,0.3613528907299042,-0.05264521762728691,0.5434380769729614,0.35044533014297485,-0.07831482589244843,0.5509123802185059,0.37726345658302307,-0.08793731778860092,0.6405656933784485,0.3949659466743469,-0.006949916016310453,0.6005383729934692,0.30332034826278687,-0.047562919557094574,0.6007946133613586,0.32169222831726074,-0.06412409245967865,0.6062448620796204,0.36052045226097107,-0.06492920964956284,0.6949656009674072,0.3875674903392792,-0.011635520495474339,0.6791631579399109,0.34001120924949646,-0.0663096234202385,0.6882357001304626,0.4191991090774536,-0.07568581402301788,0.6983351707458496,0.4940597712993622,-0.0654645785689354,0.7533916234970093,0.39330434799194336,-0.019438834860920906,0.7374905943870544,0.3402150571346283,-0.06283452361822128,0.7344493865966797,0.39916715025901794,-0.06813350319862366,0.7354248762130737,0.4602886438369751,-0.06083708256483078
NO,0.7301774024963379,0.6425552368164062,-2.8293254672462353e-07,0.6790554523468018,0.600306510925293,-0.03769896179437637,0.6312391757965088,0.5435343980789185,-0.0572962686419487,0.6091733574867249,0.47262218594551086,-0.07713891565799713,0.5897879600524902,0.4160992503166199,-0.09298684448003769,0.5919215083122253,0.41698557138442993,-0.007422234397381544,0.5587547421455383,0.3429197072982788,-0.04390204697847366,0.549156129360199,0.3429208993911743,-0.06672446429729462,0.5520704984664917,0.37858960032463074,-0.07471026480197906,0.6381903290748596,0.392772376537323,-0.004867976065725088,0.6029833555221558,0.3050505518913269,-0.04098137468099594,0.6005085110664368,0.3257214426994324,-0.05569427087903023,0.6024260520935059,0.3650779724121094,-0.05622006580233574,0.6907325983047485,0.3872430622577667,-0.010845602490007877,0.6781261563301086,0.34680718183517456,-0.060591693967580795,0.6882665753364563,0.42486727237701416,-0.07045172899961472,0.6981761455535889,0.4956550598144531,-0.06202150136232376,0.7468472123146057,0.3932899534702301,-0.01935330592095852,0.7356442213058472,0.34267333149909973,-0.057916589081287384,0.7323049902915955,0.3997269570827484,-0.06176328659057617,0.7327352166175842,0.45690473914146423,-0.05456200987100601
NO,0.727048397064209,0.6429527997970581,-4.868554697168292e-07,0.6701446175575256,0.6109108924865723,-0.03373844921588898,0.6249374747276306,0.5409427881240845,-0.05082821473479271,0.6025198698043823,0.46662530303001404,-0.06898804754018784,0.5757855176925659,0.42744725942611694,-0.08078137785196304,0.6027029752731323,0.41159743070602417,-0.005322600714862347,0.5826030373573303,0.30393850803375244,-0.04300850257277489,0.5778903365135193,0.32737746834754944,-0.06255839020013809,0.5810486078262329,0.3781144917011261,-0.06743203103542328,0.6481144428253174,0.4038553833961487,-0.0022583412937819958,0.6393848061561584,0.34635061025619507,-0.04519219323992729,0.6510637402534485,0.42767658829689026,-0.05663463845849037,0.6598781943321228,0.4820120930671692,-0.051786523312330246,0.6934422850608826,0.4032169282436371,-0.007412227801978588,0.6852146983146667,0.3580036163330078,-0.04908960685133934,0.6908347010612488,0.433882474899292,-0.04702088609337807,0.6955974698066711,0.4858090281486511,-0.032583024352788925,0.7389994859695435,0.405026376247406,-0.015947386622428894,0.729172945022583,0.35812124609947205,-0.04290267080068588,0.7244327068328857,0.40788522362709045,-0.04000900685787201,0.7242968082427979,0.44860023260116577,-0.029102211818099022
NO,0.7135804891586304,0.6612937450408936,-6.527202458528336e-07,0.6580706834793091,0.630806565284729,-0.02655279077589512,0.6105555295944214,0.5563308596611023,-0.038824841380119324,0.588739275932312,0.4799420237541199,-0.05299896374344826,0.5615829229354858,0.4402592182159424,-0.06379915028810501,0.579679548740387,0.43148332834243774,-0.00454349722713232,0.5442638397216797,0.3372496962547302,-0.03834426775574684,0.5268632173538208,0.3702075183391571,-0.05836623162031174,0.5240519642829895,0.4170224964618683,-0.06635195016860962,0.6230953931808472,0.40984225273132324,-0.006199182942509651,0.5826065540313721,0.3174048066139221,-0.03685463219881058,0.5705838203430176,0.3730465769767761,-0.04485350847244263,0.5687801241874695,0.4163888692855835,-0.042498085647821426,0.6727956533432007,0.4064200520515442,-0.01486782357096672,0.6501279473304749,0.355419784784317,-0.051864150911569595,0.6510624289512634,0.43581250309944153,-0.05057402700185776,0.6610824465751648,0.4846862554550171,-0.03984857350587845,0.7250834703445435,0.41378548741340637,-0.025959163904190063,0.7042094469070435,0.3645772635936737,-0.05221973732113838,0.6978768110275269,0.423862099647522,-0.048538122326135635,0.7036239504814148,0.46449947357177734,-0.03981827199459076
NO,0.6900355219841003,0.6574009656906128,-7.036319402686786e-07,0.633501410484314,0.6278362274169922,-0.025027655065059662,0.585591733455658,0.5533243417739868,-0.03716564178466797,0.5618804693222046,0.4830823242664337,-0.05224107205867767,0.5318663120269775,0.44852110743522644,-0.06508075445890427,0.5637828707695007,0.4310893416404724,-0.00186405167914927,0.525154173374176,0.35667040944099426,-0.038907360285520554,0.49362778663635254,0.38513562083244324,-0.06303470581769943,0.47895094752311707,0.4330581724643707,-0.07265523821115494,0.6034801006317139,0.4109232723712921,-0.005967150907963514,0.5584794878959656,0.3317602574825287,-0.04091097041964531,0.5355386137962341,0.3763625919818878,-0.05250971019268036,0.5302574634552002,0.4225418269634247,-0.05090349540114403,0.6500884294509888,0.40840771794319153,-0.017237316817045212,0.6244951486587524,0.3688812255859375,-0.057976577430963516,0.6232913732528687,0.4413607716560364,-0.0597827322781086,0.6377278566360474,0.4924238622188568,-0.04932297393679619,0.7016068696975708,0.41534796357154846,-0.030736353248357773,0.6804320812225342,0.37110140919685364,-0.057250313460826874,0.6716689467430115,0.4289120137691498,-0.05255501717329025,0.6797710657119751,0.4723502993583679,-0.04227263107895851
NO,0.6821475625038147,0.6794634461402893,-8.016324386517226e-07,0.6197715997695923,0.657038152217865,-0.022646499797701836,0.5674431324005127,0.5859150886535645,-0.033610548824071884,0.5410847663879395,0.5165468454360962,-0.04863625764846802,0.5101936459541321,0.471604585647583,-0.06059630960226059,0.54520183801651,0.4555991590023041,-0.00040063122287392616,0.5009173154830933,0.3617035746574402,-0.03832635655999184,0.46821534633636475,0.40742960572242737,-0.06367890536785126,0.4531809687614441,0.4652864336967468,-0.07353968918323517,0.5865641832351685,0.4366447329521179,-0.004160753451287746,0.5363209843635559,0.35495710372924805,-0.037610799074172974,0.5175180435180664,0.40701019763946533,-0.051115598529577255,0.5158118009567261,0.45034459233283997,-0.05252429097890854,0.6335614919662476,0.43204107880592346,-0.014724453911185265,0.6013820767402649,0.3821057677268982,-0.05075157806277275,0.6013110876083374,0.46155840158462524,-0.051767267286777496,0.6166669726371765,0.517516016960144,-0.04275619983673096,0.6843358874320984,0.4357967674732208,-0.02767697349190712,0.6563769578933716,0.39193040132522583,-0.050900451838970184,0.647714376449585,0.44987356662750244,-0.046334847807884216,0.6559063792228699,0.4963448941707611,-0.0368785560131073
NO,0.6613924503326416,0.6941419839859009,-7.984496619428683e-07,0.5993238091468811,0.6714266538619995,-0.02329424023628235,0.5480197668075562,0.603027880191803,-0.03721447288990021,0.5211055874824524,0.5356035232543945,-0.05569097399711609,0.48601263761520386,0.4994896352291107,-0.07067602127790451,0.5242979526519775,0.4781190752983093,-0.006071869283914566,0.47971367835998535,0.37883487343788147,-0.04851807653903961,0.44534289836883545,0.42457789182662964,-0.07570239156484604,0.4286572337150574,0.48328667879104614,-0.0850401446223259,0.5645123720169067,0.4630786180496216,-0.010043445974588394,0.5103184580802917,0.3946347236633301,-0.04865386337041855,0.4989640414714813,0.4445560574531555,-0.06312959641218185,0.5024476647377014,0.48924320936203003,-0.06340523809194565,0.6103270053863525,0.4553306996822357,-0.02077198028564453,0.5760782957077026,0.41527748107910156,-0.05975152179598808,0.5798255205154419,0.4933720827102661,-0.06004557013511658,0.5962082743644714,0.5554178357124329,-0.04820990562438965,0.6622449159622192,0.4497489631175995,-0.03409499675035477,0.6329935789108276,0.4063241481781006,-0.05709734559059143,0.6205213069915771,0.4642620086669922,-0.050378937274217606,0.6242098212242126,0.5173314213752747,-0.03772183507680893
NO,0.6432601809501648,0.6915268898010254,-8.12823145679431e-07,0.5830885767936707,0.6868283748626709,-0.026671575382351875,0.5179646015167236,0.6077743768692017,-0.039727091789245605,0.482278048992157,0.5406087636947632,-0.05540208891034126,0.4436439275741577,0.5216261148452759,-0.06994449347257614,0.4970511794090271,0.49008023738861084,-0.009756861254572868,0.4411093294620514,0.4171583950519562,-0.04980012774467468,0.4049832224845886,0.4624124765396118,-0.07502996176481247,0.3925095796585083,0.5174546837806702,-0.08466853201389313,0.5349151492118835,0.4686209559440613,-0.015510566532611847,0.4703754782676697,0.3792303204536438,-0.05768180266022682,0.4421231150627136,0.429328590631485,-0.07381711900234222,0.4354604184627533,0.4823506772518158,-0.07251179963350296,0.5821804404258728,0.45947402715682983,-0.02750341221690178,0.5417448282241821,0.4252761900424957,-0.07493871450424194,0.5457598567008972,0.5136585831642151,-0.07952296733856201,0.5653685331344604,0.574205219745636,-0.06778065860271454,0.6364133358001709,0.4570270776748657,-0.041312165558338165,0.597858190536499,0.41318821907043457,-0.0711192637681961,0.5922425389289856,0.4818483293056488,-0.06493221968412399,0.6030369997024536,0.5340348482131958,-0.052092019468545914
NO,0.6273722052574158,0.713973343372345,-8.059383844738477e-07,0.5574345588684082,0.6952170133590698,-0.018050121143460274,0.4927774667739868,0.6214742660522461,-0.03032298944890499,0.45563870668411255,0.560866117477417,-0.047884128987789154,0.41350579261779785,0.5469326376914978,-0.06533019989728928,0.47393351793289185,0.5057860016822815,-0.002287917071953416,0.41472452878952026,0.4495566189289093,-0.043543823063373566,0.3790164887905121,0.49839818477630615,-0.07304149866104126,0.36348390579223633,0.555518388748169,-0.08550124615430832,0.5128253698348999,0.4830852150917053,-0.01400241069495678,0.4454919993877411,0.39672791957855225,-0.05859455093741417,0.4192884564399719,0.4385031759738922,-0.07957372814416885,0.41088131070137024,0.494643896818161,-0.08124439418315887,0.5615156888961792,0.4707997739315033,-0.031005874276161194,0.5223777890205383,0.43713659048080444,-0.0787876769900322,0.5333516001701355,0.5307759642601013,-0.0847100168466568,0.553143322467804,0.6006876230239868,-0.07352618128061295,0.6171323657035828,0.4686838686466217,-0.04944523423910141,0.579788863658905,0.42638176679611206,-0.0774843692779541,0.5725129246711731,0.5009022355079651,-0.06839635223150253,0.5779126286506653,0.56221604347229,-0.0534064956009388
NO,0.6109527349472046,0.7170541882514954,-7.053708372950496e-07,0.5418952703475952,0.6947261095046997,-0.026677876710891724,0.4674357771873474,0.6293410062789917,-0.049288734793663025,0.4166839122772217,0.5844273567199707,-0.07623637467622757,0.3760790228843689,0.5633051991462708,-0.1030934676527977,0.45561254024505615,0.5121293067932129,-0.016574669629335403,0.3928475081920624,0.4712659418582916,-0.06859879195690155,0.3581621050834656,0.5209278464317322,-0.10492260754108429,0.33972474932670593,0.5780251026153564,-0.12056448310613632,0.4948863089084625,0.4883410632610321,-0.026347534731030464,0.4254172146320343,0.4101766347885132,-0.07985299825668335,0.401380717754364,0.4540483057498932,-0.10454855859279633,0.3919757306575775,0.5107489228248596,-0.1076374426484108,0.5447487831115723,0.4735504388809204,-0.04206958785653114,0.49824461340904236,0.45057106018066406,-0.09753645211458206,0.512130618095398,0.5551295876502991,-0.10286910086870193,0.532530665397644,0.6303644180297852,-0.08932267129421234,0.6016159057617188,0.4702923595905304,-0.059811633080244064,0.5599547028541565,0.438117116689682,-0.09358717501163483,0.5549958944320679,0.5193845629692078,-0.08415152877569199,0.5605246424674988,0.5827404856681824,-0.06709779798984528
NO,0.615138590335846,0.719061017036438,-7.32363446331874e-07,0.545991837978363,0.7021636366844177,-0.026065213605761528,0.4694494605064392,0.6394524574279785,-0.04681023582816124,0.41965681314468384,0.5906693339347839,-0.07169070839881897,0.37622442841529846,0.5610123872756958,-0.09598951786756516,0.45171189308166504,0.517187237739563,-0.012710276059806347,0.3877386450767517,0.4719648063182831,-0.06398768723011017,0.35847944021224976,0.5176674127578735,-0.1001429408788681,0.3467411994934082,0.5734775066375732,-0.11577977240085602,0.4903692603111267,0.4895770847797394,-0.02226034738123417,0.41705405712127686,0.4128715395927429,-0.07525882869958878,0.3930467367172241,0.45828479528427124,-0.09987834095954895,0.3847816586494446,0.5173543095588684,-0.1028762236237526,0.5396813750267029,0.472016304731369,-0.03805502876639366,0.48822852969169617,0.45191776752471924,-0.09393768757581711,0.5073012113571167,0.5583732724189758,-0.09868758916854858,0.5337164402008057,0.6350158452987671,-0.08468696475028992,0.5962123274803162,0.46607422828674316,-0.055877357721328735,0.5470154285430908,0.44170767068862915,-0.09087694436311722,0.5453723073005676,0.5236085057258606,-0.08213001489639282,0.5561298727989197,0.5854805111885071,-0.06540674716234207
NO,0.6132574677467346,0.713781476020813,-7.239727892738301e-07,0.5438618659973145,0.6962888240814209,-0.024420976638793945,0.46704766154289246,0.6354947090148926,-0.04622220620512962,0.4179209768772125,0.5886993408203125,-0.07240990549325943,0.37281525135040283,0.5622596740722656,-0.09888113290071487,0.45241740345954895,0.5153781771659851,-0.01239685993641615,0.3908175528049469,0.473021000623703,-0.06290001422166824,0.3604334592819214,0.5139521360397339,-0.0999218001961708,0.3446858525276184,0.5664510726928711,-0.11723198741674423,0.4904696047306061,0.48692870140075684,-0.023757530376315117,0.419590562582016,0.4142330288887024,-0.07649489492177963,0.3935162425041199,0.4629504978656769,-0.10168089717626572,0.3835604786872864,0.5246850848197937,-0.10581191629171371,0.5396517515182495,0.4700986444950104,-0.041087061166763306,0.48904210329055786,0.4503118097782135,-0.0955338403582573,0.507149338722229,0.5542118549346924,-0.09959568083286285,0.5317184329032898,0.6280925869941711,-0.0863952562212944,0.597332775592804,0.4655890166759491,-0.06044774129986763,0.5487589240074158,0.44191691279411316,-0.0950661227107048,0.5473951697349548,0.5254324674606323,-0.08593833446502686,0.5575101971626282,0.587582528591156,-0.06969032436609268
NO,0.6173697113990784,0.711083173751831,-6.624323987125535e-07,0.547368586063385,0.6916934251785278,-0.028197994455695152,0.4711666703224182,0.6290587782859802,-0.051755983382463455,0.4207850992679596,0.5840975642204285,-0.07905851304531097,0.37811264395713806,0.5638941526412964,-0.10630040615797043,0.45811158418655396,0.5111804008483887,-0.019030647352337837,0.39559459686279297,0.4726924002170563,-0.07203230261802673,0.3614298701286316,0.5176750421524048,-0.10923901945352554,0.34231966733932495,0.569645345211029,-0.12568071484565735,0.49774035811424255,0.4862822890281677,-0.02843361347913742,0.42803046107292175,0.4085659682750702,-0.08190053701400757,0.4027021825313568,0.44903260469436646,-0.10619048774242401,0.3912765383720398,0.5004777908325195,-0.10958553850650787,0.5483999252319336,0.47163230180740356,-0.043901775032281876,0.5017533898353577,0.4455663561820984,-0.09907979518175125,0.5162227153778076,0.5504636764526367,-0.10343685746192932,0.5373820662498474,0.6253281235694885,-0.08970457315444946,0.6060906052589417,0.4694547951221466,-0.06164834648370743,0.5641544461250305,0.43623125553131104,-0.09534450620412827,0.5601575970649719,0.515514075756073,-0.08576253801584244,0.5675324201583862,0.577189564704895,-0.06893506646156311
NO,0.6244949698448181,0.7058192491531372,-7.964618475853058e-07,0.5588431358337402,0.6896040439605713,-0.01756608858704567,0.49426180124282837,0.6223410367965698,-0.03270888328552246,0.4559647738933563,0.5706983208656311,-0.05329658463597298,0.41255927085876465,0.556758463382721,-0.07424003630876541,0.47496330738067627,0.4979138970375061,-0.0057653035037219524,0.4179580509662628,0.44534066319465637,-0.05068046227097511,0.38423624634742737,0.49425411224365234,-0.08299218863248825,0.3676612973213196,0.5522388219833374,-0.09713944792747498,0.5134189128875732,0.47928550839424133,-0.01860799640417099,0.4453059136867523,0.39942070841789246,-0.06583186239004135,0.4202530086040497,0.44301024079322815,-0.08815629035234451,0.4107916057109833,0.49692782759666443,-0.09117824584245682,0.5624018907546997,0.47003528475761414,-0.036785535514354706,0.5178940892219543,0.4371192455291748,-0.08706021308898926,0.5312638282775879,0.5338351130485535,-0.09256751090288162,0.5534983277320862,0.6054932475090027,-0.0812918096780777,0.6188550591468811,0.4688175320625305,-0.05619068816304207,0.5752426385879517,0.4283478856086731,-0.08729622513055801,0.5700225234031677,0.5052344799041748,-0.07873795926570892,0.578973650932312,0.5664114952087402,-0.06390427052974701
NO,0.6430628895759583,0.6939767599105835,-6.462801138695795e-07,0.5807791352272034,0.6901980042457581,-0.030215086415410042,0.5159759521484375,0.6239587068557739,-0.049856506288051605,0.4824284017086029,0.5621887445449829,-0.07183212786912918,0.4394738972187042,0.5308383703231812,-0.09246543794870377,0.4876585304737091,0.5008699297904968,-0.017003046348690987,0.43360841274261475,0.4399021863937378,-0.06540899723768234,0.40212541818618774,0.4799525737762451,-0.09831510484218597,0.38936764001846313,0.53444504737854,-0.1119549423456192,0.5262202024459839,0.4743623733520508,-0.023890700191259384,0.4609718322753906,0.38855886459350586,-0.07406138628721237,0.4367254972457886,0.42605656385421753,-0.09554999321699142,0.43100935220718384,0.4780602753162384,-0.09672724455595016,0.5740479230880737,0.46209582686424255,-0.0373239628970623,0.5364159345626831,0.4325045049190521,-0.09091191738843918,0.5478726625442505,0.5280032157897949,-0.09475196152925491,0.5683680772781372,0.5986489057540894,-0.08091994374990463,0.6299085021018982,0.4602542221546173,-0.05314389616250992,0.5931604504585266,0.4240012764930725,-0.08606380969285965,0.5861814022064209,0.49779051542282104,-0.0775783509016037,0.5915108323097229,0.5574491620063782,-0.06195470690727234
NO,0.6547112464904785,0.6916211843490601,-6.950269835215295e-07,0.5899064540863037,0.6761746406555176,-0.02517116442322731,0.524298369884491,0.6085554957389832,-0.04265030473470688,0.48976945877075195,0.5476582646369934,-0.06343407928943634,0.4572809338569641,0.5201480388641357,-0.0832257941365242,0.4905189275741577,0.4933035373687744,-0.010630902834236622,0.4347485303878784,0.4348403811454773,-0.05696461722254753,0.4079384207725525,0.46957826614379883,-0.08895469456911087,0.4001197814941406,0.5232095122337341,-0.10236246138811111,0.5319483280181885,0.4645889401435852,-0.01943470723927021,0.47182634472846985,0.3816666305065155,-0.06807620078325272,0.44966256618499756,0.4246092140674591,-0.0884590893983841,0.44345778226852417,0.4869982600212097,-0.08902493119239807,0.5838140249252319,0.45153969526290894,-0.03456228971481323,0.5512721538543701,0.4228677451610565,-0.08832579106092453,0.5615896582603455,0.5162231922149658,-0.09275618940591812,0.5809531211853027,0.5898200273513794,-0.07920054346323013,0.6429321765899658,0.4507315158843994,-0.05155143514275551,0.6102162003517151,0.4147949516773224,-0.08670549839735031,0.6041991114616394,0.4872291684150696,-0.08007259666919708,0.6094743609428406,0.5479006767272949,-0.06539261341094971
NO,0.6668111681938171,0.6915961503982544,-6.96778329256631e-07,0.6034967303276062,0.6709601283073425,-0.025037521496415138,0.5483148097991943,0.6024744510650635,-0.04101729393005371,0.5227017402648926,0.5393941402435303,-0.06064079329371452,0.485177606344223,0.5080066919326782,-0.07847956568002701,0.5141863822937012,0.48060065507888794,-0.009182152338325977,0.46729227900505066,0.3974304497241974,-0.05128809064626694,0.43651121854782104,0.4295434057712555,-0.07967503368854523,0.42296308279037476,0.4856799244880676,-0.09045954793691635,0.5550435781478882,0.45900893211364746,-0.015745727345347404,0.4949839115142822,0.3782268166542053,-0.055295463651418686,0.4721079468727112,0.40618643164634705,-0.07383540272712708,0.46491360664367676,0.4501163065433502,-0.07716507464647293,0.6048316359519958,0.4501423239707947,-0.028787722811102867,0.5706093907356262,0.4131550192832947,-0.07379717379808426,0.5780291557312012,0.4926689565181732,-0.08042129874229431,0.5963438153266907,0.5619598627090454,-0.07223331183195114,0.6619305610656738,0.44887426495552063,-0.04385785385966301,0.6287658214569092,0.40619829297065735,-0.07416047900915146,0.6194421648979187,0.4728076159954071,-0.06991315633058548,0.6244646906852722,0.5361232161521912,-0.059084802865982056
NO,0.6814494132995605,0.6801695823669434,-6.778791998840461e-07,0.6172869205474854,0.6623594760894775,-0.023101668804883957,0.5591604709625244,0.5971971750259399,-0.037380754947662354,0.5300352573394775,0.5327027440071106,-0.05516502633690834,0.49303731322288513,0.494385302066803,-0.07137547433376312,0.5285269021987915,0.4752465486526489,-0.008088985458016396,0.478537380695343,0.3954029083251953,-0.04935504123568535,0.44767099618911743,0.4272368550300598,-0.07463204860687256,0.43568241596221924,0.48209649324417114,-0.08318263292312622,0.5694345235824585,0.45026102662086487,-0.015313665382564068,0.5104586482048035,0.3525539040565491,-0.05828341469168663,0.49286437034606934,0.39145034551620483,-0.07353246212005615,0.49139469861984253,0.4501813054084778,-0.07175863534212112,0.6190618872642517,0.43930914998054504,-0.028840092942118645,0.5854501724243164,0.39863163232803345,-0.07875902950763702,0.5941009521484375,0.48426252603530884,-0.08365370333194733,0.6124381422996521,0.5544965267181396,-0.07194838672876358,0.6761800050735474,0.4372367560863495,-0.043723203241825104,0.6430474519729614,0.39257916808128357,-0.07752367109060287,0.6361851096153259,0.4621603786945343,-0.07306831330060959,0.6422075033187866,0.524307131767273,-0.06084129214286804
NO,0.6937004327774048,0.6786220073699951,-6.661735483248776e-07,0.6271969079971313,0.651369571685791,-0.01920541189610958,0.571340024471283,0.5822332501411438,-0.02912919968366623,0.5428305268287659,0.5129994750022888,-0.04402594640851021,0.5059530735015869,0.4766731858253479,-0.056520503014326096,0.5477911233901978,0.46595242619514465,0.0038291935343295336,0.5025687217712402,0.3744865953922272,-0.03567728027701378,0.4783371388912201,0.4047945737838745,-0.06077567860484123,0.4687769412994385,0.4611971974372864,-0.0686032846570015,0.5887191891670227,0.4452650249004364,-0.003352637868374586,0.5351871252059937,0.35768765211105347,-0.04077513515949249,0.5157922506332397,0.3899306058883667,-0.05440547317266464,0.5088193416595459,0.43950334191322327,-0.05253589525818825,0.6369591355323792,0.43857908248901367,-0.017629822716116905,0.6067628264427185,0.39189213514328003,-0.06171983480453491,0.6119301915168762,0.47292402386665344,-0.06251911073923111,0.6267157793045044,0.5433317422866821,-0.04849438741803169,0.6907922625541687,0.43967461585998535,-0.0338631235063076,0.6663625240325928,0.38994336128234863,-0.06444879621267319,0.6570085287094116,0.4501286447048187,-0.05925825238227844,0.6601633429527283,0.5068824887275696,-0.04606424272060394
NO,0.6996989846229553,0.6689868569374084,-6.855263450233906e-07,0.6389395594596863,0.6400390863418579,-0.018951093778014183,0.5861178636550903,0.5722768902778625,-0.029568471014499664,0.5650680065155029,0.5045853853225708,-0.04567680135369301,0.5334464311599731,0.4644037187099457,-0.06025329977273941,0.5613061785697937,0.4432922601699829,0.007565742824226618,0.5177473425865173,0.3663201332092285,-0.029563602060079575,0.4908120334148407,0.39887285232543945,-0.0554768368601799,0.4795328378677368,0.44924643635749817,-0.06535091996192932,0.6019262671470642,0.4242161810398102,-0.000849642907269299,0.5502581000328064,0.3397630453109741,-0.03760816901922226,0.5302695631980896,0.3730129599571228,-0.054235413670539856,0.522075891494751,0.41649842262268066,-0.05552443116903305,0.6493850350379944,0.4207007586956024,-0.01614833064377308,0.6199815273284912,0.38001278042793274,-0.06248937174677849,0.6267662644386292,0.46457943320274353,-0.06857991963624954,0.6418957114219666,0.5331894755363464,-0.05824120715260506,0.7022943496704102,0.4257398247718811,-0.032821174710989,0.6786683797836304,0.376327246427536,-0.06477433443069458,0.6717628836631775,0.4402051866054535,-0.061113663017749786,0.6763984560966492,0.49724337458610535,-0.04950529709458351
NO,0.7124069929122925,0.6639811992645264,-6.656509299318714e-07,0.6522179841995239,0.6410555243492126,-0.02132989652454853,0.597880482673645,0.568568766117096,-0.029548294842243195,0.5715832710266113,0.4939446449279785,-0.04132508486509323,0.5387188792228699,0.45523589849472046,-0.05030825361609459,0.5654923915863037,0.4487597346305847,0.0025778599083423615,0.5224557518959045,0.3571659326553345,-0.03420278802514076,0.5029101371765137,0.38871443271636963,-0.05512913316488266,0.5009769201278687,0.4453742504119873,-0.06054002419114113,0.6081988215446472,0.425662100315094,-0.0014991251518949866,0.5609920620918274,0.3313170075416565,-0.035670891404151917,0.5500101447105408,0.37321555614471436,-0.043241582810878754,0.5525510907173157,0.42323651909828186,-0.03742044046521187,0.6583959460258484,0.41929733753204346,-0.013002116233110428,0.6347509622573853,0.36948099732398987,-0.0584135539829731,0.6386533975601196,0.4566957950592041,-0.056850578635931015,0.6536071300506592,0.5244116187095642,-0.04095738008618355,0.7142550945281982,0.42193737626075745,-0.02615048922598362,0.6949476599693298,0.36549147963523865,-0.06149885058403015,0.6856635212898254,0.4308001399040222,-0.05773283541202545,0.6893697381019592,0.4885355830192566,-0.04491042345762253
NO,0.7177204489707947,0.6652544736862183,-5.457462748381658e-07,0.6604387760162354,0.6340603232383728,-0.025249695405364037,0.612051784992218,0.5604002475738525,-0.037045326083898544,0.587091326713562,0.48544931411743164,-0.05188370123505592,0.552115797996521,0.45028722286224365,-0.06370890885591507,0.5743402242660522,0.43842941522598267,-0.003426975104957819,0.5338422060012817,0.34097909927368164,-0.040853820741176605,0.5174658894538879,0.36603087186813354,-0.06112784892320633,0.5193220376968384,0.4187341332435608,-0.06636665761470795,0.6177941560745239,0.41658294200897217,-0.0064780572429299355,0.5718620419502258,0.3206748962402344,-0.04096988961100578,0.5620918273925781,0.3627229332923889,-0.04709688574075699,0.5646886229515076,0.4125947952270508,-0.040429167449474335,0.6682274341583252,0.4120559096336365,-0.017370840534567833,0.647304892539978,0.3623364269733429,-0.06290186941623688,0.6520341634750366,0.4497821033000946,-0.060959622263908386,0.665205180644989,0.5208210945129395,-0.04488873481750488,0.7239742875099182,0.4171884059906006,-0.030492976307868958,0.7042058110237122,0.3636755347251892,-0.06648926436901093,0.6980668306350708,0.4241207540035248,-0.06454306840896606,0.7028953433036804,0.47876033186912537,-0.05292185768485069
NO,0.78281569480896,0.5885787010192871,-2.924191448983038e-07,0.7304191589355469,0.518601655960083,-0.02132200263440609,0.6959050893783569,0.44466355443000793,-0.032713040709495544,0.7026472687721252,0.38619300723075867,-0.045357607305049896,0.7461923956871033,0.39476948976516724,-0.05390968918800354,0.7663876414299011,0.38342219591140747,0.014333182014524937,0.7606079578399658,0.33669984340667725,-0.0023507592268288136,0.7401232719421387,0.3623347282409668,-0.016755670309066772,0.7339969873428345,0.38816046714782715,-0.024285024031996727,0.7926022410392761,0.40423598885536194,0.016315869987010956,0.7741539478302002,0.3803586959838867,-0.0005411279853433371,0.754136860370636,0.41026556491851807,-0.0107882060110569,0.7515231966972351,0.43624821305274963,-0.01323695294559002,0.8094238042831421,0.4312700033187866,0.012229325249791145,0.7842298746109009,0.4248121678829193,-0.0007421136251650751,0.7669071555137634,0.44963714480400085,-0.003483219537883997,0.7642890214920044,0.4679310917854309,-0.0008548549376428127,0.8207300901412964,0.4656127393245697,0.005112365819513798,0.793735682964325,0.4653087556362152,0.005367960315197706,0.7796412110328674,0.4793775975704193,0.008452322334051132,0.7754610776901245,0.4908861219882965,0.012649355456233025
NO,0.7223575115203857,0.6009905338287354,-2.41176167037338e-07,0.6805514693260193,0.5544651746749878,-0.01484593003988266,0.6503331661224365,0.49385714530944824,-0.02151177078485489,0.653555691242218,0.43797242641448975,-0.02985193580389023,0.6837473511695862,0.4345336854457855,-0.03470036759972572,0.6653891801834106,0.4521870017051697,0.010371738113462925,0.6650589108467102,0.40423280000686646,-0.00820961408317089,0.6692585945129395,0.4400489032268524,-0.019835282117128372,0.6772000193595886,0.4645526707172394,-0.0242399163544178,0.6915689706802368,0.454992413520813,0.010117925703525543,0.6943415999412537,0.4189150035381317,-0.01242299098521471,0.6995218992233276,0.4651510715484619,-0.021576613187789917,0.7024559378623962,0.49382245540618896,-0.020950311794877052,0.7167956829071045,0.4613211154937744,0.00516456738114357,0.7199991345405579,0.43333953619003296,-0.018508007749915123,0.7205572724342346,0.47828352451324463,-0.020391663536429405,0.7192572355270386,0.5094168186187744,-0.013126698322594166,0.7403417229652405,0.47302597761154175,-0.001208257395774126,0.7414419651031494,0.44228431582450867,-0.014670931734144688,0.7382605671882629,0.47444429993629456,-0.012915540486574173,0.7352270483970642,0.5043321251869202,-0.006389284040778875
NO,0.7128100395202637,0.5996901988983154,-2.6462438995622506e-07,0.6732809543609619,0.5604793429374695,-0.017094334587454796,0.643879234790802,0.4998529553413391,-0.027348708361387253,0.6480004787445068,0.44319969415664673,-0.037951525300741196,0.6816026568412781,0.4370409846305847,-0.04514751955866814,0.6580669283866882,0.46319064497947693,-0.005954021122306585,0.6605530977249146,0.4139828085899353,-0.026408109813928604,0.6665058135986328,0.4448661208152771,-0.038512542843818665,0.6736884117126465,0.47392815351486206,-0.04402478411793709,0.6868187785148621,0.4652976393699646,-0.005596221890300512,0.6943758130073547,0.4263755977153778,-0.030232053250074387,0.6991432905197144,0.4726198613643646,-0.038807425647974014,0.7000539898872375,0.5079196691513062,-0.038838472217321396,0.7122258543968201,0.468989759683609,-0.008841254748404026,0.717314600944519,0.43518292903900146,-0.033402685075998306,0.7180834412574768,0.48040369153022766,-0.03294724225997925,0.7156239151954651,0.515754759311676,-0.025335881859064102,0.7343726754188538,0.4774324893951416,-0.013540053740143776,0.734426736831665,0.4465615749359131,-0.029704881832003593,0.7317955493927002,0.4784669578075409,-0.028292415663599968,0.7284923791885376,0.508523166179657,-0.022635653614997864
NO,0.7033556699752808,0.5978969931602478,-2.3815559302420297e-07,0.6664743423461914,0.5575259923934937,-0.014425981789827347,0.641692042350769,0.4988345503807068,-0.021120280027389526,0.6457273364067078,0.4498327374458313,-0.02884197235107422,0.675569474697113,0.4460371732711792,-0.034118857234716415,0.6583067774772644,0.4613620340824127,0.0030553468968719244,0.6613612174987793,0.41256237030029297,-0.010830971412360668,0.6643518209457397,0.4328424334526062,-0.018922578543424606,0.6695897579193115,0.45820945501327515,-0.021910805255174637,0.6854315996170044,0.4644622206687927,0.0036787015851587057,0.6904265284538269,0.4320862889289856,-0.01675732620060444,0.6945909261703491,0.4760192036628723,-0.025908589363098145,0.6968650817871094,0.5120456218719482,-0.026104187592864037,0.7095077037811279,0.4706133008003235,0.0009322287514805794,0.7108234167098999,0.442102313041687,-0.022286463528871536,0.7123366594314575,0.4853033125400543,-0.0267481692135334,0.7119201421737671,0.5216764807701111,-0.02206391654908657,0.7312922477722168,0.48071855306625366,-0.002544308779761195,0.7286821603775024,0.44656357169151306,-0.01871941238641739,0.7278040647506714,0.47687840461730957,-0.01956801488995552,0.7272250652313232,0.5093371868133545,-0.015072044916450977
NO,0.7142632603645325,0.6073074340820312,-1.0525274518613514e-07,0.6805416941642761,0.5751131772994995,-0.017703233286738396,0.6584520936012268,0.5281696319580078,-0.02706708200275898,0.6612472534179688,0.47707220911979675,-0.03676948323845863,0.6814665794372559,0.4553075432777405,-0.04427775740623474,0.6505475044250488,0.4799498915672302,-0.0037125826347619295,0.6449975967407227,0.43233323097229004,-0.023624036461114883,0.657974123954773,0.43704432249069214,-0.03698344901204109,0.6730736494064331,0.45204824209213257,-0.043788157403469086,0.6774848699569702,0.47347354888916016,-0.002936730859801173,0.6822548508644104,0.43165382742881775,-0.02873999811708927,0.692606508731842,0.46967613697052,-0.039951521903276443,0.6963074803352356,0.5042216181755066,-0.04099374637007713,0.7032729387283325,0.473420113325119,-0.005562509875744581,0.7074825167655945,0.4417170584201813,-0.03288298845291138,0.7113452553749084,0.4874028265476227,-0.03421131893992424,0.7101709842681885,0.5245991945266724,-0.026470348238945007,0.7261624336242676,0.4805591106414795,-0.009579387493431568,0.7280153632164001,0.4483028054237366,-0.028547171503305435,0.7289942502975464,0.4798364043235779,-0.02753484435379505,0.7274273633956909,0.5108010768890381,-0.021035058423876762
NO,0.7124266028404236,0.608971118927002,-1.1959025414398639e-07,0.6788972616195679,0.5796979665756226,-0.020612873136997223,0.6547029614448547,0.5327606201171875,-0.03219689801335335,0.6560584306716919,0.47951415181159973,-0.043503887951374054,0.6793903708457947,0.45367637276649475,-0.052403274923563004,0.648159384727478,0.4825250804424286,-0.01156243123114109,0.640822172164917,0.43439316749572754,-0.03446347266435623,0.6532840728759766,0.4446849822998047,-0.0487532876431942,0.6685441136360168,0.463043749332428,-0.0558401457965374,0.6762351989746094,0.4743750989437103,-0.01010082196444273,0.6784268617630005,0.4326770305633545,-0.03859057277441025,0.6885201930999756,0.4728943407535553,-0.05004853010177612,0.6928693056106567,0.5083571076393127,-0.051184091717004776,0.7030118703842163,0.4731782078742981,-0.01207711361348629,0.7052997946739197,0.4428778290748596,-0.042321525514125824,0.7093623876571655,0.4919666051864624,-0.04370848089456558,0.7088553309440613,0.5305957794189453,-0.03570617735385895,0.7262631058692932,0.47927677631378174,-0.015520719811320305,0.726183295249939,0.4500390887260437,-0.03781391680240631,0.7270783185958862,0.484774649143219,-0.03791700676083565,0.7261727452278137,0.5166192054748535,-0.03171968832612038
NO,0.7129066586494446,0.616695761680603,-9.117758281718125e-08,0.683542788028717,0.5849669575691223,-0.019529541954398155,0.664230227470398,0.5425113439559937,-0.027772091329097748,0.6676976084709167,0.49593767523765564,-0.03548962622880936,0.680911660194397,0.4667443633079529,-0.04091094806790352,0.6474692225456238,0.4865785241127014,-0.006544528994709253,0.6379410028457642,0.44081923365592957,-0.027061542496085167,0.6530082821846008,0.44467562437057495,-0.04116862267255783,0.6702320575714111,0.46039536595344543,-0.047857895493507385,0.6747609972953796,0.4778434932231903,-0.004489765502512455,0.6743496656417847,0.4303892254829407,-0.02744545228779316,0.6850717663764954,0.45965340733528137,-0.038458921015262604,0.6891298890113831,0.49182748794555664,-0.04021219164133072,0.7022346258163452,0.477119117975235,-0.0059838369488716125,0.7053566575050354,0.4458142817020416,-0.03205157443881035,0.709679365158081,0.49206656217575073,-0.03463330119848251,0.7082361578941345,0.5304927229881287,-0.02816481702029705,0.7266800403594971,0.4859287440776825,-0.009028594940900803,0.7281932830810547,0.45264768600463867,-0.028557172045111656,0.7283674478530884,0.48585689067840576,-0.028135081753134727,0.7253729701042175,0.518915593624115,-0.021951638162136078
NO,0.71455979347229,0.6168907284736633,-6.581555567208852e-08,0.6867479085922241,0.5852370262145996,-0.016126157715916634,0.6689562201499939,0.54208904504776,-0.020220870152115822,0.6724766492843628,0.497221440076828,-0.023792117834091187,0.677534818649292,0.4669860899448395,-0.025244824588298798,0.6451424360275269,0.4905080497264862,-0.003284132806584239,0.6324878334999084,0.445198118686676,-0.023010428994894028,0.6494685411453247,0.4462595283985138,-0.03684614226222038,0.6685463190078735,0.4583837389945984,-0.043343670666217804,0.6722100973129272,0.48043686151504517,-0.0022492497228085995,0.6682429313659668,0.42826250195503235,-0.02445305325090885,0.6802393198013306,0.4474220871925354,-0.03560320660471916,0.6851838827133179,0.47084105014801025,-0.03755992278456688,0.7002377510070801,0.4781675934791565,-0.004608019720762968,0.7046095132827759,0.44675007462501526,-0.03137517720460892,0.711024820804596,0.4939561188220978,-0.03521132841706276,0.7107495665550232,0.532633364200592,-0.029053477570414543,0.7259396314620972,0.48447299003601074,-0.008207792416214943,0.7264701128005981,0.4542003273963928,-0.02990802377462387,0.727489709854126,0.48728930950164795,-0.0314612090587616,0.7256129384040833,0.5186922550201416,-0.02630574069917202
NO,0.7141572833061218,0.6189641952514648,-1.166774765692935e-07,0.6850085854530334,0.5875992178916931,-0.016763383522629738,0.665807843208313,0.5451100468635559,-0.02563968114554882,0.6671240925788879,0.4982200562953949,-0.03427692502737045,0.678804337978363,0.46961137652397156,-0.040883611887693405,0.6464981436729431,0.4887065589427948,-0.008791587315499783,0.6356621384620667,0.4457627534866333,-0.0310496985912323,0.6509101390838623,0.4497165083885193,-0.04670136049389839,0.6683951616287231,0.4626728594303131,-0.05466414988040924,0.6738362908363342,0.4788755476474762,-0.008556702174246311,0.676859974861145,0.4354572892189026,-0.03283846005797386,0.6889787316322327,0.47482243180274963,-0.043094851076602936,0.6920403242111206,0.5107024312019348,-0.04428403824567795,0.7021632790565491,0.47733622789382935,-0.011375315487384796,0.7085643410682678,0.44739094376564026,-0.03751654177904129,0.7126089930534363,0.49702709913253784,-0.03735924884676933,0.7097185850143433,0.5351977944374084,-0.029330259189009666,0.7276788353919983,0.48485347628593445,-0.015516341663897038,0.7307019233703613,0.4541662633419037,-0.034389425069093704,0.7312306761741638,0.489677757024765,-0.03186824545264244,0.7279033660888672,0.521721363067627,-0.024397894740104675
NO,0.7226442694664001,0.6313552856445312,-1.4453436847361445e-07,0.6918192505836487,0.5993143320083618,-0.018432440236210823,0.6710522174835205,0.5523780584335327,-0.025458848103880882,0.6733973026275635,0.5055546164512634,-0.03172746300697327,0.6817985773086548,0.47927868366241455,-0.03561219200491905,0.6475226283073425,0.49653202295303345,-0.010928304865956306,0.6300317049026489,0.45141834020614624,-0.033473554998636246,0.6449139714241028,0.45606958866119385,-0.0479714497923851,0.6630913615226746,0.47251006960868835,-0.05463087186217308,0.6784143447875977,0.48282089829444885,-0.01004741620272398,0.6676665544509888,0.42843207716941833,-0.03310813754796982,0.6797405481338501,0.4517718553543091,-0.0418473444879055,0.6865283250808716,0.47977250814437866,-0.04277326911687851,0.7103560566902161,0.4797464907169342,-0.012754973955452442,0.708387017250061,0.4499344825744629,-0.040645815432071686,0.714942216873169,0.5010102391242981,-0.04239729046821594,0.7163926362991333,0.5427590608596802,-0.03549528494477272,0.741060733795166,0.48712682723999023,-0.01691463589668274,0.7385039925575256,0.45636457204818726,-0.03904164582490921,0.7375484704971313,0.493164986371994,-0.039177704602479935,0.7353329062461853,0.5271440148353577,-0.033515844494104385
NO,0.7273911237716675,0.6353654861450195,-1.4887935151364218e-07,0.6949461698532104,0.6053162813186646,-0.019064968451857567,0.6717656254768372,0.5636259317398071,-0.02880803868174553,0.6722044348716736,0.5193553566932678,-0.03874298557639122,0.6783509850502014,0.485721617937088,-0.04681145027279854,0.65086430311203,0.49897944927215576,-0.009999156929552555,0.6316173672676086,0.4546811282634735,-0.03363683819770813,0.6409789323806763,0.4564848244190216,-0.04879443719983101,0.6551928520202637,0.4732949733734131,-0.0555335134267807,0.6821233630180359,0.4847622513771057,-0.01058883871883154,0.6680862903594971,0.42475977540016174,-0.0336315780878067,0.6770641207695007,0.44251444935798645,-0.042331989854574203,0.6836429238319397,0.47034111618995667,-0.0431550070643425,0.714910089969635,0.4833044409751892,-0.015146066434681416,0.7106531858444214,0.45056891441345215,-0.04388071969151497,0.7158639430999756,0.5010942220687866,-0.04567699879407883,0.7172977328300476,0.5425284504890442,-0.03863551467657089,0.7469062805175781,0.492678701877594,-0.021181367337703705,0.7423750758171082,0.45908719301223755,-0.04372047632932663,0.7405205965042114,0.4961051940917969,-0.04337022826075554,0.738138735294342,0.5300388932228088,-0.03738744184374809
NO,0.7346758246421814,0.6403018832206726,-2.1621154644435592e-07,0.6960118412971497,0.6130213737487793,-0.01565595716238022,0.6686834692955017,0.5678461790084839,-0.024148637428879738,0.6719411611557007,0.5233144760131836,-0.033912744373083115,0.6871927380561829,0.49414876103401184,-0.04148009419441223,0.649726390838623,0.5027124881744385,-0.003176900092512369,0.6360478401184082,0.4530998766422272,-0.028594719246029854,0.644956648349762,0.4634779691696167,-0.045119039714336395,0.655340313911438,0.4915633797645569,-0.051482729613780975,0.6811708807945251,0.4880819618701935,-0.005672449711710215,0.6674438118934631,0.42263758182525635,-0.027959905564785004,0.6772403120994568,0.44252991676330566,-0.03683505207300186,0.6845895648002625,0.47142115235328674,-0.03724425286054611,0.7154668569564819,0.48655229806900024,-0.012411532923579216,0.7139339447021484,0.455862432718277,-0.04050192981958389,0.7203064560890198,0.5072348713874817,-0.04197751358151436,0.7220830321311951,0.5485139489173889,-0.03429204225540161,0.7499216794967651,0.495886892080307,-0.02039177715778351,0.7460721135139465,0.46123582124710083,-0.040636271238327026,0.7450069785118103,0.49954017996788025,-0.03799626603722572,0.7429440021514893,0.5349506139755249,-0.030426638200879097
NO,0.7384083867073059,0.6551450490951538,-2.5289105565207137e-07,0.7000212669372559,0.6235985159873962,-0.01768123358488083,0.6755489110946655,0.5773766040802002,-0.02545107714831829,0.6773235201835632,0.5295441746711731,-0.03361175209283829,0.6832970380783081,0.4941207468509674,-0.038499705493450165,0.6484329700469971,0.5099035501480103,-0.0009732219623401761,0.634048342704773,0.45884600281715393,-0.027814075350761414,0.6464208960533142,0.47154664993286133,-0.045369673520326614,0.6578583717346191,0.502533495426178,-0.05195092037320137,0.6821141242980957,0.4946838319301605,-0.002378889126703143,0.6688820719718933,0.42461854219436646,-0.027631409466266632,0.6823596358299255,0.4590587913990021,-0.03729495778679848,0.6895753145217896,0.49743807315826416,-0.03641032427549362,0.7177724838256836,0.492910236120224,-0.008375989273190498,0.7163543105125427,0.459512323141098,-0.037303436547517776,0.7227785587310791,0.5142521262168884,-0.036720968782901764,0.7222239971160889,0.5536890029907227,-0.02675982005894184,0.754065990447998,0.5039430260658264,-0.015821252018213272,0.7510480284690857,0.4644258916378021,-0.0339040644466877,0.7500748038291931,0.5018082857131958,-0.028316639363765717,0.7453396916389465,0.5352529287338257,-0.01850075088441372
NO,0.7467511296272278,0.6622348427772522,-2.874389224416518e-07,0.7051776051521301,0.6425713896751404,-0.023040303960442543,0.6782324910163879,0.5973218679428101,-0.03492528945207596,0.6812039613723755,0.5510711073875427,-0.04604046419262886,0.6887103319168091,0.5128352642059326,-0.05392242595553398,0.6499154567718506,0.5182778239250183,-0.01608370803296566,0.6307377815246582,0.46429958939552307,-0.04628749191761017,0.6449013352394104,0.47491246461868286,-0.06457624584436417,0.6597732901573181,0.5048775672912598,-0.07124094665050507,0.6848796010017395,0.4998593032360077,-0.016574449837207794,0.6673009395599365,0.4274587035179138,-0.04437042400240898,0.6815688014030457,0.45985153317451477,-0.053763631731271744,0.6911399960517883,0.500964879989624,-0.052787236869335175,0.7219923138618469,0.4961480498313904,-0.0214853473007679,0.7218910455703735,0.463440865278244,-0.05335907265543938,0.7292688488960266,0.5230955481529236,-0.052865393459796906,0.7298184037208557,0.5679532885551453,-0.04292229935526848,0.75971519947052,0.5055310726165771,-0.02808224782347679,0.7549939155578613,0.4673514664173126,-0.05020052567124367,0.7554545998573303,0.5091894865036011,-0.04561036080121994,0.7532669305801392,0.5472235679626465,-0.036057136952877045
NO,0.7498379349708557,0.6705912947654724,-3.4186169273198175e-07,0.70456463098526,0.6456148624420166,-0.021545210853219032,0.6771015524864197,0.5937445759773254,-0.034697115421295166,0.6801934838294983,0.538891077041626,-0.04764191433787346,0.6879165768623352,0.4959001839160919,-0.0575096532702446,0.6473498344421387,0.5180580615997314,-0.017732840031385422,0.6336544752120972,0.47275510430336,-0.04824230074882507,0.6517900824546814,0.501025915145874,-0.06557357311248779,0.667973518371582,0.5408574342727661,-0.0717710554599762,0.6843004822731018,0.5002871155738831,-0.01912933960556984,0.6718944907188416,0.43646878004074097,-0.04783881455659866,0.6861535906791687,0.4801599979400635,-0.0564243420958519,0.6962669491767883,0.5273334383964539,-0.05538433417677879,0.7238178849220276,0.49666011333465576,-0.024490319192409515,0.7252342700958252,0.4677431881427765,-0.05595163628458977,0.7309808731079102,0.5320999622344971,-0.05283541977405548,0.7323640584945679,0.5798925161361694,-0.04179780185222626,0.7632765173912048,0.5051419138908386,-0.03153404965996742,0.7598954439163208,0.4725552499294281,-0.0519094355404377,0.7585898637771606,0.517599880695343,-0.044892240315675735,0.7568256855010986,0.555641233921051,-0.03419108688831329
NO,0.7529353499412537,0.6820902824401855,-3.3676505495350284e-07,0.7093449234962463,0.655566930770874,-0.021331937983632088,0.6816337704658508,0.6077003479003906,-0.034858688712120056,0.6876890659332275,0.5549285411834717,-0.04892222210764885,0.7002949714660645,0.5122615098953247,-0.0592770017683506,0.6530212163925171,0.5247877240180969,-0.010139144025743008,0.6347706913948059,0.47240474820137024,-0.04312770068645477,0.6495146751403809,0.5013942122459412,-0.06394246965646744,0.6624851226806641,0.5421956777572632,-0.0716995969414711,0.6894093751907349,0.5077691078186035,-0.012295801192522049,0.6744035482406616,0.4399588108062744,-0.042858436703681946,0.6891968250274658,0.4864950478076935,-0.053468137979507446,0.6984312534332275,0.5332464575767517,-0.052607208490371704,0.7284596562385559,0.5052327513694763,-0.01923932321369648,0.7285012602806091,0.47325950860977173,-0.052049458026885986,0.7335847020149231,0.5376265048980713,-0.04921718314290047,0.7323801517486572,0.5827958583831787,-0.03729451820254326,0.7677707076072693,0.5154638886451721,-0.027929656207561493,0.7653364539146423,0.4790668785572052,-0.047137487679719925,0.763262927532196,0.5243988633155823,-0.03879263997077942,0.7592639327049255,0.5619722008705139,-0.026668427512049675
NO,0.7603058815002441,0.6902855634689331,-3.39341880817301e-07,0.7133550643920898,0.670623779296875,-0.029372164979577065,0.683280348777771,0.6188341975212097,-0.04665731266140938,0.686896026134491,0.5633887648582458,-0.0627579540014267,0.6978204250335693,0.5169999599456787,-0.07524760812520981,0.6544061899185181,0.5323169827461243,-0.0250990092754364,0.6359343528747559,0.4786090552806854,-0.06098785623908043,0.6518669128417969,0.5088338851928711,-0.08185120671987534,0.6665249466896057,0.5532519817352295,-0.08933644741773605,0.6930217742919922,0.5113992094993591,-0.02415185607969761,0.6756151914596558,0.43897417187690735,-0.0586174838244915,0.6897733211517334,0.4836563766002655,-0.06942114233970642,0.7003198862075806,0.5352563261985779,-0.06835491955280304,0.7335419058799744,0.5063608884811401,-0.028137406334280968,0.7331212759017944,0.47956645488739014,-0.06537928432226181,0.7382137775421143,0.5470437407493591,-0.06393662840127945,0.7382901906967163,0.5982872247695923,-0.05223875492811203,0.7738714814186096,0.5132673978805542,-0.0343448705971241,0.7702170610427856,0.4814654290676117,-0.05782750993967056,0.7674648761749268,0.5293044447898865,-0.051400355994701385,0.7634084820747375,0.5709453225135803,-0.04023122787475586
NO,0.2149040699005127,0.6761248707771301,2.6016298448894304e-08,0.2625678777694702,0.6468069553375244,-0.028614824637770653,0.2852031886577606,0.5890878438949585,-0.042575739324092865,0.29429343342781067,0.5290321111679077,-0.05848358944058418,0.3108077347278595,0.4788696765899658,-0.07189324498176575,0.31687837839126587,0.5141456127166748,0.005304781254380941,0.3329998254776001,0.45047199726104736,-0.0252493005245924,0.3239007890224457,0.4418022334575653,-0.051054030656814575,0.3093271851539612,0.4615402817726135,-0.06510048359632492,0.2824644446372986,0.49866539239883423,0.004431018140166998,0.29880473017692566,0.4237195551395416,-0.02840827964246273,0.2893323004245758,0.43397557735443115,-0.053898125886917114,0.2848609685897827,0.45575928688049316,-0.06579931825399399,0.24521926045417786,0.49770238995552063,-0.0034375626128166914,0.24969500303268433,0.4447227120399475,-0.041545331478118896,0.24769431352615356,0.4925505816936493,-0.059189002960920334,0.24575288593769073,0.5443955063819885,-0.06211923435330391,0.20633241534233093,0.5100022554397583,-0.013632278889417648,0.2127729058265686,0.4791165888309479,-0.04256182163953781,0.21848934888839722,0.5123848915100098,-0.05375998467206955,0.22532545030117035,0.5519109964370728,-0.05670127645134926
NO,0.27274441719055176,0.7100892663002014,4.950517507040786e-08,0.32190999388694763,0.6828449368476868,-0.02110026217997074,0.3480069935321808,0.6300052404403687,-0.03400970995426178,0.35937026143074036,0.5727750658988953,-0.04954485595226288,0.3763182461261749,0.5260628461837769,-0.062469374388456345,0.3712025284767151,0.5507500171661377,-0.0008159161661751568,0.3994586169719696,0.48942267894744873,-0.0290227048099041,0.4017195403575897,0.4778495728969574,-0.04917323589324951,0.39427894353866577,0.49540168046951294,-0.05815254896879196,0.3374395966529846,0.538145124912262,-0.004278954584151506,0.35759201645851135,0.46427327394485474,-0.03488115593791008,0.35662180185317993,0.4783213138580322,-0.04919682443141937,0.35368812084198,0.507002592086792,-0.05175108090043068,0.3011750280857086,0.5397037267684937,-0.013124886900186539,0.31251245737075806,0.4937921166419983,-0.04751819744706154,0.31048184633255005,0.5458293557167053,-0.04938766360282898,0.3060382902622223,0.5943011045455933,-0.040682993829250336,0.26356664299964905,0.5511510968208313,-0.0241011343896389,0.2762918174266815,0.5187103748321533,-0.04832104220986366,0.28341537714004517,0.5558565258979797,-0.047156922519207,0.28849756717681885,0.5928629040718079,-0.039670877158641815
NO,0.27214890718460083,0.7111666202545166,9.602982942169547e-08,0.32002219557762146,0.6894387006759644,-0.02752752974629402,0.3457494378089905,0.636335551738739,-0.04391010105609894,0.35819604992866516,0.5790066123008728,-0.061856165528297424,0.37835967540740967,0.533033013343811,-0.07714178413152695,0.3723558187484741,0.5553672313690186,-0.005446663126349449,0.39967069029808044,0.49654844403266907,-0.035952478647232056,0.4047979712486267,0.4804244935512543,-0.0577666200697422,0.397532194852829,0.49408113956451416,-0.06781943887472153,0.3387746214866638,0.5415363907814026,-0.006836750078946352,0.3614479601383209,0.46498459577560425,-0.039662256836891174,0.3604661822319031,0.48134222626686096,-0.05524498224258423,0.3565312325954437,0.5104296803474426,-0.05801567807793617,0.3026176989078522,0.5425992608070374,-0.014327142387628555,0.3153708279132843,0.4941449761390686,-0.05142631381750107,0.31227627396583557,0.5463632941246033,-0.05484895780682564,0.3061053156852722,0.5934117436408997,-0.046471092849969864,0.2644622027873993,0.5536280870437622,-0.024418797343969345,0.27788618206977844,0.5174965858459473,-0.05082377418875694,0.2835923433303833,0.554818332195282,-0.0512157566845417,0.2865138053894043,0.5925238728523254,-0.04466358944773674
NO,0.2696510851383209,0.7174235582351685,3.1019117829877985e-10,0.3210119903087616,0.6840118169784546,-0.019587961956858635,0.3454507887363434,0.6288912296295166,-0.03157854080200195,0.3578829765319824,0.571235716342926,-0.04642825946211815,0.37541720271110535,0.5246310234069824,-0.0584285631775856,0.36816421151161194,0.5529087781906128,0.0031912021804600954,0.39103174209594727,0.4893411695957184,-0.025059564039111137,0.3863455355167389,0.4840666949748993,-0.0465911403298378,0.37349703907966614,0.5068875551223755,-0.05667094141244888,0.33491209149360657,0.5405629873275757,-0.0006901316810399294,0.3545488119125366,0.46632513403892517,-0.028344567865133286,0.35406792163848877,0.4766179323196411,-0.04324581101536751,0.3519047796726227,0.5010040998458862,-0.048169318586587906,0.29859042167663574,0.5422144532203674,-0.010325226001441479,0.309573769569397,0.4948974549770355,-0.04232671111822128,0.30842700600624084,0.5441831350326538,-0.04569973424077034,0.3041926324367523,0.5922481417655945,-0.03960302472114563,0.26045599579811096,0.5531181693077087,-0.022136280313134193,0.272543340921402,0.5190832018852234,-0.044724415987730026,0.2803727686405182,0.5536298155784607,-0.04473191499710083,0.28641724586486816,0.590068519115448,-0.03934434801340103
NO,0.26411375403404236,0.7135574817657471,-3.647421920049965e-08,0.3169022500514984,0.6856770515441895,-0.01952565461397171,0.34158769249916077,0.6293289065361023,-0.031039828434586525,0.3522542715072632,0.5703518390655518,-0.04536474868655205,0.3709382116794586,0.5261034965515137,-0.05674288421869278,0.3685251772403717,0.5540468096733093,0.0013010138645768166,0.39379048347473145,0.48531994223594666,-0.029080990701913834,0.38408106565475464,0.4773752689361572,-0.0511193685233593,0.36617061495780945,0.501623272895813,-0.060502730309963226,0.3335292339324951,0.5404474139213562,-0.0028190927114337683,0.35437944531440735,0.46006155014038086,-0.03203726187348366,0.3507823348045349,0.47004029154777527,-0.04657609760761261,0.3466393053531647,0.49738767743110657,-0.049910835921764374,0.295280396938324,0.540704071521759,-0.012631760910153389,0.3076130747795105,0.49128228425979614,-0.04613186791539192,0.3017585277557373,0.5424752831459045,-0.04781533405184746,0.29469457268714905,0.5893865823745728,-0.039364274591207504,0.25503987073898315,0.550046980381012,-0.024491922929883003,0.270629346370697,0.5114126205444336,-0.047326844185590744,0.2720164656639099,0.5478802919387817,-0.044125769287347794,0.2712485194206238,0.5840932726860046,-0.03558775410056114
NO,0.2587863802909851,0.7144659757614136,2.314416747140058e-08,0.3124050498008728,0.6825585961341858,-0.01997477002441883,0.33593010902404785,0.6263507604598999,-0.03164024278521538,0.3468707203865051,0.5649908185005188,-0.04673211649060249,0.36609217524528503,0.5180149674415588,-0.05945178121328354,0.3600749373435974,0.5512489080429077,0.006306834053248167,0.38480791449546814,0.4844391942024231,-0.02265353314578533,0.3834795355796814,0.4787112772464752,-0.0458197295665741,0.3715689480304718,0.5040253400802612,-0.056766439229249954,0.3260042667388916,0.5374305248260498,0.002776145003736019,0.344023197889328,0.458632230758667,-0.025241505354642868,0.3458075225353241,0.4700036346912384,-0.04263819009065628,0.34631776809692383,0.4960871934890747,-0.04954728111624718,0.2888832092285156,0.5374360680580139,-0.006907277274876833,0.30187761783599854,0.48407840728759766,-0.040238358080387115,0.3004550635814667,0.5341067910194397,-0.04680538922548294,0.2936161458492279,0.5842129588127136,-0.04278382286429405,0.24937254190444946,0.5471542477607727,-0.018694967031478882,0.2645016312599182,0.5097583532333374,-0.04354464262723923,0.2703772783279419,0.5465298295021057,-0.046038348227739334,0.2717691659927368,0.5856065154075623,-0.042329300194978714
NO,0.24702401459217072,0.7171006798744202,7.391642498077999e-08,0.30411115288734436,0.685073733329773,-0.022408857941627502,0.3281112611293793,0.6272324323654175,-0.03456316143274307,0.3373970687389374,0.5622273683547974,-0.04985307902097702,0.35630369186401367,0.5102052688598633,-0.062433358281850815,0.35300755500793457,0.5464458465576172,0.0066346158273518085,0.3803243339061737,0.4782610535621643,-0.023284364491701126,0.3845119774341583,0.471661239862442,-0.04660416767001152,0.3779631555080414,0.4962606132030487,-0.05721041560173035,0.3172769546508789,0.5315969586372375,0.0038120627868920565,0.33561503887176514,0.44885751605033875,-0.026782365515828133,0.3390720784664154,0.46036508679389954,-0.04487350955605507,0.3423263430595398,0.4862348735332489,-0.05072527378797531,0.27840372920036316,0.5315254926681519,-0.005514676216989756,0.2928791344165802,0.48161056637763977,-0.04261745139956474,0.2907257378101349,0.5351947546005249,-0.04917386546730995,0.2850531339645386,0.5856427550315857,-0.043073948472738266,0.23703190684318542,0.5420702695846558,-0.01702323742210865,0.2524840533733368,0.503487229347229,-0.04367182403802872,0.26007333397865295,0.5424458980560303,-0.04529006406664848,0.26438742876052856,0.5832261443138123,-0.039698440581560135
NO,0.24702401459217072,0.7171006798744202,7.391642498077999e-08,0.30411115288734436,0.685073733329773,-0.022408857941627502,0.3281112611293793,0.6272324323654175,-0.03456316143274307,0.3373970687389374,0.5622273683547974,-0.04985307902097702,0.35630369186401367,0.5102052688598633,-0.062433358281850815,0.35300755500793457,0.5464458465576172,0.0066346158273518085,0.3803243339061737,0.4782610535621643,-0.023284364491701126,0.3845119774341583,0.471661239862442,-0.04660416767001152,0.3779631555080414,0.4962606132030487,-0.05721041560173035,0.3172769546508789,0.5315969586372375,0.0038120627868920565,0.33561503887176514,0.44885751605033875,-0.026782365515828133,0.3390720784664154,0.46036508679389954,-0.04487350955605507,0.3423263430595398,0.4862348735332489,-0.05072527378797531,0.27840372920036316,0.5315254926681519,-0.005514676216989756,0.2928791344165802,0.48161056637763977,-0.04261745139956474,0.2907257378101349,0.5351947546005249,-0.04917386546730995,0.2850531339645386,0.5856427550315857,-0.043073948472738266,0.23703190684318542,0.5420702695846558,-0.01702323742210865,0.2524840533733368,0.503487229347229,-0.04367182403802872,0.26007333397865295,0.5424458980560303,-0.04529006406664848,0.26438742876052856,0.5832261443138123,-0.039698440581560135
NO,0.2380041480064392,0.716170608997345,7.852237615679769e-08,0.2933011054992676,0.6850833296775818,-0.025944719091057777,0.31774571537971497,0.6262839436531067,-0.03947129473090172,0.3285166919231415,0.5601547360420227,-0.055802930146455765,0.3497670590877533,0.509396493434906,-0.06958029419183731,0.3467937409877777,0.5505985021591187,0.009123342111706734,0.3739195764064789,0.48450106382369995,-0.022108135744929314,0.3748287558555603,0.46782422065734863,-0.04950546845793724,0.3607899248600006,0.4855501353740692,-0.06376347690820694,0.31048959493637085,0.5320575833320618,0.00722309947013855,0.33086907863616943,0.44652342796325684,-0.02347986027598381,0.33107760548591614,0.45699024200439453,-0.04777677729725838,0.3296523988246918,0.483463317155838,-0.05957607179880142,0.27080535888671875,0.5293158292770386,-0.0016611783066764474,0.2853579819202423,0.47319549322128296,-0.037230294197797775,0.28651541471481323,0.5173290967941284,-0.05106853321194649,0.279649943113327,0.5643056631088257,-0.052365854382514954,0.2280295491218567,0.5380035638809204,-0.013052109628915787,0.24391168355941772,0.5000962615013123,-0.039609506726264954,0.2509928345680237,0.5333034992218018,-0.04685983061790466,0.2529180645942688,0.5717015862464905,-0.0472785159945488
NO,0.22815284132957458,0.7134021520614624,7.302980264967118e-08,0.28461340069770813,0.6806067824363708,-0.025446275249123573,0.30985355377197266,0.6208953261375427,-0.040710583329200745,0.3213639259338379,0.5534161329269409,-0.058882858604192734,0.34313517808914185,0.5047289729118347,-0.07410050928592682,0.3390845060348511,0.5424317121505737,0.007250996306538582,0.36456313729286194,0.47130492329597473,-0.024918843060731888,0.36401012539863586,0.46023425459861755,-0.04970903694629669,0.34959128499031067,0.4824715852737427,-0.06170455738902092,0.302530974149704,0.5255265235900879,0.004536322318017483,0.32574138045310974,0.4438466429710388,-0.02802017703652382,0.3189961910247803,0.46442195773124695,-0.04664134979248047,0.31428179144859314,0.4949439764022827,-0.052228961139917374,0.2627289295196533,0.5233080387115479,-0.005304355639964342,0.2759886384010315,0.4679723083972931,-0.04327111691236496,0.269328773021698,0.5163572430610657,-0.048845987766981125,0.26170605421066284,0.5601386427879333,-0.042793337255716324,0.21949702501296997,0.5324444770812988,-0.017717817798256874,0.23063895106315613,0.5000613927841187,-0.0455133430659771,0.23388424515724182,0.5384157299995422,-0.04763813689351082,0.2366151362657547,0.574061930179596,-0.04282543063163757
NO,0.22345109283924103,0.7106719017028809,-6.260152396464491e-09,0.27809178829193115,0.679938018321991,-0.02999137155711651,0.30465221405029297,0.614256739616394,-0.04725775122642517,0.3125962018966675,0.5473129153251648,-0.06667068600654602,0.33562853932380676,0.49914640188217163,-0.08309634029865265,0.33123302459716797,0.5258697271347046,-0.003639626782387495,0.3537186086177826,0.4474216103553772,-0.03994179517030716,0.3509148359298706,0.44824695587158203,-0.06826895475387573,0.3346599340438843,0.48165833950042725,-0.08199824392795563,0.29276785254478455,0.512827455997467,-0.005864356644451618,0.31200066208839417,0.4210597574710846,-0.03982170298695564,0.3086794316768646,0.44241946935653687,-0.061091795563697815,0.30385300517082214,0.47719845175743103,-0.06966452300548553,0.25150060653686523,0.5154379606246948,-0.015306040644645691,0.26035478711128235,0.4573296308517456,-0.05435214564204216,0.2574225962162018,0.5125958323478699,-0.06313242018222809,0.25154510140419006,0.5633758306503296,-0.059983447194099426,0.20812064409255981,0.5293512940406799,-0.027533214539289474,0.21710105240345,0.4879583716392517,-0.05605591461062431,0.22111713886260986,0.5294420719146729,-0.059025175869464874,0.22269679605960846,0.5695115923881531,-0.05557494983077049
NO,0.20642118155956268,0.7158647179603577,7.03432476711896e-08,0.26396292448043823,0.6843245029449463,-0.031030358746647835,0.29252564907073975,0.6210806965827942,-0.04852966591715813,0.301667183637619,0.5520142316818237,-0.0679997056722641,0.319186806678772,0.49604904651641846,-0.08436953276395798,0.3189930021762848,0.5271772742271423,-0.0033244367223232985,0.33937716484069824,0.4495497941970825,-0.04137285053730011,0.33933523297309875,0.44356030225753784,-0.0700450986623764,0.32707491517066956,0.4714006185531616,-0.08357872813940048,0.2802062928676605,0.5113210082054138,-0.005303398706018925,0.30069881677627563,0.42039960622787476,-0.04226542264223099,0.30018094182014465,0.4357967674732208,-0.06310055404901505,0.29687342047691345,0.46819037199020386,-0.06997182965278625,0.23771463334560394,0.5129164457321167,-0.014895095489919186,0.24981486797332764,0.4512922763824463,-0.05811759829521179,0.24761486053466797,0.5070268511772156,-0.0652378648519516,0.24093113839626312,0.5632664561271667,-0.05873088911175728,0.19164922833442688,0.526563286781311,-0.027355507016181946,0.20433418452739716,0.48413434624671936,-0.06022142991423607,0.21133513748645782,0.5262041091918945,-0.06317546218633652,0.214584082365036,0.5704405307769775,-0.057629939168691635
NO,0.19763995707035065,0.7195642590522766,1.33513566424881e-07,0.2551843822002411,0.6786774396896362,-0.02611270733177662,0.2821226716041565,0.6128426194190979,-0.043543342500925064,0.2916754186153412,0.5467624068260193,-0.06417331099510193,0.30716097354888916,0.4931405186653137,-0.08142960071563721,0.3082140386104584,0.5172708034515381,0.0021484510507434607,0.33078595995903015,0.4396892786026001,-0.034042466431856155,0.33451735973358154,0.4378165602684021,-0.060775790363550186,0.32204562425613403,0.4722920358181,-0.07285386323928833,0.2673895061016083,0.5022743344306946,-0.0021003223955631256,0.29086148738861084,0.40978020429611206,-0.03806798905134201,0.28871750831604004,0.44034668803215027,-0.05633416399359703,0.28406715393066406,0.4797753393650055,-0.06038587540388107,0.2238035649061203,0.5045205950737,-0.013592544943094254,0.23748043179512024,0.4468051493167877,-0.05490454286336899,0.2370937466621399,0.5087474584579468,-0.05933898314833641,0.23108482360839844,0.561577558517456,-0.05102767050266266,0.17682108283042908,0.5197222828865051,-0.027590801939368248,0.1917209029197693,0.4848100543022156,-0.05744228884577751,0.20188263058662415,0.5307304859161377,-0.0582386776804924,0.2074887454509735,0.5725827217102051,-0.05149175599217415
NO,0.18967431783676147,0.7222632765769958,1.1819983569694159e-07,0.2457524836063385,0.6828396320343018,-0.02677972801029682,0.270986407995224,0.6157483458518982,-0.04510660842061043,0.2779732346534729,0.5466794371604919,-0.06680267304182053,0.29499930143356323,0.49319371581077576,-0.08505631983280182,0.3000105023384094,0.5177858471870422,0.0017589698545634747,0.32438841462135315,0.4419002830982208,-0.03587554767727852,0.3278930187225342,0.43597549200057983,-0.06279324740171432,0.3143565058708191,0.47050923109054565,-0.07444965094327927,0.2575647830963135,0.5017529129981995,-0.0026223959866911173,0.28155675530433655,0.41008734703063965,-0.040041450411081314,0.27785593271255493,0.4360813498497009,-0.058505963534116745,0.27312758564949036,0.4732646048069,-0.06194141134619713,0.2121829390525818,0.5043696165084839,-0.014371701516211033,0.22254721820354462,0.44583654403686523,-0.05546320602297783,0.2226426750421524,0.5099789500236511,-0.058298565447330475,0.21977442502975464,0.5660666823387146,-0.0484253391623497,0.16314178705215454,0.5218379497528076,-0.02880658023059368,0.17445391416549683,0.47867321968078613,-0.057027366012334824,0.18513070046901703,0.5263598561286926,-0.05560130625963211,0.19349753856658936,0.5737785696983337,-0.04702727496623993
NO,0.18547379970550537,0.7303435802459717,1.0470594702383096e-07,0.24071046710014343,0.68788081407547,-0.02262965403497219,0.2653442323207855,0.6174681186676025,-0.038575898855924606,0.2716992199420929,0.5485177636146545,-0.058853380382061005,0.28702718019485474,0.4956912100315094,-0.0757405012845993,0.2948160171508789,0.5201353430747986,0.004150323569774628,0.3202335238456726,0.4426174461841583,-0.034053392708301544,0.3211996555328369,0.4307682514190674,-0.062178898602724075,0.30492255091667175,0.4626993238925934,-0.07427392899990082,0.25149425864219666,0.5033503174781799,-0.0020945288706570864,0.27454128861427307,0.4107646048069,-0.04100222885608673,0.27271825075149536,0.42330485582351685,-0.06218297407031059,0.2666477859020233,0.45760852098464966,-0.06763830035924911,0.2046169936656952,0.5061349272727966,-0.015252471901476383,0.21351639926433563,0.4421866536140442,-0.05637941509485245,0.21366296708583832,0.5068163871765137,-0.06073785945773125,0.2110201120376587,0.5715497136116028,-0.05157246068120003,0.15464627742767334,0.5243030190467834,-0.030822504311800003,0.16547739505767822,0.47641220688819885,-0.0591108538210392,0.17660722136497498,0.5231013894081116,-0.05850750952959061,0.18577344715595245,0.5776981115341187,-0.05013108626008034
NO,0.1789684146642685,0.725564181804657,1.8593819106627052e-07,0.23467764258384705,0.6889384388923645,-0.030762702226638794,0.25840091705322266,0.6186162829399109,-0.05058059096336365,0.26584702730178833,0.5504274964332581,-0.0745818167924881,0.2837628126144409,0.49777960777282715,-0.09481864422559738,0.29623258113861084,0.5140194892883301,0.0077762724831700325,0.31991517543792725,0.43736007809638977,-0.03488782420754433,0.31851208209991455,0.4265165328979492,-0.06699512153863907,0.2983900308609009,0.46568891406059265,-0.08060052245855331,0.25014716386795044,0.49839797616004944,0.0041007958352565765,0.27157363295555115,0.40480026602745056,-0.041418757289648056,0.26483768224716187,0.4258963465690613,-0.06800905615091324,0.2578172981739044,0.46845489740371704,-0.07422581315040588,0.2023361325263977,0.5008217692375183,-0.008130036294460297,0.20963197946548462,0.4426743984222412,-0.057149358093738556,0.20925666391849518,0.5097365975379944,-0.06882214546203613,0.20816320180892944,0.5763722658157349,-0.061640869826078415,0.15096400678157806,0.5202065110206604,-0.023133723065257072,0.16129711270332336,0.48052406311035156,-0.0570254847407341,0.17120006680488586,0.5298299789428711,-0.06116428226232529,0.18189314007759094,0.5860987305641174,-0.054477766156196594
NO,0.18204620480537415,0.7294682264328003,1.758295979925606e-07,0.23297812044620514,0.6960242986679077,-0.029724759981036186,0.2572978436946869,0.6243084669113159,-0.04896722733974457,0.2620789408683777,0.555711567401886,-0.07201173156499863,0.2759568989276886,0.49841082096099854,-0.0916287750005722,0.29167789220809937,0.5255417823791504,0.0028088486287742853,0.3136184811592102,0.44785454869270325,-0.03841276094317436,0.3141688108444214,0.4307921528816223,-0.06916066259145737,0.2962205111980438,0.46300095319747925,-0.08292392641305923,0.24563947319984436,0.5088679194450378,-0.0013864843640476465,0.26476988196372986,0.41379788517951965,-0.04594628885388374,0.2613595128059387,0.42438822984695435,-0.07217112928628922,0.25446075201034546,0.4584459364414215,-0.0794362872838974,0.19742265343666077,0.5122398138046265,-0.013355713337659836,0.19935455918312073,0.44519394636154175,-0.059693340212106705,0.20389652252197266,0.5129841566085815,-0.06975796073675156,0.20658715069293976,0.5805080533027649,-0.06309446692466736,0.14747701585292816,0.5342928171157837,-0.028114330023527145,0.15201866626739502,0.4863247573375702,-0.06107740104198456,0.165248841047287,0.5354059934616089,-0.06540685147047043,0.17957420647144318,0.5923478007316589,-0.059973761439323425
NO,0.17726290225982666,0.7329581379890442,1.3300443413299945e-07,0.23262739181518555,0.6999636292457581,-0.03452416881918907,0.2559987008571625,0.6329164505004883,-0.05709724873304367,0.2642557621002197,0.5658340454101562,-0.0832122415304184,0.2751920521259308,0.5041536688804626,-0.10563111305236816,0.29424217343330383,0.5235570073127747,0.0016265573212876916,0.3160284757614136,0.4424871504306793,-0.04321950674057007,0.3096223771572113,0.4323442578315735,-0.07487501949071884,0.287148118019104,0.47363609075546265,-0.08775487542152405,0.24843309819698334,0.5063164234161377,-0.0009272845345549285,0.26694461703300476,0.4082257151603699,-0.046107519418001175,0.25487467646598816,0.43330812454223633,-0.06886646896600723,0.2502979636192322,0.4757945239543915,-0.07217063754796982,0.20118173956871033,0.5089278221130371,-0.012636067345738411,0.20267874002456665,0.4493449330329895,-0.06167619302868843,0.20061442255973816,0.5183624029159546,-0.07109230011701584,0.20383673906326294,0.5855081081390381,-0.06262105703353882,0.15059609711170197,0.5304866433143616,-0.027506457641720772,0.15216651558876038,0.4869188964366913,-0.0610126331448555,0.16148436069488525,0.5356461405754089,-0.06441792845726013,0.175620436668396,0.5932733416557312,-0.0576176717877388
NO,0.17871630191802979,0.7427822351455688,1.463843801730036e-07,0.236487478017807,0.7025708556175232,-0.027206730097532272,0.2619096040725708,0.6316955089569092,-0.0458647683262825,0.2711980938911438,0.5639194250106812,-0.06925483793020248,0.28401947021484375,0.5074670314788818,-0.08936936408281326,0.29506638646125793,0.530268132686615,0.005447382107377052,0.3182900846004486,0.4508674740791321,-0.03695370629429817,0.31854337453842163,0.4360094666481018,-0.06807110458612442,0.3006499707698822,0.47167959809303284,-0.08089970052242279,0.24948571622371674,0.5129621624946594,0.00011863544204970822,0.26954013109207153,0.4141223132610321,-0.04412153363227844,0.26456886529922485,0.4284786581993103,-0.06773015111684799,0.25740349292755127,0.47069042921066284,-0.07239307463169098,0.2018635869026184,0.5152745842933655,-0.013318960554897785,0.20741091668605804,0.4493239223957062,-0.06009433791041374,0.2075147032737732,0.5145243406295776,-0.06895846873521805,0.20656122267246246,0.585317850112915,-0.06055063009262085,0.15111254155635834,0.534541666507721,-0.0294997189193964,0.15755942463874817,0.48674896359443665,-0.061418317258358,0.16793414950370789,0.5331418514251709,-0.0644010379910469,0.17877450585365295,0.5922132134437561,-0.057409901171922684
NO,0.1828136444091797,0.7437096238136292,1.9829386133096705e-07,0.24248521029949188,0.7017987966537476,-0.028871946036815643,0.26567623019218445,0.6307613849639893,-0.048908133059740067,0.27361613512039185,0.5617557764053345,-0.07309135049581528,0.2919297218322754,0.5065231323242188,-0.09383587539196014,0.29724377393722534,0.5282591581344604,0.009153425693511963,0.31543877720832825,0.4510907232761383,-0.03144728019833565,0.31704139709472656,0.44078314304351807,-0.06126035749912262,0.2986346483230591,0.47495079040527344,-0.0732838585972786,0.2535041570663452,0.5120533108711243,0.004626471549272537,0.27745842933654785,0.41506558656692505,-0.03619400039315224,0.2711733877658844,0.4420178532600403,-0.057358138263225555,0.26215413212776184,0.4840950071811676,-0.059721868485212326,0.2077929973602295,0.5141639709472656,-0.008419730700552464,0.2180263102054596,0.4553886950016022,-0.054024841636419296,0.21593041718006134,0.5242093205451965,-0.06049688905477524,0.2119462788105011,0.583950400352478,-0.05005723610520363,0.15818533301353455,0.5333749651908875,-0.02421228028833866,0.16944760084152222,0.49133482575416565,-0.055055879056453705,0.17919862270355225,0.5424821972846985,-0.05518348887562752,0.18797412514686584,0.5938718318939209,-0.045731183141469955
NO,0.18653634190559387,0.7454723119735718,1.6140310776791011e-07,0.24685883522033691,0.7072911262512207,-0.03382984176278114,0.27546748518943787,0.6325964331626892,-0.05439845100045204,0.28426310420036316,0.5606530904769897,-0.07750222831964493,0.3053925931453705,0.5043966174125671,-0.09712692350149155,0.3016683757305145,0.5325581431388855,-0.00181074277497828,0.3192916512489319,0.45106375217437744,-0.04425691440701485,0.32111987471580505,0.4412359595298767,-0.07753768563270569,0.308621346950531,0.4736454486846924,-0.09333700686693192,0.25861868262290955,0.5175384283065796,-0.003933627624064684,0.27795693278312683,0.41939496994018555,-0.04665849730372429,0.2811870574951172,0.43360254168510437,-0.07281292974948883,0.2783452272415161,0.46995460987091064,-0.0820581242442131,0.21291205286979675,0.5203617811203003,-0.014445644803345203,0.2238674759864807,0.45427608489990234,-0.06246715784072876,0.22791685163974762,0.5148192644119263,-0.07501577585935593,0.22297300398349762,0.5799070596694946,-0.0707564577460289,0.16344906389713287,0.5367749333381653,-0.02804478257894516,0.17705866694450378,0.49225834012031555,-0.0636037290096283,0.19019794464111328,0.536662220954895,-0.0704113021492958,0.19734294712543488,0.5886760354042053,-0.06711772829294205
NO,0.18653634190559387,0.7454723119735718,1.6140310776791011e-07,0.24685883522033691,0.7072911262512207,-0.03382984176278114,0.27546748518943787,0.6325964331626892,-0.05439845100045204,0.28426310420036316,0.5606530904769897,-0.07750222831964493,0.3053925931453705,0.5043966174125671,-0.09712692350149155,0.3016683757305145,0.5325581431388855,-0.00181074277497828,0.3192916512489319,0.45106375217437744,-0.04425691440701485,0.32111987471580505,0.4412359595298767,-0.07753768563270569,0.308621346950531,0.4736454486846924,-0.09333700686693192,0.25861868262290955,0.5175384283065796,-0.003933627624064684,0.27795693278312683,0.41939496994018555,-0.04665849730372429,0.2811870574951172,0.43360254168510437,-0.07281292974948883,0.2783452272415161,0.46995460987091064,-0.0820581242442131,0.21291205286979675,0.5203617811203003,-0.014445644803345203,0.2238674759864807,0.45427608489990234,-0.06246715784072876,0.22791685163974762,0.5148192644119263,-0.07501577585935593,0.22297300398349762,0.5799070596694946,-0.0707564577460289,0.16344906389713287,0.5367749333381653,-0.02804478257894516,0.17705866694450378,0.49225834012031555,-0.0636037290096283,0.19019794464111328,0.536662220954895,-0.0704113021492958,0.19734294712543488,0.5886760354042053,-0.06711772829294205
NO,0.20983092486858368,0.7289912700653076,1.4604817977215134e-07,0.2670173943042755,0.6965113282203674,-0.03253826126456261,0.2937457859516144,0.6332293748855591,-0.05295637995004654,0.3005974590778351,0.5635898113250732,-0.07567288726568222,0.31800273060798645,0.5084009170532227,-0.0950223058462143,0.3180127441883087,0.5315739512443542,-0.006108365952968597,0.3387756645679474,0.4460052251815796,-0.04767324775457382,0.3426203727722168,0.4422715902328491,-0.07857789844274521,0.33029648661613464,0.48171716928482056,-0.09249170124530792,0.27577346563339233,0.5185406804084778,-0.008211290463805199,0.29600778222084045,0.4177559018135071,-0.0497930608689785,0.2958575487136841,0.44172000885009766,-0.07368699461221695,0.29218921065330505,0.48340219259262085,-0.08107665181159973,0.23179560899734497,0.5220720171928406,-0.01791011169552803,0.24222984910011292,0.4634573459625244,-0.06377439200878143,0.2440892606973648,0.5238858461380005,-0.07333444803953171,0.24005718529224396,0.5811175107955933,-0.0677008181810379,0.18472856283187866,0.538209855556488,-0.030457675457000732,0.19781173765659332,0.5010912418365479,-0.06328252702951431,0.2074798196554184,0.5476018786430359,-0.06694822013378143,0.21266186237335205,0.5924387574195862,-0.06183924153447151
NO,0.21738648414611816,0.7271225452423096,9.456813643282658e-08,0.2715756297111511,0.6972797513008118,-0.026634473353624344,0.2988510727882385,0.6325395107269287,-0.043646570295095444,0.30685853958129883,0.5650366544723511,-0.06328731775283813,0.3270840048789978,0.5153965950012207,-0.0798356756567955,0.32275691628456116,0.537984311580658,-0.007728915195912123,0.34466442465782166,0.4509875178337097,-0.045538660138845444,0.3477415442466736,0.44598153233528137,-0.07275260984897614,0.33584100008010864,0.4801267683506012,-0.08449817448854446,0.2825697362422943,0.5241948962211609,-0.011281304061412811,0.3033663332462311,0.4284640848636627,-0.04870730638504028,0.3050600290298462,0.44487127661705017,-0.06870528310537338,0.30087924003601074,0.48262321949005127,-0.07435819506645203,0.24017687141895294,0.5274046659469604,-0.0212739035487175,0.25046584010124207,0.4667253792285919,-0.06297717243432999,0.2522887587547302,0.5242197513580322,-0.07056699693202972,0.24863100051879883,0.5830059051513672,-0.06455536186695099,0.1957751214504242,0.5437450408935547,-0.03361481800675392,0.20806655287742615,0.5049914121627808,-0.06482020765542984,0.21793553233146667,0.5496529340744019,-0.06813770532608032,0.22375144064426422,0.5974167585372925,-0.06291774660348892
NO,0.2266424298286438,0.7264588475227356,9.049563232110813e-08,0.28063511848449707,0.6968700885772705,-0.026717185974121094,0.30695533752441406,0.6360246539115906,-0.04436327889561653,0.31472527980804443,0.5710718035697937,-0.06464198976755142,0.33286920189857483,0.5194339156150818,-0.08200466632843018,0.3286064565181732,0.538780152797699,-0.007662910036742687,0.35156068205833435,0.4557696282863617,-0.045625973492860794,0.3552875816822052,0.4540454149246216,-0.07399559020996094,0.34151843190193176,0.4885749816894531,-0.08695176243782043,0.29026341438293457,0.5263051390647888,-0.011643916368484497,0.31219282746315,0.428164005279541,-0.04773992300033569,0.31451740860939026,0.4489704668521881,-0.06923499703407288,0.3104134202003479,0.4864034652709961,-0.07717115432024002,0.24896851181983948,0.5296947956085205,-0.021959884092211723,0.25820669531822205,0.4698580205440521,-0.06102832779288292,0.26109522581100464,0.5256416201591492,-0.06926995515823364,0.2581756114959717,0.5786601305007935,-0.0654323622584343,0.2051057070493698,0.5451977252960205,-0.0347377248108387,0.21550913155078888,0.5044708847999573,-0.06246495246887207,0.22455161809921265,0.5476024150848389,-0.06484682857990265,0.22942093014717102,0.5916706323623657,-0.060602616518735886
NO,0.22993046045303345,0.7294365167617798,1.057283256500341e-07,0.28563588857650757,0.7006282210350037,-0.03063678741455078,0.30970874428749084,0.6437434554100037,-0.049587320536375046,0.3187705874443054,0.5791054964065552,-0.07082226127386093,0.33735597133636475,0.5218578577041626,-0.08956639468669891,0.3376157283782959,0.5506818294525146,-0.0038025027606636286,0.36101043224334717,0.4786537289619446,-0.04376213252544403,0.3602805435657501,0.4671494960784912,-0.07582113146781921,0.3432699143886566,0.49382105469703674,-0.09150329977273941,0.2985679805278778,0.5350040197372437,-0.006021994631737471,0.3199259638786316,0.44259732961654663,-0.04444969817996025,0.31712931394577026,0.46386128664016724,-0.07076356559991837,0.31405186653137207,0.4981292486190796,-0.08173003047704697,0.25708189606666565,0.536048948764801,-0.015308290719985962,0.2651318311691284,0.4827924370765686,-0.05555054172873497,0.26699450612068176,0.5337064266204834,-0.06936648488044739,0.2641472816467285,0.581912100315094,-0.06937624514102936,0.21154692769050598,0.5495368242263794,-0.0273539237678051,0.22304445505142212,0.5132961273193359,-0.05382148548960686,0.23182696104049683,0.5496456027030945,-0.05926783010363579,0.23783814907073975,0.5888941287994385,-0.05806738883256912
NO,0.24160438776016235,0.7293885946273804,6.446501288337458e-08,0.29875266551971436,0.6975955963134766,-0.023064443841576576,0.32242926955223083,0.6427244544029236,-0.03811417520046234,0.33346185088157654,0.5809412598609924,-0.05641893669962883,0.35325974225997925,0.5302791595458984,-0.07194890826940536,0.34741127490997314,0.5570697784423828,0.0011274854186922312,0.3758203387260437,0.4888956546783447,-0.03276606649160385,0.37424206733703613,0.4833363890647888,-0.05763585865497589,0.3596296012401581,0.5101948380470276,-0.06814052909612656,0.3109476566314697,0.5429038405418396,-0.0024915942922234535,0.3314499258995056,0.4549027383327484,-0.035392895340919495,0.33186423778533936,0.4710421562194824,-0.05339356139302254,0.3305971324443817,0.5030127167701721,-0.0584571436047554,0.27193596959114075,0.5437411665916443,-0.012468504719436169,0.28549009561538696,0.4956538677215576,-0.05052683874964714,0.2842657268047333,0.5492590665817261,-0.056545890867710114,0.2788163125514984,0.5988497734069824,-0.04979142174124718,0.23030684888362885,0.5551664233207703,-0.024573713541030884,0.24652200937271118,0.5176164507865906,-0.05046850070357323,0.25507715344429016,0.5573869943618774,-0.050594672560691833,0.2588123679161072,0.5984829068183899,-0.04381214454770088
NO,0.24962031841278076,0.7349132895469666,-5.531000102365624e-10,0.3056722581386566,0.701173722743988,-0.021986138075590134,0.3296544551849365,0.6448132395744324,-0.03703024610877037,0.3418267071247101,0.5835128426551819,-0.055330924689769745,0.36148276925086975,0.5311915278434753,-0.07099927216768265,0.35310155153274536,0.5585148930549622,-0.0003171444986946881,0.37574541568756104,0.48782622814178467,-0.03335552290081978,0.369597464799881,0.4897155165672302,-0.05825464800000191,0.3546384572982788,0.5216030478477478,-0.06965500116348267,0.3181231617927551,0.5461976528167725,-0.004620054271072149,0.33846569061279297,0.4608549475669861,-0.03559217229485512,0.3357146978378296,0.4807422459125519,-0.05329613760113716,0.3331318497657776,0.5140563249588013,-0.059510014951229095,0.2799387574195862,0.548053503036499,-0.015007027424871922,0.2922855317592621,0.4972802400588989,-0.04977843537926674,0.2907726764678955,0.5507605075836182,-0.05513373017311096,0.28602248430252075,0.6011127829551697,-0.05000310391187668,0.23888583481311798,0.5607986450195312,-0.027645980939269066,0.25266945362091064,0.522977352142334,-0.051633257418870926,0.2608368694782257,0.5624399185180664,-0.051985964179039,0.2652054727077484,0.6025437712669373,-0.04675552621483803
NO,0.25611990690231323,0.7336618900299072,4.830411626244313e-09,0.30987992882728577,0.7032685279846191,-0.023286495357751846,0.3353842496871948,0.648097038269043,-0.037687476724386215,0.3489113450050354,0.5896414518356323,-0.05468141660094261,0.367022842168808,0.5393162369728088,-0.06893986463546753,0.35992246866226196,0.5688267350196838,-0.002213489729911089,0.3856525123119354,0.5003937482833862,-0.033907368779182434,0.37820950150489807,0.4940975308418274,-0.05897589772939682,0.36147579550743103,0.5185869336128235,-0.07105262577533722,0.3254544138908386,0.5561540722846985,-0.00516692828387022,0.3434712588787079,0.4762212038040161,-0.034347884356975555,0.3435273766517639,0.4827215075492859,-0.05264820531010628,0.34269851446151733,0.5060707926750183,-0.06103619933128357,0.28785133361816406,0.5562644004821777,-0.014214747585356236,0.30048030614852905,0.5059918165206909,-0.0468282513320446,0.29950547218322754,0.5531398057937622,-0.05351140350103378,0.2932390570640564,0.6021857857704163,-0.0507638156414032,0.24831295013427734,0.5650627017021179,-0.02579461596906185,0.263238787651062,0.5304427146911621,-0.04877157136797905,0.2683735191822052,0.5652124881744385,-0.05053156986832619,0.26894670724868774,0.6016042828559875,-0.04725753888487816
NO,0.2628691792488098,0.7350122928619385,2.4210532245660943e-08,0.3148745596408844,0.7038859128952026,-0.02108016610145569,0.34007203578948975,0.647722601890564,-0.034636784344911575,0.3537376821041107,0.5886679887771606,-0.05063323304057121,0.37360167503356934,0.5409718751907349,-0.06381870061159134,0.3628953695297241,0.5702282786369324,-0.0021484349854290485,0.38616541028022766,0.5017419457435608,-0.0310483630746603,0.38451725244522095,0.49697035551071167,-0.052590206265449524,0.37399178743362427,0.5201483964920044,-0.06273005902767181,0.3295116126537323,0.5578068494796753,-0.005317571572959423,0.3475125730037689,0.4804694950580597,-0.032557614147663116,0.35007330775260925,0.48934152722358704,-0.04721315950155258,0.35062646865844727,0.5113787651062012,-0.05276130512356758,0.29264771938323975,0.5589842200279236,-0.014097006060183048,0.3040422797203064,0.505210280418396,-0.04550398141145706,0.30490535497665405,0.5537986159324646,-0.04915078356862068,0.3013061583042145,0.6021522879600525,-0.044180046766996384,0.2545435428619385,0.5702047348022461,-0.025128338485956192,0.26756420731544495,0.5359466671943665,-0.04844415932893753,0.27544963359832764,0.572287917137146,-0.049488507211208344,0.27979302406311035,0.608501136302948,-0.04523596540093422
NO,0.2675876021385193,0.7346764802932739,5.494130483896242e-09,0.3188703954219818,0.705260157585144,-0.019333740696310997,0.344379723072052,0.6514062881469727,-0.03224178031086922,0.3576747477054596,0.5929064154624939,-0.04807931184768677,0.37656596302986145,0.5456914901733398,-0.06109451502561569,0.3641984164714813,0.5722306370735168,-0.001043182797729969,0.3876550495624542,0.5028424859046936,-0.030112432315945625,0.38312217593193054,0.49812841415405273,-0.050839219242334366,0.37014591693878174,0.5237230062484741,-0.05962422490119934,0.3314063847064972,0.5604454874992371,-0.004767270293086767,0.35279378294944763,0.4841008186340332,-0.032194800674915314,0.3525365889072418,0.49266213178634644,-0.04569116234779358,0.3506183624267578,0.5155535936355591,-0.04927993193268776,0.29557788372039795,0.5618966221809387,-0.013924919068813324,0.3085344433784485,0.5105677247047424,-0.0447404570877552,0.30701184272766113,0.5606957674026489,-0.04635309800505638,0.3023712933063507,0.6097065806388855,-0.03913745656609535,0.2585388720035553,0.5733240246772766,-0.025279784575104713,0.2724662721157074,0.5376579165458679,-0.04682737588882446,0.27983376383781433,0.5730254054069519,-0.04560266062617302,0.28381240367889404,0.608941912651062,-0.03928448259830475
NO,0.2689746618270874,0.7386766076087952,4.8269150454416376e-08,0.3218369781970978,0.7085676193237305,-0.01981266401708126,0.3476549983024597,0.6538418531417847,-0.03225100412964821,0.36161428689956665,0.595906138420105,-0.04775165766477585,0.38252151012420654,0.5483231544494629,-0.06055393069982529,0.3626609146595001,0.5728632211685181,0.002879525301977992,0.3840542435646057,0.5056401491165161,-0.02633517049252987,0.3843621611595154,0.5006687641143799,-0.048229023814201355,0.3733610212802887,0.5259762406349182,-0.05765211582183838,0.33181232213974,0.5631621479988098,-0.0003626793040893972,0.35202598571777344,0.48941850662231445,-0.027402343228459358,0.35667648911476135,0.495836466550827,-0.042341288179159164,0.35688695311546326,0.5161983370780945,-0.047288428992033005,0.2969174385070801,0.5650331377983093,-0.009547030553221703,0.31098413467407227,0.5160462260246277,-0.04169737175107002,0.31104058027267456,0.56783127784729,-0.044721003621816635,0.3060227632522583,0.616644561290741,-0.03792702034115791,0.25945809483528137,0.575546145439148,-0.020843055099248886,0.27499687671661377,0.5379114151000977,-0.0433492474257946,0.28272461891174316,0.5759562253952026,-0.04257196933031082,0.28553974628448486,0.6140123605728149,-0.03632427006959915
NO,0.2709859311580658,0.7397783994674683,6.335278612823458e-08,0.3222001791000366,0.7115278244018555,-0.02196558564901352,0.34889286756515503,0.6582836508750916,-0.035402096807956696,0.36428457498550415,0.599671483039856,-0.051164619624614716,0.38488826155662537,0.5516660213470459,-0.0640830248594284,0.3624437153339386,0.5766150951385498,-0.0017346562817692757,0.38538795709609985,0.509444534778595,-0.030775241553783417,0.3865795433521271,0.5054705739021301,-0.052118562161922455,0.3758365213871002,0.5327889919281006,-0.06143947318196297,0.3323524594306946,0.5670974850654602,-0.003972313366830349,0.3533988893032074,0.4931715130805969,-0.030658213421702385,0.3575649857521057,0.5013982653617859,-0.045067183673381805,0.3569446802139282,0.5249045491218567,-0.05021335929632187,0.29817721247673035,0.5696014761924744,-0.011984453536570072,0.3116316795349121,0.5221749544143677,-0.04267118126153946,0.31213822960853577,0.5696094036102295,-0.04543817788362503,0.3074164390563965,0.6159225702285767,-0.03957979008555412,0.26176917552948,0.5799229145050049,-0.022362368181347847,0.27560538053512573,0.5437719821929932,-0.044046349823474884,0.283602774143219,0.5784055590629578,-0.04374626651406288,0.28669503331184387,0.6143513917922974,-0.038474295288324356
NO,0.2709859311580658,0.7397783994674683,6.335278612823458e-08,0.3222001791000366,0.7115278244018555,-0.02196558564901352,0.34889286756515503,0.6582836508750916,-0.035402096807956696,0.36428457498550415,0.599671483039856,-0.051164619624614716,0.38488826155662537,0.5516660213470459,-0.0640830248594284,0.3624437153339386,0.5766150951385498,-0.0017346562817692757,0.38538795709609985,0.509444534778595,-0.030775241553783417,0.3865795433521271,0.5054705739021301,-0.052118562161922455,0.3758365213871002,0.5327889919281006,-0.06143947318196297,0.3323524594306946,0.5670974850654602,-0.003972313366830349,0.3533988893032074,0.4931715130805969,-0.030658213421702385,0.3575649857521057,0.5013982653617859,-0.045067183673381805,0.3569446802139282,0.5249045491218567,-0.05021335929632187,0.29817721247673035,0.5696014761924744,-0.011984453536570072,0.3116316795349121,0.5221749544143677,-0.04267118126153946,0.31213822960853577,0.5696094036102295,-0.04543817788362503,0.3074164390563965,0.6159225702285767,-0.03957979008555412,0.26176917552948,0.5799229145050049,-0.022362368181347847,0.27560538053512573,0.5437719821929932,-0.044046349823474884,0.283602774143219,0.5784055590629578,-0.04374626651406288,0.28669503331184387,0.6143513917922974,-0.038474295288324356
NO,0.2713066041469574,0.7405499219894409,2.4832010225850354e-08,0.32375359535217285,0.7097201347351074,-0.017428115010261536,0.3495178818702698,0.6547399759292603,-0.028668060898780823,0.36526116728782654,0.5979785323143005,-0.04315042868256569,0.38676583766937256,0.5532252192497253,-0.05500468239188194,0.36458712816238403,0.5790128707885742,0.003043650882318616,0.3873386085033417,0.5123074650764465,-0.02399056777358055,0.38693755865097046,0.5069911479949951,-0.04394129663705826,0.3757877051830292,0.5318667888641357,-0.0525246225297451,0.33410564064979553,0.569344162940979,-0.0008939901599660516,0.3546276390552521,0.497172474861145,-0.025626322254538536,0.3576565980911255,0.5028169751167297,-0.03873457759618759,0.3569130599498749,0.5238026976585388,-0.04318641871213913,0.299294650554657,0.5714708566665649,-0.010293517261743546,0.3123847544193268,0.5217306017875671,-0.038928039371967316,0.31239053606987,0.5686813592910767,-0.04058128595352173,0.30798444151878357,0.615906834602356,-0.03421512246131897,0.2627906799316406,0.5815683007240295,-0.02176406793296337,0.27636781334877014,0.5434804558753967,-0.041659045964479446,0.2840060591697693,0.5774138569831848,-0.04027300328016281,0.2873074412345886,0.6143798232078552,-0.034387361258268356
NO,0.2708492875099182,0.7407020330429077,3.547743432363859e-08,0.3215503990650177,0.7125884890556335,-0.022227423265576363,0.3479072153568268,0.6582340002059937,-0.036348339170217514,0.36272668838500977,0.5996924042701721,-0.05302691459655762,0.38440263271331787,0.5541369915008545,-0.06698648631572723,0.36448541283607483,0.577381432056427,-0.0024971270468086004,0.3869081437587738,0.5083122253417969,-0.03234642744064331,0.3865455389022827,0.5047973394393921,-0.053797174245119095,0.37583261728286743,0.5324051380157471,-0.06291628628969193,0.33326321840286255,0.5681365728378296,-0.005121859721839428,0.35446056723594666,0.4928813874721527,-0.03304387256503105,0.35682862997055054,0.5012001991271973,-0.04756587743759155,0.35584089159965515,0.5243100523948669,-0.05204182490706444,0.2986002564430237,0.570638120174408,-0.013562404550611973,0.3124297857284546,0.5206854343414307,-0.045462559908628464,0.3117597997188568,0.5695920586585999,-0.048158545047044754,0.30650031566619873,0.6179637908935547,-0.04146425426006317,0.2619273066520691,0.581250011920929,-0.024366147816181183,0.27410903573036194,0.5405389666557312,-0.0467471182346344,0.2819404900074005,0.5752139687538147,-0.04616555944085121,0.2854151129722595,0.6130828261375427,-0.04019022360444069
NO,0.27016493678092957,0.7431613206863403,2.14462030356799e-08,0.3220781683921814,0.7102346420288086,-0.018140126019716263,0.34725168347358704,0.6550832390785217,-0.030397962778806686,0.36121031641960144,0.5972423553466797,-0.045941099524497986,0.3821393847465515,0.5523955225944519,-0.058929137885570526,0.36045676469802856,0.5718909502029419,0.0017234242986887693,0.3785783350467682,0.5028672814369202,-0.02508707158267498,0.3800196945667267,0.5023245215415955,-0.043977733701467514,0.37341123819351196,0.5328328013420105,-0.05143997073173523,0.3296167254447937,0.5643496513366699,-0.0019322419539093971,0.34860578179359436,0.4892371892929077,-0.026483431458473206,0.35237035155296326,0.4994341731071472,-0.03782058134675026,0.3535946309566498,0.5237308740615845,-0.04010455682873726,0.29561150074005127,0.5681219696998596,-0.011122745461761951,0.31092289090156555,0.5182127952575684,-0.04063708335161209,0.3111870288848877,0.5692583918571472,-0.04130930453538895,0.306576132774353,0.6188977956771851,-0.03314686566591263,0.25936150550842285,0.5808402895927429,-0.02240733616054058,0.27490535378456116,0.5405879616737366,-0.04316315799951553,0.28516286611557007,0.5758410096168518,-0.0414460152387619,0.28966936469078064,0.6138442158699036,-0.03457557410001755
NO,0.268277108669281,0.7391700148582458,4.8313076206341066e-08,0.31896698474884033,0.7093843221664429,-0.01925000734627247,0.3448675870895386,0.653823971748352,-0.031181301921606064,0.357767254114151,0.5956799983978271,-0.04585191607475281,0.3765810430049896,0.5487611293792725,-0.05789642035961151,0.36054879426956177,0.5751919746398926,4.166495273238979e-05,0.3816439211368561,0.5072401165962219,-0.028454391285777092,0.3830496370792389,0.5042037963867188,-0.049368660897016525,0.37367933988571167,0.5316925644874573,-0.058316607028245926,0.3291456401348114,0.5644261240959167,-0.003317391499876976,0.34815144538879395,0.4895334541797638,-0.029676740989089012,0.3541429936885834,0.4961056709289551,-0.04379994422197342,0.35511887073516846,0.5186561346054077,-0.048609621822834015,0.2941909432411194,0.567099928855896,-0.012243770062923431,0.30545324087142944,0.5158411860466003,-0.04249187931418419,0.3065233528614044,0.564143180847168,-0.04547211155295372,0.3025413751602173,0.6126400828361511,-0.03963061422109604,0.25725170969963074,0.57884681224823,-0.023290468379855156,0.26926389336586,0.5395845770835876,-0.04461728036403656,0.2776738703250885,0.5735092163085938,-0.04439229145646095,0.28194311261177063,0.6097515225410461,-0.03917800635099411
NO,0.2585349678993225,0.7374972105026245,2.4471956905358638e-08,0.31091439723968506,0.7064113616943359,-0.020160987973213196,0.33478376269340515,0.6512904763221741,-0.033028047531843185,0.3453378677368164,0.5919761657714844,-0.04897009953856468,0.36368510127067566,0.5428723692893982,-0.06230732426047325,0.3566993474960327,0.5698401927947998,-8.458270713163074e-06,0.3805118203163147,0.5010326504707336,-0.030599916353821754,0.37842148542404175,0.4976409673690796,-0.05317419022321701,0.36556753516197205,0.5256363749504089,-0.06294658035039902,0.3220021724700928,0.5572093725204468,-0.004090333357453346,0.340983510017395,0.4761398434638977,-0.03290071710944176,0.3431505262851715,0.48700952529907227,-0.04868190363049507,0.34327661991119385,0.5136922597885132,-0.05374392494559288,0.28463804721832275,0.5598042607307434,-0.013963112607598305,0.2972481846809387,0.50938880443573,-0.04714912921190262,0.2964944839477539,0.5593113899230957,-0.052154045552015305,0.2919876277446747,0.6085671782493591,-0.04673931375145912,0.24512122571468353,0.5730889439582825,-0.025927143171429634,0.25805315375328064,0.5358155369758606,-0.049432434141635895,0.2675374746322632,0.5711477994918823,-0.050422098487615585,0.2736530900001526,0.6087517738342285,-0.04553570970892906
NO,0.2503352165222168,0.7447428703308105,1.994604259536459e-09,0.30495738983154297,0.7111682891845703,-0.020492445677518845,0.32872042059898376,0.6549137234687805,-0.03321782499551773,0.34021908044815063,0.5917765498161316,-0.04941190406680107,0.36040598154067993,0.544052243232727,-0.06296569854021072,0.35069283843040466,0.5754514336585999,0.002636813558638096,0.3763114809989929,0.5020103454589844,-0.028264060616493225,0.3750942647457123,0.49442124366760254,-0.05164580047130585,0.3646359443664551,0.5181756615638733,-0.062157731503248215,0.3163420259952545,0.5617853999137878,-0.0014779518824070692,0.33648785948753357,0.47631022334098816,-0.03247317671775818,0.3373856246471405,0.4851594567298889,-0.05014260485768318,0.3356836438179016,0.5125234723091125,-0.05606357380747795,0.27895066142082214,0.5623862743377686,-0.011521385051310062,0.29243239760398865,0.5044642686843872,-0.046600356698036194,0.2894093096256256,0.5553443431854248,-0.05222000554203987,0.28276556730270386,0.608887255191803,-0.0465238131582737,0.23903581500053406,0.5732952952384949,-0.023717395961284637,0.24983960390090942,0.5312376618385315,-0.04839461296796799,0.25809359550476074,0.5654051303863525,-0.04984712228178978,0.26286521553993225,0.604520857334137,-0.04488680511713028
NO,0.244312584400177,0.7468006014823914,7.84840903378381e-09,0.2989562749862671,0.7147265076637268,-0.0221801046282053,0.32268962264060974,0.6576749682426453,-0.036468327045440674,0.33341312408447266,0.5942248106002808,-0.053827084600925446,0.35374969244003296,0.5478236079216003,-0.06822925060987473,0.3451383411884308,0.5708679556846619,5.038590097683482e-05,0.37052515149116516,0.4955780506134033,-0.03138267993927002,0.36890408396720886,0.49216556549072266,-0.054899539798498154,0.3569870591163635,0.5190606117248535,-0.06553713232278824,0.30973881483078003,0.5582525134086609,-0.0034864963963627815,0.3320010006427765,0.4704687297344208,-0.03457457572221756,0.3325425684452057,0.48549771308898926,-0.0514124259352684,0.3293085992336273,0.5166143774986267,-0.056607626378536224,0.2718782126903534,0.5595216155052185,-0.012941242195665836,0.28835347294807434,0.502363920211792,-0.048097752034664154,0.2848978340625763,0.555808961391449,-0.051937028765678406,0.27657350897789,0.6074967980384827,-0.04502488672733307,0.23177042603492737,0.5709513425827026,-0.024656780064105988,0.24650675058364868,0.5336359143257141,-0.049664273858070374,0.2523559629917145,0.5726927518844604,-0.049520574510097504,0.2531577944755554,0.6112825274467468,-0.04313765838742256
NO,0.23928816616535187,0.747678279876709,2.6418625509450067e-08,0.2935083210468292,0.7155655026435852,-0.02236010879278183,0.3179689943790436,0.6584608554840088,-0.037042856216430664,0.32877227663993835,0.5954442620277405,-0.05492560192942619,0.3486703336238861,0.5452111959457397,-0.07013755291700363,0.34053701162338257,0.5726914405822754,-0.00033087667543441057,0.36540740728378296,0.5023480653762817,-0.033474668860435486,0.3618028461933136,0.498390257358551,-0.057920318096876144,0.3466780185699463,0.5267354249954224,-0.06875313818454742,0.30434921383857727,0.5580998063087463,-0.00476473243907094,0.32763373851776123,0.4705324172973633,-0.03685985133051872,0.32697853446006775,0.4848843514919281,-0.05449489504098892,0.3228525221347809,0.5157043933868408,-0.05995918810367584,0.26469093561172485,0.5601171255111694,-0.015268000774085522,0.27868664264678955,0.50206059217453,-0.05173703283071518,0.27574342489242554,0.5567711591720581,-0.05639919266104698,0.26853838562965393,0.6112006306648254,-0.049677107483148575,0.2223099172115326,0.5735167264938354,-0.02793652005493641,0.2336588203907013,0.5307154655456543,-0.05346253514289856,0.24277378618717194,0.5662475824356079,-0.053654398769140244,0.24778565764427185,0.606293797492981,-0.047519177198410034
NO,0.23247094452381134,0.7563680410385132,1.6269051883455177e-08,0.28899523615837097,0.7192912101745605,-0.019863471388816833,0.3128510117530823,0.6607552170753479,-0.03314856067299843,0.3219856321811676,0.5963351726531982,-0.05008527263998985,0.3398623764514923,0.5450927019119263,-0.06448588520288467,0.3318383991718292,0.5721851587295532,0.0029802690260112286,0.35553064942359924,0.4950016736984253,-0.03019491396844387,0.35452353954315186,0.4974876046180725,-0.054628193378448486,0.3398164212703705,0.532312273979187,-0.06476818025112152,0.2946833074092865,0.5593520402908325,-0.0023824875243008137,0.31758055090904236,0.4620751440525055,-0.03384217247366905,0.3171883821487427,0.48540595173835754,-0.05197072774171829,0.3127745985984802,0.5243569612503052,-0.057077523320913315,0.2548419237136841,0.563077449798584,-0.013481572270393372,0.2688189744949341,0.5094270706176758,-0.04891584813594818,0.26634469628334045,0.561891496181488,-0.054045286029577255,0.25963103771209717,0.610605776309967,-0.04734838753938675,0.2124614715576172,0.578126847743988,-0.026399405673146248,0.22341996431350708,0.5341741442680359,-0.04898744821548462,0.23226745426654816,0.5705890655517578,-0.04696061089634895,0.23592519760131836,0.6104316711425781,-0.039292484521865845
NO,0.22517216205596924,0.7588772177696228,6.553256781671735e-08,0.279803067445755,0.7278474569320679,-0.0314299650490284,0.30655378103256226,0.6685643196105957,-0.050903111696243286,0.31690025329589844,0.6018434762954712,-0.07220409065485,0.3363206386566162,0.5494886040687561,-0.09035587310791016,0.3330328166484833,0.5701947808265686,-0.006612622644752264,0.35939809679985046,0.49483606219291687,-0.04355954751372337,0.35928013920783997,0.4855586290359497,-0.07063347846269608,0.3461245000362396,0.5139453411102295,-0.08310595154762268,0.293825626373291,0.5555235743522644,-0.008337457664310932,0.3182525336742401,0.4583461582660675,-0.04494395852088928,0.31416019797325134,0.48075613379478455,-0.06428834795951843,0.3093661367893219,0.5192594528198242,-0.0694391205906868,0.2527724802494049,0.5588575005531311,-0.01700594276189804,0.26359614729881287,0.5039615631103516,-0.05773836374282837,0.2631540298461914,0.5591455101966858,-0.06417125463485718,0.25922152400016785,0.6116074323654175,-0.05777882784605026,0.2094646692276001,0.5737046599388123,-0.02859705686569214,0.22099624574184418,0.5385526418685913,-0.05792154371738434,0.2281767725944519,0.5804651975631714,-0.05969977751374245,0.2321588099002838,0.6218968629837036,-0.05398639291524887
NO,0.22234565019607544,0.7600055932998657,4.54750725964459e-08,0.2755449712276459,0.7297504544258118,-0.030674727633595467,0.3022725582122803,0.6700243949890137,-0.05003877729177475,0.3113783597946167,0.6026988625526428,-0.07129576802253723,0.32940909266471863,0.5482105612754822,-0.08926182985305786,0.3278380036354065,0.570896327495575,-0.0092857014387846,0.3515743613243103,0.492163747549057,-0.04929815232753754,0.34854942560195923,0.4894305467605591,-0.07763701677322388,0.3311063051223755,0.5258934497833252,-0.08982246369123459,0.28767839074134827,0.5575998425483704,-0.011667254380881786,0.31004202365875244,0.4568195939064026,-0.0502876453101635,0.3068203032016754,0.47982391715049744,-0.07039535790681839,0.3007500469684601,0.5208412408828735,-0.07553628832101822,0.24561861157417297,0.5621628165245056,-0.0209620650857687,0.2524082064628601,0.5051712989807129,-0.0635833814740181,0.2545264959335327,0.5636931657791138,-0.07103804498910904,0.2528841197490692,0.6192328929901123,-0.06464408338069916,0.20130231976509094,0.5786712169647217,-0.03290975093841553,0.21188391745090485,0.5386848449707031,-0.06311168521642685,0.22069963812828064,0.5828936696052551,-0.0648680254817009,0.22564563155174255,0.6283296942710876,-0.058808065950870514
NO,0.21476998925209045,0.7650962471961975,9.039120385523347e-08,0.26893794536590576,0.7374954223632812,-0.03227556124329567,0.2976408898830414,0.6759265065193176,-0.052456337958574295,0.307374507188797,0.6077213287353516,-0.07466720044612885,0.32438895106315613,0.5533508062362671,-0.09313724935054779,0.3236069083213806,0.5736130475997925,-0.009447149001061916,0.3500029146671295,0.490485280752182,-0.050574593245983124,0.3494730591773987,0.4825589656829834,-0.07968783378601074,0.3332488536834717,0.5192990899085999,-0.09209533035755157,0.28237658739089966,0.5596731305122375,-0.011224544607102871,0.30523326992988586,0.4583454132080078,-0.0521678552031517,0.30228662490844727,0.4781907796859741,-0.073683001101017,0.29660531878471375,0.5208427906036377,-0.07928130030632019,0.2395690381526947,0.5633458495140076,-0.020184021443128586,0.24918076395988464,0.5046921968460083,-0.06378914415836334,0.2516726851463318,0.5630006194114685,-0.07137928158044815,0.24950897693634033,0.6220553517341614,-0.06475168466567993,0.1955062448978424,0.5791305899620056,-0.032143302261829376,0.2080342173576355,0.5409667491912842,-0.06340288370847702,0.21689821779727936,0.5851898789405823,-0.06617701053619385,0.2216324806213379,0.6318782567977905,-0.06045175716280937
NO,0.21476998925209045,0.7650962471961975,9.039120385523347e-08,0.26893794536590576,0.7374954223632812,-0.03227556124329567,0.2976408898830414,0.6759265065193176,-0.052456337958574295,0.307374507188797,0.6077213287353516,-0.07466720044612885,0.32438895106315613,0.5533508062362671,-0.09313724935054779,0.3236069083213806,0.5736130475997925,-0.009447149001061916,0.3500029146671295,0.490485280752182,-0.050574593245983124,0.3494730591773987,0.4825589656829834,-0.07968783378601074,0.3332488536834717,0.5192990899085999,-0.09209533035755157,0.28237658739089966,0.5596731305122375,-0.011224544607102871,0.30523326992988586,0.4583454132080078,-0.0521678552031517,0.30228662490844727,0.4781907796859741,-0.073683001101017,0.29660531878471375,0.5208427906036377,-0.07928130030632019,0.2395690381526947,0.5633458495140076,-0.020184021443128586,0.24918076395988464,0.5046921968460083,-0.06378914415836334,0.2516726851463318,0.5630006194114685,-0.07137928158044815,0.24950897693634033,0.6220553517341614,-0.06475168466567993,0.1955062448978424,0.5791305899620056,-0.032143302261829376,0.2080342173576355,0.5409667491912842,-0.06340288370847702,0.21689821779727936,0.5851898789405823,-0.06617701053619385,0.2216324806213379,0.6318782567977905,-0.06045175716280937
NO,0.21214330196380615,0.7679219245910645,9.599327199794061e-08,0.26565590500831604,0.7409197688102722,-0.0358506441116333,0.29421478509902954,0.6811138391494751,-0.05797308310866356,0.30333924293518066,0.6144476532936096,-0.08114965260028839,0.31827235221862793,0.5568268299102783,-0.10013801604509354,0.3237224221229553,0.572454035282135,-0.012956967577338219,0.3490504324436188,0.48987093567848206,-0.05419529601931572,0.3490641713142395,0.4820895791053772,-0.08226903527975082,0.3322228491306305,0.5203721523284912,-0.0938035398721695,0.27994242310523987,0.5571324825286865,-0.013630839996039867,0.3004190921783447,0.45408594608306885,-0.054931655526161194,0.29628852009773254,0.4816761612892151,-0.07373996078968048,0.2913166582584381,0.5284224152565002,-0.07669573277235031,0.2354116439819336,0.5607209205627441,-0.021895194426178932,0.24362635612487793,0.5071565508842468,-0.06690438836812973,0.24546168744564056,0.5696889758110046,-0.0723385140299797,0.24430525302886963,0.6265681385993958,-0.0637560561299324,0.1895620971918106,0.5772420763969421,-0.03347522020339966,0.20104411244392395,0.5434171557426453,-0.06626436859369278,0.20937824249267578,0.591647207736969,-0.06797122210264206,0.21552857756614685,0.6373430490493774,-0.06103355064988136
NO,0.20957225561141968,0.7718234658241272,9.258553035351724e-08,0.26543962955474854,0.7406174540519714,-0.03285862132906914,0.2941131293773651,0.6779740452766418,-0.05361683666706085,0.30055713653564453,0.6098655462265015,-0.07600913196802139,0.31407126784324646,0.5531535148620605,-0.0945061519742012,0.31911441683769226,0.5716457962989807,-0.011248861439526081,0.3406691253185272,0.48755937814712524,-0.053927499800920486,0.34054726362228394,0.48620110750198364,-0.08324737846851349,0.3256295919418335,0.5286808013916016,-0.09544889628887177,0.2747052013874054,0.5587901473045349,-0.013763624243438244,0.2954651713371277,0.4556812644004822,-0.056796200573444366,0.29244545102119446,0.48463183641433716,-0.07688082754611969,0.2872135043144226,0.5313074588775635,-0.08024531602859497,0.22902940213680267,0.5645330548286438,-0.023703772574663162,0.2368905246257782,0.5099808573722839,-0.07098648697137833,0.23894530534744263,0.576017439365387,-0.07664868235588074,0.23848041892051697,0.633466362953186,-0.0673293024301529,0.18126267194747925,0.5831598043441772,-0.036547280848026276,0.1938636302947998,0.5468993782997131,-0.07067981362342834,0.20426015555858612,0.5974566340446472,-0.07181444019079208,0.21278776228427887,0.6433597803115845,-0.0639948770403862
NO,0.2042747139930725,0.7755776047706604,9.154151570101021e-08,0.26051899790763855,0.7456804513931274,-0.038037847727537155,0.28999873995780945,0.6866253614425659,-0.06266488879919052,0.2976539731025696,0.6216042041778564,-0.08852242678403854,0.3096980154514313,0.5601862668991089,-0.11054450273513794,0.3158561587333679,0.5696200132369995,-0.01403271034359932,0.3376277685165405,0.4897473454475403,-0.05768894776701927,0.3347599506378174,0.4903688132762909,-0.08833751082420349,0.317349374294281,0.5316677093505859,-0.10210244357585907,0.27062907814979553,0.5567567348480225,-0.015663785859942436,0.2920685410499573,0.45531851053237915,-0.059593699872493744,0.2855118215084076,0.49188756942749023,-0.08136836439371109,0.28017744421958923,0.539530336856842,-0.08630288392305374,0.224623441696167,0.5630985498428345,-0.02523641847074032,0.23308034241199493,0.5083670020103455,-0.07261199504137039,0.2363084852695465,0.573891282081604,-0.079759381711483,0.23602375388145447,0.6312848329544067,-0.07224619388580322,0.17639915645122528,0.5832169055938721,-0.038226377218961716,0.1876167356967926,0.5452343821525574,-0.07179418951272964,0.19955463707447052,0.5931800007820129,-0.07397857308387756,0.20844042301177979,0.6396562457084656,-0.06774093210697174
NO,0.20026329159736633,0.7789274454116821,1.557332325319294e-07,0.25709080696105957,0.7507426738739014,-0.042328838258981705,0.2836425006389618,0.6924775242805481,-0.07144440710544586,0.2913814187049866,0.627896785736084,-0.10172533243894577,0.30327531695365906,0.5662941932678223,-0.12774765491485596,0.3129751980304718,0.5674212574958801,-0.017514465376734734,0.3321651816368103,0.48771581053733826,-0.06508603692054749,0.3278563618659973,0.49266761541366577,-0.09671886265277863,0.3091661036014557,0.540644645690918,-0.10987716913223267,0.2660762369632721,0.5547080039978027,-0.018047014251351357,0.28680652379989624,0.4527240991592407,-0.06526714563369751,0.27853286266326904,0.49449121952056885,-0.08606579899787903,0.274193674325943,0.5431976914405823,-0.08853509277105331,0.21956615149974823,0.5607747435569763,-0.027422908693552017,0.22607910633087158,0.511644721031189,-0.0783727690577507,0.22868722677230835,0.5812321901321411,-0.08546433597803116,0.22923710942268372,0.6385722756385803,-0.07622647285461426,0.17053845524787903,0.5816537737846375,-0.04052149876952171,0.18055380880832672,0.5480291247367859,-0.07580311596393585,0.19337989389896393,0.5998262166976929,-0.07825087010860443,0.2039293497800827,0.6484440565109253,-0.07116526365280151
NO,0.20304927229881287,0.7770112752914429,1.416776598262004e-07,0.2598631680011749,0.7500215172767639,-0.04045958071947098,0.2878709137439728,0.6906766295433044,-0.0684560090303421,0.2939646542072296,0.6257766485214233,-0.09767541289329529,0.30513980984687805,0.5661941766738892,-0.12277854233980179,0.31530895829200745,0.5646633505821228,-0.019501229748129845,0.33502811193466187,0.4860798418521881,-0.06802575290203094,0.32976388931274414,0.4934889078140259,-0.10076083987951279,0.31094589829444885,0.5412852168083191,-0.11470406502485275,0.26841023564338684,0.5511808395385742,-0.02106318064033985,0.2879504859447479,0.45140740275382996,-0.0693710446357727,0.28180718421936035,0.48997962474823,-0.09124796837568283,0.2763466536998749,0.5391989946365356,-0.0947280079126358,0.22143763303756714,0.5576304197311401,-0.031033890321850777,0.22647519409656525,0.5089120864868164,-0.08270743489265442,0.23032300174236298,0.5793460011482239,-0.09029287844896317,0.23146262764930725,0.6391158103942871,-0.0813247561454773,0.17215359210968018,0.5792689919471741,-0.044508326798677444,0.18185734748840332,0.5463594198226929,-0.08074074983596802,0.195121169090271,0.5986688137054443,-0.08344767242670059,0.20607775449752808,0.6480982303619385,-0.07628931850194931
NO,0.2042188048362732,0.7812230587005615,1.2854891906499688e-07,0.26044440269470215,0.7515096664428711,-0.038399629294872284,0.28918975591659546,0.6920424103736877,-0.06377243995666504,0.29633525013923645,0.6275380849838257,-0.09059692919254303,0.30713605880737305,0.5663556456565857,-0.11381728947162628,0.3174252212047577,0.5709738731384277,-0.014902984723448753,0.33631035685539246,0.4909839630126953,-0.06054970249533653,0.3335464298725128,0.4875304400920868,-0.09329351037740707,0.3165290355682373,0.5283288955688477,-0.1080741137266159,0.2711595892906189,0.557121753692627,-0.0165590550750494,0.2894880175590515,0.45778918266296387,-0.06170698627829552,0.28404465317726135,0.4887027144432068,-0.08452989906072617,0.27871719002723694,0.534519374370575,-0.09009503573179245,0.22436930239200592,0.563193142414093,-0.026350628584623337,0.22953520715236664,0.51121985912323,-0.0742654874920845,0.23283186554908752,0.5754593014717102,-0.08244146406650543,0.23288728296756744,0.633744478225708,-0.07546976953744888,0.17528124153614044,0.5840444564819336,-0.03972480073571205,0.18425719439983368,0.5491299629211426,-0.07336465269327164,0.19639462232589722,0.5969367027282715,-0.07634242624044418,0.20659717917442322,0.643462061882019,-0.07054431736469269
NO,0.20980602502822876,0.7798430323600769,5.917595657933816e-08,0.264218270778656,0.7455281615257263,-0.030917881056666374,0.2920052707195282,0.6841127276420593,-0.05259164422750473,0.29989078640937805,0.6188355684280396,-0.07629014551639557,0.3137427568435669,0.5627378225326538,-0.09576502442359924,0.31926652789115906,0.5703562498092651,-0.013283410109579563,0.34230107069015503,0.48605218529701233,-0.05371633544564247,0.3396166265010834,0.4926711916923523,-0.08032767474651337,0.32410240173339844,0.5342199206352234,-0.0913991779088974,0.2748830318450928,0.5583450198173523,-0.01685287617146969,0.2944766581058502,0.4608049690723419,-0.056831080466508865,0.29229268431663513,0.4956361949443817,-0.07357894629240036,0.28927794098854065,0.5375990867614746,-0.07591520249843597,0.22844180464744568,0.5638182759284973,-0.02748926728963852,0.23726963996887207,0.5086341500282288,-0.07305765897035599,0.24073614180088043,0.5783326029777527,-0.0761636421084404,0.24087125062942505,0.6351597905158997,-0.06606608629226685,0.18021366000175476,0.5827956795692444,-0.04085548594594002,0.19340762495994568,0.5480393171310425,-0.07515601068735123,0.20565375685691833,0.6017463207244873,-0.07550837099552155,0.21464195847511292,0.6479969024658203,-0.06723024696111679
NO,0.2136363536119461,0.7783553600311279,1.0524385629651078e-07,0.2705081105232239,0.7435222864151001,-0.03264758735895157,0.2956654131412506,0.679306149482727,-0.0544557124376297,0.30313363671302795,0.6108084321022034,-0.07852648943662643,0.3188403844833374,0.5528057813644409,-0.09921185672283173,0.32242551445961,0.5749766826629639,-0.009677233174443245,0.34520089626312256,0.4934697151184082,-0.05145437642931938,0.34496647119522095,0.48694220185279846,-0.08160936832427979,0.3287748396396637,0.5252360105514526,-0.09501727670431137,0.27876096963882446,0.5624831914901733,-0.012517386116087437,0.3004794418811798,0.46028926968574524,-0.05376497656106949,0.2975272238254547,0.4837057888507843,-0.07609912008047104,0.29177340865135193,0.5256013870239258,-0.08271501958370209,0.23294100165367126,0.5679782032966614,-0.022658821195364,0.242139533162117,0.5073822736740112,-0.0668010413646698,0.24528197944164276,0.5671247243881226,-0.07421120256185532,0.2426619529724121,0.6254627704620361,-0.06784805655479431,0.18489280343055725,0.5855134725570679,-0.03578072786331177,0.1980566680431366,0.5419920682907104,-0.06693548709154129,0.20821213722229004,0.5869197249412537,-0.06853370368480682,0.21357649564743042,0.634210467338562,-0.062365077435970306
NO,0.21755874156951904,0.7724863290786743,5.311108353112104e-08,0.2718304991722107,0.7436869144439697,-0.0387616902589798,0.2990899085998535,0.6815586686134338,-0.06284259259700775,0.3076866567134857,0.6143825054168701,-0.08772280067205429,0.3253748118877411,0.5560667514801025,-0.10864261537790298,0.3299872577190399,0.5704489350318909,-0.015251781791448593,0.3546721935272217,0.48781728744506836,-0.05691462755203247,0.34784549474716187,0.48502469062805176,-0.08640126883983612,0.33025041222572327,0.5242921113967896,-0.10001174360513687,0.28571850061416626,0.5570384860038757,-0.01559482328593731,0.3088289797306061,0.45185184478759766,-0.056244250386953354,0.3000570833683014,0.4790477454662323,-0.07760319858789444,0.2951788306236267,0.5218327045440674,-0.08375103771686554,0.2402419149875641,0.562134861946106,-0.023750722408294678,0.2472582459449768,0.5054426789283752,-0.06870812922716141,0.24862390756607056,0.5664248466491699,-0.07805421203374863,0.24903851747512817,0.6233742833137512,-0.07329940050840378,0.19382044672966003,0.580755352973938,-0.03529175743460655,0.2036304473876953,0.5442660450935364,-0.06805168837308884,0.21257618069648743,0.591818630695343,-0.07228805869817734,0.2201520800590515,0.6385067701339722,-0.06842383742332458
NO,0.22346022725105286,0.7674189209938049,7.586125860825632e-08,0.2763512432575226,0.7380704879760742,-0.03779972717165947,0.3025587201118469,0.6746158003807068,-0.06165938079357147,0.3118472695350647,0.6067296266555786,-0.08682937920093536,0.33143144845962524,0.5498866438865662,-0.10859328508377075,0.33375418186187744,0.5672640800476074,-0.013708341866731644,0.35870665311813354,0.48725542426109314,-0.057034533470869064,0.3532838821411133,0.4796141982078552,-0.08895283937454224,0.33494454622268677,0.5157005786895752,-0.10410024225711823,0.2895560562610626,0.5546627640724182,-0.014527523890137672,0.3105282485485077,0.4529545307159424,-0.05754752457141876,0.30417728424072266,0.4789283275604248,-0.08238031715154648,0.3002687692642212,0.5210763812065125,-0.0909440666437149,0.24477696418762207,0.5602852702140808,-0.023016680032014847,0.25013408064842224,0.5032750368118286,-0.0687067061662674,0.25382667779922485,0.5616030693054199,-0.0806519016623497,0.25406932830810547,0.6193812489509583,-0.07782900333404541,0.1985979676246643,0.5794165134429932,-0.03481152281165123,0.20745354890823364,0.5415366888046265,-0.06726522743701935,0.21744373440742493,0.5864508152008057,-0.07282927632331848,0.22502462565898895,0.6337741613388062,-0.07018528133630753
NO,0.22449062764644623,0.7685337066650391,7.371115628984626e-08,0.27717968821525574,0.7373435497283936,-0.03838023170828819,0.30384811758995056,0.6727146506309509,-0.06234735995531082,0.31417232751846313,0.6052572727203369,-0.08744219690561295,0.33235761523246765,0.5451106429100037,-0.10901451855897903,0.33575141429901123,0.5676552653312683,-0.014168254099786282,0.361191064119339,0.48834043741226196,-0.05590568482875824,0.3588985502719879,0.48167598247528076,-0.08637537807226181,0.34231889247894287,0.5168183445930481,-0.10087932646274567,0.2922370433807373,0.5536482930183411,-0.014922999776899815,0.31542590260505676,0.45023486018180847,-0.056649282574653625,0.3092930018901825,0.47896742820739746,-0.08072078973054886,0.3044252395629883,0.5214470624923706,-0.08883624523878098,0.24741438031196594,0.5585998892784119,-0.023243406787514687,0.255631685256958,0.5015619993209839,-0.06903304159641266,0.2583511769771576,0.5639685988426208,-0.08015543967485428,0.25699126720428467,0.6222146153450012,-0.07651354372501373,0.20135393738746643,0.5770607590675354,-0.03482838720083237,0.2118789255619049,0.5392844676971436,-0.06790374964475632,0.22157344222068787,0.5854907631874084,-0.07301408052444458,0.22813384234905243,0.6323186159133911,-0.06985648721456528
NO,0.22582915425300598,0.7643696665763855,6.09382553307114e-08,0.27939558029174805,0.7306002974510193,-0.0319909043610096,0.3065513074398041,0.6657918691635132,-0.051955148577690125,0.3171828091144562,0.5979148745536804,-0.07378864288330078,0.3374258279800415,0.5445558428764343,-0.09225130826234818,0.3349023759365082,0.5645289421081543,-0.008398288860917091,0.36145246028900146,0.48787721991539,-0.048721641302108765,0.35873496532440186,0.4770163595676422,-0.07788152992725372,0.34220176935195923,0.5070766806602478,-0.09133920073509216,0.2930492162704468,0.5510990619659424,-0.01091995183378458,0.3152126967906952,0.4517347812652588,-0.05162585526704788,0.31102386116981506,0.4761171340942383,-0.0733463317155838,0.30550041794776917,0.5188092589378357,-0.07952012121677399,0.24920368194580078,0.5567922592163086,-0.020607255399227142,0.25521373748779297,0.4976743161678314,-0.06460826098918915,0.2598087191581726,0.5565996170043945,-0.07303861528635025,0.2609628736972809,0.6139692068099976,-0.0674198642373085,0.20387092232704163,0.575177013874054,-0.03315439820289612,0.21358385682106018,0.5353039503097534,-0.06459305435419083,0.2243344932794571,0.5791745781898499,-0.06792742013931274,0.23292642831802368,0.625230610370636,-0.06313089281320572
