label,x0,y0,z0,x1,y1,z1,x2,y2,z2,x3,y3,z3,x4,y4,z4,x5,y5,z5,x6,y6,z6,x7,y7,z7,x8,y8,z8,x9,y9,z9,x10,y10,z10,x11,y11,z11,x12,y12,z12,x13,y13,z13,x14,y14,z14,x15,y15,z15,x16,y16,z16,x17,y17,z17,x18,y18,z18,x19,y19,z19,x20,y20,z20
ILOVEYOU,0.7668129205703735,0.8550034165382385,-2.5116378310485743e-07,0.6976183652877808,0.8524095416069031,-0.020590974017977715,0.6349171996116638,0.8008207678794861,-0.03138997033238411,0.5954729318618774,0.7512065768241882,-0.0428677499294281,0.5592163801193237,0.727009654045105,-0.052972178906202316,0.6294622421264648,0.6838512420654297,-0.018132435157895088,0.5944331288337708,0.5919014811515808,-0.041155651211738586,0.5764056444168091,0.5396740436553955,-0.05433839559555054,0.5609359741210938,0.49353229999542236,-0.06365180760622025,0.6634209752082825,0.6650797724723816,-0.02290676347911358,0.6315547227859497,0.5841096639633179,-0.06570448726415634,0.6474684476852417,0.6396161913871765,-0.07902444154024124,0.6611810922622681,0.6923395991325378,-0.07703562080860138,0.7035701870918274,0.6564438939094543,-0.030847417190670967,0.6780473589897156,0.5659911036491394,-0.06766883283853531,0.6863086223602295,0.6062277555465698,-0.06895863264799118,0.692989706993103,0.6489408016204834,-0.059185437858104706,0.7461397647857666,0.6583973169326782,-0.040702179074287415,0.7274196147918701,0.5831627249717712,-0.06445323675870895,0.7176077365875244,0.5406831502914429,-0.0715920478105545,0.7081546187400818,0.5019978284835815,-0.07234049588441849
ILOVEYOU,0.7509158253669739,0.7432583570480347,-8.02355941686983e-08,0.6866456866264343,0.7486734390258789,-0.023037053644657135,0.6276257038116455,0.7153877019882202,-0.03736739605665207,0.5862146019935608,0.678622841835022,-0.05258974805474281,0.5496002435684204,0.6717780828475952,-0.06663123518228531,0.6166675090789795,0.601870059967041,-0.013215523213148117,0.5781866312026978,0.5249308943748474,-0.030797846615314484,0.5575283169746399,0.48425912857055664,-0.04305005818605423,0.538677453994751,0.44784751534461975,-0.05236102640628815,0.647971510887146,0.5798122882843018,-0.016819754615426064,0.6149806976318359,0.5124111175537109,-0.05219382047653198,0.6352378129959106,0.5505533814430237,-0.06857754290103912,0.6529999375343323,0.5919548273086548,-0.07113518565893173,0.684052050113678,0.5688492655754089,-0.02341430075466633,0.658656895160675,0.49662837386131287,-0.05280184745788574,0.6708124876022339,0.5257810354232788,-0.05806272104382515,0.681836724281311,0.5621557235717773,-0.05346387252211571,0.7236689925193787,0.5677347779273987,-0.032438382506370544,0.7060559391975403,0.5040935277938843,-0.04800386354327202,0.6956372261047363,0.46392160654067993,-0.053472671657800674,0.6852309107780457,0.4283277988433838,-0.05502347648143768
ILOVEYOU,0.7512640953063965,0.7381123304367065,-1.232011328511362e-07,0.6876732110977173,0.7441220879554749,-0.0212798323482275,0.6270849108695984,0.7090434432029724,-0.03400752693414688,0.5851708650588989,0.672260582447052,-0.048184387385845184,0.5493136644363403,0.6665610074996948,-0.06123524159193039,0.6166974902153015,0.5960561633110046,-0.00929208192974329,0.5781457424163818,0.5196211934089661,-0.026124803349375725,0.5571315288543701,0.4813031554222107,-0.037701576948165894,0.538715124130249,0.44751888513565063,-0.046374015510082245,0.647433876991272,0.5742636919021606,-0.013829616829752922,0.6138387322425842,0.5047065615653992,-0.049846258014440536,0.6348698735237122,0.5435004830360413,-0.06683018803596497,0.6545223593711853,0.5861483216285706,-0.06921998411417007,0.6831930875778198,0.5627579689025879,-0.021314136683940887,0.6576212048530579,0.4878125488758087,-0.051082793623209,0.6703293919563293,0.5172343254089355,-0.05682211369276047,0.6828492283821106,0.5541386604309082,-0.05218558758497238,0.7229146957397461,0.560600221157074,-0.031128905713558197,0.7043022513389587,0.4961710572242737,-0.04631245881319046,0.69405198097229,0.4559876620769501,-0.05183250084519386,0.6849042773246765,0.42015981674194336,-0.053432099521160126
ILOVEYOU,0.750768780708313,0.7289243936538696,-9.115320409591732e-08,0.686785876750946,0.735933780670166,-0.0220805611461401,0.6267043352127075,0.7019441723823547,-0.0346178263425827,0.5852900743484497,0.6671790480613708,-0.04786136746406555,0.5490570664405823,0.6612005829811096,-0.06006091088056564,0.615563690662384,0.589134931564331,-0.011468459852039814,0.5773758292198181,0.5135941505432129,-0.02738514542579651,0.5564907789230347,0.4742724299430847,-0.03853902220726013,0.5370959043502808,0.4401654005050659,-0.0471169538795948,0.646632194519043,0.56690913438797,-0.014869359321892262,0.6142482161521912,0.49875888228416443,-0.048453375697135925,0.6340571641921997,0.5357593894004822,-0.06454804539680481,0.651890218257904,0.5774447917938232,-0.06709598749876022,0.6827301979064941,0.5555641055107117,-0.021231191232800484,0.6580471396446228,0.4803207516670227,-0.04873642697930336,0.6686770915985107,0.5037938952445984,-0.055639445781707764,0.6788234114646912,0.5380480289459229,-0.05269000679254532,0.7220396995544434,0.5536980628967285,-0.029855571687221527,0.7027732133865356,0.4887431263923645,-0.044305745512247086,0.6924043893814087,0.4480387270450592,-0.05063394829630852,0.6827811598777771,0.41317036747932434,-0.05313699692487717
ILOVEYOU,0.7495949864387512,0.7242215275764465,-7.859853212721646e-08,0.6857747435569763,0.7311578989028931,-0.022093940526247025,0.6267503499984741,0.6994102001190186,-0.03485725820064545,0.5864481329917908,0.6633891463279724,-0.04851587116718292,0.5503511428833008,0.6591892838478088,-0.061157986521720886,0.6155992150306702,0.5849524140357971,-0.010393267497420311,0.5776855945587158,0.5111445784568787,-0.02675822004675865,0.5577136874198914,0.4722629189491272,-0.038426320999860764,0.5397670865058899,0.43739014863967896,-0.047377269715070724,0.6464500427246094,0.5618545413017273,-0.014231364242732525,0.6148589253425598,0.49378812313079834,-0.048599909991025925,0.6348553895950317,0.5306775569915771,-0.0655047595500946,0.6527243256568909,0.5708415508270264,-0.06847988069057465,0.6820840239524841,0.5499321818351746,-0.021082265302538872,0.6571720242500305,0.4788520932197571,-0.04957452043890953,0.6690198183059692,0.502824604511261,-0.05679912120103836,0.6798663139343262,0.5357864499092102,-0.05374584347009659,0.720749020576477,0.5477564334869385,-0.030228842049837112,0.7022953033447266,0.4834441840648651,-0.044907018542289734,0.6930135488510132,0.44354939460754395,-0.050845734775066376,0.6836284399032593,0.40918323397636414,-0.05296064168214798
ILOVEYOU,0.7467849254608154,0.7210460901260376,-8.58747384313574e-08,0.6843118667602539,0.7261422276496887,-0.021569151431322098,0.6264700889587402,0.6935278177261353,-0.0346173532307148,0.585487961769104,0.6584156155586243,-0.04847310110926628,0.5498265027999878,0.6551175117492676,-0.061569683253765106,0.6165257692337036,0.5793653726577759,-0.011304615996778011,0.5792983770370483,0.5073497891426086,-0.027218760922551155,0.5591829419136047,0.46994853019714355,-0.03875812888145447,0.5412343740463257,0.43660610914230347,-0.04762576147913933,0.6469765901565552,0.5568937063217163,-0.01528150774538517,0.6159051656723022,0.48924657702445984,-0.04776984453201294,0.6340063810348511,0.525076150894165,-0.06391981989145279,0.6507177352905273,0.5646106004714966,-0.06683871150016785,0.6824401617050171,0.5463852286338806,-0.022104395553469658,0.6591283679008484,0.4757714569568634,-0.04885820671916008,0.6689531803131104,0.49810895323753357,-0.056212153285741806,0.6776553988456726,0.5297501683235168,-0.053766317665576935,0.7204760313034058,0.5453829765319824,-0.031134415417909622,0.7026515007019043,0.48093605041503906,-0.044760823249816895,0.6934666037559509,0.44161349534988403,-0.050309766083955765,0.6840118169784546,0.4084557890892029,-0.05235693231225014
ILOVEYOU,0.7454319000244141,0.7203301191329956,-1.1810229239017644e-07,0.6833528876304626,0.7245664596557617,-0.020861651748418808,0.6254322528839111,0.6908168792724609,-0.03318609297275543,0.5850346684455872,0.6558790802955627,-0.046514954417943954,0.5498579740524292,0.6505876183509827,-0.05903792753815651,0.617584228515625,0.5779293179512024,-0.010285114869475365,0.5808621644973755,0.5060054659843445,-0.026164721697568893,0.5611433982849121,0.47002893686294556,-0.03756244480609894,0.5433112382888794,0.4387766122817993,-0.04625863954424858,0.647930920124054,0.5559691786766052,-0.01464889571070671,0.6155185103416443,0.4869874119758606,-0.04726376757025719,0.6325304508209229,0.5219496488571167,-0.0637008398771286,0.6490292549133301,0.5611465573310852,-0.06706124544143677,0.6831691265106201,0.5454196929931641,-0.02190997079014778,0.6585654020309448,0.4723864495754242,-0.049190834164619446,0.6677031517028809,0.4943391978740692,-0.05688270926475525,0.6764490008354187,0.5259751081466675,-0.054847352206707,0.7211242318153381,0.5439937710762024,-0.031317632645368576,0.7029281854629517,0.4797663390636444,-0.0458122193813324,0.6936514377593994,0.43925341963768005,-0.05222104489803314,0.6839673519134521,0.40456482768058777,-0.05503283813595772
ILOVEYOU,0.7414736747741699,0.717959463596344,-8.951226249109823e-08,0.6800678372383118,0.7230902314186096,-0.02012549713253975,0.6230916380882263,0.6878635287284851,-0.03174787387251854,0.5835888981819153,0.6524045467376709,-0.044251468032598495,0.5494465231895447,0.6499637365341187,-0.05602910742163658,0.6140400171279907,0.5751492977142334,-0.009616981260478497,0.5799387693405151,0.5040513873100281,-0.0245338324457407,0.5606808662414551,0.46581241488456726,-0.03533773124217987,0.5430221557617188,0.43145665526390076,-0.04392681270837784,0.644656777381897,0.5535362362861633,-0.013834463432431221,0.61458420753479,0.4858994483947754,-0.04556237906217575,0.6319592595100403,0.5227019190788269,-0.060747019946575165,0.6479446887969971,0.5626228451728821,-0.06284677237272263,0.6799055337905884,0.5439817905426025,-0.020714547485113144,0.6581226587295532,0.472443550825119,-0.04747519642114639,0.6674530506134033,0.4975951015949249,-0.05363774672150612,0.6758497953414917,0.5311075448989868,-0.0500497929751873,0.7176812291145325,0.5444971323013306,-0.029627803713083267,0.7006570100784302,0.4805251657962799,-0.04364698380231857,0.6913062334060669,0.44148480892181396,-0.048839595168828964,0.681895911693573,0.4078555405139923,-0.050359614193439484
ILOVEYOU,0.7371546626091003,0.7165900468826294,-7.275252755789552e-08,0.6756734848022461,0.720853865146637,-0.02153743989765644,0.6198532581329346,0.6868847012519836,-0.033433303236961365,0.5811591744422913,0.6524002552032471,-0.045926958322525024,0.5476980805397034,0.6507620811462402,-0.057619743049144745,0.6118202209472656,0.5743182301521301,-0.009517655707895756,0.5789080858230591,0.5041900277137756,-0.02471388317644596,0.5607885718345642,0.4655485451221466,-0.035917505621910095,0.5446153283119202,0.4307655692100525,-0.04482979327440262,0.6427804231643677,0.5528002977371216,-0.012851623818278313,0.6146097779273987,0.4860154986381531,-0.044957082718610764,0.6306746006011963,0.5233898758888245,-0.06058480963110924,0.6455560326576233,0.5626934766769409,-0.0629836693406105,0.6777896285057068,0.5436705946922302,-0.019159801304340363,0.657122015953064,0.4754582643508911,-0.04648368060588837,0.6653941869735718,0.4986913204193115,-0.05413350835442543,0.6729907393455505,0.5300307869911194,-0.051445018500089645,0.715167224407196,0.5443304777145386,-0.027566611766815186,0.6995497941970825,0.4811657667160034,-0.04194733873009682,0.6907418370246887,0.4432452917098999,-0.04799306020140648,0.6815657019615173,0.41113394498825073,-0.05011619254946709
ILOVEYOU,0.7323216199874878,0.7177730798721313,-1.0134314010201706e-07,0.671470046043396,0.7201802134513855,-0.020035270601511,0.6157071590423584,0.6852129101753235,-0.03159348666667938,0.5775494575500488,0.6503322720527649,-0.04395374655723572,0.5459960103034973,0.6485856771469116,-0.05548279732465744,0.6117474436759949,0.575935959815979,-0.010367690585553646,0.579447329044342,0.5028762817382812,-0.025316651910543442,0.5611168742179871,0.46473896503448486,-0.03607013821601868,0.5452367067337036,0.43078556656837463,-0.04463442787528038,0.6412473917007446,0.5565876960754395,-0.014067893847823143,0.6118791103363037,0.48922231793403625,-0.04511164873838425,0.6274057626724243,0.5241866707801819,-0.05979354307055473,0.6431803703308105,0.5634582042694092,-0.06218033656477928,0.6749932169914246,0.5483653545379639,-0.020526863634586334,0.6530550122261047,0.4766377806663513,-0.04593401402235031,0.6607834100723267,0.49922052025794983,-0.052144717425107956,0.6696075797080994,0.5317775011062622,-0.04936489090323448,0.7122241258621216,0.5488113760948181,-0.029207345098257065,0.6972793340682983,0.4858013689517975,-0.042649250477552414,0.6882292628288269,0.44698530435562134,-0.04882390797138214,0.6799691915512085,0.4151487946510315,-0.05153365060687065
ILOVEYOU,0.726087212562561,0.7161610126495361,-1.1180558345813552e-07,0.6661270260810852,0.7179389595985413,-0.01852923259139061,0.6115739345550537,0.6831908822059631,-0.02861153520643711,0.575053334236145,0.6507786512374878,-0.03932248428463936,0.545200526714325,0.6494629979133606,-0.049107082188129425,0.6077916622161865,0.5764998197555542,-0.008573093451559544,0.5770602226257324,0.5053064823150635,-0.02185259759426117,0.5598424673080444,0.46808934211730957,-0.03144531697034836,0.5442783236503601,0.43539348244667053,-0.03919459506869316,0.6374849677085876,0.5572957992553711,-0.011955929920077324,0.607616126537323,0.49356213212013245,-0.04025772958993912,0.6222599744796753,0.5279988646507263,-0.05315837264060974,0.6368275880813599,0.5660428404808044,-0.054630689322948456,0.6712383031845093,0.548973798751831,-0.017993230372667313,0.6484419703483582,0.47950035333633423,-0.04140853136777878,0.6561745405197144,0.5024346113204956,-0.04625341668725014,0.6645417809486389,0.5339588522911072,-0.0427529402077198,0.7083483338356018,0.5491946935653687,-0.026103323325514793,0.6923801302909851,0.48864907026290894,-0.03909594565629959,0.6827394366264343,0.4513518214225769,-0.044741686433553696,0.6737051010131836,0.4195777475833893,-0.04686832055449486
ILOVEYOU,0.7224721908569336,0.714816153049469,-1.0946278194978731e-07,0.6628343462944031,0.7165750861167908,-0.017655912786722183,0.6089075207710266,0.6828396916389465,-0.027441075071692467,0.5720748901367188,0.6510684490203857,-0.038257017731666565,0.5430307388305664,0.6503655910491943,-0.04835554212331772,0.6064665913581848,0.5794346928596497,-0.007415370550006628,0.5752278566360474,0.5080885887145996,-0.020581189543008804,0.5589475631713867,0.47149425745010376,-0.03005063906311989,0.5452442765235901,0.4397210478782654,-0.03752071037888527,0.6350256204605103,0.5611791014671326,-0.011027265340089798,0.606128454208374,0.4967121481895447,-0.03955679014325142,0.6209661364555359,0.5294057726860046,-0.05307961255311966,0.6359580159187317,0.5676162838935852,-0.055008187890052795,0.6676141023635864,0.5524492859840393,-0.017259882763028145,0.6450556516647339,0.4820200800895691,-0.04056897759437561,0.6523873209953308,0.5037863254547119,-0.04639244079589844,0.6610955595970154,0.535302460193634,-0.04369109123945236,0.7036430239677429,0.5516293048858643,-0.025502799078822136,0.6886510252952576,0.49185001850128174,-0.037738002836704254,0.6795250177383423,0.45504021644592285,-0.0437651164829731,0.6711575984954834,0.42439377307891846,-0.04647105932235718
ILOVEYOU,0.7175104022026062,0.7139759659767151,-9.349482610332416e-08,0.6594381928443909,0.7170776128768921,-0.018606087192893028,0.606958270072937,0.6840763688087463,-0.028305334970355034,0.5714305639266968,0.6518650650978088,-0.03842395916581154,0.5422458648681641,0.6508069038391113,-0.04742639511823654,0.6029467582702637,0.5812966823577881,-0.007056813687086105,0.5739874243736267,0.5126453042030334,-0.020402120426297188,0.5579811334609985,0.47538185119628906,-0.029916996136307716,0.5442548394203186,0.44393208622932434,-0.03728540241718292,0.6310242414474487,0.5623535513877869,-0.009486027993261814,0.6024876832962036,0.5002464056015015,-0.03817133605480194,0.617195188999176,0.5340193510055542,-0.050666432827711105,0.6324474811553955,0.570747435092926,-0.051274076104164124,0.6635724902153015,0.5526810884475708,-0.01471945270895958,0.641941249370575,0.4866012930870056,-0.0391857847571373,0.6492964625358582,0.5086981058120728,-0.044325653463602066,0.6581345796585083,0.538219690322876,-0.04023655503988266,0.6994296908378601,0.551376461982727,-0.021878818050026894,0.6849197149276733,0.4937666356563568,-0.035240329802036285,0.6751413345336914,0.4576007127761841,-0.040865179151296616,0.6665494441986084,0.42617884278297424,-0.042526789009571075
ILOVEYOU,0.7147884368896484,0.7118621468544006,-7.527630430104182e-08,0.6584025621414185,0.7148480415344238,-0.01857793517410755,0.6068344712257385,0.6834077835083008,-0.028207382187247276,0.5718520879745483,0.6531459093093872,-0.03828802704811096,0.5421105623245239,0.6517412066459656,-0.04753436520695686,0.6012408137321472,0.5806884765625,-0.0069019547663629055,0.5729367136955261,0.5143104195594788,-0.018608026206493378,0.5574726462364197,0.4783041477203369,-0.02729140967130661,0.5436867475509644,0.4472297430038452,-0.03442636877298355,0.6295551657676697,0.561980128288269,-0.009463132359087467,0.602504551410675,0.5010995268821716,-0.03632295876741409,0.6149534583091736,0.5331571102142334,-0.0494355671107769,0.6278709769248962,0.5691060423851013,-0.05129663646221161,0.661688506603241,0.553141713142395,-0.014697717502713203,0.6421707272529602,0.4878647029399872,-0.037939053028821945,0.6477073431015015,0.5077383518218994,-0.045076292008161545,0.6541138291358948,0.5371829271316528,-0.04313324764370918,0.6967071890830994,0.5524802803993225,-0.021716611459851265,0.682950496673584,0.4948158264160156,-0.03454803302884102,0.6733920574188232,0.4588068723678589,-0.04112699255347252,0.6642183065414429,0.42885637283325195,-0.044014833867549896
ILOVEYOU,0.7130012512207031,0.7098509073257446,-5.700394112295726e-08,0.6576620936393738,0.7139835357666016,-0.0193872582167387,0.6068727970123291,0.6830057501792908,-0.02979315258562565,0.5720396637916565,0.6523451805114746,-0.04077919200062752,0.5427557229995728,0.6513913869857788,-0.05092306435108185,0.6010926365852356,0.581028938293457,-0.007155651692301035,0.5730348825454712,0.5146867632865906,-0.019560955464839935,0.5582664608955383,0.47842127084732056,-0.02882523275911808,0.5452359318733215,0.44746634364128113,-0.03619370236992836,0.6288831830024719,0.562639057636261,-0.009501341730356216,0.6019300222396851,0.5024839043617249,-0.037034522742033005,0.6145820617675781,0.5339650511741638,-0.05052218586206436,0.6274799704551697,0.5697156190872192,-0.05245448648929596,0.6603384017944336,0.5533894300460815,-0.014628969132900238,0.6405084729194641,0.4892532229423523,-0.038120947778224945,0.6462650895118713,0.5085618495941162,-0.04494289681315422,0.6529425382614136,0.5379573106765747,-0.04254888370633125,0.6950343251228333,0.5521482825279236,-0.021702993661165237,0.6814544796943665,0.4948480427265167,-0.03410287946462631,0.6722030639648438,0.45964568853378296,-0.040045879781246185,0.6632900834083557,0.4310992360115051,-0.04232858121395111
ILOVEYOU,0.7131887674331665,0.7096686363220215,-5.975546457648306e-08,0.6574851870536804,0.7134119272232056,-0.01802404411137104,0.6071118712425232,0.6818486452102661,-0.027557360008358955,0.5724740028381348,0.6516003608703613,-0.03775689750909805,0.5436686277389526,0.6522060632705688,-0.04718368500471115,0.6021296381950378,0.5829432010650635,-0.006669554393738508,0.5743263959884644,0.5172356963157654,-0.019285256043076515,0.5599660873413086,0.48108458518981934,-0.028609834611415863,0.5476427674293518,0.4509444832801819,-0.035893987864255905,0.6294530034065247,0.5640499591827393,-0.009370971471071243,0.6034446954727173,0.502666711807251,-0.03655747324228287,0.6152810454368591,0.5304163098335266,-0.05000796914100647,0.6272985935211182,0.5644934773445129,-0.05219560116529465,0.66045743227005,0.5539613962173462,-0.01472878735512495,0.6408026218414307,0.490414559841156,-0.038001444190740585,0.6465528607368469,0.5084286332130432,-0.04501943290233612,0.653429388999939,0.5372561812400818,-0.04300598427653313,0.694441556930542,0.5522939562797546,-0.021922839805483818,0.6815135478973389,0.4968009293079376,-0.03460903838276863,0.6723832488059998,0.46183228492736816,-0.04110979288816452,0.6635469794273376,0.43378975987434387,-0.043907295912504196
ILOVEYOU,0.7125105261802673,0.7093415856361389,-8.520292738012358e-08,0.6570411920547485,0.710023045539856,-0.01671557128429413,0.6074575781822205,0.6791040897369385,-0.025881214067339897,0.5733319520950317,0.6505653858184814,-0.036023788154125214,0.5459705591201782,0.650081992149353,-0.045298393815755844,0.6032185554504395,0.581041157245636,-0.0048349471762776375,0.5758378505706787,0.5165086388587952,-0.01772451214492321,0.5603333711624146,0.4807276129722595,-0.02708815596997738,0.5476959347724915,0.45055216550827026,-0.03433900699019432,0.6302259564399719,0.5628730654716492,-0.008321048691868782,0.6029950976371765,0.5009693503379822,-0.03599691763520241,0.6145564317703247,0.5319566130638123,-0.048837557435035706,0.6274248361587524,0.5666829347610474,-0.05024004727602005,0.6610646843910217,0.5538031458854675,-0.014494318515062332,0.6416174173355103,0.4897100329399109,-0.0380096472799778,0.6466470956802368,0.5101210474967957,-0.043819986283779144,0.65325528383255,0.5391725897789001,-0.0407329685986042,0.6949336528778076,0.5532597303390503,-0.022466149181127548,0.6820064783096313,0.4976837933063507,-0.03501920774579048,0.6726996302604675,0.46366292238235474,-0.04055493697524071,0.6638503074645996,0.4352336823940277,-0.04250466451048851
ILOVEYOU,0.7133537530899048,0.7063939571380615,-7.789683564851657e-08,0.658822774887085,0.7084856033325195,-0.01684044860303402,0.6095128059387207,0.6782350540161133,-0.02578957937657833,0.575716495513916,0.6495100259780884,-0.03552401810884476,0.548441469669342,0.6478229761123657,-0.044430505484342575,0.6040356755256653,0.5782450437545776,-0.005164243746548891,0.5764362215995789,0.514742910861969,-0.016746390610933304,0.5623157024383545,0.4795592725276947,-0.025020213797688484,0.5509470701217651,0.44942063093185425,-0.03159831464290619,0.6310827136039734,0.5600201487541199,-0.008037627674639225,0.6047959327697754,0.5015026330947876,-0.03434840962290764,0.6167357563972473,0.5336259007453918,-0.046378523111343384,0.629367470741272,0.5687606334686279,-0.04740317165851593,0.6623620390892029,0.5510172247886658,-0.013513493351638317,0.643650472164154,0.4885810911655426,-0.036245495080947876,0.649040937423706,0.5098720192909241,-0.04191642999649048,0.6554448008537292,0.5393648743629456,-0.038848329335451126,0.6963143348693848,0.5500659942626953,-0.02068549394607544,0.6835025548934937,0.4944726526737213,-0.03300492465496063,0.6748833656311035,0.46065014600753784,-0.038441482931375504,0.6663612127304077,0.4324043393135071,-0.040270525962114334
ILOVEYOU,0.7152180671691895,0.7065417170524597,-1.1018025247722107e-07,0.6602832674980164,0.7074961066246033,-0.015840884298086166,0.6110943555831909,0.6772884130477905,-0.02450426295399666,0.5780693888664246,0.6490200757980347,-0.03429380804300308,0.5506705045700073,0.6452825665473938,-0.04332742840051651,0.6074385643005371,0.5773937106132507,-0.004501298535615206,0.5797948837280273,0.5128049850463867,-0.0160499420017004,0.5652723908424377,0.47937294840812683,-0.024505509063601494,0.5529080033302307,0.45134463906288147,-0.03109586425125599,0.6344960927963257,0.5603904724121094,-0.008189940825104713,0.6073063611984253,0.5001999735832214,-0.0342915803194046,0.6196205615997314,0.531063437461853,-0.0474698580801487,0.6329730749130249,0.5656055808067322,-0.0497828908264637,0.6652906537055969,0.5524162650108337,-0.014382954686880112,0.645488440990448,0.48917338252067566,-0.036633897572755814,0.6508551239967346,0.5087544322013855,-0.04368693381547928,0.6577357053756714,0.5369546413421631,-0.04211452975869179,0.6992580890655518,0.5518157482147217,-0.022212538868188858,0.6866536736488342,0.49503931403160095,-0.03381858021020889,0.6781511306762695,0.4607382118701935,-0.03988104313611984,0.6696926951408386,0.43200546503067017,-0.04270010441541672
ILOVEYOU,0.719343900680542,0.706661581993103,-8.782404847806902e-08,0.6645936369895935,0.7084606289863586,-0.016764365136623383,0.6150742769241333,0.6766770482063293,-0.0258394256234169,0.581234872341156,0.6466365456581116,-0.035799525678157806,0.5532482266426086,0.6457289457321167,-0.04494224488735199,0.6119812726974487,0.5776526927947998,-0.006301784887909889,0.5829329490661621,0.5124717950820923,-0.018615368753671646,0.5681841969490051,0.4775576591491699,-0.02711581066250801,0.5563350915908813,0.4483201503753662,-0.03363090008497238,0.6388906836509705,0.5599763989448547,-0.009534332901239395,0.6123155951499939,0.5004702210426331,-0.03637803718447685,0.6230528354644775,0.5317108035087585,-0.04854493960738182,0.635557234287262,0.5665556788444519,-0.04968748986721039,0.6700356602668762,0.5512735843658447,-0.015375476330518723,0.6511962413787842,0.4888436496257782,-0.03833905607461929,0.6551738381385803,0.5079426765441895,-0.04420527443289757,0.6610698103904724,0.5363031625747681,-0.04123006388545036,0.7039518356323242,0.5502991676330566,-0.02297809161245823,0.69209885597229,0.49294090270996094,-0.03518060967326164,0.6838526129722595,0.4581447243690491,-0.04052215442061424,0.6756872534751892,0.4303601086139679,-0.042285654693841934
ILOVEYOU,0.7213734984397888,0.7111340761184692,-1.428665541425289e-07,0.6664040684700012,0.7096319198608398,-0.013909932225942612,0.6184606552124023,0.6714643836021423,-0.020680062472820282,0.5858514904975891,0.6392164826393127,-0.028540052473545074,0.5592241287231445,0.634988009929657,-0.03542518988251686,0.6194187998771667,0.5765291452407837,-0.004437531344592571,0.591411828994751,0.5080217123031616,-0.016868213191628456,0.5770258903503418,0.4710991084575653,-0.024425938725471497,0.5660799145698547,0.4397423267364502,-0.030115041881799698,0.6459308862686157,0.5611099600791931,-0.008258547633886337,0.6198776960372925,0.4987419843673706,-0.03585073724389076,0.6283906102180481,0.5328682661056519,-0.0461881197988987,0.6392599940299988,0.5702804327011108,-0.04544544965028763,0.6768331527709961,0.5539595484733582,-0.01457911916077137,0.6600955128669739,0.489495187997818,-0.03816205635666847,0.6607856750488281,0.5107195377349854,-0.04156013950705528,0.6642635464668274,0.5406138896942139,-0.03629671409726143,0.7109317779541016,0.5538058876991272,-0.02246253937482834,0.7009005546569824,0.4973202347755432,-0.036344435065984726,0.69309401512146,0.4627579152584076,-0.0417310893535614,0.685168445110321,0.43445950746536255,-0.04279826954007149
ILOVEYOU,0.7200311422348022,0.7116208076477051,-2.3123642733935412e-07,0.6684865355491638,0.7043827176094055,-0.011309935711324215,0.6236206889152527,0.6594515442848206,-0.01655597984790802,0.5953184962272644,0.6252133250236511,-0.022912420332431793,0.5727246999740601,0.6135939955711365,-0.02784438244998455,0.6312082409858704,0.5682180523872375,-0.003404333023354411,0.6102532744407654,0.5022302269935608,-0.01679285615682602,0.5972998738288879,0.46928155422210693,-0.024469411000609398,0.5884827375411987,0.44508910179138184,-0.02946106158196926,0.6571144461631775,0.5571324825286865,-0.0072684320621192455,0.6313905715942383,0.49568575620651245,-0.034541089087724686,0.6291942596435547,0.5320619940757751,-0.04311436414718628,0.6347726583480835,0.5692813396453857,-0.041373901069164276,0.686992347240448,0.554071843624115,-0.01357336062937975,0.6708385944366455,0.4862801432609558,-0.038204800337553024,0.6636223793029785,0.5125452280044556,-0.039133165031671524,0.6629956960678101,0.5452655553817749,-0.0319751538336277,0.7195284366607666,0.5590106248855591,-0.021071912720799446,0.7111557722091675,0.5028777718544006,-0.03751492500305176,0.7019140124320984,0.46672773361206055,-0.04309207201004028,0.6946602463722229,0.43547311425209045,-0.04362674802541733
ILOVEYOU,0.6347127556800842,0.6928071975708008,7.737229879012375e-08,0.6851335167884827,0.6579062342643738,-0.008151962421834469,0.7233822345733643,0.6079724431037903,-0.015276622027158737,0.7513067722320557,0.5634751319885254,-0.018789947032928467,0.7833110094070435,0.5594085454940796,-0.022745002061128616,0.6741575002670288,0.5317674875259399,-0.03138547018170357,0.6816436648368835,0.44231122732162476,-0.035572297871112823,0.6873738169670105,0.3931562006473541,-0.037301234900951385,0.6896337270736694,0.3553500175476074,-0.04086414352059364,0.6367934346199036,0.5257400870323181,-0.028208749368786812,0.6349575519561768,0.44528135657310486,-0.02754279039800167,0.6404138803482056,0.47755980491638184,-0.017991099506616592,0.6446956992149353,0.5095189213752747,-0.013034872710704803,0.6056970357894897,0.5381603240966797,-0.023721298202872276,0.6007624268531799,0.462910920381546,-0.021839044988155365,0.6079599261283875,0.4868737459182739,-0.010820920579135418,0.6121124029159546,0.5151878595352173,-0.005757796112447977,0.5792139172554016,0.557269811630249,-0.01958364248275757,0.5665971040725708,0.4891524016857147,-0.02269328385591507,0.5606997609138489,0.459145188331604,-0.021819500252604485,0.5559096932411194,0.43242302536964417,-0.022047197446227074
ILOVEYOU,0.6499746441841125,0.70305335521698,7.695392412188085e-08,0.699493944644928,0.6660205125808716,-0.0056817298755049706,0.7362911105155945,0.6140303015708923,-0.011966186575591564,0.7639603614807129,0.5695679187774658,-0.015844833105802536,0.7955232858657837,0.5617058277130127,-0.020671634003520012,0.6816995143890381,0.5410217046737671,-0.029237007722258568,0.6914395689964294,0.45069825649261475,-0.035772182047367096,0.7002328038215637,0.401123583316803,-0.03960878774523735,0.7047613263130188,0.36302268505096436,-0.04426548629999161,0.6460615992546082,0.5367701649665833,-0.02735951729118824,0.6391590237617493,0.4570276737213135,-0.028124110773205757,0.6460802555084229,0.48938608169555664,-0.0193803571164608,0.6515941023826599,0.5204565525054932,-0.014788701198995113,0.6162436008453369,0.5504505634307861,-0.02409963682293892,0.6077038049697876,0.4753808379173279,-0.02309127151966095,0.6159704327583313,0.49983489513397217,-0.010693726129829884,0.6215941309928894,0.5286306738853455,-0.004284541588276625,0.5898342132568359,0.5715879797935486,-0.021180547773838043,0.5741814374923706,0.5063528418540955,-0.02510177344083786,0.5678023099899292,0.4751351475715637,-0.02345588244497776,0.5622239112854004,0.44799572229385376,-0.022577516734600067
ILOVEYOU,0.6504685282707214,0.7001498937606812,8.32340703027512e-08,0.7006480693817139,0.6631984114646912,-0.007156107109040022,0.7355379462242126,0.6119040846824646,-0.012937791645526886,0.7619583010673523,0.5678616762161255,-0.015655195340514183,0.7931907176971436,0.5574405789375305,-0.018941061571240425,0.6804271340370178,0.5362500548362732,-0.029210038483142853,0.6899834871292114,0.44695961475372314,-0.0321161150932312,0.6977719664573669,0.39783602952957153,-0.031804993748664856,0.7020049691200256,0.36143258213996887,-0.03352643921971321,0.6434857249259949,0.5337011218070984,-0.02597736194729805,0.6385565996170044,0.45467880368232727,-0.023964999243617058,0.6462154984474182,0.48555809259414673,-0.01285686157643795,0.6522741317749023,0.5167772173881531,-0.006577482912689447,0.6140222549438477,0.5495268106460571,-0.021429654210805893,0.6086592078208923,0.47640693187713623,-0.019389310851693153,0.6176501512527466,0.5009388327598572,-0.007112844381481409,0.6234022378921509,0.5291312336921692,-0.0008165757171809673,0.5891265869140625,0.571300745010376,-0.017200583592057228,0.5735680460929871,0.5071042776107788,-0.021856656298041344,0.5668697357177734,0.475333571434021,-0.02165607176721096,0.5608029961585999,0.44681763648986816,-0.02171427384018898
ILOVEYOU,0.6479808688163757,0.6977282762527466,1.1962325174863508e-07,0.6964156627655029,0.661575198173523,-0.009905974380671978,0.7317184209823608,0.6105064749717712,-0.018703734502196312,0.7597214579582214,0.5670733451843262,-0.024413449689745903,0.7913677096366882,0.5559385418891907,-0.03081083856523037,0.6789408326148987,0.5363226532936096,-0.032088957726955414,0.6862719655036926,0.44538938999176025,-0.03699285537004471,0.693836510181427,0.3953120708465576,-0.03867194801568985,0.6979855298995972,0.3580198287963867,-0.042010966688394547,0.6425097584724426,0.5328201055526733,-0.02902740240097046,0.6357505321502686,0.45412641763687134,-0.030043089762330055,0.6429526805877686,0.48600634932518005,-0.021347256377339363,0.6491727232933044,0.5174587965011597,-0.016535963863134384,0.6127447485923767,0.5474539995193481,-0.024845292791724205,0.6054753065109253,0.472911536693573,-0.02470923773944378,0.613929033279419,0.498090922832489,-0.013261363841593266,0.6198338866233826,0.5266905426979065,-0.007373764179646969,0.5874900817871094,0.5692976713180542,-0.02130434848368168,0.5715363621711731,0.5056238770484924,-0.02646302431821823,0.5646814703941345,0.47477632761001587,-0.026288460940122604,0.5588358640670776,0.4470314085483551,-0.026459788903594017
ILOVEYOU,0.6476870775222778,0.6967217326164246,8.211448232486873e-08,0.6941673755645752,0.6599317789077759,-0.008192905224859715,0.7305496335029602,0.6079264283180237,-0.014165188185870647,0.7575477361679077,0.5650581121444702,-0.01686328463256359,0.7890819311141968,0.5563152432441711,-0.020148232579231262,0.6773701310157776,0.5349912047386169,-0.029980510473251343,0.6845760941505432,0.4450960159301758,-0.03454090654850006,0.6912319660186768,0.3961546719074249,-0.03626270219683647,0.6952850818634033,0.35933196544647217,-0.03960635885596275,0.641350507736206,0.5326071977615356,-0.026698919013142586,0.6324271559715271,0.45606520771980286,-0.027240900322794914,0.6388583779335022,0.4872298836708069,-0.018523814156651497,0.6456679105758667,0.5179039239883423,-0.013852925971150398,0.6119764447212219,0.5476623773574829,-0.022289687767624855,0.6022298336029053,0.4763000011444092,-0.02156086638569832,0.6101587414741516,0.5009090900421143,-0.010469896718859673,0.616996169090271,0.528539776802063,-0.004846498370170593,0.5862793922424316,0.5688574314117432,-0.018394537270069122,0.5707882642745972,0.5060582160949707,-0.023472972214221954,0.563180685043335,0.4753777086734772,-0.023702673614025116,0.5577996373176575,0.44760918617248535,-0.024117721244692802
ILOVEYOU,0.6473585963249207,0.6954575777053833,1.0669911176819369e-07,0.6935347318649292,0.6581696271896362,-0.009496534243226051,0.7274260520935059,0.6072492599487305,-0.01650170050561428,0.7528219223022461,0.563978910446167,-0.019962366670370102,0.7845942974090576,0.5558470487594604,-0.023980550467967987,0.6757431030273438,0.534313440322876,-0.030173372477293015,0.6819263696670532,0.44910094141960144,-0.03425993025302887,0.6878386735916138,0.400879442691803,-0.03639275208115578,0.6912153959274292,0.3645091652870178,-0.0404413603246212,0.6394230127334595,0.5318814516067505,-0.02622879482805729,0.6321117281913757,0.45851725339889526,-0.02540760301053524,0.6377323269844055,0.4889635443687439,-0.016121724620461464,0.6436638832092285,0.5184718370437622,-0.011694492772221565,0.6100046038627625,0.5473705530166626,-0.02136066183447838,0.6020156145095825,0.47864046692848206,-0.01920384168624878,0.6092601418495178,0.500770092010498,-0.008213278837502003,0.6150252819061279,0.5263375639915466,-0.003474737284705043,0.5849671363830566,0.5689402222633362,-0.01718861237168312,0.5705615282058716,0.5093116164207458,-0.021662171930074692,0.5634791254997253,0.48079732060432434,-0.0222310870885849,0.5580157041549683,0.45489925146102905,-0.02338082529604435
ILOVEYOU,0.646333634853363,0.694817066192627,8.490565051033627e-08,0.6930294632911682,0.657781720161438,-0.007307556923478842,0.7277466058731079,0.6068914532661438,-0.012500162236392498,0.7530214786529541,0.5634140968322754,-0.014454360119998455,0.7841765880584717,0.5553614497184753,-0.017094582319259644,0.6750683188438416,0.5344527363777161,-0.027498457580804825,0.6806552410125732,0.4474999010562897,-0.031110452488064766,0.6859359741210938,0.3992256820201874,-0.032877519726753235,0.6891692876815796,0.36301976442337036,-0.036438412964344025,0.6394719481468201,0.5321884751319885,-0.02369602397084236,0.6300376653671265,0.460088849067688,-0.022295428439974785,0.6354607343673706,0.49070003628730774,-0.01277775689959526,0.6418125629425049,0.5199820399284363,-0.008182581514120102,0.6102944016456604,0.5481859445571899,-0.018818747252225876,0.5995891094207764,0.4794190526008606,-0.01663634367287159,0.6063335537910461,0.5029122233390808,-0.005201524123549461,0.6125006079673767,0.5293506979942322,0.0001166841757367365,0.5852199196815491,0.5708906054496765,-0.014379443600773811,0.570493221282959,0.5094780921936035,-0.018682053312659264,0.5634810924530029,0.4803645610809326,-0.018561186268925667,0.5585671067237854,0.45359936356544495,-0.01899104006588459
ILOVEYOU,0.646333634853363,0.694817066192627,8.490565051033627e-08,0.6930294632911682,0.657781720161438,-0.007307556923478842,0.7277466058731079,0.6068914532661438,-0.012500162236392498,0.7530214786529541,0.5634140968322754,-0.014454360119998455,0.7841765880584717,0.5553614497184753,-0.017094582319259644,0.6750683188438416,0.5344527363777161,-0.027498457580804825,0.6806552410125732,0.4474999010562897,-0.031110452488064766,0.6859359741210938,0.3992256820201874,-0.032877519726753235,0.6891692876815796,0.36301976442337036,-0.036438412964344025,0.6394719481468201,0.5321884751319885,-0.02369602397084236,0.6300376653671265,0.460088849067688,-0.022295428439974785,0.6354607343673706,0.49070003628730774,-0.01277775689959526,0.6418125629425049,0.5199820399284363,-0.008182581514120102,0.6102944016456604,0.5481859445571899,-0.018818747252225876,0.5995891094207764,0.4794190526008606,-0.01663634367287159,0.6063335537910461,0.5029122233390808,-0.005201524123549461,0.6125006079673767,0.5293506979942322,0.0001166841757367365,0.5852199196815491,0.5708906054496765,-0.014379443600773811,0.570493221282959,0.5094780921936035,-0.018682053312659264,0.5634810924530029,0.4803645610809326,-0.018561186268925667,0.5585671067237854,0.45359936356544495,-0.01899104006588459
ILOVEYOU,0.6450595259666443,0.6935127973556519,8.990866007252407e-08,0.6922172904014587,0.6573674082756042,-0.007665244396775961,0.7261225581169128,0.6068115234375,-0.013411200605332851,0.750487744808197,0.562656581401825,-0.015910206362605095,0.7821629047393799,0.5543527603149414,-0.019230924546718597,0.6731895208358765,0.5349803566932678,-0.028407331556081772,0.6790056228637695,0.4483165740966797,-0.031984779983758926,0.6842708587646484,0.3998112380504608,-0.033833034336566925,0.6870246529579163,0.36356496810913086,-0.037528134882450104,0.6373738050460815,0.5324614644050598,-0.02456069178879261,0.6298776865005493,0.4612061381340027,-0.023161783814430237,0.6358586549758911,0.4914363622665405,-0.014060542918741703,0.6416382193565369,0.5204176902770996,-0.009843774139881134,0.6086106300354004,0.5481618046760559,-0.019560938701033592,0.5997574329376221,0.47901350259780884,-0.017230141907930374,0.6067546606063843,0.5023232698440552,-0.006196409463882446,0.6123355627059937,0.5288118720054626,-0.0012952169636264443,0.5842409729957581,0.5707638263702393,-0.014995783567428589,0.5695337653160095,0.5092716217041016,-0.01903344690799713,0.5628348588943481,0.481335312128067,-0.01890309900045395,0.5581517815589905,0.4561235010623932,-0.019433559849858284
ILOVEYOU,0.6435724496841431,0.6917694211006165,1.3064720860711532e-07,0.6903207302093506,0.6583853960037231,-0.008878959342837334,0.7246387004852295,0.6077682971954346,-0.016236163675785065,0.7496688365936279,0.5631831884384155,-0.020506152883172035,0.781485915184021,0.5556814074516296,-0.025916647166013718,0.6721401810646057,0.5361658930778503,-0.029774188995361328,0.6783859729766846,0.4510062634944916,-0.03374771773815155,0.6835362315177917,0.4025880694389343,-0.035783689469099045,0.6858438849449158,0.3662182092666626,-0.03967301920056343,0.6368505954742432,0.5336753129959106,-0.02642914652824402,0.6301537752151489,0.4644259512424469,-0.026493722572922707,0.6355420351028442,0.4948410093784332,-0.018476828932762146,0.6416940689086914,0.5227401256561279,-0.014823374338448048,0.6077589988708496,0.5485817790031433,-0.021934133023023605,0.5989508628845215,0.4819270372390747,-0.02077234908938408,0.6061525940895081,0.5040937066078186,-0.010456033051013947,0.6121689677238464,0.5301610827445984,-0.005893997382372618,0.5830587148666382,0.5710365176200867,-0.0179466363042593,0.5688583254814148,0.5101229548454285,-0.021514788269996643,0.5624709129333496,0.4822932183742523,-0.02063051611185074,0.5578693747520447,0.4577469825744629,-0.020808149129152298
ILOVEYOU,0.6440777778625488,0.6941138505935669,8.391802452933916e-08,0.6906476616859436,0.6579372882843018,-0.005829469300806522,0.724484384059906,0.6056371927261353,-0.011796257458627224,0.7494822144508362,0.5609055757522583,-0.01482255756855011,0.7809889316558838,0.553876519203186,-0.019007466733455658,0.6736474633216858,0.5404059290885925,-0.030049553140997887,0.677630603313446,0.4515860974788666,-0.03460065647959709,0.6824328899383545,0.40241849422454834,-0.036627739667892456,0.6848354339599609,0.36564433574676514,-0.04013634845614433,0.6379632949829102,0.5375394821166992,-0.027273133397102356,0.630257785320282,0.4642055034637451,-0.027068255469202995,0.6357436180114746,0.4945515990257263,-0.01812928356230259,0.6414702534675598,0.523826003074646,-0.013639358803629875,0.608508825302124,0.5516566634178162,-0.02292473055422306,0.5991643071174622,0.4825195074081421,-0.020895157009363174,0.6067290902137756,0.5050825476646423,-0.009676421992480755,0.6126056909561157,0.5314764976501465,-0.00446257833391428,0.5834472179412842,0.5728231072425842,-0.018727630376815796,0.5693902373313904,0.5111547708511353,-0.02135372720658779,0.5639461278915405,0.48364362120628357,-0.019778449088335037,0.559768557548523,0.45917320251464844,-0.019425518810749054
ILOVEYOU,0.09082777798175812,0.7693126201629639,1.256192803111844e-07,0.15423209965229034,0.776678204536438,-0.033362023532390594,0.22549454867839813,0.7198919653892517,-0.03170056641101837,0.2635995149612427,0.6585022807121277,-0.027570493519306183,0.29868268966674805,0.6189709305763245,-0.02227994240820408,0.22244976460933685,0.5905477404594421,0.0006181475473567843,0.2581706941127777,0.514703631401062,-0.0037726922892034054,0.28283968567848206,0.4641464948654175,-0.00758300581946969,0.3018524646759033,0.42199844121932983,-0.009465107694268227,0.1827506721019745,0.5694183707237244,0.007000491954386234,0.19988903403282166,0.489452987909317,-0.012041332200169563,0.20314374566078186,0.4709536135196686,-0.02760981395840645,0.20352372527122498,0.46136289834976196,-0.03138069063425064,0.1424441635608673,0.5633032917976379,0.008545387536287308,0.14198294281959534,0.5078566670417786,-0.024452192708849907,0.1212497279047966,0.555853545665741,-0.037013664841651917,0.10768609493970871,0.5951107144355774,-0.03253268450498581,0.10160382091999054,0.5619217753410339,0.007785380352288485,0.11382849514484406,0.4902764558792114,-0.012957568280398846,0.12032418698072433,0.44882237911224365,-0.019947484135627747,0.13033819198608398,0.4099156856536865,-0.019446229562163353
ILOVEYOU,0.14686550199985504,0.7842198610305786,-3.8695624482443236e-08,0.21371881663799286,0.7890255451202393,-0.024046698585152626,0.28131598234176636,0.723671555519104,-0.024865178391337395,0.31996724009513855,0.6652435064315796,-0.0246707946062088,0.35556671023368835,0.6369779109954834,-0.024272151291370392,0.27270230650901794,0.6032194495201111,-0.009453861974179745,0.30113059282302856,0.5146585702896118,-0.017820345237851143,0.3214012086391449,0.46280431747436523,-0.022053446620702744,0.33958619832992554,0.41765308380126953,-0.0271866824477911,0.23045358061790466,0.5841267704963684,-0.011669844388961792,0.2429496943950653,0.5059025883674622,-0.0418461337685585,0.22885821759700775,0.5534780621528625,-0.05654771625995636,0.21727123856544495,0.5975244045257568,-0.05917783081531525,0.18655365705490112,0.5811023712158203,-0.016874458640813828,0.1922282874584198,0.5198885798454285,-0.05210072919726372,0.17965492606163025,0.5792573094367981,-0.059495922178030014,0.1715579628944397,0.6227452754974365,-0.05498138815164566,0.14059656858444214,0.5873874425888062,-0.023747844621539116,0.1473056524991989,0.5095665454864502,-0.04767604172229767,0.15541398525238037,0.4717392921447754,-0.05573736131191254,0.1677260398864746,0.4291049838066101,-0.05832526832818985
ILOVEYOU,0.13635261356830597,0.7835125923156738,-6.082404269136532e-08,0.2032286822795868,0.7878867387771606,-0.028266923502087593,0.27281126379966736,0.7215510606765747,-0.02817651629447937,0.31186896562576294,0.6574381589889526,-0.026844356209039688,0.3483501374721527,0.6282010674476624,-0.02434687688946724,0.2654857635498047,0.592692494392395,-0.006063003093004227,0.2954375147819519,0.5031890869140625,-0.015321148559451103,0.3170478343963623,0.45145702362060547,-0.01929404027760029,0.33695828914642334,0.4105924963951111,-0.02281653881072998,0.22234761714935303,0.5752403736114502,-0.005712493788450956,0.2346293330192566,0.4914438724517822,-0.03962542489171028,0.22322940826416016,0.5350755453109741,-0.05653528869152069,0.21476158499717712,0.582278311252594,-0.058064330369234085,0.17905405163764954,0.5725110769271851,-0.009138920344412327,0.1771065592765808,0.5148587822914124,-0.05017505958676338,0.16252487897872925,0.573817789554596,-0.06170795485377312,0.15544819831848145,0.6187698841094971,-0.05650888383388519,0.13529254496097565,0.5774670839309692,-0.014239445328712463,0.14129316806793213,0.49782106280326843,-0.0406925193965435,0.1475527286529541,0.45409393310546875,-0.050278570502996445,0.15833666920661926,0.4075542092323303,-0.052101701498031616
ILOVEYOU,0.13385918736457825,0.7850581407546997,-6.982433120583664e-08,0.2001556009054184,0.7862876653671265,-0.027809932827949524,0.2706257998943329,0.7215790152549744,-0.02834223210811615,0.31084105372428894,0.6608644127845764,-0.02806796319782734,0.3461925685405731,0.6291955709457397,-0.02675926499068737,0.26502665877342224,0.5897993445396423,-0.005489848088473082,0.29459020495414734,0.5010508894920349,-0.01590346358716488,0.31714117527008057,0.44908174872398376,-0.021549081429839134,0.33729779720306396,0.40728819370269775,-0.02608562633395195,0.22221125662326813,0.5733685493469238,-0.005998195614665747,0.2321668118238449,0.49495619535446167,-0.04040185734629631,0.2219851315021515,0.5373846292495728,-0.058835454285144806,0.21394656598567963,0.5816513299942017,-0.061912164092063904,0.17879778146743774,0.5708288550376892,-0.010277402587234974,0.17631381750106812,0.5151625871658325,-0.05132177844643593,0.1642111837863922,0.5735975503921509,-0.0633450448513031,0.15709002315998077,0.6184651255607605,-0.05896824970841408,0.1346476823091507,0.5758816003799438,-0.016261953860521317,0.14107833802700043,0.494911253452301,-0.04222744330763817,0.14813542366027832,0.45101603865623474,-0.05090796947479248,0.1585572063922882,0.40420740842819214,-0.052289556711912155
ILOVEYOU,0.13471917808055878,0.783167839050293,-8.825775665854962e-08,0.20096588134765625,0.7873792052268982,-0.02805590070784092,0.2716488838195801,0.7210819721221924,-0.028485240414738655,0.3103519082069397,0.6570675373077393,-0.028141288086771965,0.3458367884159088,0.6247829794883728,-0.027065448462963104,0.26300540566444397,0.5900487303733826,-0.005921264179050922,0.29277676343917847,0.5015050172805786,-0.015580641105771065,0.31481054425239563,0.4489648640155792,-0.020939625799655914,0.33380499482154846,0.4059547781944275,-0.02533465251326561,0.21963906288146973,0.5729355216026306,-0.005766859743744135,0.23016679286956787,0.49798715114593506,-0.0417635403573513,0.21946848928928375,0.5410826802253723,-0.06141791492700577,0.2086338996887207,0.584290623664856,-0.06438037008047104,0.17667122185230255,0.5689308047294617,-0.008989620953798294,0.17433452606201172,0.5141664147377014,-0.050867341458797455,0.16223099827766418,0.5769442915916443,-0.063059501349926,0.1537843644618988,0.6236792206764221,-0.05793827027082443,0.1335509717464447,0.5723066329956055,-0.013843695633113384,0.14165432751178741,0.4915698170661926,-0.040381740778684616,0.14800038933753967,0.44868794083595276,-0.049089349806308746,0.1565123349428177,0.40142834186553955,-0.049930743873119354
ILOVEYOU,0.13319528102874756,0.7825140953063965,-1.0643109504826498e-07,0.2004489153623581,0.7892419099807739,-0.02624700218439102,0.27100270986557007,0.7206324934959412,-0.025507314130663872,0.31036412715911865,0.6562233567237854,-0.024799853563308716,0.34577420353889465,0.6251075267791748,-0.02330126240849495,0.2633785307407379,0.5873615145683289,-0.00010343929898226634,0.2919005751609802,0.49804556369781494,-0.00881286896765232,0.3132876455783844,0.44461292028427124,-0.013926458545029163,0.33188602328300476,0.40033066272735596,-0.01856728456914425,0.21916338801383972,0.5708606839179993,-0.000998473959043622,0.2315610647201538,0.49967876076698303,-0.038631685078144073,0.2174651324748993,0.5513904094696045,-0.05935116484761238,0.203446626663208,0.6009158492088318,-0.062202490866184235,0.17631962895393372,0.5670114755630493,-0.00541885057464242,0.17718461155891418,0.5122655630111694,-0.04844100773334503,0.1633109152317047,0.5757690072059631,-0.06109068915247917,0.15188778936862946,0.623360812664032,-0.055622488260269165,0.13370250165462494,0.5702522993087769,-0.01135636679828167,0.14101271331310272,0.48690885305404663,-0.03806224465370178,0.14717338979244232,0.44387397170066833,-0.04702381044626236,0.15530164539813995,0.39750319719314575,-0.04789208620786667
ILOVEYOU,0.13319528102874756,0.7825140953063965,-1.0643109504826498e-07,0.2004489153623581,0.7892419099807739,-0.02624700218439102,0.27100270986557007,0.7206324934959412,-0.025507314130663872,0.31036412715911865,0.6562233567237854,-0.024799853563308716,0.34577420353889465,0.6251075267791748,-0.02330126240849495,0.2633785307407379,0.5873615145683289,-0.00010343929898226634,0.2919005751609802,0.49804556369781494,-0.00881286896765232,0.3132876455783844,0.44461292028427124,-0.013926458545029163,0.33188602328300476,0.40033066272735596,-0.01856728456914425,0.21916338801383972,0.5708606839179993,-0.000998473959043622,0.2315610647201538,0.49967876076698303,-0.038631685078144073,0.2174651324748993,0.5513904094696045,-0.05935116484761238,0.203446626663208,0.6009158492088318,-0.062202490866184235,0.17631962895393372,0.5670114755630493,-0.00541885057464242,0.17718461155891418,0.5122655630111694,-0.04844100773334503,0.1633109152317047,0.5757690072059631,-0.06109068915247917,0.15188778936862946,0.623360812664032,-0.055622488260269165,0.13370250165462494,0.5702522993087769,-0.01135636679828167,0.14101271331310272,0.48690885305404663,-0.03806224465370178,0.14717338979244232,0.44387397170066833,-0.04702381044626236,0.15530164539813995,0.39750319719314575,-0.04789208620786667
ILOVEYOU,0.13284915685653687,0.7817035913467407,-1.068009183313734e-07,0.2015911489725113,0.788105845451355,-0.026934195309877396,0.27250900864601135,0.7227717041969299,-0.027624977752566338,0.31059715151786804,0.6572458148002625,-0.02784908562898636,0.3459567725658417,0.6272160410881042,-0.027218138799071312,0.26190638542175293,0.5902547240257263,-0.005530072376132011,0.289181649684906,0.4985872805118561,-0.016620153561234474,0.3110477924346924,0.44269776344299316,-0.0226095300167799,0.32968980073928833,0.396720826625824,-0.02747632935643196,0.21722087264060974,0.572693407535553,-0.006204214412719011,0.22783136367797852,0.4998539686203003,-0.04643268138170242,0.21234919130802155,0.5605740547180176,-0.06622780859470367,0.19903650879859924,0.6169334650039673,-0.06773983687162399,0.17431576550006866,0.5677552819252014,-0.010182280093431473,0.17472946643829346,0.511016845703125,-0.05362973362207413,0.16144315898418427,0.57730633020401,-0.06354139000177383,0.1516798436641693,0.6270601749420166,-0.0560789592564106,0.13191105425357819,0.5698219537734985,-0.015771789476275444,0.14013364911079407,0.486084520816803,-0.04180844873189926,0.14649821817874908,0.444232702255249,-0.0486748032271862,0.1548105925321579,0.39802199602127075,-0.04781610518693924
ILOVEYOU,0.13257744908332825,0.7861226797103882,-1.5518075713316648e-07,0.20667189359664917,0.786395788192749,-0.02249947376549244,0.2754729688167572,0.7185624241828918,-0.0218840092420578,0.31246206164360046,0.6566753387451172,-0.0215191300958395,0.34678277373313904,0.6287102699279785,-0.019938137382268906,0.26279112696647644,0.5888873338699341,-0.004173888824880123,0.2892058193683624,0.49527472257614136,-0.01578638330101967,0.31026336550712585,0.4385008215904236,-0.021149931475520134,0.3282845616340637,0.39243340492248535,-0.025579333305358887,0.21784386038780212,0.5723164081573486,-0.006998996715992689,0.22456488013267517,0.5119163393974304,-0.04693561792373657,0.20835468173027039,0.5805307030677795,-0.06496450304985046,0.19760200381278992,0.6369020342826843,-0.06612813472747803,0.1745920479297638,0.568446695804596,-0.013172873295843601,0.17286300659179688,0.5193195343017578,-0.05742268264293671,0.16278263926506042,0.5934162735939026,-0.06745653599500656,0.1563165783882141,0.6447808146476746,-0.06088261678814888,0.13175775110721588,0.5704928040504456,-0.020443011075258255,0.13720284402370453,0.48722249269485474,-0.047938164323568344,0.144044429063797,0.4455109238624573,-0.05602753534913063,0.15406566858291626,0.39617711305618286,-0.05656105652451515
ILOVEYOU,0.13797347247600555,0.7891502380371094,-1.329459706767011e-07,0.2050035148859024,0.7903584241867065,-0.025421738624572754,0.2748495042324066,0.719636857509613,-0.02508913166821003,0.31141337752342224,0.6573361158370972,-0.024599820375442505,0.3464428186416626,0.6290972232818604,-0.022807952016592026,0.26117241382598877,0.5893325209617615,-0.0024467017501592636,0.28703683614730835,0.4945205748081207,-0.010740221478044987,0.306720495223999,0.43456876277923584,-0.014399191364645958,0.32294756174087524,0.3858185112476349,-0.017358245328068733,0.21655450761318207,0.5738489031791687,-0.002797389170154929,0.22336092591285706,0.5171991586685181,-0.041472308337688446,0.20625276863574982,0.5840821862220764,-0.06001238152384758,0.19102726876735687,0.6412817239761353,-0.05994062498211861,0.1741589605808258,0.5689781904220581,-0.006231184583157301,0.17361557483673096,0.5228444337844849,-0.04800557717680931,0.16064827144145966,0.5973470211029053,-0.05743208900094032,0.15058991312980652,0.6498998403549194,-0.04945605993270874,0.13321687281131744,0.5680803060531616,-0.011042197234928608,0.1398148387670517,0.4851728081703186,-0.03501931577920914,0.1465510129928589,0.4440513849258423,-0.04090941324830055,0.15600064396858215,0.3972014784812927,-0.03942221403121948
ILOVEYOU,0.1405714452266693,0.7873778343200684,-1.771171156406126e-07,0.21030491590499878,0.7889136075973511,-0.02157564088702202,0.2802674472332001,0.7190721035003662,-0.019876664504408836,0.3164289891719818,0.6589506268501282,-0.018601367250084877,0.3507775068283081,0.6329424381256104,-0.01627514511346817,0.2646712362766266,0.5880699157714844,-0.003629113081842661,0.28903794288635254,0.4922748804092407,-0.012461734935641289,0.3089349865913391,0.43117910623550415,-0.015808207914233208,0.3244858980178833,0.38257893919944763,-0.018696600571274757,0.21860021352767944,0.5723944306373596,-0.005842135287821293,0.22432148456573486,0.5198993682861328,-0.04463328793644905,0.20775781571865082,0.5927082896232605,-0.062175121158361435,0.1930672526359558,0.6538261771202087,-0.062185611575841904,0.17540647089481354,0.5695537328720093,-0.010810825042426586,0.1748064160346985,0.5280788540840149,-0.05255713686347008,0.16476134955883026,0.6018023490905762,-0.062441349029541016,0.1553838849067688,0.6532547473907471,-0.055732328444719315,0.13354770839214325,0.5710604786872864,-0.016790451481938362,0.1411096304655075,0.4878385663032532,-0.04215853288769722,0.14772237837314606,0.44432908296585083,-0.049656324088573456,0.15521633625030518,0.3948628306388855,-0.049712564796209335
ILOVEYOU,0.14150665700435638,0.7874510288238525,-1.9600297207489348e-07,0.21080997586250305,0.7904419898986816,-0.02201094478368759,0.2806408405303955,0.720522403717041,-0.02054109424352646,0.31693655252456665,0.6578713655471802,-0.01923116110265255,0.35233476758003235,0.6326104998588562,-0.016985932365059853,0.26649755239486694,0.588003933429718,-0.004371740855276585,0.2895233631134033,0.49271273612976074,-0.01321395207196474,0.30844244360923767,0.43070363998413086,-0.016560455784201622,0.32219886779785156,0.3814682960510254,-0.019253533333539963,0.22016949951648712,0.572331428527832,-0.0062619708478450775,0.22375227510929108,0.5222126841545105,-0.044495947659015656,0.2069733887910843,0.5950182676315308,-0.061668358743190765,0.1927831918001175,0.654597282409668,-0.06143126264214516,0.17698410153388977,0.5697619318962097,-0.010932189412415028,0.17421773076057434,0.5311357378959656,-0.052714988589286804,0.16418468952178955,0.6064670085906982,-0.06256642192602158,0.15562301874160767,0.6580067873001099,-0.05571497231721878,0.13490767776966095,0.5717101693153381,-0.016553813591599464,0.1417919546365738,0.4875374436378479,-0.04173384606838226,0.14777114987373352,0.4451305866241455,-0.048657793551683426,0.15537592768669128,0.39620500802993774,-0.04820572957396507
ILOVEYOU,0.14256548881530762,0.7898256182670593,-1.8017617264831642e-07,0.21338841319084167,0.7885147929191589,-0.021136466413736343,0.2813909649848938,0.7190768718719482,-0.02006112039089203,0.3158186078071594,0.6571927666664124,-0.019861161708831787,0.3502792716026306,0.6320810317993164,-0.018612073734402657,0.2657634913921356,0.5877177119255066,-0.0019816122949123383,0.28763023018836975,0.4917784631252289,-0.012616210617125034,0.30707529187202454,0.42926764488220215,-0.017292004078626633,0.3218393325805664,0.3799322843551636,-0.02031783200800419,0.21981249749660492,0.5729045867919922,-0.004700432065874338,0.22398190200328827,0.524172306060791,-0.04608460143208504,0.20819298923015594,0.5967936515808105,-0.06459585577249527,0.1939813792705536,0.6574158668518066,-0.06396255642175674,0.17656639218330383,0.570033073425293,-0.010243928991258144,0.1739690899848938,0.5324329137802124,-0.05443340167403221,0.1630128175020218,0.6082813739776611,-0.06345286220312119,0.15284094214439392,0.6609946489334106,-0.05458972603082657,0.13445372879505157,0.5713581442832947,-0.016716551035642624,0.14240488409996033,0.48693475127220154,-0.042831141501665115,0.1499701589345932,0.44452106952667236,-0.04875284805893898,0.15876047313213348,0.3961282968521118,-0.046602457761764526
ILOVEYOU,0.14104874432086945,0.7887976765632629,-2.1383029036314838e-07,0.21226628124713898,0.7852552533149719,-0.021429799497127533,0.2795007526874542,0.7161933183670044,-0.020655708387494087,0.3160412907600403,0.657010555267334,-0.020441515371203423,0.35146981477737427,0.632868766784668,-0.019222134724259377,0.2664954364299774,0.5860503315925598,-0.004900038242340088,0.2889626622200012,0.490250825881958,-0.016335461288690567,0.3082871437072754,0.4270806610584259,-0.021275538951158524,0.32243555784225464,0.3769730031490326,-0.024732526391744614,0.22047960758209229,0.570756733417511,-0.007471500430256128,0.22370710968971252,0.5251283645629883,-0.04880879446864128,0.20568732917308807,0.5985974669456482,-0.06635171920061111,0.19144180417060852,0.6576294898986816,-0.06581912934780121,0.1768486499786377,0.5689850449562073,-0.012994944117963314,0.17346197366714478,0.5315120816230774,-0.05761922895908356,0.16243505477905273,0.6050814986228943,-0.06714954972267151,0.1536446511745453,0.6559835076332092,-0.05938711389899254,0.13432878255844116,0.5723440647125244,-0.019450226798653603,0.14080584049224854,0.4880541265010834,-0.04751947522163391,0.1474888175725937,0.4435091018676758,-0.05542108416557312,0.15595915913581848,0.3936765193939209,-0.054945092648267746
ILOVEYOU,0.14333829283714294,0.7878390550613403,-1.9919772853427276e-07,0.21427801251411438,0.7847748398780823,-0.02472630701959133,0.28076085448265076,0.7171502113342285,-0.026411529630422592,0.31587716937065125,0.6589478254318237,-0.028270848095417023,0.35185083746910095,0.6354645490646362,-0.02906814031302929,0.26539531350135803,0.584204375743866,-0.007272327784448862,0.28772640228271484,0.4902568757534027,-0.01919727772474289,0.3054462671279907,0.4280451536178589,-0.02464325539767742,0.31932833790779114,0.3787038326263428,-0.027989836409687996,0.2188878059387207,0.5708972215652466,-0.007873636670410633,0.22240614891052246,0.5283376574516296,-0.049043625593185425,0.20506799221038818,0.5998786687850952,-0.06643150746822357,0.19062626361846924,0.6587622165679932,-0.06533071398735046,0.1751174032688141,0.5699678659439087,-0.011480732820928097,0.17392276227474213,0.5351555347442627,-0.05604121461510658,0.1619187891483307,0.6103066205978394,-0.06381464749574661,0.1518179327249527,0.6621670126914978,-0.05411618575453758,0.13355961441993713,0.5723573565483093,-0.016240430995821953,0.1413765698671341,0.48846566677093506,-0.04329096898436546,0.14912539720535278,0.44590994715690613,-0.04885730892419815,0.1598484218120575,0.3977622389793396,-0.04614662751555443
ILOVEYOU,0.14219380915164948,0.7890591025352478,-2.044635181164267e-07,0.21230930089950562,0.7865903973579407,-0.02144908905029297,0.28074365854263306,0.7160477638244629,-0.0207425095140934,0.31607142090797424,0.6557546854019165,-0.020899193361401558,0.3515963554382324,0.6308355927467346,-0.020001772791147232,0.2638424038887024,0.5835687518119812,-0.0031664774287492037,0.284190833568573,0.48676198720932007,-0.013425796292722225,0.30236899852752686,0.4235230088233948,-0.017457427456974983,0.31650111079216003,0.37409254908561707,-0.020222144201397896,0.217788428068161,0.5705325603485107,-0.005665935575962067,0.2209911346435547,0.5256044864654541,-0.046820979565382004,0.2030998319387436,0.6002210378646851,-0.0643283873796463,0.18844622373580933,0.6598110795021057,-0.06316746026277542,0.17469605803489685,0.5696978569030762,-0.011041526682674885,0.17311367392539978,0.5332046151161194,-0.055491115897893906,0.1610081046819687,0.6103350520133972,-0.06371837854385376,0.1505240797996521,0.662390410900116,-0.05449405312538147,0.13305048644542694,0.572199285030365,-0.01739204116165638,0.13986103236675262,0.4868693947792053,-0.044695012271404266,0.14745646715164185,0.4427762031555176,-0.05137784406542778,0.15752729773521423,0.3927750587463379,-0.04979338124394417
ILOVEYOU,0.14344531297683716,0.7906357049942017,-1.9252735228292295e-07,0.2123524397611618,0.7846318483352661,-0.025014743208885193,0.2792191803455353,0.7159122228622437,-0.02720135822892189,0.3146458566188812,0.6553640961647034,-0.029439212754368782,0.35176628828048706,0.6326984167098999,-0.030444391071796417,0.2628142237663269,0.5839816927909851,-0.008540713228285313,0.2836846113204956,0.48744669556617737,-0.02143137715756893,0.3013061583042145,0.42465633153915405,-0.027094818651676178,0.31587257981300354,0.37577924132347107,-0.03053726628422737,0.21764525771141052,0.5706390142440796,-0.009213834069669247,0.22067289054393768,0.5284185409545898,-0.05182671174407005,0.20380592346191406,0.6024184823036194,-0.06897293031215668,0.1913454532623291,0.6621465086936951,-0.06758013367652893,0.17429234087467194,0.5696787238121033,-0.01297693606466055,0.17140334844589233,0.5360291004180908,-0.058849036693573,0.1596182882785797,0.6122797131538391,-0.06613907217979431,0.15149083733558655,0.6650059819221497,-0.056010425090789795,0.13250857591629028,0.5724441409111023,-0.017946014180779457,0.13940869271755219,0.48970550298690796,-0.04580717161297798,0.14702868461608887,0.44681277871131897,-0.05170785263180733,0.15820074081420898,0.39827266335487366,-0.04926101863384247
ILOVEYOU,0.14136222004890442,0.7872276306152344,-1.9025459607746598e-07,0.21097134053707123,0.7884615063667297,-0.022600477561354637,0.2803632318973541,0.7160161137580872,-0.021695127710700035,0.3168521523475647,0.6539046764373779,-0.02116115391254425,0.3529702425003052,0.6307280659675598,-0.019592897966504097,0.2642076313495636,0.5847576856613159,-0.002983601065352559,0.2842247784137726,0.4892469048500061,-0.012152091600000858,0.3019219636917114,0.4243316054344177,-0.015995020046830177,0.31490644812583923,0.3731950521469116,-0.018847152590751648,0.21801303327083588,0.5705469846725464,-0.004115008283406496,0.21932661533355713,0.5263442397117615,-0.04302748665213585,0.2012592852115631,0.6031615734100342,-0.05943320319056511,0.1877252459526062,0.6635531783103943,-0.057905133813619614,0.17452573776245117,0.5684932470321655,-0.008243577554821968,0.17049288749694824,0.5324257016181946,-0.051078032702207565,0.1582622528076172,0.6111018061637878,-0.058705803006887436,0.14919161796569824,0.6635635495185852,-0.049317292869091034,0.1319202035665512,0.569659948348999,-0.01348232850432396,0.1396535187959671,0.48440802097320557,-0.03967418521642685,0.14671790599822998,0.44040578603744507,-0.04583645239472389,0.15669386088848114,0.3907095789909363,-0.04404357820749283
ILOVEYOU,0.14093710482120514,0.7878089547157288,-1.5034895284316008e-07,0.2100948542356491,0.7908260822296143,-0.02160995453596115,0.27949053049087524,0.7180390357971191,-0.021665891632437706,0.31640610098838806,0.6591956615447998,-0.02260631136596203,0.3520682752132416,0.6341809034347534,-0.022651348263025284,0.26339244842529297,0.5888279676437378,-0.0040543521754443645,0.2827224135398865,0.4935362935066223,-0.014386437833309174,0.30080294609069824,0.42927420139312744,-0.019150665029883385,0.31496426463127136,0.3782256245613098,-0.022883113473653793,0.21800661087036133,0.5738762021064758,-0.0070435358211398125,0.2212640345096588,0.5283014178276062,-0.04770015925168991,0.20346581935882568,0.6049016714096069,-0.06520885229110718,0.1895427703857422,0.6655181050300598,-0.06437309831380844,0.17436206340789795,0.5703032612800598,-0.01291509997099638,0.1734473556280136,0.5350038409233093,-0.05709336698055267,0.16144061088562012,0.6163279414176941,-0.06445431709289551,0.15127184987068176,0.6697940826416016,-0.05485111474990845,0.13106279075145721,0.5717562437057495,-0.019820259883999825,0.13896316289901733,0.4858167767524719,-0.04698070138692856,0.1474601924419403,0.44152748584747314,-0.052944283932447433,0.15809746086597443,0.39092472195625305,-0.05102994292974472
ILOVEYOU,0.14093710482120514,0.7878089547157288,-1.5034895284316008e-07,0.2100948542356491,0.7908260822296143,-0.02160995453596115,0.27949053049087524,0.7180390357971191,-0.021665891632437706,0.31640610098838806,0.6591956615447998,-0.02260631136596203,0.3520682752132416,0.6341809034347534,-0.022651348263025284,0.26339244842529297,0.5888279676437378,-0.0040543521754443645,0.2827224135398865,0.4935362935066223,-0.014386437833309174,0.30080294609069824,0.42927420139312744,-0.019150665029883385,0.31496426463127136,0.3782256245613098,-0.022883113473653793,0.21800661087036133,0.5738762021064758,-0.0070435358211398125,0.2212640345096588,0.5283014178276062,-0.04770015925168991,0.20346581935882568,0.6049016714096069,-0.06520885229110718,0.1895427703857422,0.6655181050300598,-0.06437309831380844,0.17436206340789795,0.5703032612800598,-0.01291509997099638,0.1734473556280136,0.5350038409233093,-0.05709336698055267,0.16144061088562012,0.6163279414176941,-0.06445431709289551,0.15127184987068176,0.6697940826416016,-0.05485111474990845,0.13106279075145721,0.5717562437057495,-0.019820259883999825,0.13896316289901733,0.4858167767524719,-0.04698070138692856,0.1474601924419403,0.44152748584747314,-0.052944283932447433,0.15809746086597443,0.39092472195625305,-0.05102994292974472
ILOVEYOU,0.14165443181991577,0.7875823974609375,-1.445752673134848e-07,0.21045681834220886,0.7909103631973267,-0.023751001805067062,0.28043240308761597,0.7182480692863464,-0.022870752960443497,0.31630030274391174,0.6592651009559631,-0.022358756512403488,0.3522171974182129,0.6338350772857666,-0.020913252606987953,0.26489195227622986,0.5852851867675781,-0.001972808036953211,0.28391730785369873,0.491113543510437,-0.009584850631654263,0.30270490050315857,0.42802193760871887,-0.012799624353647232,0.31683194637298584,0.37786710262298584,-0.01546721812337637,0.2186328023672104,0.5715550780296326,-0.003320347750559449,0.2206185907125473,0.5241782665252686,-0.04073991999030113,0.20477081835269928,0.5967369079589844,-0.05795770511031151,0.19079411029815674,0.6554612517356873,-0.0570787750184536,0.1744261234998703,0.5690733194351196,-0.007809332571923733,0.17205481231212616,0.5361090302467346,-0.05121981352567673,0.15997344255447388,0.6185034513473511,-0.060339923948049545,0.14984562993049622,0.6716511249542236,-0.05151761323213577,0.1312369406223297,0.5710558295249939,-0.013349269516766071,0.13895045220851898,0.4854632616043091,-0.04048291966319084,0.14603707194328308,0.4417741298675537,-0.04707054793834686,0.155437633395195,0.3919334411621094,-0.04534737765789032
ILOVEYOU,0.14248058199882507,0.7872022390365601,-1.6244312917024217e-07,0.20922087132930756,0.7913013100624084,-0.024401841685175896,0.2795970141887665,0.7191177010536194,-0.024456890299916267,0.316282719373703,0.6600437164306641,-0.024400444701313972,0.3523998558521271,0.6346045732498169,-0.023291785269975662,0.2654228210449219,0.5874179601669312,-0.00598929962143302,0.28499358892440796,0.49364209175109863,-0.014896265231072903,0.30314213037490845,0.4300687313079834,-0.018367858603596687,0.31706878542900085,0.3792946934700012,-0.021102191880345345,0.21915724873542786,0.5736231803894043,-0.007030973676592112,0.22135958075523376,0.5273737907409668,-0.045887675136327744,0.20359940826892853,0.6010076403617859,-0.06226220354437828,0.18963468074798584,0.6594433784484863,-0.06058152765035629,0.17463329434394836,0.5705643892288208,-0.011075998656451702,0.17247384786605835,0.5365961194038391,-0.055228933691978455,0.16036468744277954,0.6186087727546692,-0.06316226720809937,0.1511189341545105,0.6717368364334106,-0.05352585017681122,0.13110004365444183,0.5716730356216431,-0.01614350453019142,0.13871537148952484,0.4850630760192871,-0.043808214366436005,0.14576882123947144,0.44040852785110474,-0.049922239035367966,0.15565438568592072,0.38965392112731934,-0.04773062467575073
ILOVEYOU,0.14053335785865784,0.7884701490402222,-1.458547274069133e-07,0.20911948382854462,0.7927103042602539,-0.024005789309740067,0.2786669433116913,0.7216989398002625,-0.025763697922229767,0.3167133927345276,0.6611940860748291,-0.027651771903038025,0.3541843891143799,0.6363952159881592,-0.028523007407784462,0.2632962763309479,0.5909424424171448,-0.008283723145723343,0.2830914855003357,0.4949374794960022,-0.019220875576138496,0.3009190261363983,0.42940253019332886,-0.023766981437802315,0.3151171803474426,0.3776702284812927,-0.02735544741153717,0.21686924993991852,0.5748876333236694,-0.009965053759515285,0.21908406913280487,0.530207633972168,-0.050051525235176086,0.20067253708839417,0.6089961528778076,-0.06606997549533844,0.18830247223377228,0.6710208654403687,-0.06471408158540726,0.17264235019683838,0.5715879797935486,-0.014635023660957813,0.17055624723434448,0.5361202359199524,-0.05822330713272095,0.15864846110343933,0.6152670383453369,-0.065021812915802,0.15025442838668823,0.6679953336715698,-0.05552367493510246,0.12948693335056305,0.5738660097122192,-0.020537735894322395,0.13811704516410828,0.4887775480747223,-0.04725984111428261,0.14581191539764404,0.44423121213912964,-0.05305297300219536,0.15581724047660828,0.3938053846359253,-0.05121244490146637
ILOVEYOU,0.14185616374015808,0.787702202796936,-1.49191123455239e-07,0.208652064204216,0.7941977977752686,-0.02481122501194477,0.2796827554702759,0.7227224111557007,-0.02608613297343254,0.31680813431739807,0.661012589931488,-0.027223611250519753,0.3538060188293457,0.6347234845161438,-0.027244163677096367,0.26338067650794983,0.5902318954467773,-0.007361749652773142,0.2843874990940094,0.493841290473938,-0.01575435698032379,0.3027079105377197,0.42980653047561646,-0.018464507535099983,0.31694990396499634,0.3791322708129883,-0.02085636556148529,0.21717466413974762,0.5755926966667175,-0.008041552267968655,0.22103776037693024,0.5302371978759766,-0.04518792778253555,0.2021968513727188,0.6080846190452576,-0.059560079127550125,0.1886797845363617,0.6680538058280945,-0.05709296092391014,0.17345118522644043,0.5723657608032227,-0.01170891709625721,0.17466923594474792,0.5367518067359924,-0.05360898748040199,0.16214650869369507,0.6184272766113281,-0.059227216988801956,0.15223321318626404,0.6714358329772949,-0.04897058755159378,0.1309254765510559,0.5734047293663025,-0.016620086506009102,0.13961350917816162,0.4839153289794922,-0.042759187519550323,0.14699409902095795,0.4404257535934448,-0.047776494175195694,0.1569027304649353,0.39262157678604126,-0.045278385281562805
ILOVEYOU,0.14244189858436584,0.787726879119873,-1.7977384914047434e-07,0.2102799117565155,0.79024738073349,-0.025596080347895622,0.28043052554130554,0.7200964093208313,-0.027168288826942444,0.3176020383834839,0.6586924195289612,-0.028372548520565033,0.354103684425354,0.634996771812439,-0.02833498641848564,0.2643234431743622,0.5879243016242981,-0.009576790034770966,0.28391122817993164,0.49281466007232666,-0.02118298038840294,0.30163246393203735,0.4277956485748291,-0.02579546719789505,0.31563037633895874,0.37622594833374023,-0.029046447947621346,0.21786344051361084,0.572684645652771,-0.00959925539791584,0.21941688656806946,0.5296259522438049,-0.050564445555210114,0.19979172945022583,0.6091002225875854,-0.0660003125667572,0.1874256730079651,0.6706795692443848,-0.06361369788646698,0.17428216338157654,0.5696879625320435,-0.012772123329341412,0.1709667444229126,0.5347869396209717,-0.0572410449385643,0.15825088322162628,0.6145080924034119,-0.06349878758192062,0.14997786283493042,0.6681599617004395,-0.05300235375761986,0.1317150592803955,0.5711387991905212,-0.017281387001276016,0.13959646224975586,0.48564428091049194,-0.044636115431785583,0.1457744538784027,0.4407415986061096,-0.05055274814367294,0.15529334545135498,0.391107976436615,-0.04835522174835205
ILOVEYOU,0.14378568530082703,0.7901161313056946,-1.7247987216251204e-07,0.21138402819633484,0.7897395491600037,-0.026657916605472565,0.28118306398391724,0.7200576663017273,-0.029129045084118843,0.31804999709129333,0.6590196490287781,-0.0311315655708313,0.35456383228302,0.6345773935317993,-0.03195231035351753,0.2645461857318878,0.5872865319252014,-0.009795261546969414,0.28340521454811096,0.49182236194610596,-0.020890532061457634,0.3011934161186218,0.42728421092033386,-0.025198567658662796,0.31527963280677795,0.37594762444496155,-0.028129244223237038,0.21795621514320374,0.5729550719261169,-0.00945908110588789,0.21867389976978302,0.5327118039131165,-0.051169004291296005,0.1990860104560852,0.6127798557281494,-0.06750376522541046,0.18442323803901672,0.6748296022415161,-0.06517047435045242,0.17418576776981354,0.5710709691047668,-0.012174298986792564,0.17059698700904846,0.5374509692192078,-0.056677550077438354,0.158775195479393,0.6176410913467407,-0.0631878599524498,0.14972493052482605,0.6717652082443237,-0.052470095455646515,0.13161467015743256,0.5728023648262024,-0.0162753127515316,0.13895516097545624,0.48667508363723755,-0.04298479110002518,0.146505206823349,0.4423314929008484,-0.04842082038521767,0.1572982668876648,0.39286351203918457,-0.0457056500017643
ILOVEYOU,0.14534428715705872,0.7879501581192017,-1.6625055820895795e-07,0.21277597546577454,0.787480354309082,-0.027801524847745895,0.2824017107486725,0.7184798717498779,-0.03033442422747612,0.3202263116836548,0.6582398414611816,-0.03193666413426399,0.35718145966529846,0.6340992450714111,-0.03228660672903061,0.2636670172214508,0.5871215462684631,-0.011667221784591675,0.2825625240802765,0.4921318292617798,-0.023765483871102333,0.3005969524383545,0.4279465675354004,-0.02865702286362648,0.3151688277721405,0.3773093819618225,-0.03180789574980736,0.21844705939292908,0.572627604007721,-0.010192516259849072,0.21957238018512726,0.5301080942153931,-0.052140455693006516,0.20084774494171143,0.6105511784553528,-0.06761904060840607,0.18784239888191223,0.6730645895004272,-0.06465437263250351,0.1753583550453186,0.5702599883079529,-0.011978560127317905,0.17066924273967743,0.5359334349632263,-0.05717756971716881,0.1581054925918579,0.6160256266593933,-0.06312958151102066,0.14986129105091095,0.6700252294540405,-0.05172785744071007,0.13341273367404938,0.5711643099784851,-0.015185664407908916,0.1411839723587036,0.48686784505844116,-0.04240494966506958,0.14792241156101227,0.4429546594619751,-0.04773707315325737,0.15801090002059937,0.393980473279953,-0.04477722570300102
ILOVEYOU,0.14469575881958008,0.7903440594673157,-1.7676563857094152e-07,0.21284879744052887,0.7889255285263062,-0.025791732594370842,0.2825183868408203,0.7194569706916809,-0.027875730767846107,0.32010316848754883,0.6588038206100464,-0.029594073072075844,0.3576219379901886,0.6342011094093323,-0.0301193930208683,0.2639940679073334,0.5887702703475952,-0.010247758589684963,0.2825610935688019,0.4916379749774933,-0.022116443142294884,0.30093932151794434,0.4271249771118164,-0.026926809921860695,0.3156617283821106,0.3763922154903412,-0.030163496732711792,0.21844398975372314,0.5737200379371643,-0.010007171891629696,0.22120416164398193,0.52829909324646,-0.05135592073202133,0.202333003282547,0.6082234978675842,-0.06708505004644394,0.18821537494659424,0.6714185476303101,-0.06466273218393326,0.17514687776565552,0.57172030210495,-0.012789811939001083,0.17248135805130005,0.53509521484375,-0.05716691166162491,0.15928690135478973,0.61491459608078,-0.06296354532241821,0.14952924847602844,0.6690263152122498,-0.0519489161670208,0.132611483335495,0.5733054876327515,-0.01689613237977028,0.14121410250663757,0.4880472421646118,-0.043805450201034546,0.14788521826267242,0.44243407249450684,-0.04922238737344742,0.15706966817378998,0.3910670876502991,-0.046619854867458344
ILOVEYOU,0.14412710070610046,0.7921890616416931,-1.783993610615653e-07,0.21325020492076874,0.7898272275924683,-0.025011589750647545,0.28152182698249817,0.7208700776100159,-0.026252692565321922,0.3178827166557312,0.6615734100341797,-0.02756568230688572,0.3542337715625763,0.6365443468093872,-0.027600407600402832,0.26462289690971375,0.5889334082603455,-0.00707537354901433,0.2839531898498535,0.4914315938949585,-0.018627092242240906,0.3027551770210266,0.426469624042511,-0.023477865383028984,0.3171728551387787,0.37531736493110657,-0.026547329500317574,0.21860304474830627,0.5741540193557739,-0.007727918215095997,0.22026768326759338,0.5314695239067078,-0.050024423748254776,0.20121419429779053,0.6097967624664307,-0.06748136132955551,0.18573600053787231,0.6725925803184509,-0.06576884537935257,0.17533716559410095,0.5717200636863708,-0.011445541866123676,0.1711951047182083,0.5378315448760986,-0.05638047680258751,0.15870407223701477,0.6168245077133179,-0.06357454508543015,0.14912186563014984,0.6708477735519409,-0.05311449617147446,0.13313506543636322,0.5731737017631531,-0.0164545439183712,0.14099888503551483,0.48878052830696106,-0.04318908229470253,0.14843718707561493,0.4442967176437378,-0.04859744757413864,0.1580604910850525,0.3941935896873474,-0.04579809308052063
ILOVEYOU,0.14475665986537933,0.7922219038009644,-1.8536341883645946e-07,0.21177606284618378,0.7902032136917114,-0.02699940837919712,0.2803162634372711,0.7227895259857178,-0.030087875202298164,0.3169776499271393,0.6632322072982788,-0.032874323427677155,0.35380232334136963,0.6368497014045715,-0.03416275233030319,0.2649978697299957,0.591310441493988,-0.010340075939893723,0.28366029262542725,0.49249470233917236,-0.024053549394011497,0.30172404646873474,0.42762935161590576,-0.03013785555958748,0.3157423734664917,0.3772623538970947,-0.03373406454920769,0.2194206714630127,0.5767067074775696,-0.010474923998117447,0.22206330299377441,0.5339267253875732,-0.05408397316932678,0.20140498876571655,0.6117532849311829,-0.07095446437597275,0.18664126098155975,0.6725876927375793,-0.06864048540592194,0.1759173572063446,0.5743868947029114,-0.013939565047621727,0.17293143272399902,0.541395902633667,-0.06035066395998001,0.159778892993927,0.6203454732894897,-0.06665880978107452,0.1506873071193695,0.6735652089118958,-0.05529624968767166,0.1336168497800827,0.5761291980743408,-0.01885206624865532,0.14153389632701874,0.49054011702537537,-0.04668111354112625,0.14889442920684814,0.44563430547714233,-0.05173254758119583,0.15882986783981323,0.39560365676879883,-0.048415351659059525
ILOVEYOU,0.1449948400259018,0.7951127886772156,-1.833018359320704e-07,0.21428248286247253,0.7909398674964905,-0.02646423690021038,0.2823490500450134,0.7220052480697632,-0.029557202011346817,0.31817910075187683,0.6626546382904053,-0.03253341466188431,0.35573330521583557,0.6389412879943848,-0.03438408672809601,0.26409420371055603,0.5908523201942444,-0.010618171654641628,0.2833746373653412,0.49254825711250305,-0.023320933803915977,0.3011571168899536,0.4282070994377136,-0.028505129739642143,0.31572121381759644,0.3781832158565521,-0.031663328409194946,0.21831879019737244,0.5776357054710388,-0.01094800978899002,0.2205594778060913,0.5358311533927917,-0.053648099303245544,0.20156288146972656,0.6115540266036987,-0.07023022323846817,0.18763604760169983,0.6723133325576782,-0.06807096302509308,0.17465147376060486,0.5766662359237671,-0.014445150271058083,0.17214789986610413,0.5436246395111084,-0.0606270395219326,0.15905801951885223,0.6223068237304688,-0.06681988388299942,0.14999347925186157,0.6759713888168335,-0.05545100197196007,0.1325140744447708,0.5792103409767151,-0.019284013658761978,0.1408875733613968,0.49296972155570984,-0.0471096895635128,0.14889611303806305,0.4482564330101013,-0.05213644355535507,0.16020998358726501,0.398603618144989,-0.04886224865913391
ILOVEYOU,0.1445414125919342,0.7930593490600586,-1.6380737122290157e-07,0.2133430540561676,0.7899922728538513,-0.027971286326646805,0.2816881537437439,0.7219002842903137,-0.03124978393316269,0.31819218397140503,0.6616800427436829,-0.033873699605464935,0.35635456442832947,0.6364807486534119,-0.035153135657310486,0.2651423215866089,0.5895788669586182,-0.010927347466349602,0.2841085195541382,0.4935871362686157,-0.023219358175992966,0.3030993640422821,0.42879706621170044,-0.028293129056692123,0.3178626298904419,0.37869536876678467,-0.031483083963394165,0.21929922699928284,0.5751546025276184,-0.010121254250407219,0.221047043800354,0.5332356691360474,-0.05193191394209862,0.20175622403621674,0.6124506592750549,-0.06790774315595627,0.18743956089019775,0.6753079891204834,-0.0653572529554367,0.17585784196853638,0.5737584829330444,-0.012720062397420406,0.17194393277168274,0.5404860973358154,-0.058134716004133224,0.1584688127040863,0.6197002530097961,-0.06444726884365082,0.1493576020002365,0.6731564998626709,-0.053283706307411194,0.1332462579011917,0.5759098529815674,-0.016829492524266243,0.14188313484191895,0.49065911769866943,-0.04452994093298912,0.1490768939256668,0.4452913999557495,-0.050156187266111374,0.15923258662223816,0.39484524726867676,-0.04733918979763985
ILOVEYOU,0.1445414125919342,0.7930593490600586,-1.6380737122290157e-07,0.2133430540561676,0.7899922728538513,-0.027971286326646805,0.2816881537437439,0.7219002842903137,-0.03124978393316269,0.31819218397140503,0.6616800427436829,-0.033873699605464935,0.35635456442832947,0.6364807486534119,-0.035153135657310486,0.2651423215866089,0.5895788669586182,-0.010927347466349602,0.2841085195541382,0.4935871362686157,-0.023219358175992966,0.3030993640422821,0.42879706621170044,-0.028293129056692123,0.3178626298904419,0.37869536876678467,-0.031483083963394165,0.21929922699928284,0.5751546025276184,-0.010121254250407219,0.221047043800354,0.5332356691360474,-0.05193191394209862,0.20175622403621674,0.6124506592750549,-0.06790774315595627,0.18743956089019775,0.6753079891204834,-0.0653572529554367,0.17585784196853638,0.5737584829330444,-0.012720062397420406,0.17194393277168274,0.5404860973358154,-0.058134716004133224,0.1584688127040863,0.6197002530097961,-0.06444726884365082,0.1493576020002365,0.6731564998626709,-0.053283706307411194,0.1332462579011917,0.5759098529815674,-0.016829492524266243,0.14188313484191895,0.49065911769866943,-0.04452994093298912,0.1490768939256668,0.4452913999557495,-0.050156187266111374,0.15923258662223816,0.39484524726867676,-0.04733918979763985
ILOVEYOU,0.14483773708343506,0.7918311357498169,-1.7710893018829665e-07,0.21320167183876038,0.7910568714141846,-0.026391958817839622,0.2825782299041748,0.7221066951751709,-0.029266374185681343,0.3194206953048706,0.6613685488700867,-0.03181948512792587,0.356689453125,0.6363543272018433,-0.033228542655706406,0.2651216983795166,0.5904956459999084,-0.011979739181697369,0.28402525186538696,0.49341881275177,-0.024530623108148575,0.30287453532218933,0.42817264795303345,-0.02964254841208458,0.3174434304237366,0.37712275981903076,-0.03299005329608917,0.21930798888206482,0.5754756331443787,-0.01206129603087902,0.22140687704086304,0.5333775877952576,-0.05443340539932251,0.20261110365390778,0.6115673184394836,-0.07057995349168777,0.18822938203811646,0.6735810041427612,-0.0683775246143341,0.17592409253120422,0.5729805827140808,-0.015175841748714447,0.1728924661874771,0.5400865077972412,-0.06017842888832092,0.15980815887451172,0.6188746094703674,-0.06608755141496658,0.14990824460983276,0.6726431846618652,-0.05513112619519234,0.13365598022937775,0.5745497345924377,-0.019719306379556656,0.14174437522888184,0.4894614517688751,-0.046863704919815063,0.1489943563938141,0.4449934959411621,-0.052128564566373825,0.159158855676651,0.3959193825721741,-0.04937663674354553
ILOVEYOU,0.1456977277994156,0.7933347821235657,-1.9729378664123942e-07,0.21392399072647095,0.7907882928848267,-0.0235237255692482,0.2831398844718933,0.721048891544342,-0.02535310387611389,0.3198137581348419,0.6609469652175903,-0.027700135484337807,0.3563988208770752,0.6381798386573792,-0.029029004275798798,0.2657533884048462,0.588976263999939,-0.009095453657209873,0.2848952114582062,0.48994237184524536,-0.02135380543768406,0.3038717210292816,0.4260503649711609,-0.026210471987724304,0.31946223974227905,0.3768196105957031,-0.029477117583155632,0.22026848793029785,0.574501097202301,-0.010714060626924038,0.22365444898605347,0.5349045991897583,-0.053618766367435455,0.2048044055700302,0.614889919757843,-0.07058516889810562,0.1893056482076645,0.6769341230392456,-0.0690455436706543,0.17711901664733887,0.5729764699935913,-0.015071246773004532,0.17675408720970154,0.5391347408294678,-0.05984129756689072,0.16542623937129974,0.6180481314659119,-0.06613551825284958,0.15517732501029968,0.6719867587089539,-0.055920712649822235,0.13468079268932343,0.5753201246261597,-0.020654281601309776,0.1430741399526596,0.49002981185913086,-0.04804345965385437,0.15117543935775757,0.44548749923706055,-0.05394959822297096,0.16118663549423218,0.3958401083946228,-0.05186145380139351
ILOVEYOU,0.14996621012687683,0.7907981872558594,-1.9920818772334314e-07,0.21728679537773132,0.7871671319007874,-0.025075353682041168,0.2855171859264374,0.71845543384552,-0.027256401255726814,0.32217109203338623,0.6591247916221619,-0.0292266383767128,0.35928964614868164,0.6359997391700745,-0.030179176479578018,0.26744017004966736,0.588900625705719,-0.011563817970454693,0.28606149554252625,0.49181097745895386,-0.02501768060028553,0.3041779696941376,0.42798343300819397,-0.03075375221669674,0.31864243745803833,0.3791521489620209,-0.03418586030602455,0.22177886962890625,0.5737689733505249,-0.01214971486479044,0.2255622148513794,0.5312315821647644,-0.05542966350913048,0.20695628225803375,0.607461154460907,-0.07213708758354187,0.19213974475860596,0.6695685982704163,-0.07004083693027496,0.17866170406341553,0.5721914768218994,-0.015674127265810966,0.17619101703166962,0.5398434996604919,-0.06121527776122093,0.16379573941230774,0.6166277527809143,-0.06792415678501129,0.15447285771369934,0.6701977252960205,-0.057290006428956985,0.13660773634910583,0.5753092169761658,-0.02045690268278122,0.14411373436450958,0.4913009703159332,-0.04801534116268158,0.1514776349067688,0.44647079706192017,-0.05384401977062225,0.16134610772132874,0.39756155014038086,-0.051369886845350266
ILOVEYOU,0.1514304280281067,0.7884820103645325,-2.517534198887006e-07,0.21871984004974365,0.7859296202659607,-0.021312091499567032,0.2875325083732605,0.7163913249969482,-0.02171509712934494,0.3245621919631958,0.6574777960777283,-0.02224856987595558,0.36025241017341614,0.6367773413658142,-0.02208874747157097,0.2707504630088806,0.5896888971328735,-0.011245191097259521,0.29015541076660156,0.4923257529735565,-0.02378748543560505,0.30797359347343445,0.4274126887321472,-0.02877919375896454,0.321066290140152,0.3774346113204956,-0.03195994719862938,0.2256259024143219,0.5737055540084839,-0.012898611836135387,0.22965320944786072,0.5336495041847229,-0.05386393144726753,0.2067745327949524,0.609782874584198,-0.06827319413423538,0.19025596976280212,0.6681313514709473,-0.06549733877182007,0.18268808722496033,0.570945680141449,-0.01704963482916355,0.1807558238506317,0.5401393175125122,-0.06032853573560715,0.16690221428871155,0.6149008274078369,-0.06544064730405807,0.15724799036979675,0.6661500334739685,-0.054973602294921875,0.1400769054889679,0.5730499625205994,-0.02218673564493656,0.1471657007932663,0.4883615970611572,-0.04905225709080696,0.15476500988006592,0.44421064853668213,-0.05457349494099617,0.16548262536525726,0.3976152539253235,-0.0524861104786396
ILOVEYOU,0.15810221433639526,0.7868663668632507,-2.1334157906949258e-07,0.22264578938484192,0.785002589225769,-0.023815514519810677,0.2921085059642792,0.7167340517044067,-0.02562635764479637,0.3298655152320862,0.6606244444847107,-0.026974642649292946,0.36745309829711914,0.6391423940658569,-0.02753928117454052,0.2721512019634247,0.5915136337280273,-0.012893670238554478,0.2917972207069397,0.4958036541938782,-0.02550273947417736,0.30851632356643677,0.43236058950424194,-0.030471205711364746,0.3206385672092438,0.3841550052165985,-0.033149853348731995,0.2275124341249466,0.5748836398124695,-0.013012534938752651,0.23516568541526794,0.5332283973693848,-0.053355924785137177,0.2160690724849701,0.6069957613945007,-0.06779465824365616,0.2009836882352829,0.6662744283676147,-0.06478869915008545,0.18509015440940857,0.5704706311225891,-0.015738490968942642,0.18604370951652527,0.5404289960861206,-0.05841873586177826,0.17248865962028503,0.6152744293212891,-0.0630689486861229,0.16290892660617828,0.6669454574584961,-0.05185458064079285,0.14367900788784027,0.5705365538597107,-0.019603371620178223,0.15244914591312408,0.48908519744873047,-0.0447380505502224,0.16079460084438324,0.4479437470436096,-0.04876282811164856,0.17180019617080688,0.4037938117980957,-0.045497529208660126
ILOVEYOU,0.16714712977409363,0.7821492552757263,-1.881463589370469e-07,0.23104380071163177,0.7820868492126465,-0.023090219125151634,0.29876992106437683,0.7145966291427612,-0.024766622111201286,0.3350678086280823,0.6602885723114014,-0.026300115510821342,0.37232986092567444,0.6378745436668396,-0.02730080671608448,0.277365118265152,0.5884924530982971,-0.011330535635352135,0.2972200810909271,0.494942843914032,-0.022082192823290825,0.31409376859664917,0.4342259466648102,-0.025792188942432404,0.3264281153678894,0.3861377239227295,-0.028033219277858734,0.23377767205238342,0.5741749405860901,-0.011812238954007626,0.24173946678638458,0.5316386222839355,-0.049307551234960556,0.2261957824230194,0.6053142547607422,-0.0627603828907013,0.21360254287719727,0.6625866293907166,-0.06009767949581146,0.19131222367286682,0.5712620615959167,-0.014842916280031204,0.19513660669326782,0.5398702621459961,-0.05646990239620209,0.18348702788352966,0.6165544390678406,-0.06056193262338638,0.174402117729187,0.6680929064750671,-0.04956267774105072,0.14918746054172516,0.5716392993927002,-0.018960347399115562,0.15840791165828705,0.49048301577568054,-0.04462123289704323,0.16809020936489105,0.45007649064064026,-0.04916289821267128,0.18023890256881714,0.4057779312133789,-0.046544283628463745
ILOVEYOU,0.17299799621105194,0.778891384601593,-1.9228590986131167e-07,0.23868688941001892,0.7771650552749634,-0.021675849333405495,0.30478888750076294,0.7122703790664673,-0.02118898555636406,0.33956247568130493,0.6578622460365295,-0.020885536447167397,0.37427210807800293,0.6326765418052673,-0.020099109038710594,0.2828595042228699,0.586927592754364,-0.007097920402884483,0.302083820104599,0.4934893250465393,-0.018393008038401604,0.31840115785598755,0.4327114224433899,-0.02257760427892208,0.33038023114204407,0.38520705699920654,-0.02467215061187744,0.2402518391609192,0.5734429359436035,-0.007996796630322933,0.24882346391677856,0.5261008739471436,-0.04653208702802658,0.23513370752334595,0.5980678796768188,-0.06082914024591446,0.22408828139305115,0.6566466093063354,-0.058053385466337204,0.19888153672218323,0.5711517333984375,-0.01165742240846157,0.201686292886734,0.5377480983734131,-0.05492900684475899,0.19093163311481476,0.6122868657112122,-0.059771839529275894,0.1837344914674759,0.6633524894714355,-0.04825354740023613,0.1577589362859726,0.5716726779937744,-0.016241956502199173,0.16893750429153442,0.49321985244750977,-0.04312530532479286,0.1787152737379074,0.4523772597312927,-0.0477517731487751,0.18990206718444824,0.407978892326355,-0.04450841248035431
ILOVEYOU,0.18177780508995056,0.7748538851737976,-1.8689956959860865e-07,0.24743318557739258,0.7723613381385803,-0.023144135251641273,0.31178945302963257,0.7075457572937012,-0.023565687239170074,0.34648096561431885,0.6525469422340393,-0.023966118693351746,0.3809854984283447,0.6282456517219543,-0.023727621883153915,0.2913651764392853,0.5839260816574097,-0.006542079616338015,0.30971765518188477,0.4934846758842468,-0.01755128800868988,0.324972003698349,0.43455034494400024,-0.02224273607134819,0.3354351818561554,0.38839951157569885,-0.024820566177368164,0.2480384111404419,0.5725027918815613,-0.007072619162499905,0.25391650199890137,0.5242509841918945,-0.04551228508353233,0.24130868911743164,0.5926099419593811,-0.061279624700546265,0.23040476441383362,0.6500962972640991,-0.05978360027074814,0.20707553625106812,0.5725058913230896,-0.010561955161392689,0.20768670737743378,0.5394496321678162,-0.053450386971235275,0.1981167495250702,0.6084762215614319,-0.060847364366054535,0.19057828187942505,0.6558911800384521,-0.05140704661607742,0.16705827414989471,0.5745874643325806,-0.0150768356397748,0.17649874091148376,0.4972343444824219,-0.04131648689508438,0.18472141027450562,0.4551672339439392,-0.04702144116163254,0.1942530870437622,0.40868276357650757,-0.04483908414840698
ILOVEYOU,0.19018492102622986,0.7753902077674866,-1.7978582889099926e-07,0.2537826597690582,0.7720691561698914,-0.022168448194861412,0.31722283363342285,0.7064364552497864,-0.022438598796725273,0.3507319986820221,0.6541576385498047,-0.02261577919125557,0.3838692009449005,0.6289107203483582,-0.022009652107954025,0.29751792550086975,0.5808292627334595,-0.007792692165821791,0.31492453813552856,0.4917048513889313,-0.018397100269794464,0.33059731125831604,0.4340953826904297,-0.022076034918427467,0.3419911861419678,0.39086657762527466,-0.024135179817676544,0.2546072006225586,0.5697261691093445,-0.009033783338963985,0.26541054248809814,0.5206977128982544,-0.04595400393009186,0.25163426995277405,0.5895655155181885,-0.05920907109975815,0.2412939965724945,0.6459912657737732,-0.05635117366909981,0.21336498856544495,0.5706697702407837,-0.013230695389211178,0.21698880195617676,0.5398080945014954,-0.0565895177423954,0.20686185359954834,0.6128883361816406,-0.06200459972023964,0.20071753859519958,0.6620396971702576,-0.0514005646109581,0.17307235300540924,0.5749894380569458,-0.018315600231289864,0.1820494532585144,0.49964553117752075,-0.04585682600736618,0.19133196771144867,0.4599933922290802,-0.05158112198114395,0.20288603007793427,0.4159502685070038,-0.049615856260061264
ILOVEYOU,0.19108933210372925,0.7734508514404297,-1.9171957887920144e-07,0.2569334805011749,0.7729713320732117,-0.01935596950352192,0.32015395164489746,0.707211971282959,-0.017780262976884842,0.3543369174003601,0.6533487439155579,-0.016598742455244064,0.38554397225379944,0.6306285262107849,-0.014910226687788963,0.3020428419113159,0.5862177014350891,-0.005378332454711199,0.3210522532463074,0.49426349997520447,-0.01403845101594925,0.33597517013549805,0.4369729161262512,-0.01698179915547371,0.3486040234565735,0.3931000828742981,-0.0193175058811903,0.2603932321071625,0.5753254294395447,-0.007465810049325228,0.26692289113998413,0.5276971459388733,-0.04176052659749985,0.2547524869441986,0.5914334654808044,-0.05583140626549721,0.2455790936946869,0.6440959572792053,-0.05526546388864517,0.22005286812782288,0.5754408240318298,-0.012141942046582699,0.222985178232193,0.538977861404419,-0.051017019897699356,0.2159280627965927,0.6070502996444702,-0.05836673825979233,0.2092939019203186,0.655421257019043,-0.051377784460783005,0.18081465363502502,0.5777876973152161,-0.017728423699736595,0.18862006068229675,0.5018303990364075,-0.043346505612134933,0.19795039296150208,0.46240583062171936,-0.05100308358669281,0.20878952741622925,0.419159471988678,-0.051604148000478745
ILOVEYOU,0.1909969002008438,0.7739647626876831,-2.1391268489878712e-07,0.2580903172492981,0.7744165062904358,-0.01569303683936596,0.3233776092529297,0.7080289721488953,-0.011872624978423119,0.3583691120147705,0.6534184813499451,-0.009213952347636223,0.38738077878952026,0.6312837600708008,-0.006445945240557194,0.30435457825660706,0.589099109172821,-0.002609378658235073,0.32435664534568787,0.4965260624885559,-0.01145702600479126,0.3407045006752014,0.4416969418525696,-0.014461609534919262,0.3546927571296692,0.39923885464668274,-0.01715298928320408,0.2629972994327545,0.5783271789550781,-0.007142116781324148,0.27005553245544434,0.5262061953544617,-0.04327850043773651,0.25859490036964417,0.5891426801681519,-0.0592220239341259,0.24845610558986664,0.6414247155189514,-0.05993995815515518,0.22272536158561707,0.5775337219238281,-0.014027386903762817,0.22604584693908691,0.5379625558853149,-0.05468950420618057,0.21889853477478027,0.6071881055831909,-0.06382603943347931,0.211054265499115,0.6556037664413452,-0.05787118524312973,0.18308144807815552,0.5797033309936523,-0.02141517959535122,0.18943941593170166,0.5009967088699341,-0.04835737124085426,0.1992652416229248,0.4612538814544678,-0.05746255815029144,0.20992136001586914,0.4161790609359741,-0.05927491933107376
ILOVEYOU,0.14404185116291046,0.7843391299247742,-5.272207204143342e-07,0.09547466039657593,0.7035518884658813,0.00897954497486353,0.07172159850597382,0.6225720047950745,0.003297389019280672,0.056428417563438416,0.552569568157196,-0.0030579478479921818,0.025131359696388245,0.5141423344612122,-0.011594532057642937,0.13933226466178894,0.5474435687065125,-0.033725347369909286,0.17075219750404358,0.42923349142074585,-0.04167667031288147,0.18452686071395874,0.3663075566291809,-0.03821360319852829,0.19060848653316498,0.32017970085144043,-0.0326199010014534,0.18446271121501923,0.5682417750358582,-0.03632909804582596,0.22780537605285645,0.49741077423095703,-0.037369512021541595,0.21534334123134613,0.5318872928619385,-0.025442028418183327,0.19894155859947205,0.561402440071106,-0.016259033232927322,0.2212802916765213,0.6031126379966736,-0.034691717475652695,0.25321391224861145,0.5427916049957275,-0.03298807516694069,0.24756266176700592,0.570699155330658,-0.021512411534786224,0.2336113005876541,0.5925131440162659,-0.014626540243625641,0.2535015046596527,0.6322488784790039,-0.03049469366669655,0.2780444622039795,0.5387485027313232,-0.027374327182769775,0.2877943515777588,0.4982759952545166,-0.018496129661798477,0.29132774472236633,0.4612045884132385,-0.012204807251691818
ILOVEYOU,0.1516742706298828,0.7890640497207642,-4.769952397509769e-07,0.10594549775123596,0.7088008522987366,0.009401436895132065,0.08369128406047821,0.6252415180206299,0.0037009057123214006,0.06950096786022186,0.5560547709465027,-0.00329479668289423,0.03977365791797638,0.5128120183944702,-0.01289801299571991,0.1506064385175705,0.5495412945747375,-0.028170350939035416,0.1808536946773529,0.436046838760376,-0.033151548355817795,0.19357597827911377,0.3726988434791565,-0.03227878734469414,0.1992727518081665,0.3259187638759613,-0.03029390424489975,0.19325047731399536,0.5705047845840454,-0.03247039020061493,0.23550954461097717,0.5153828263282776,-0.02798173762857914,0.2214662879705429,0.5498672723770142,-0.01861504465341568,0.20450511574745178,0.5764978528022766,-0.014493981376290321,0.22792929410934448,0.6066712737083435,-0.03274684026837349,0.2613055408000946,0.5568670630455017,-0.026026304811239243,0.2514301836490631,0.5902210474014282,-0.014688489958643913,0.2358235865831375,0.613937258720398,-0.01078846026211977,0.25886261463165283,0.6402600407600403,-0.031004363670945168,0.29085755348205566,0.5462560057640076,-0.02523667924106121,0.30679184198379517,0.5060440897941589,-0.015448414720594883,0.3174152076244354,0.4681968092918396,-0.010228412225842476
ILOVEYOU,0.15524202585220337,0.7861040830612183,-4.5592608444167126e-07,0.10698728263378143,0.7070252895355225,0.009413647465407848,0.08459343016147614,0.62319415807724,0.004330069292336702,0.06930705904960632,0.5565997362136841,-0.0018049442442134023,0.03862227499485016,0.5149691700935364,-0.010514437220990658,0.15370097756385803,0.5519334673881531,-0.026677999645471573,0.18188929557800293,0.44044730067253113,-0.030665094032883644,0.19367730617523193,0.37811410427093506,-0.029866516590118408,0.1994924247264862,0.33099400997161865,-0.027919773012399673,0.19630739092826843,0.5737582445144653,-0.029753606766462326,0.23112976551055908,0.5190730690956116,-0.02363341674208641,0.2166215181350708,0.5507494211196899,-0.014296682551503181,0.2024645358324051,0.5754414200782776,-0.010329687967896461,0.229862779378891,0.6090325117111206,-0.028582820668816566,0.2602793276309967,0.5579454302787781,-0.020999770611524582,0.2512918710708618,0.587583065032959,-0.009310861118137836,0.23812222480773926,0.6110387444496155,-0.004685800056904554,0.2588790953159332,0.6390875577926636,-0.025221293792128563,0.29281240701675415,0.5462738275527954,-0.018617119640111923,0.3077758252620697,0.5046937465667725,-0.0074298446998000145,0.3180340528488159,0.4665783643722534,-0.0006808801554143429
ILOVEYOU,0.15372014045715332,0.7879764437675476,-4.2895891283478704e-07,0.1072971373796463,0.7080047130584717,0.0087570296600461,0.08645837008953094,0.6258770823478699,0.0026407516561448574,0.0719132274389267,0.5576486587524414,-0.004847683943808079,0.04024471342563629,0.5150299072265625,-0.015033470466732979,0.1532433182001114,0.5503771901130676,-0.025919586420059204,0.181593120098114,0.44020575284957886,-0.03014998510479927,0.1933717131614685,0.3769005537033081,-0.029988855123519897,0.19859474897384644,0.3283420205116272,-0.028866304084658623,0.19727949798107147,0.5705985426902771,-0.030281037092208862,0.2373669445514679,0.5166431069374084,-0.02561185136437416,0.2249378263950348,0.5490151643753052,-0.018320517614483833,0.21024250984191895,0.5738376379013062,-0.01551931630820036,0.2325655072927475,0.6052190661430359,-0.030530380085110664,0.26823511719703674,0.5506767630577087,-0.023112492635846138,0.2653038799762726,0.5751435160636902,-0.013004765845835209,0.25387728214263916,0.5941731333732605,-0.009941188618540764,0.26173385977745056,0.6361138820648193,-0.028786731883883476,0.293958842754364,0.5422059893608093,-0.020848937332630157,0.3090861141681671,0.5006757974624634,-0.008978890255093575,0.3175112307071686,0.4631319046020508,-0.0023417852353304625
ILOVEYOU,0.1564350575208664,0.7913109064102173,-4.7337860564766743e-07,0.10999742150306702,0.7101922035217285,0.012429527007043362,0.08839130401611328,0.6237908005714417,0.009770501405000687,0.07136988639831543,0.554176390171051,0.006110901478677988,0.0383511483669281,0.5123015642166138,-0.00017065969586838037,0.1523274928331375,0.5522730350494385,-0.024234356358647346,0.18221235275268555,0.441464900970459,-0.027726715430617332,0.1957070678472519,0.37828606367111206,-0.026014702394604683,0.20205458998680115,0.33031684160232544,-0.023316990584135056,0.19497813284397125,0.5724640488624573,-0.027818014845252037,0.23584675788879395,0.5116875767707825,-0.020664308220148087,0.22175878286361694,0.5444656014442444,-0.009947228245437145,0.20551155507564545,0.5689113736152649,-0.004700933583080769,0.23056824505329132,0.6072405576705933,-0.026903266087174416,0.2632710039615631,0.5521427989006042,-0.018339328467845917,0.2555464208126068,0.5808953046798706,-0.006145203020423651,0.24141965806484222,0.602354109287262,-0.0011972746578976512,0.2609736919403076,0.638319730758667,-0.02345961704850197,0.2933272123336792,0.5433377623558044,-0.016632890328764915,0.30856189131736755,0.5023206472396851,-0.0056453547440469265,0.31787365674972534,0.4639502763748169,0.0009382674470543861
ILOVEYOU,0.15730124711990356,0.784771203994751,-4.979895038559334e-07,0.10961258411407471,0.7055858969688416,0.015161723829805851,0.08932775259017944,0.6237767338752747,0.014806722290813923,0.07386565208435059,0.555550217628479,0.01349450834095478,0.04381674528121948,0.5129976272583008,0.009387764148414135,0.15449932217597961,0.5504829287528992,-0.022591866552829742,0.18360084295272827,0.4385029673576355,-0.02637171931564808,0.19648580253124237,0.37482979893684387,-0.025630341842770576,0.20310674607753754,0.32725465297698975,-0.023746134713292122,0.19753465056419373,0.5702512264251709,-0.02575921267271042,0.23787114024162292,0.5064374804496765,-0.014755153097212315,0.22762103378772736,0.5399098992347717,-0.0008846802520565689,0.21422512829303741,0.5663694143295288,0.005525253247469664,0.23240546882152557,0.6049297451972961,-0.024468453601002693,0.26293709874153137,0.5447972416877747,-0.01085168868303299,0.25388163328170776,0.5734452605247498,0.005128778517246246,0.23938210308551788,0.5942351222038269,0.011140690185129642,0.26223450899124146,0.6357458829879761,-0.02087363414466381,0.29507309198379517,0.5433273911476135,-0.014308370649814606,0.311527818441391,0.5036805868148804,-0.004068539012223482,0.3222483694553375,0.46461910009384155,0.0020219688303768635
ILOVEYOU,0.16042670607566833,0.7787309885025024,-4.852854544878937e-07,0.11166475713253021,0.7022777199745178,0.013519689440727234,0.08979687094688416,0.6225799322128296,0.011445858515799046,0.07499723136425018,0.5555295944213867,0.008860084228217602,0.04505012929439545,0.5117504596710205,0.0036039254628121853,0.15564066171646118,0.5521997213363647,-0.027596943080425262,0.1851128339767456,0.43917709589004517,-0.030773939564824104,0.19811850786209106,0.37710151076316833,-0.028122374787926674,0.20494183897972107,0.3296760320663452,-0.024844326078891754,0.19962939620018005,0.5717737078666687,-0.029924727976322174,0.24002429842948914,0.5048916339874268,-0.023043949156999588,0.22656774520874023,0.5405889749526978,-0.010347658768296242,0.21118925511837006,0.5692952275276184,-0.0031169643625617027,0.23486652970314026,0.6042929291725159,-0.027327019721269608,0.26519104838371277,0.5404121279716492,-0.017625076696276665,0.25692513585090637,0.5653318762779236,-0.0034594512544572353,0.24293500185012817,0.5848953127861023,0.002713056281208992,0.26518386602401733,0.6310689449310303,-0.02202853374183178,0.2968027889728546,0.5388389825820923,-0.016348743811249733,0.31064945459365845,0.4982237219810486,-0.006237700115889311,0.3179128170013428,0.45914843678474426,5.7531888160156086e-05
ILOVEYOU,0.15807822346687317,0.7836109399795532,-4.938626716466388e-07,0.11213168501853943,0.7039355635643005,0.013763418421149254,0.0915701687335968,0.6228530406951904,0.012679023668169975,0.07543304562568665,0.5541130900382996,0.011407451704144478,0.04576246440410614,0.5092387199401855,0.007436660584062338,0.15517747402191162,0.5503916144371033,-0.027500871568918228,0.1864997148513794,0.4405859410762787,-0.032098136842250824,0.19986723363399506,0.37813249230384827,-0.03109649568796158,0.20651152729988098,0.3297244906425476,-0.029241900891065598,0.1982327699661255,0.5704286694526672,-0.0302298404276371,0.2425990104675293,0.5042551159858704,-0.02042912319302559,0.2317916601896286,0.5364955067634583,-0.005497470498085022,0.2170828878879547,0.5617666840553284,0.0018627869430929422,0.23335248231887817,0.6044888496398926,-0.02853211760520935,0.26822584867477417,0.5380364060401917,-0.016097886487841606,0.25951945781707764,0.5608303546905518,0.0007294031092897058,0.24433523416519165,0.5777678489685059,0.00726621737703681,0.26364579796791077,0.634421169757843,-0.024621978402137756,0.2969042658805847,0.5417470335960388,-0.02070646919310093,0.313720166683197,0.5019118785858154,-0.011781459674239159,0.32387977838516235,0.46388673782348633,-0.006441898178309202
ILOVEYOU,0.1605834811925888,0.7784319519996643,-4.7260303404073056e-07,0.11260786652565002,0.7015483379364014,0.01589828170835972,0.09113067388534546,0.6213457584381104,0.015845783054828644,0.07667587697505951,0.554275631904602,0.014709736220538616,0.048382773995399475,0.5090860724449158,0.010626663453876972,0.15780192613601685,0.5472831130027771,-0.02156338095664978,0.1874840259552002,0.43654733896255493,-0.02292644791305065,0.2002086341381073,0.3754427433013916,-0.02023298479616642,0.20647118985652924,0.32820457220077515,-0.01727340929210186,0.2008582353591919,0.5674134492874146,-0.02468170039355755,0.24383287131786346,0.5046192407608032,-0.01491959672421217,0.2338523417711258,0.5390662550926208,-0.002538189524784684,0.21954496204853058,0.566452145576477,0.003653764259070158,0.2355329841375351,0.6015956401824951,-0.023027880117297173,0.26865220069885254,0.5409653186798096,-0.010703888721764088,0.2629528045654297,0.5643130540847778,0.0026632349472492933,0.24978506565093994,0.5811854600906372,0.007391228340566158,0.2650221586227417,0.6306621432304382,-0.018646758049726486,0.2967018187046051,0.541444718837738,-0.012012950144708157,0.3117753863334656,0.5017183423042297,-0.002778691239655018,0.3203997015953064,0.46274542808532715,0.002519161207601428
ILOVEYOU,0.15786689519882202,0.7840861082077026,-5.008936341255321e-07,0.11205919086933136,0.7036179900169373,0.018871797248721123,0.09218636155128479,0.6203535199165344,0.02112707681953907,0.07685568928718567,0.5537080764770508,0.021962914615869522,0.04729132354259491,0.5105446577072144,0.019839180633425713,0.15847715735435486,0.5468500256538391,-0.0162104032933712,0.18927216529846191,0.4386560320854187,-0.016274219378829002,0.20286515355110168,0.3776159882545471,-0.013750070706009865,0.2095971554517746,0.3301936388015747,-0.010871532373130322,0.20035599172115326,0.5669668316841125,-0.020066576078534126,0.24359530210494995,0.510648250579834,-0.005630779545754194,0.23382417857646942,0.543907642364502,0.00810240674763918,0.2204568237066269,0.569060742855072,0.013999915681779385,0.23466874659061432,0.6017533540725708,-0.019134968519210815,0.2693027853965759,0.5446313619613647,-0.0027204356156289577,0.2622292935848236,0.5721844434738159,0.012229906395077705,0.24883629381656647,0.591792106628418,0.017033645883202553,0.26400095224380493,0.6329630613327026,-0.015449521131813526,0.2971210181713104,0.5419356226921082,-0.0056986683048307896,0.3139006495475769,0.5029104948043823,0.005447386763989925,0.32481616735458374,0.46434900164604187,0.011714888736605644
ILOVEYOU,0.15603718161582947,0.7831729054450989,-2.7276209380033833e-07,0.10991176962852478,0.7044947147369385,0.011158778332173824,0.08978387713432312,0.6241079568862915,0.005278417374938726,0.07677055895328522,0.5578204989433289,-0.001623434596695006,0.04938691854476929,0.511954128742218,-0.011023512110114098,0.15764236450195312,0.5502499938011169,-0.027163945138454437,0.18622775375843048,0.43703222274780273,-0.03484678640961647,0.1994238793849945,0.3744088113307953,-0.03576154261827469,0.20682811737060547,0.3256317377090454,-0.03364235535264015,0.20347285270690918,0.5709716081619263,-0.029029758647084236,0.2517433762550354,0.5119345784187317,-0.019490914419293404,0.25305914878845215,0.5351095199584961,-0.003503328887745738,0.24539102613925934,0.5549523830413818,0.006888087373226881,0.23842842876911163,0.6042881011962891,-0.02724785916507244,0.27969810366630554,0.5343888401985168,-0.013041116297245026,0.29150789976119995,0.5270575881004333,0.00589032331481576,0.2916647791862488,0.5194392800331116,0.01567293331027031,0.2662152945995331,0.632939338684082,-0.02372000738978386,0.29861751198768616,0.5473124980926514,-0.012715745717287064,0.3145979940891266,0.5082367658615112,0.004225191660225391,0.32245612144470215,0.4686761498451233,0.016836421564221382
ILOVEYOU,0.1561519205570221,0.7837200164794922,-2.733246446950943e-07,0.10668693482875824,0.7065445184707642,0.013578338548541069,0.08645345270633698,0.6254491209983826,0.009458945132791996,0.07555830478668213,0.5576791763305664,0.0038439228665083647,0.05018775165081024,0.5118535757064819,-0.0038180616684257984,0.15725499391555786,0.5507672429084778,-0.01945170946419239,0.18717509508132935,0.44003739953041077,-0.027108486741781235,0.19950829446315765,0.37903285026550293,-0.027966981753706932,0.206613689661026,0.33006566762924194,-0.025121357291936874,0.2036833018064499,0.5708659887313843,-0.02161148376762867,0.24792928993701935,0.5207616090774536,-0.013602001592516899,0.2506624162197113,0.5426478981971741,0.002030059928074479,0.24556982517242432,0.5622367262840271,0.014047853648662567,0.2382228970527649,0.6045719385147095,-0.020625518634915352,0.27842801809310913,0.5336364507675171,-0.009711774997413158,0.2973082661628723,0.5102942585945129,0.006038527470082045,0.3055982291698456,0.4899026155471802,0.01566792093217373,0.26464831829071045,0.6333651542663574,-0.01730434037744999,0.29398012161254883,0.5517216920852661,-0.00616603996604681,0.3107835352420807,0.5150405764579773,0.010868185199797153,0.3219474256038666,0.4774642288684845,0.024405309930443764
ILOVEYOU,0.14156904816627502,0.8302000761032104,-1.7395002771536383e-07,0.20616456866264343,0.8389436602592468,-0.025167876854538918,0.2751571238040924,0.7851349711418152,-0.03310059756040573,0.3196012079715729,0.7378043532371521,-0.04080673307180405,0.36028027534484863,0.7203203439712524,-0.04789231717586517,0.2692655324935913,0.6616491079330444,-0.029074782505631447,0.3009432554244995,0.5690560936927795,-0.05099940299987793,0.32993125915527344,0.5088204145431519,-0.061180491000413895,0.35306310653686523,0.46171852946281433,-0.06760426610708237,0.22515200078487396,0.6391462087631226,-0.03180444985628128,0.2267623245716095,0.6163403987884521,-0.08356405794620514,0.20005887746810913,0.6955920457839966,-0.09956595301628113,0.18357431888580322,0.7528314590454102,-0.09745076298713684,0.1809023916721344,0.6317223310470581,-0.0372205451130867,0.1751488745212555,0.6188706755638123,-0.08845290541648865,0.16267940402030945,0.6957923769950867,-0.09354576468467712,0.15528512001037598,0.7472236752510071,-0.08247225731611252,0.1379469633102417,0.6329962015151978,-0.04371941089630127,0.14834944903850555,0.553695797920227,-0.07521086931228638,0.157176673412323,0.5091055035591125,-0.08088125288486481,0.1689741313457489,0.46055829524993896,-0.07838580757379532
ILOVEYOU,0.15635359287261963,0.8219687342643738,-1.9485396762775054e-07,0.21560697257518768,0.8338525295257568,-0.02334325574338436,0.28322985768318176,0.7837565541267395,-0.030218524858355522,0.32892873883247375,0.745332658290863,-0.03700827434659004,0.3685435652732849,0.7313656806945801,-0.044062308967113495,0.27969062328338623,0.6624405980110168,-0.028534434735774994,0.31951600313186646,0.5761494040489197,-0.04917651787400246,0.35173138976097107,0.520962119102478,-0.05935584753751755,0.3756619691848755,0.47595226764678955,-0.06599977612495422,0.23899537324905396,0.6404011845588684,-0.03128986060619354,0.24660354852676392,0.6162858009338379,-0.08071612566709518,0.21958337724208832,0.6925432682037354,-0.09624402225017548,0.20060890913009644,0.7479708790779114,-0.09456412494182587,0.19750180840492249,0.6324095129966736,-0.03624003008008003,0.1969647854566574,0.6154892444610596,-0.08550103008747101,0.1822313368320465,0.6877884864807129,-0.08942873775959015,0.1719728708267212,0.7375990748405457,-0.0778471976518631,0.15668976306915283,0.6315199136734009,-0.042198702692985535,0.1718168556690216,0.5520790815353394,-0.07359007745981216,0.184088796377182,0.506534218788147,-0.0790536105632782,0.19790343940258026,0.4585268795490265,-0.07633364200592041
ILOVEYOU,0.15985740721225739,0.8232412934303284,-1.7770842930531217e-07,0.2180311530828476,0.8344112634658813,-0.024608006700873375,0.2861348092556,0.7839714288711548,-0.031574271619319916,0.3314288854598999,0.7450110912322998,-0.03808495029807091,0.371290385723114,0.7322918176651001,-0.04473341628909111,0.2824082672595978,0.6622774004936218,-0.028257805854082108,0.32079941034317017,0.5786183476448059,-0.04858488216996193,0.3525819778442383,0.5240256786346436,-0.05888211727142334,0.3764672875404358,0.4798796772956848,-0.06563153117895126,0.24225729703903198,0.6402944922447205,-0.030081141740083694,0.24847084283828735,0.6180365085601807,-0.07817219197750092,0.22225120663642883,0.6938551068305969,-0.0934738889336586,0.20474134385585785,0.7488791346549988,-0.09198600798845291,0.2009226381778717,0.6321950554847717,-0.03426652401685715,0.19893133640289307,0.6151948571205139,-0.08248142898082733,0.18368691205978394,0.6867347359657288,-0.08648654818534851,0.1737743616104126,0.7362385988235474,-0.07526388019323349,0.15993008017539978,0.6310012340545654,-0.03958931565284729,0.1754535734653473,0.5534932017326355,-0.0704517662525177,0.18695934116840363,0.5091379880905151,-0.07582306861877441,0.1997942328453064,0.4620857834815979,-0.07314695417881012
ILOVEYOU,0.16049878299236298,0.8234703540802002,-1.8057065176435572e-07,0.21972626447677612,0.8341259956359863,-0.025289656594395638,0.28878870606422424,0.7833734154701233,-0.032822784036397934,0.33508050441741943,0.7439104914665222,-0.03960570693016052,0.375971257686615,0.7322019338607788,-0.04640497267246246,0.28312763571739197,0.663481593132019,-0.030802186578512192,0.32227230072021484,0.5801657438278198,-0.052107736468315125,0.3540317118167877,0.5252930521965027,-0.06302300095558167,0.3783743977546692,0.48111581802368164,-0.0702156350016594,0.242913156747818,0.6407462358474731,-0.03206583485007286,0.24954824149608612,0.6201632022857666,-0.08078516274690628,0.22349832952022552,0.6959052085876465,-0.09592481702566147,0.20626507699489594,0.7514181733131409,-0.09439976513385773,0.20183923840522766,0.6320479512214661,-0.035713858902454376,0.20088964700698853,0.6164683103561401,-0.0837128609418869,0.1865553855895996,0.6882664561271667,-0.08730294555425644,0.17698487639427185,0.7386480569839478,-0.07604806125164032,0.16133713722229004,0.6310349702835083,-0.04066350311040878,0.17795315384864807,0.5549992918968201,-0.07162691652774811,0.18993017077445984,0.5100127458572388,-0.07742098718881607,0.20307046175003052,0.4629456400871277,-0.075150266289711
ILOVEYOU,0.16055621206760406,0.8214961290359497,-1.5551941601188446e-07,0.21953868865966797,0.8354407548904419,-0.027656326070427895,0.28869113326072693,0.7854335904121399,-0.03589845821261406,0.334086537361145,0.7427197098731995,-0.043363895267248154,0.3753679394721985,0.7303181886672974,-0.05041023716330528,0.2839893102645874,0.6665689945220947,-0.0300887543708086,0.32164111733436584,0.5820984840393066,-0.05305612087249756,0.3532344400882721,0.5270602107048035,-0.06427804380655289,0.3776872456073761,0.48320168256759644,-0.07122877240180969,0.2435099482536316,0.6422978639602661,-0.03052913397550583,0.25174903869628906,0.6184868812561035,-0.08127373456954956,0.2261686623096466,0.693252682685852,-0.09693007171154022,0.2094314992427826,0.7487906813621521,-0.0948421061038971,0.20287227630615234,0.6317480802536011,-0.03396904468536377,0.20334306359291077,0.6142041683197021,-0.08354443311691284,0.18751990795135498,0.686166524887085,-0.08756306767463684,0.1773509830236435,0.7369036674499512,-0.07577136158943176,0.16300462186336517,0.62961345911026,-0.03897993266582489,0.17962852120399475,0.5552651286125183,-0.07036770135164261,0.19020730257034302,0.5122480988502502,-0.07661716639995575,0.2022547721862793,0.46711599826812744,-0.07436066120862961
ILOVEYOU,0.15896376967430115,0.8243916630744934,-1.4375602575000812e-07,0.21894744038581848,0.8366377353668213,-0.02731199935078621,0.28927189111709595,0.7864442467689514,-0.03442857041954994,0.33481529355049133,0.7415392398834229,-0.04047390818595886,0.37499815225601196,0.7272452712059021,-0.0457577109336853,0.2843937575817108,0.6684758067131042,-0.0290099885314703,0.32151666283607483,0.5819440484046936,-0.050413910299539566,0.35271936655044556,0.5252578854560852,-0.059898700565099716,0.3773926794528961,0.48016631603240967,-0.06593578308820724,0.24361273646354675,0.643332839012146,-0.029218537732958794,0.25380271673202515,0.6169858574867249,-0.07863517105579376,0.22733712196350098,0.6916742324829102,-0.09354113042354584,0.2094200849533081,0.7468011379241943,-0.0911138728260994,0.20309291779994965,0.6322401762008667,-0.03237028047442436,0.20640826225280762,0.6119397282600403,-0.08090682327747345,0.1898949146270752,0.6851841807365417,-0.08527718484401703,0.17840459942817688,0.7355656027793884,-0.07424522191286087,0.16278254985809326,0.6288817524909973,-0.03704885393381119,0.17922663688659668,0.5558497309684753,-0.06833548098802567,0.1894291341304779,0.5135453939437866,-0.07574167847633362,0.20174279808998108,0.4667149782180786,-0.07470432668924332
ILOVEYOU,0.16017958521842957,0.8244690895080566,-1.459189462593713e-07,0.22019487619400024,0.8366091251373291,-0.02770337648689747,0.2890287935733795,0.7877830266952515,-0.03582543879747391,0.3341965079307556,0.7428514361381531,-0.0427723154425621,0.37467700242996216,0.7284848093986511,-0.04897976294159889,0.28536710143089294,0.669664204120636,-0.03129559010267258,0.32211819291114807,0.5830715298652649,-0.054077595472335815,0.35308215022087097,0.5264949202537537,-0.06444632261991501,0.3775731027126312,0.481069952249527,-0.07103246450424194,0.24447974562644958,0.6439268589019775,-0.0315980464220047,0.2536408603191376,0.6167328953742981,-0.08197076618671417,0.2265031337738037,0.692466676235199,-0.09644395112991333,0.2090848982334137,0.7469573020935059,-0.09369875490665436,0.20365816354751587,0.6323029398918152,-0.034905869513750076,0.2053079605102539,0.6109828352928162,-0.0845835879445076,0.1890869289636612,0.6851678490638733,-0.08831553161144257,0.17864257097244263,0.7358711361885071,-0.07673100382089615,0.16342243552207947,0.6289786696434021,-0.039711739867925644,0.17976143956184387,0.5553189516067505,-0.0721108689904213,0.1898367702960968,0.5137651562690735,-0.07938861101865768,0.2020586133003235,0.46740952134132385,-0.07809130102396011
ILOVEYOU,0.15998874604701996,0.8266378045082092,-1.999944032604617e-07,0.21981611847877502,0.8353598713874817,-0.025105375796556473,0.28927549719810486,0.7840113043785095,-0.03170007839798927,0.33499830961227417,0.7420032024383545,-0.037932466715574265,0.37526804208755493,0.7281980514526367,-0.0437593013048172,0.28696852922439575,0.6652833819389343,-0.02733214944601059,0.3230992555618286,0.5797070860862732,-0.047751352190971375,0.35369792580604553,0.5247032046318054,-0.05669026076793671,0.3773705065250397,0.4815828204154968,-0.062250684946775436,0.24550122022628784,0.6414780616760254,-0.029467731714248657,0.25460007786750793,0.6152138710021973,-0.07951903343200684,0.22848543524742126,0.6902490854263306,-0.09531954675912857,0.20978984236717224,0.7462527751922607,-0.09317076951265335,0.20409704744815826,0.6325656175613403,-0.034195803105831146,0.2049572467803955,0.6155425906181335,-0.08386459201574326,0.18848496675491333,0.6879693269729614,-0.08903312683105469,0.17675602436065674,0.7370150089263916,-0.07800627499818802,0.16381147503852844,0.631762683391571,-0.04012634605169296,0.1789253056049347,0.5549983382225037,-0.07141432166099548,0.19055446982383728,0.5119467973709106,-0.07814396172761917,0.2037377953529358,0.4646429717540741,-0.07644403725862503
ILOVEYOU,0.1575307995080948,0.8260834217071533,-1.6351748399756616e-07,0.2181524932384491,0.8383504748344421,-0.02681790664792061,0.28812211751937866,0.7891033887863159,-0.03399304673075676,0.33421197533607483,0.7452908158302307,-0.04034065082669258,0.37413811683654785,0.7310954928398132,-0.04604434594511986,0.28341734409332275,0.6693933606147766,-0.029086610302329063,0.3213823139667511,0.5825821161270142,-0.05091425031423569,0.3530120849609375,0.5266110897064209,-0.06057899072766304,0.3777572512626648,0.4823090434074402,-0.06654080003499985,0.242531418800354,0.6446620225906372,-0.029935836791992188,0.25244733691215515,0.6172572374343872,-0.08033473044633865,0.22681310772895813,0.6915465593338013,-0.09558750689029694,0.2096618264913559,0.7464920878410339,-0.09320513904094696,0.20204246044158936,0.6336982250213623,-0.033709097653627396,0.20397154986858368,0.6132901906967163,-0.08359955996274948,0.18857911229133606,0.6865079998970032,-0.08840607106685638,0.17808625102043152,0.7371929883956909,-0.07729987800121307,0.16244764626026154,0.6309306621551514,-0.03888753801584244,0.17895619571208954,0.5557118654251099,-0.07101811468601227,0.19003146886825562,0.5122368335723877,-0.07850384712219238,0.2027367651462555,0.4647638201713562,-0.0773262158036232
ILOVEYOU,0.15640060603618622,0.8276355862617493,-1.813385779314558e-07,0.21697592735290527,0.840059757232666,-0.026438631117343903,0.287124365568161,0.7900563478469849,-0.03399992734193802,0.3344860374927521,0.7465947270393372,-0.040780872106552124,0.3755299746990204,0.734431266784668,-0.046996720135211945,0.2831701636314392,0.670783519744873,-0.030244098976254463,0.32104822993278503,0.5835068821907043,-0.052448030561208725,0.3525456488132477,0.5279487371444702,-0.06244495511054993,0.3771856129169464,0.48336029052734375,-0.06878785789012909,0.24179434776306152,0.6460124254226685,-0.03142601624131203,0.2508206069469452,0.6180872321128845,-0.08195307105779648,0.223471537232399,0.6935206651687622,-0.0969092920422554,0.20589247345924377,0.7478759288787842,-0.09452854096889496,0.20091810822486877,0.6353709697723389,-0.035380106419324875,0.20239923894405365,0.611884593963623,-0.0848427265882492,0.1861891746520996,0.6847962737083435,-0.08868016302585602,0.1755509078502655,0.7351022958755493,-0.07728493213653564,0.16126012802124023,0.6332834959030151,-0.04075358435511589,0.17689472436904907,0.5569718480110168,-0.0725187361240387,0.18726661801338196,0.5136708617210388,-0.07929974049329758,0.19974693655967712,0.4656224250793457,-0.07778050750494003
ILOVEYOU,0.15360410511493683,0.8318490982055664,-2.0543288314911479e-07,0.21471425890922546,0.8431558609008789,-0.024505972862243652,0.2837902307510376,0.7928555011749268,-0.03106296807527542,0.3297145962715149,0.7497817873954773,-0.037282370030879974,0.36946749687194824,0.7357022166252136,-0.04305437579751015,0.2821102738380432,0.6715697050094604,-0.02802807278931141,0.3196070194244385,0.5852153301239014,-0.048835594207048416,0.350879043340683,0.5295813083648682,-0.05811372399330139,0.37494945526123047,0.48578161001205444,-0.06406485289335251,0.2408488243818283,0.6462124586105347,-0.0301207322627306,0.24907393753528595,0.6206095218658447,-0.07979732751846313,0.2206694632768631,0.6971337199211121,-0.09480718523263931,0.20190636813640594,0.752884566783905,-0.09249019622802734,0.1996489018201828,0.6356989741325378,-0.034709494560956955,0.20037218928337097,0.6148517727851868,-0.08378135412931442,0.18291237950325012,0.6886086463928223,-0.08775027096271515,0.1710008680820465,0.7394231557846069,-0.07651267200708389,0.15912345051765442,0.6339614391326904,-0.04051674157381058,0.1743508279323578,0.5564818382263184,-0.07238215953111649,0.18524034321308136,0.5125012397766113,-0.0792362168431282,0.19826024770736694,0.4644151031970978,-0.07773736119270325
ILOVEYOU,0.14936617016792297,0.8331106305122375,-2.2661805587631534e-07,0.21084275841712952,0.84377521276474,-0.023444483056664467,0.28146305680274963,0.7938216328620911,-0.03018273413181305,0.3286586105823517,0.7525871992111206,-0.036709126085042953,0.37038230895996094,0.7415531873703003,-0.0432012714445591,0.27812889218330383,0.6718569993972778,-0.028759129345417023,0.31752026081085205,0.5869985222816467,-0.048777367919683456,0.3499669134616852,0.5323265790939331,-0.05815095081925392,0.37402796745300293,0.48823001980781555,-0.06405781954526901,0.2376175969839096,0.6468991041183472,-0.0312826931476593,0.24266739189624786,0.6265555024147034,-0.07981648296117783,0.21360613405704498,0.7031278610229492,-0.0950469821691513,0.19369256496429443,0.7581280469894409,-0.09327447414398193,0.19632995128631592,0.637087881565094,-0.03590681403875351,0.19297601282596588,0.622518002986908,-0.0845252275466919,0.17627741396427155,0.6947958469390869,-0.08912044018507004,0.164751797914505,0.7439308762550354,-0.07822084426879883,0.15559765696525574,0.6350417137145996,-0.041428808122873306,0.17295703291893005,0.5559194684028625,-0.07204928249120712,0.1850188672542572,0.5111578106880188,-0.07719160616397858,0.19770239293575287,0.46339014172554016,-0.07435327768325806
ILOVEYOU,0.14902566373348236,0.8336191177368164,-2.174679991640005e-07,0.2100110650062561,0.845431923866272,-0.02382570505142212,0.28053903579711914,0.7946430444717407,-0.030469905585050583,0.3274989724159241,0.7541003227233887,-0.036850426346063614,0.3687288165092468,0.7434033751487732,-0.04333077743649483,0.27611544728279114,0.6738516688346863,-0.030359461903572083,0.31677618622779846,0.5868414044380188,-0.051434025168418884,0.3493571877479553,0.5309699773788452,-0.06108839809894562,0.37399402260780334,0.48670291900634766,-0.06673572957515717,0.234132319688797,0.6502765417098999,-0.03250544145703316,0.23934674263000488,0.6308667659759521,-0.08349566906690598,0.20933958888053894,0.7081531286239624,-0.09845124185085297,0.1893794983625412,0.765202522277832,-0.09548421204090118,0.19199572503566742,0.6405960321426392,-0.0367623046040535,0.18881970643997192,0.6269088983535767,-0.08661884814500809,0.17188329994678497,0.6995135545730591,-0.08984463661909103,0.16133691370487213,0.7506280541419983,-0.07707919180393219,0.1506139636039734,0.6381115913391113,-0.042079050093889236,0.16737648844718933,0.5593625903129578,-0.07223748415708542,0.18027912080287933,0.5150041580200195,-0.07627411186695099,0.19480639696121216,0.46990787982940674,-0.07219679653644562
ILOVEYOU,0.1427200436592102,0.8538550138473511,-2.6236526196043997e-07,0.2058633416891098,0.8603157997131348,-0.02325715310871601,0.27469128370285034,0.8069318532943726,-0.030923200771212578,0.31978219747543335,0.7663537263870239,-0.03927765041589737,0.3606214225292206,0.7557418942451477,-0.04758000001311302,0.2718038558959961,0.6817945837974548,-0.02780611254274845,0.31195127964019775,0.5957492589950562,-0.049721237272024155,0.34291860461235046,0.5398832559585571,-0.05968010425567627,0.3665611147880554,0.49535489082336426,-0.065325066447258,0.22965893149375916,0.6578007936477661,-0.031108571216464043,0.23349982500076294,0.6426226496696472,-0.08406238257884979,0.20341601967811584,0.7229466438293457,-0.0999988242983818,0.18266084790229797,0.7805794477462769,-0.09709315001964569,0.1864006221294403,0.6501653790473938,-0.03653939440846443,0.18382009863853455,0.6382947564125061,-0.08846307545900345,0.16699783504009247,0.7141984701156616,-0.09144793450832367,0.155938059091568,0.7655851244926453,-0.07795680314302444,0.14399811625480652,0.6517657041549683,-0.04302659630775452,0.1578977406024933,0.5718027949333191,-0.07398755848407745,0.1705876588821411,0.5271485447883606,-0.07756742835044861,0.18445254862308502,0.48084592819213867,-0.0727795958518982
ILOVEYOU,0.1868581920862198,0.7987541556358337,-1.6638142597003025e-07,0.24423696100711823,0.807863175868988,-0.024432364851236343,0.3096071183681488,0.7617846727371216,-0.03062090091407299,0.35147804021835327,0.722909152507782,-0.036185238510370255,0.38858112692832947,0.7094603180885315,-0.041351623833179474,0.3070700168609619,0.6487998366355896,-0.023992570117115974,0.34589993953704834,0.5694853067398071,-0.04074251651763916,0.37518298625946045,0.5197754502296448,-0.048400525003671646,0.3978212773799896,0.4787384271621704,-0.05342055857181549,0.2693426311016083,0.6254726648330688,-0.025450052693486214,0.28160691261291504,0.5931916832923889,-0.06687144190073013,0.2587919235229492,0.6565631628036499,-0.08062540739774704,0.24188771843910217,0.7064814567565918,-0.0794653445482254,0.230613112449646,0.6149702072143555,-0.0292837992310524,0.2376810610294342,0.592483401298523,-0.07140142470598221,0.22367528080940247,0.6560196876525879,-0.07517608255147934,0.2131718248128891,0.701768159866333,-0.06554340571165085,0.19222810864448547,0.6107641458511353,-0.034560199826955795,0.21107825636863708,0.5373581647872925,-0.06118379160761833,0.22578375041484833,0.49736136198043823,-0.06614569574594498,0.24166183173656464,0.4559055268764496,-0.06436986476182938
ILOVEYOU,0.1927921324968338,0.7904971837997437,-1.5930093866245443e-07,0.248191699385643,0.8023707866668701,-0.024409832432866096,0.3126000761985779,0.7575867176055908,-0.030120566487312317,0.35382750630378723,0.7203643918037415,-0.03518211469054222,0.39013028144836426,0.7074916362762451,-0.04000159353017807,0.3102736473083496,0.6464102864265442,-0.023289337754249573,0.34922686219215393,0.5682682394981384,-0.03945907950401306,0.3787219524383545,0.5198449492454529,-0.04663585498929024,0.4016692638397217,0.4800254702568054,-0.05131317302584648,0.27275174856185913,0.6232116222381592,-0.024361155927181244,0.28764408826828003,0.588916540145874,-0.06438399106264114,0.2631443738937378,0.6509301066398621,-0.07717597484588623,0.2448280155658722,0.699384868144989,-0.07537491619586945,0.23446974158287048,0.6120975017547607,-0.027819398790597916,0.24333229660987854,0.5879334807395935,-0.0688566341996193,0.22687339782714844,0.6494637727737427,-0.07170756161212921,0.21497459709644318,0.6934279799461365,-0.061424534767866135,0.19668732583522797,0.6061100959777832,-0.03275579586625099,0.21570172905921936,0.5333981513977051,-0.058663252741098404,0.23031730949878693,0.49427539110183716,-0.06311587244272232,0.24610352516174316,0.45427364110946655,-0.060970377177000046
ILOVEYOU,0.1947486400604248,0.7900826930999756,-1.5152146204400196e-07,0.25027942657470703,0.8025399446487427,-0.023544792085886,0.3149598240852356,0.7565777897834778,-0.028477855026721954,0.3556002974510193,0.7182273864746094,-0.032936885952949524,0.391765296459198,0.7058464884757996,-0.037244051694869995,0.3127238154411316,0.645063579082489,-0.02227291464805603,0.35178717970848083,0.5676015615463257,-0.037650082260370255,0.3807830810546875,0.519801139831543,-0.0440860316157341,0.4038667678833008,0.48022329807281494,-0.048352111130952835,0.27514246106147766,0.6219933032989502,-0.02370104379951954,0.29033899307250977,0.5857476592063904,-0.0629127100110054,0.26786714792251587,0.6488017439842224,-0.07554168254137039,0.25089436769485474,0.6985325813293457,-0.07386354357004166,0.23671627044677734,0.6110527515411377,-0.02739933505654335,0.24585847556591034,0.5854594707489014,-0.06792790442705154,0.22887688875198364,0.6472456455230713,-0.07058371603488922,0.21658897399902344,0.6901361346244812,-0.06032174825668335,0.19896724820137024,0.6049309372901917,-0.03251790255308151,0.2186979353427887,0.5320370197296143,-0.05827261880040169,0.23434221744537354,0.49410200119018555,-0.06278587877750397,0.2509184777736664,0.45432010293006897,-0.06076005846261978
ILOVEYOU,0.19210784137248993,0.7879810333251953,-1.5115189455627842e-07,0.2488126903772354,0.8014432191848755,-0.026296580210328102,0.3148179352283478,0.7585038542747498,-0.032524701207876205,0.3568044900894165,0.7207210659980774,-0.037408072501420975,0.3939046561717987,0.7058661580085754,-0.041676752269268036,0.31440016627311707,0.6469718813896179,-0.025357216596603394,0.3532137870788574,0.5685213208198547,-0.04039309546351433,0.38244423270225525,0.5195459127426147,-0.04671761766076088,0.4052378535270691,0.47901156544685364,-0.051322292536497116,0.2760697305202484,0.6235346794128418,-0.025931889191269875,0.29051053524017334,0.5865142345428467,-0.06535661220550537,0.2675284743309021,0.6511362195014954,-0.0786113440990448,0.24948368966579437,0.7021452784538269,-0.07779563963413239,0.23769822716712952,0.6118988990783691,-0.028941938653588295,0.24668218195438385,0.5833603739738464,-0.06884942948818207,0.23181456327438354,0.6437371373176575,-0.07259167730808258,0.21982726454734802,0.6860235929489136,-0.0639256164431572,0.20071810483932495,0.6036804914474487,-0.03363897651433945,0.22126592695713043,0.5295054912567139,-0.05914919823408127,0.23764461278915405,0.4916110634803772,-0.06452935189008713,0.25449472665786743,0.4509698748588562,-0.06373754888772964
ILOVEYOU,0.19220632314682007,0.7891253232955933,-1.527821780200611e-07,0.24801984429359436,0.8038673996925354,-0.02522439695894718,0.31384438276290894,0.7592892646789551,-0.03145766258239746,0.3560079038143158,0.7207098007202148,-0.03670233488082886,0.39315131306648254,0.7057319283485413,-0.04142891243100166,0.3138348162174225,0.6483745574951172,-0.025095904245972633,0.35317161679267883,0.569642186164856,-0.04096930846571922,0.38295701146125793,0.519615888595581,-0.04762357100844383,0.4055054783821106,0.47799307107925415,-0.052393075078725815,0.2754765748977661,0.6242545247077942,-0.026419999077916145,0.2909949719905853,0.5892314314842224,-0.06667616963386536,0.2670014202594757,0.6550494432449341,-0.07942771911621094,0.24898916482925415,0.7051922082901001,-0.07806983590126038,0.236805260181427,0.6127125024795532,-0.03016318380832672,0.24717092514038086,0.5854730010032654,-0.07090461254119873,0.23099833726882935,0.6473954916000366,-0.07343334704637527,0.2183620184659958,0.6896501779556274,-0.06371982395648956,0.19916141033172607,0.6057149171829224,-0.035561081022024155,0.21926811337471008,0.5316789150238037,-0.06195424497127533,0.23537074029445648,0.49325093626976013,-0.06709631532430649,0.2522623538970947,0.45167410373687744,-0.06590034067630768
