0.6010391116142273,0.9229090213775635,-1.4685662108604447e-07,0.5572442412376404,0.8724081516265869,0.0016651371261104941,0.5492064356803894,0.8170077204704285,-0.001314959954470396,0.5443673133850098,0.7818590402603149,-0.00707630068063736,0.538162887096405,0.7529235482215881,-0.014940432272851467,0.5917178988456726,0.7557443976402283,-0.005553581286221743,0.5718454718589783,0.6866223216056824,-0.018935857340693474,0.5550246238708496,0.6408243179321289,-0.03208986297249794,0.5396118760108948,0.6021013855934143,-0.04248429834842682,0.5994094014167786,0.760631263256073,-0.01685955375432968,0.574677586555481,0.6773148775100708,-0.026998339220881462,0.55372554063797,0.6270334720611572,-0.03802822157740593,0.5380386114120483,0.5851920247077942,-0.04791034385561943,0.5981928110122681,0.7776166796684265,-0.028727561235427856,0.575507640838623,0.6945958137512207,-0.04047081992030144,0.5567633509635925,0.64847332239151,-0.05032765120267868,0.5419710874557495,0.6132359504699707,-0.05815635249018669,0.5873797535896301,0.8017361760139465,-0.04071322828531265,0.5727515816688538,0.744998574256897,-0.05419810116291046,0.5590323805809021,0.706081211566925,-0.06180917099118233,0.547353208065033,0.6739744544029236,-0.06748136878013611,0.4831490218639374,0.9058607816696167,1.678118195513889e-07,0.5175044536590576,0.8678737878799438,0.003641792805865407,0.5231801271438599,0.808800995349884,0.004019059706479311,0.5273597240447998,0.7717341780662537,0.0003638325724750757,0.5336520671844482,0.7412347793579102,-0.0037984654773026705,0.49251776933670044,0.7485157251358032,0.002682151272892952,0.5017144680023193,0.6786507368087769,-0.01108702551573515,0.5137125253677368,0.6322436332702637,-0.022285867482423782,0.5250533223152161,0.5953481197357178,-0.030349383130669594,0.4841533899307251,0.7517511248588562,-0.010250737890601158,0.4966281056404114,0.67103511095047,-0.02399306558072567,0.513349175453186,0.6211029291152954,-0.03619864210486412,0.529697835445404,0.5802290439605713,-0.04413079097867012,0.48244553804397583,0.7637998461723328,-0.02438013069331646,0.4953033924102783,0.6826943755149841,-0.03956158086657524,0.511746346950531,0.6360061764717102,-0.05155850946903229,0.5265846848487854,0.6010695695877075,-0.058456528931856155,0.48927220702171326,0.7838095426559448,-0.03839973732829094,0.5012281537055969,0.7334327101707458,-0.05218816176056862,0.5130977034568787,0.6999472379684448,-0.059917595237493515,0.524869441986084,0.6733786463737488,-0.06456629186868668
0.6022969484329224,0.9261672496795654,-1.4921658930688864e-07,0.5581751465797424,0.8770488500595093,0.0014589641941711307,0.5492475628852844,0.8197070360183716,-0.0014300030888989568,0.5445736646652222,0.7822246551513672,-0.00710970489308238,0.538435697555542,0.7513636350631714,-0.014794417656958103,0.5894115567207336,0.7567051649093628,-0.003984690643846989,0.5706027746200562,0.6899830102920532,-0.016799379140138626,0.5540690422058105,0.6439494490623474,-0.030003318563103676,0.5385618805885315,0.6051570177078247,-0.04068837687373161,0.5975615382194519,0.7607536911964417,-0.015243018046021461,0.572716236114502,0.6800493597984314,-0.0245220884680748,0.5520493984222412,0.6298415660858154,-0.03518253564834595,0.5361661314964294,0.5884807705879211,-0.045067548751831055,0.5976652503013611,0.777364194393158,-0.027227260172367096,0.5747376680374146,0.697774350643158,-0.03768568113446236,0.5567187666893005,0.6514426469802856,-0.046784427016973495,0.5422059297561646,0.616499662399292,-0.05449236184358597,0.5888203978538513,0.8018335700035095,-0.03952624648809433,0.5749993324279785,0.745974063873291,-0.051945190876722336,0.5610008835792542,0.7068349123001099,-0.058873798698186874,0.548149824142456,0.6751345992088318,-0.06428716331720352,0.4784448444843292,0.9095386862754822,1.6783717171620083e-07,0.5156016945838928,0.8663528561592102,0.006457522977143526,0.5210312604904175,0.8072860836982727,0.007373834028840065,0.5254222750663757,0.7708110213279724,0.0037973683793097734,0.532808244228363,0.7410721778869629,-0.0003536466683726758,0.4891929030418396,0.746087372303009,0.00421322975307703,0.4991249740123749,0.6751224398612976,-0.009244649671018124,0.5123348236083984,0.6292903423309326,-0.01994970813393593,0.5252785682678223,0.591885507106781,-0.02772463671863079,0.48114123940467834,0.7491862177848816,-0.010186402127146721,0.4957369863986969,0.6668748259544373,-0.02359957993030548,0.514284610748291,0.6178638935089111,-0.035003662109375,0.5316652655601501,0.5782121419906616,-0.04252190515398979,0.4791606366634369,0.7625659704208374,-0.025585655122995377,0.4933486878871918,0.6812437772750854,-0.04037972167134285,0.5114474892616272,0.6350333094596863,-0.05161026492714882,0.5271050333976746,0.6007279753684998,-0.05808831378817558,0.4858156442642212,0.7849335670471191,-0.04064798355102539,0.5004466772079468,0.7321282029151917,-0.05369633436203003,0.5149096250534058,0.6985703110694885,-0.06080368533730507,0.5283546447753906,0.6720672845840454,-0.06524989008903503
0.6054244637489319,0.9281119704246521,-1.8329920692394808e-07,0.5571689605712891,0.8695414066314697,0.0037330130580812693,0.5464630722999573,0.8106166124343872,0.0016378468135371804,0.5420494079589844,0.772399365901947,-0.003688761731609702,0.5355455875396729,0.7416060566902161,-0.011225971393287182,0.5898415446281433,0.7485759854316711,-0.0026165624149143696,0.5690980553627014,0.6790693998336792,-0.01555177103728056,0.5522900223731995,0.6350064277648926,-0.029121194034814835,0.5368866920471191,0.5974188446998596,-0.04041121155023575,0.5979064106941223,0.7548120617866516,-0.015222620218992233,0.5714330673217773,0.6713364720344543,-0.02529969997704029,0.5503931045532227,0.6222185492515564,-0.03629494085907936,0.5350221991539001,0.5812358260154724,-0.047009728848934174,0.5972151160240173,0.7741362452507019,-0.02861003950238228,0.5736126899719238,0.6906540393829346,-0.03989969566464424,0.554609477519989,0.6434779763221741,-0.049965132027864456,0.5387718081474304,0.6075748801231384,-0.05905313417315483,0.5880254507064819,0.8009365200996399,-0.042111996561288834,0.5749799013137817,0.7456904053688049,-0.05667095258831978,0.5627190470695496,0.7047566175460815,-0.06634623557329178,0.5513877272605896,0.6691175699234009,-0.0743572786450386,0.47044482827186584,0.9081315398216248,1.3083993621876289e-07,0.5125666856765747,0.8606077432632446,0.0106101855635643,0.5166749954223633,0.7992100119590759,0.013519435189664364,0.5215610861778259,0.7636129260063171,0.010998858138918877,0.5304683446884155,0.7362348437309265,0.007648888044059277,0.4815346896648407,0.7411584258079529,0.008559845387935638,0.4954763948917389,0.6695637702941895,-0.003793182549998164,0.5089890956878662,0.6239275932312012,-0.014030901715159416,0.5215391516685486,0.5848867893218994,-0.021999021992087364,0.47270238399505615,0.744426429271698,-0.0082489512860775,0.4920957386493683,0.6603529453277588,-0.021135548129677773,0.5096114873886108,0.6109691262245178,-0.03284994140267372,0.5248668193817139,0.5707284808158875,-0.040962621569633484,0.4708434045314789,0.7587845325469971,-0.025820884853601456,0.4887402057647705,0.6760653257369995,-0.040144458413124084,0.5077341794967651,0.6293846964836121,-0.052129071205854416,0.5231918096542358,0.594218373298645,-0.059640124440193176,0.47868138551712036,0.7812888622283936,-0.04278139770030975,0.4965808689594269,0.7264698147773743,-0.05578227713704109,0.5130517482757568,0.6931836605072021,-0.06359448283910751,0.5280376672744751,0.6670384407043457,-0.06908339262008667
0.6054244637489319,0.9281119704246521,-1.8329920692394808e-07,0.5571689605712891,0.8695414066314697,0.0037330130580812693,0.5464630722999573,0.8106166124343872,0.0016378468135371804,0.5420494079589844,0.772399365901947,-0.003688761731609702,0.5355455875396729,0.7416060566902161,-0.011225971393287182,0.5898415446281433,0.7485759854316711,-0.0026165624149143696,0.5690980553627014,0.6790693998336792,-0.01555177103728056,0.5522900223731995,0.6350064277648926,-0.029121194034814835,0.5368866920471191,0.5974188446998596,-0.04041121155023575,0.5979064106941223,0.7548120617866516,-0.015222620218992233,0.5714330673217773,0.6713364720344543,-0.02529969997704029,0.5503931045532227,0.6222185492515564,-0.03629494085907936,0.5350221991539001,0.5812358260154724,-0.047009728848934174,0.5972151160240173,0.7741362452507019,-0.02861003950238228,0.5736126899719238,0.6906540393829346,-0.03989969566464424,0.554609477519989,0.6434779763221741,-0.049965132027864456,0.5387718081474304,0.6075748801231384,-0.05905313417315483,0.5880254507064819,0.8009365200996399,-0.042111996561288834,0.5749799013137817,0.7456904053688049,-0.05667095258831978,0.5627190470695496,0.7047566175460815,-0.06634623557329178,0.5513877272605896,0.6691175699234009,-0.0743572786450386,0.47044482827186584,0.9081315398216248,1.3083993621876289e-07,0.5125666856765747,0.8606077432632446,0.0106101855635643,0.5166749954223633,0.7992100119590759,0.013519435189664364,0.5215610861778259,0.7636129260063171,0.010998858138918877,0.5304683446884155,0.7362348437309265,0.007648888044059277,0.4815346896648407,0.7411584258079529,0.008559845387935638,0.4954763948917389,0.6695637702941895,-0.003793182549998164,0.5089890956878662,0.6239275932312012,-0.014030901715159416,0.5215391516685486,0.5848867893218994,-0.021999021992087364,0.47270238399505615,0.744426429271698,-0.0082489512860775,0.4920957386493683,0.6603529453277588,-0.021135548129677773,0.5096114873886108,0.6109691262245178,-0.03284994140267372,0.5248668193817139,0.5707284808158875,-0.040962621569633484,0.4708434045314789,0.7587845325469971,-0.025820884853601456,0.4887402057647705,0.6760653257369995,-0.040144458413124084,0.5077341794967651,0.6293846964836121,-0.052129071205854416,0.5231918096542358,0.594218373298645,-0.059640124440193176,0.47868138551712036,0.7812888622283936,-0.04278139770030975,0.4965808689594269,0.7264698147773743,-0.05578227713704109,0.5130517482757568,0.6931836605072021,-0.06359448283910751,0.5280376672744751,0.6670384407043457,-0.06908339262008667
0.6061897873878479,0.9255488514900208,-1.253861228178721e-07,0.5557334423065186,0.8713145852088928,0.0022986445110291243,0.5452772974967957,0.8118533492088318,0.0007332740933634341,0.540690004825592,0.7708948850631714,-0.003432355122640729,0.5334042310714722,0.7377051115036011,-0.009363532066345215,0.5864481329917908,0.7556924819946289,-0.0034955861046910286,0.5694709420204163,0.6896635293960571,-0.016632739454507828,0.5538244843482971,0.644420325756073,-0.02918739803135395,0.5385591387748718,0.6059268712997437,-0.03920060023665428,0.5956456065177917,0.7598801851272583,-0.014706292189657688,0.5721544027328491,0.6779029965400696,-0.025723742321133614,0.5516987442970276,0.6265692114830017,-0.035833824425935745,0.536120593547821,0.5833239555358887,-0.04477980360388756,0.5964705348014832,0.777356743812561,-0.02680688537657261,0.5749344229698181,0.6950057148933411,-0.038625963032245636,0.5567630529403687,0.6475120782852173,-0.04823070392012596,0.5421575903892517,0.6101722121238708,-0.05607406795024872,0.587947428226471,0.8024472594261169,-0.039125919342041016,0.575019359588623,0.7493836879730225,-0.05331442505121231,0.5611932277679443,0.7094333171844482,-0.06263025104999542,0.5487147569656372,0.6743884086608887,-0.06973207741975784,0.4732896387577057,0.9064559936523438,1.7589533740647312e-07,0.5148358345031738,0.8583171367645264,0.006585384253412485,0.5188305974006653,0.7943930625915527,0.00864928588271141,0.5222639441490173,0.7562170624732971,0.005865204147994518,0.530497133731842,0.7268224358558655,0.0025841216556727886,0.48211801052093506,0.7379751205444336,0.009265877306461334,0.4963211119174957,0.6694397926330566,-0.004599581938236952,0.5106361508369446,0.6235722303390503,-0.016412224620580673,0.5245651006698608,0.5856473445892334,-0.02482610195875168,0.47362712025642395,0.7418926954269409,-0.00515054352581501,0.492785781621933,0.661077082157135,-0.019184796139597893,0.5110734105110168,0.6107978820800781,-0.03150260075926781,0.5280966758728027,0.5697790384292603,-0.03912445157766342,0.47283944487571716,0.7564319968223572,-0.02093479223549366,0.49052783846855164,0.6748010516166687,-0.0357995480298996,0.5089563727378845,0.627174973487854,-0.04709811136126518,0.5245850086212158,0.5917168259620667,-0.05302606150507927,0.48114919662475586,0.7792097926139832,-0.03659706190228462,0.4965430498123169,0.7248973846435547,-0.04894941672682762,0.5112582445144653,0.6898844838142395,-0.05549323931336403,0.524908185005188,0.6629682779312134,-0.059178367257118225
0.6011620759963989,0.9239739775657654,-1.395953006522177e-07,0.5529126524925232,0.8696172833442688,0.0011261129984632134,0.5440242290496826,0.810837984085083,-0.0011784567032009363,0.5407603979110718,0.7711714506149292,-0.006063139997422695,0.5350937843322754,0.7371367812156677,-0.012795372866094112,0.5875547528266907,0.7533453702926636,-0.004515274427831173,0.5701265931129456,0.686538577079773,-0.018490256741642952,0.5547267198562622,0.6407697200775146,-0.03196471557021141,0.540299117565155,0.6022006869316101,-0.04261523857712746,0.595951497554779,0.7585375308990479,-0.015423190779983997,0.5736933946609497,0.6761407256126404,-0.02722747065126896,0.5532003045082092,0.6249392032623291,-0.03867848217487335,0.5384916663169861,0.5820372104644775,-0.048728350549936295,0.5953683257102966,0.7757540345191956,-0.02725107967853546,0.5751737952232361,0.6924096941947937,-0.039858438074588776,0.5567541122436523,0.6456617712974548,-0.05002459138631821,0.5423550605773926,0.6093546748161316,-0.05822593346238136,0.5857236385345459,0.7998339533805847,-0.03937731310725212,0.5747058391571045,0.7451191544532776,-0.05358009412884712,0.5622188448905945,0.7057970762252808,-0.06274542212486267,0.5511672496795654,0.6715183258056641,-0.06987251341342926,0.4743582308292389,0.9101485013961792,1.6053976992225216e-07,0.5139633417129517,0.8658593893051147,0.004527327138930559,0.5175758600234985,0.8014475703239441,0.0038470623549073935,0.5202456712722778,0.7637370824813843,-0.0013448494719341397,0.5283675789833069,0.7352346181869507,-0.006615691352635622,0.47979843616485596,0.7430766224861145,0.0039703804068267345,0.49616044759750366,0.673258364200592,-0.01174573227763176,0.50981205701828,0.6276804804801941,-0.024632643908262253,0.5231599807739258,0.5897589921951294,-0.033525705337524414,0.47141510248184204,0.7482412457466125,-0.010267633944749832,0.49320676922798157,0.6654376983642578,-0.025873327627778053,0.5099542140960693,0.6142805814743042,-0.037883732467889786,0.526229739189148,0.5722924470901489,-0.04488828778266907,0.4716608226299286,0.7621864080429077,-0.02588142827153206,0.49241673946380615,0.6769992709159851,-0.040990110486745834,0.5101119875907898,0.6284043788909912,-0.05041448399424553,0.5253806114196777,0.5917418599128723,-0.05491863191127777,0.4818834364414215,0.7835792303085327,-0.041691433638334274,0.498653769493103,0.7280536890029907,-0.052954986691474915,0.5126731395721436,0.6917621493339539,-0.05745156481862068,0.526231586933136,0.6632707715034485,-0.05963345617055893
0.6009262800216675,0.9213504195213318,-1.5845401435399253e-07,0.5532343983650208,0.868874192237854,0.0005581529112532735,0.5434606075286865,0.8108039498329163,-0.0027141300961375237,0.5395448207855225,0.7721594572067261,-0.008480416610836983,0.5325093865394592,0.7385698556900024,-0.01614883728325367,0.5853708982467651,0.7490905523300171,-0.00542167155072093,0.5671177506446838,0.6797931790351868,-0.018271662294864655,0.5513452887535095,0.6361701488494873,-0.031267035752534866,0.5365111827850342,0.5989257097244263,-0.042017221450805664,0.594740092754364,0.7538483738899231,-0.01637386530637741,0.571416437625885,0.6701132655143738,-0.026715179905295372,0.5504971742630005,0.6219536662101746,-0.03788582235574722,0.5347811579704285,0.5820497274398804,-0.04832451045513153,0.5947428941726685,0.771561324596405,-0.028128068894147873,0.5738046765327454,0.688168466091156,-0.0397319570183754,0.5552324652671814,0.6426011323928833,-0.05030524730682373,0.5399283766746521,0.607673704624176,-0.059374649077653885,0.5857556462287903,0.7964158654212952,-0.04012484848499298,0.5726450681686401,0.7424524426460266,-0.05383814498782158,0.5599126815795898,0.7035171985626221,-0.06291556358337402,0.5482167601585388,0.6694662570953369,-0.07034065574407578,0.4740121364593506,0.9079004526138306,1.5303911027331196e-07,0.5149690508842468,0.8619223833084106,0.0067419372498989105,0.5188760161399841,0.7983840703964233,0.007403654977679253,0.5220420360565186,0.7612665891647339,0.0033179637975990772,0.5303139686584473,0.7314969897270203,-0.0012026956537738442,0.4815632104873657,0.7400442361831665,0.00587477395310998,0.4971473217010498,0.6704984903335571,-0.008526469580829144,0.5105298161506653,0.6239931583404541,-0.02028322033584118,0.5229649543762207,0.5846201181411743,-0.028730396181344986,0.47292593121528625,0.7443410158157349,-0.008958346210420132,0.49474480748176575,0.662302553653717,-0.023176565766334534,0.5126388669013977,0.6123760342597961,-0.03454628214240074,0.528684139251709,0.571626603603363,-0.04163660109043121,0.47209280729293823,0.7589187622070312,-0.02496069110929966,0.49279001355171204,0.6761189103126526,-0.03934386372566223,0.5120231509208679,0.629758894443512,-0.04898955300450325,0.5278583765029907,0.5951583385467529,-0.054037753492593765,0.4810904860496521,0.7818748950958252,-0.04084014892578125,0.49813225865364075,0.7258864641189575,-0.05227774381637573,0.5132893323898315,0.6909733414649963,-0.057458505034446716,0.5272740721702576,0.6636415123939514,-0.060416366904973984
0.600199282169342,0.9229421019554138,-1.145566912441609e-07,0.5570241212844849,0.8730368614196777,0.0005595345282927155,0.5492514371871948,0.8139364123344421,-0.002988931955769658,0.5449796319007874,0.7723848223686218,-0.008847895078361034,0.5377086997032166,0.7373207807540894,-0.016514189541339874,0.590093731880188,0.7628566026687622,-0.008806300349533558,0.5734080672264099,0.6926522254943848,-0.023526770994067192,0.5584395527839661,0.6441704630851746,-0.036673255264759064,0.5445321202278137,0.6036564111709595,-0.0465974397957325,0.5979217290878296,0.7671464681625366,-0.019462211057543755,0.5756529569625854,0.6835854649543762,-0.032364826649427414,0.5555282235145569,0.628670871257782,-0.044332608580589294,0.5405358076095581,0.5829827785491943,-0.054096922278404236,0.5965010523796082,0.781537652015686,-0.03044491447508335,0.5749135613441467,0.697539210319519,-0.04349012300372124,0.5570420026779175,0.6482937932014465,-0.053352802991867065,0.543314516544342,0.6096422672271729,-0.0606805756688118,0.5855628252029419,0.8011612296104431,-0.04150696471333504,0.5727056860923767,0.7417005896568298,-0.05440554395318031,0.5601008534431458,0.7032987475395203,-0.061284907162189484,0.549765944480896,0.672027587890625,-0.06627120822668076,0.47552841901779175,0.9037548303604126,1.6945850234151294e-07,0.5134968161582947,0.8594884872436523,0.006614226847887039,0.5151467323303223,0.7984660863876343,0.005236959084868431,0.5183576345443726,0.7620418667793274,-0.0008173712412826717,0.5263605117797852,0.7362077832221985,-0.007280055899173021,0.4738174080848694,0.7456806898117065,0.0010609504533931613,0.4933590590953827,0.6722053289413452,-0.015286442823708057,0.5084953904151917,0.6265383958816528,-0.027947040274739265,0.523090124130249,0.5889239311218262,-0.036452703177928925,0.4663449823856354,0.7513637542724609,-0.013631635345518589,0.4929581880569458,0.66340172290802,-0.029649658128619194,0.5109631419181824,0.6122510433197021,-0.041329093277454376,0.5270371437072754,0.5722676515579224,-0.047924287617206573,0.4698401391506195,0.7663272023200989,-0.029047630727291107,0.49443209171295166,0.677862286567688,-0.043202389031648636,0.5125377178192139,0.6293011903762817,-0.0512862503528595,0.5272382497787476,0.5939565896987915,-0.05490914732217789,0.4842223525047302,0.7879388332366943,-0.04438319057226181,0.5014944672584534,0.7279028296470642,-0.05405399203300476,0.5159839987754822,0.6913473606109619,-0.057262640446424484,0.530540943145752,0.6630129814147949,-0.05863254517316818
0.6033555269241333,0.9202455282211304,-1.3041238844380132e-07,0.5569314956665039,0.8702528476715088,0.0015245734248310328,0.5479496121406555,0.8129414319992065,-0.0011261851759627461,0.5436135530471802,0.7740238308906555,-0.006023610942065716,0.5368420481681824,0.7395401000976562,-0.01275621261447668,0.5895673632621765,0.7593790292739868,-0.0074896723963320255,0.5723885297775269,0.6891165375709534,-0.02130824513733387,0.5568312406539917,0.6423330307006836,-0.03370356932282448,0.5418683290481567,0.6027635931968689,-0.043217699974775314,0.5977696776390076,0.7637457847595215,-0.01819002442061901,0.5750408172607422,0.6774967312812805,-0.029857825487852097,0.5538830161094666,0.6236268877983093,-0.04059566929936409,0.5377867221832275,0.5788232684135437,-0.04978103190660477,0.5963355898857117,0.7788335680961609,-0.029311884194612503,0.575550377368927,0.6919596791267395,-0.041502147912979126,0.5571744441986084,0.6423938870429993,-0.05171232670545578,0.5423563718795776,0.604217529296875,-0.05970931425690651,0.5848010182380676,0.7993273138999939,-0.040449824184179306,0.5730019211769104,0.741710364818573,-0.05426120385527611,0.5606732964515686,0.7010826468467712,-0.0630386620759964,0.5500571131706238,0.6662325263023376,-0.06956838071346283,0.4762815237045288,0.905426025390625,1.7174521360630024e-07,0.514600932598114,0.8586297035217285,0.006589788012206554,0.5177298188209534,0.7978168725967407,0.006020091008394957,0.5216968655586243,0.7622154951095581,0.0007473064470104873,0.5300394892692566,0.7346839308738708,-0.005018957424908876,0.47964638471603394,0.7391525506973267,0.002884817076846957,0.4968230426311493,0.667392909526825,-0.011947191320359707,0.5115532875061035,0.6225775480270386,-0.023673435673117638,0.5250207185745239,0.5843743681907654,-0.031999267637729645,0.4708775281906128,0.7448006272315979,-0.012250545434653759,0.49448299407958984,0.6596472263336182,-0.026654398068785667,0.5129831433296204,0.6107308864593506,-0.03804736211895943,0.5290237069129944,0.5712169408798218,-0.04515530541539192,0.4706762135028839,0.7610085010528564,-0.028318360447883606,0.49236369132995605,0.6772781610488892,-0.04263399913907051,0.5116227865219116,0.6313431262969971,-0.05192963033914566,0.5270886421203613,0.5972754955291748,-0.05675485357642174,0.4808236062526703,0.7854247689247131,-0.04425547644495964,0.4992354214191437,0.7281355857849121,-0.05547626316547394,0.5151940584182739,0.6946327686309814,-0.06010786071419716,0.5299932360649109,0.6688305139541626,-0.06265699863433838
0.6041330099105835,0.9212836623191833,-1.3729767545100913e-07,0.5569338798522949,0.8694303631782532,0.004017089027911425,0.5491418838500977,0.8128812313079834,0.00247321673668921,0.5440007448196411,0.7726329565048218,-0.001675622072070837,0.534801721572876,0.7395752668380737,-0.008027378469705582,0.5919946432113647,0.759494423866272,-0.0061499024741351604,0.5726249814033508,0.6906664371490479,-0.01919541507959366,0.556442379951477,0.6437019109725952,-0.03093779645860195,0.5408884286880493,0.603473424911499,-0.04025132954120636,0.6001407504081726,0.7641820311546326,-0.017925748601555824,0.5752701759338379,0.6791675090789795,-0.029803695157170296,0.55375075340271,0.6256039142608643,-0.04063895717263222,0.5376524925231934,0.5794453620910645,-0.05008765682578087,0.5979921817779541,0.780031144618988,-0.029802102595567703,0.5760858058929443,0.6932264566421509,-0.042709533125162125,0.5577103495597839,0.6440870761871338,-0.05276412516832352,0.5436534285545349,0.6049123406410217,-0.06063797324895859,0.5853538513183594,0.8000093102455139,-0.041361358016729355,0.5744599103927612,0.7409160137176514,-0.05592035874724388,0.5631597638130188,0.7009727954864502,-0.06494328379631042,0.553790271282196,0.6668360233306885,-0.07177893072366714,0.4780440032482147,0.9082952737808228,1.2708612473488756e-07,0.5140950679779053,0.8613740801811218,0.005159263499081135,0.5182930827140808,0.7996785640716553,0.004079554229974747,0.5219213962554932,0.7625565528869629,-0.001417834311723709,0.5284918546676636,0.7315945029258728,-0.007365098223090172,0.48290082812309265,0.739206850528717,0.0013982227537781,0.4980272948741913,0.666441023349762,-0.013311536982655525,0.5117882490158081,0.6238160133361816,-0.02491915412247181,0.5250459313392639,0.5876030325889587,-0.03313709795475006,0.47432005405426025,0.7439520955085754,-0.013209296390414238,0.49480387568473816,0.6582486033439636,-0.027135677635669708,0.5121634006500244,0.6105477809906006,-0.03818073123693466,0.5277453660964966,0.5713664293289185,-0.04540402442216873,0.47380271553993225,0.7597108483314514,-0.028907153755426407,0.4944702684879303,0.6755538582801819,-0.043243538588285446,0.5133829116821289,0.6301413774490356,-0.052886735647916794,0.52934330701828,0.5953999161720276,-0.058339230716228485,0.4826524257659912,0.7843924164772034,-0.04453350231051445,0.500812828540802,0.7274765372276306,-0.05612414330244064,0.5166316628456116,0.6938456296920776,-0.061164937913417816,0.5317940711975098,0.6670852303504944,-0.06426043063402176
0.606282651424408,0.9202200174331665,-1.1161473878473771e-07,0.5571259260177612,0.8695472478866577,0.00045700641931034625,0.549375057220459,0.8116719126701355,-0.001761316554620862,0.547095537185669,0.771133303642273,-0.006356093101203442,0.5414814352989197,0.7367875576019287,-0.012740745209157467,0.5913434624671936,0.7551889419555664,-0.005182366352528334,0.5751741528511047,0.687099277973175,-0.01805269718170166,0.5597379207611084,0.6401008367538452,-0.03026706539094448,0.5451717972755432,0.6009686589241028,-0.039995912462472916,0.5996198654174805,0.7588461637496948,-0.015383739955723286,0.5782368779182434,0.6762397885322571,-0.026596950367093086,0.557856559753418,0.624070405960083,-0.03773990646004677,0.5422122478485107,0.5813512802124023,-0.047242965549230576,0.5987090468406677,0.7749553918838501,-0.026282651349902153,0.5770957469940186,0.6918371319770813,-0.03820626437664032,0.5584879517555237,0.6442343592643738,-0.04828463867306709,0.543808102607727,0.6080989837646484,-0.05617754906415939,0.5879796743392944,0.7972604036331177,-0.0374814048409462,0.5750359296798706,0.7397422790527344,-0.05044454336166382,0.5621024966239929,0.7005139589309692,-0.05876260995864868,0.5510151386260986,0.6677417755126953,-0.06511546671390533,0.4766101539134979,0.9067789316177368,1.671740790243348e-07,0.5148651599884033,0.8578611016273499,0.00536956125870347,0.5201539993286133,0.7953552007675171,0.004264558665454388,0.5258437991142273,0.7568448781967163,-0.0011003058170899749,0.5338010191917419,0.7273566126823425,-0.006951772142201662,0.48096731305122375,0.7391701340675354,0.0005310457781888545,0.49774909019470215,0.6673485040664673,-0.014759496785700321,0.5129508972167969,0.6225794553756714,-0.026670606806874275,0.5264819860458374,0.5846705436706543,-0.035039205104112625,0.4723758399486542,0.7442062497138977,-0.013876832090318203,0.4961533844470978,0.659696102142334,-0.02853545919060707,0.51484215259552,0.6105389595031738,-0.03975716978311539,0.5304617285728455,0.5698936581611633,-0.04688357189297676,0.4721774756908417,0.7606531381607056,-0.029209036380052567,0.495385080575943,0.6769973039627075,-0.04383780434727669,0.5152025818824768,0.630489706993103,-0.05369400233030319,0.5311183333396912,0.5952485799789429,-0.059068068861961365,0.4817439317703247,0.7855233550071716,-0.044421322643756866,0.5011756420135498,0.728550374507904,-0.05626658350229263,0.5183292627334595,0.6940757632255554,-0.06183277815580368,0.5343444347381592,0.6672102808952332,-0.06512308120727539
0.6056622862815857,0.918289303779602,-1.1723728476908946e-07,0.5570272207260132,0.8674682974815369,0.0026785884983837605,0.5499076247215271,0.810075044631958,0.001573162036947906,0.5473758578300476,0.7688620686531067,-0.0022608526051044464,0.5399675369262695,0.7341358661651611,-0.007997659035027027,0.5910066366195679,0.755989670753479,-0.0024552023969590664,0.5744505524635315,0.6888459920883179,-0.014217373915016651,0.5590924620628357,0.6434538960456848,-0.02552126720547676,0.5443766713142395,0.6038343906402588,-0.03477869927883148,0.5992721319198608,0.7590478658676147,-0.01327073946595192,0.5767552256584167,0.6769304871559143,-0.023963753134012222,0.5564550757408142,0.6256437301635742,-0.03438818082213402,0.5409160852432251,0.5827179551124573,-0.043504565954208374,0.5982193350791931,0.7736174464225769,-0.024668823927640915,0.5768328309059143,0.6918766498565674,-0.036288727074861526,0.5584304332733154,0.6446758508682251,-0.045882947742938995,0.5438664555549622,0.6081730127334595,-0.053541846573352814,0.5875489115715027,0.7937750816345215,-0.03615344315767288,0.5746983289718628,0.7378215789794922,-0.04875922203063965,0.5618767738342285,0.6995411515235901,-0.05681759491562843,0.5507943630218506,0.6671135425567627,-0.06316746771335602,0.47443410754203796,0.9074119925498962,1.4544413318162697e-07,0.5151773691177368,0.8580442070960999,0.008272203616797924,0.5195578932762146,0.7963093519210815,0.008385666646063328,0.5254982113838196,0.7594569325447083,0.003626252291724086,0.5338013768196106,0.7315019965171814,-0.0015308503061532974,0.47894877195358276,0.7390531301498413,0.004741429351270199,0.4961200952529907,0.6652281880378723,-0.009764526970684528,0.5105473399162292,0.6214327812194824,-0.02136576920747757,0.5242068767547607,0.584341824054718,-0.029442239552736282,0.4701809287071228,0.7446768879890442,-0.010596445761620998,0.49601733684539795,0.6589797735214233,-0.024525683373212814,0.5139251351356506,0.6107917428016663,-0.035296522080898285,0.529391348361969,0.5716699957847595,-0.04184221476316452,0.47078922390937805,0.7618741989135742,-0.026750797405838966,0.4961947798728943,0.6773473620414734,-0.0400535985827446,0.5159591436386108,0.6319866180419922,-0.048538938164711,0.5317849516868591,0.5984465479850769,-0.05287443846464157,0.48146334290504456,0.7871345281600952,-0.04266730323433876,0.5004103183746338,0.7290709018707275,-0.0526932068169117,0.51719069480896,0.6944941282272339,-0.05671120062470436,0.5335176587104797,0.6676512956619263,-0.05890777334570885
0.607721745967865,0.9199925661087036,-1.377742222530287e-07,0.5582595467567444,0.8657734394073486,0.0012095398269593716,0.5477706789970398,0.8082672357559204,-0.000489605707116425,0.5441328287124634,0.7695281505584717,-0.004946894943714142,0.5382997989654541,0.7360352873802185,-0.010817201808094978,0.5894842147827148,0.7454892992973328,0.0004937929334118962,0.5719753503799438,0.6800248622894287,-0.011128469370305538,0.556505560874939,0.637309730052948,-0.02345983311533928,0.5419789552688599,0.6001540422439575,-0.033374737948179245,0.5974238514900208,0.7494314312934875,-0.009778624400496483,0.5738498568534851,0.6696798801422119,-0.018570551648736,0.5540158748626709,0.6207362413406372,-0.02857564575970173,0.5394540429115295,0.5794301629066467,-0.03783660754561424,0.5972508192062378,0.765536904335022,-0.021260850131511688,0.574835479259491,0.6871384382247925,-0.03122740425169468,0.5571118593215942,0.6412188410758972,-0.04018206521868706,0.5430085062980652,0.6056764125823975,-0.047791436314582825,0.5883265733718872,0.7886925935745239,-0.033243171870708466,0.5746867060661316,0.7353183031082153,-0.044533517211675644,0.5625181794166565,0.6965087056159973,-0.051899585872888565,0.5522085428237915,0.6626692414283752,-0.0579458549618721,0.47957396507263184,0.9084010720252991,9.023790425999323e-08,0.5151963829994202,0.8640059232711792,0.0036283626686781645,0.5207477807998657,0.8003278374671936,0.002844400005415082,0.5260947346687317,0.7620415687561035,-0.002118353731930256,0.535197913646698,0.7318803668022156,-0.00724074337631464,0.48974618315696716,0.7412852048873901,0.003895440371707082,0.5041975975036621,0.6708299517631531,-0.010390403680503368,0.5165922045707703,0.6256576180458069,-0.022892963141202927,0.5268197655677795,0.5866272449493408,-0.03174345940351486,0.48196858167648315,0.7456685304641724,-0.009065969847142696,0.5013360977172852,0.6648275852203369,-0.022191762924194336,0.5169321298599243,0.6139564514160156,-0.033765170723199844,0.5294321179389954,0.5698977708816528,-0.04153228551149368,0.48119333386421204,0.7590694427490234,-0.023367613554000854,0.5006551742553711,0.6783478856086731,-0.036198876798152924,0.51685631275177,0.6307783722877502,-0.04491693153977394,0.5283945202827454,0.5930474400520325,-0.04975535348057747,0.4880127012729645,0.7803499102592468,-0.0379619337618351,0.5039812326431274,0.7232453227043152,-0.04775174707174301,0.5165122747421265,0.6857548356056213,-0.05172194540500641,0.5272766947746277,0.6554839015007019,-0.053956273943185806
0.6067827939987183,0.9193052053451538,-1.203319470732822e-07,0.5581214427947998,0.8690558671951294,0.001198752666823566,0.5492772459983826,0.8118605017662048,-0.0005503481952473521,0.5451599955558777,0.7724769711494446,-0.004774988628923893,0.5384768843650818,0.7379956245422363,-0.010678006336092949,0.59078449010849,0.7533599138259888,-0.0034909741953015327,0.573927640914917,0.6866947412490845,-0.01599055528640747,0.5583058595657349,0.6406853199005127,-0.027825579047203064,0.5437848567962646,0.6014652252197266,-0.03711526468396187,0.5983240604400635,0.7569109797477722,-0.013829445466399193,0.57660973072052,0.6752261519432068,-0.024368707090616226,0.5559861063957214,0.6228187084197998,-0.034951817244291306,0.5403392314910889,0.579303503036499,-0.044009990990161896,0.5970115661621094,0.771479606628418,-0.024905402213335037,0.5758420825004578,0.6900765299797058,-0.03661356493830681,0.5576597452163696,0.6417876482009888,-0.04671545326709747,0.5433812141418457,0.6049329042434692,-0.05447860062122345,0.5862934589385986,0.7917835116386414,-0.036167044192552567,0.5734565854072571,0.7346658706665039,-0.04873042553663254,0.5610999464988708,0.6953606605529785,-0.056723352521657944,0.5509306192398071,0.6626033186912537,-0.06279294937849045,0.47574979066848755,0.9052943587303162,1.3492318373664602e-07,0.5161618590354919,0.8622019290924072,0.005073930602520704,0.521301805973053,0.8015430569648743,0.0044219642877578735,0.527243435382843,0.7652305960655212,-0.0007013585418462753,0.5377618074417114,0.7386013865470886,-0.0057892221957445145,0.4811760187149048,0.7473888397216797,0.0038240428548306227,0.4993778467178345,0.6757814884185791,-0.011766476556658745,0.51311856508255,0.6276959180831909,-0.0243653804063797,0.5251181125640869,0.5883397459983826,-0.03300714120268822,0.4750567376613617,0.7528414726257324,-0.009607747197151184,0.4993295967578888,0.6717791557312012,-0.025312641635537148,0.5164073705673218,0.619025468826294,-0.037668149918317795,0.5316598415374756,0.5749064087867737,-0.045046061277389526,0.47871506214141846,0.7662405967712402,-0.024081790819764137,0.5023818016052246,0.6853119134902954,-0.03776122257113457,0.519189178943634,0.6370944976806641,-0.0465952567756176,0.5327728986740112,0.6003857851028442,-0.05103564262390137,0.49230602383613586,0.7859609723091125,-0.038793280720710754,0.5064827799797058,0.7324071526527405,-0.04895053803920746,0.5174167156219482,0.6945511698722839,-0.05356885865330696,0.5282003879547119,0.6641392111778259,-0.055925652384757996
0.6089764833450317,0.918870747089386,-1.2308022689921927e-07,0.5589175820350647,0.8681845664978027,0.0004552614991553128,0.549762487411499,0.8099994659423828,-0.0016856788424775004,0.5462992787361145,0.7694810628890991,-0.0061718858778476715,0.5393771529197693,0.7343644499778748,-0.012550437822937965,0.5892645716667175,0.7544432282447815,-0.005925657693296671,0.5729610919952393,0.6864365339279175,-0.01924007199704647,0.5574156641960144,0.639803409576416,-0.03141379356384277,0.5428003668785095,0.6001330614089966,-0.04095536842942238,0.5981403589248657,0.758573591709137,-0.016350382938981056,0.5766852498054504,0.6757044792175293,-0.027820495888590813,0.5557883977890015,0.6226837635040283,-0.03864156827330589,0.5398574471473694,0.5786386728286743,-0.0478171780705452,0.5983569025993347,0.7745829820632935,-0.027501484379172325,0.5769772529602051,0.6916623711585999,-0.04015205055475235,0.5582435727119446,0.6428965926170349,-0.050398509949445724,0.5436254739761353,0.6058342456817627,-0.05811036750674248,0.5890556573867798,0.7967028617858887,-0.03883761540055275,0.5746641755104065,0.7382027506828308,-0.05255597084760666,0.5613902807235718,0.6977596282958984,-0.06093776226043701,0.5507741570472717,0.664553701877594,-0.06710677593946457,0.477617084980011,0.9075333476066589,9.71698526086584e-08,0.5166874527931213,0.8664146065711975,0.005365346558392048,0.5216509699821472,0.8028430342674255,0.005828863009810448,0.5261521339416504,0.7639629244804382,0.0018298636423423886,0.5346686840057373,0.7342977523803711,-0.002470389474183321,0.4889015257358551,0.7451775670051575,0.004115176387131214,0.5048193335533142,0.6741760969161987,-0.010762825608253479,0.5163424611091614,0.6254918575286865,-0.02259199321269989,0.5260262489318848,0.585202693939209,-0.03088449127972126,0.48169904947280884,0.7503571510314941,-0.00970193650573492,0.5037362575531006,0.6692175269126892,-0.02497992292046547,0.5191383957862854,0.6165259480476379,-0.03686441853642464,0.5323992371559143,0.5722072124481201,-0.04404022917151451,0.4824376702308655,0.7638993859291077,-0.024680716916918755,0.5042964220046997,0.6833295226097107,-0.03896187245845795,0.5199445486068726,0.6349361538887024,-0.048495158553123474,0.5323857069015503,0.5973781943321228,-0.053412675857543945,0.4924907386302948,0.7849121689796448,-0.03973909839987755,0.5076701045036316,0.7304061651229858,-0.05123399198055267,0.5190792083740234,0.692375123500824,-0.05693056061863899,0.5296077728271484,0.6615204215049744,-0.06008721888065338
0.6072662472724915,0.9167242646217346,-1.0028522723359856e-07,0.5572301745414734,0.8630694150924683,0.0007241960265673697,0.5462480187416077,0.804401695728302,-0.0005637346184812486,0.5425047874450684,0.762678325176239,-0.004481106530874968,0.5363163948059082,0.7268052101135254,-0.009818917140364647,0.583611249923706,0.7437490820884705,0.0003307126462459564,0.5657331943511963,0.6784533858299255,-0.010731497779488564,0.5507364869117737,0.6347799897193909,-0.022342272102832794,0.5373746752738953,0.5956454873085022,-0.0320197194814682,0.5929083824157715,0.7468185424804688,-0.009634624235332012,0.571509063243866,0.6668028831481934,-0.018203772604465485,0.5523734092712402,0.6182664036750793,-0.027635565027594566,0.5383540391921997,0.576214611530304,-0.036377914249897,0.5949648022651672,0.7629370093345642,-0.020789258182048798,0.5742809176445007,0.6857582330703735,-0.030835935845971107,0.5568556785583496,0.6408531665802002,-0.03976483270525932,0.5429892539978027,0.6057557463645935,-0.047298673540353775,0.588456928730011,0.7866894006729126,-0.03249144181609154,0.5761918425559998,0.7344616651535034,-0.044139567762613297,0.5634375810623169,0.6972132921218872,-0.05176305025815964,0.5519914627075195,0.6656755208969116,-0.05791270360350609,0.47717565298080444,0.9100015163421631,9.131115774607679e-08,0.5162689685821533,0.8714216947555542,0.004851821344345808,0.5223883986473083,0.8086016178131104,0.004956760909408331,0.5265570282936096,0.7701536417007446,0.0008340702624991536,0.5359532237052917,0.7418911457061768,-0.003659834386780858,0.48951584100723267,0.7491148114204407,0.002196777379140258,0.5056629776954651,0.6774765253067017,-0.012309115380048752,0.5175248384475708,0.6290956735610962,-0.023716561496257782,0.5271197557449341,0.5891683101654053,-0.03172152116894722,0.4822068214416504,0.7529333829879761,-0.011118121445178986,0.5044674277305603,0.6711040735244751,-0.02611333504319191,0.5199093818664551,0.6178011298179626,-0.037998560816049576,0.5322842597961426,0.5729860067367554,-0.04531584307551384,0.4830564856529236,0.7660017013549805,-0.02534431964159012,0.5058562755584717,0.6857374310493469,-0.039102550595998764,0.5215476155281067,0.6370316743850708,-0.04883536323904991,0.5331775546073914,0.5988929867744446,-0.054131388664245605,0.49309417605400085,0.786542534828186,-0.03963082656264305,0.5100154876708984,0.7329688668251038,-0.05093616247177124,0.522343635559082,0.6949767470359802,-0.05689104646444321,0.5333948135375977,0.6637803316116333,-0.06032375246286392
0.6074615120887756,0.9166984558105469,-1.2015917150165478e-07,0.557305097579956,0.8633086085319519,0.00344429025426507,0.5489367246627808,0.8067492842674255,0.0029322938062250614,0.5447292327880859,0.7666822671890259,-0.00043384978198446333,0.5374647378921509,0.7325828075408936,-0.005607464350759983,0.5903006792068481,0.751042902469635,-0.0007091431180015206,0.5718180537223816,0.6858068704605103,-0.01226287242025137,0.5556596517562866,0.6402237415313721,-0.023460978642106056,0.5408896803855896,0.6013544201850891,-0.03249156102538109,0.5976576805114746,0.7542449831962585,-0.0118538374081254,0.5742096900939941,0.6722037196159363,-0.021472187712788582,0.5538240671157837,0.6211161613464355,-0.03114163689315319,0.5386593341827393,0.5780645608901978,-0.03974836319684982,0.5970662236213684,0.7694777250289917,-0.023701956495642662,0.5748416781425476,0.6886643171310425,-0.03501654788851738,0.5567076206207275,0.6418737769126892,-0.044598713517189026,0.5424436330795288,0.6053433418273926,-0.052184075117111206,0.5875324010848999,0.7910004258155823,-0.03564596176147461,0.5760107636451721,0.7354254126548767,-0.04889382794499397,0.5629996061325073,0.6973327994346619,-0.05735966935753822,0.5512337684631348,0.6658948659896851,-0.06377410888671875,0.47818687558174133,0.9100760221481323,1.126187072486573e-07,0.5170215368270874,0.8687835931777954,0.005700328852981329,0.5215561985969543,0.8054366111755371,0.00638972595334053,0.5250864028930664,0.7656581401824951,0.0026980089023709297,0.5329549908638,0.7356324791908264,-0.0012041849549859762,0.48811203241348267,0.748844563961029,0.0039335028268396854,0.5044839382171631,0.6775857210159302,-0.010185131803154945,0.5161855816841125,0.6294435858726501,-0.021150687709450722,0.5266070365905762,0.5898441076278687,-0.02896280400454998,0.480442613363266,0.754007875919342,-0.009849300608038902,0.5023736953735352,0.6718872785568237,-0.024704810231924057,0.5182470679283142,0.6181831955909729,-0.03643641620874405,0.5325028896331787,0.5728879570960999,-0.04366743564605713,0.48123958706855774,0.7673506736755371,-0.024624913930892944,0.5038408637046814,0.6872133016586304,-0.03870382159948349,0.5195474028587341,0.6383861303329468,-0.04873037710785866,0.5319094657897949,0.6000808477401733,-0.05417272448539734,0.4920504689216614,0.787887454032898,-0.03939001262187958,0.5082058310508728,0.734940767288208,-0.05129785090684891,0.5195851922035217,0.6970055103302002,-0.057822197675704956,0.5297755002975464,0.6655310392379761,-0.06163410469889641
0.606605052947998,0.9148911237716675,-6.661077378566915e-08,0.5585294365882874,0.8682066202163696,0.0013662142446264625,0.5503523945808411,0.8118389248847961,0.00023309083189815283,0.546291172504425,0.7734428644180298,-0.0033916414249688387,0.5398355722427368,0.7403026819229126,-0.0084340525791049,0.5897524952888489,0.7526064515113831,-0.000383359583793208,0.5734604597091675,0.6920426487922668,-0.011899895034730434,0.5579807162284851,0.6461216807365417,-0.023721758276224136,0.5435788631439209,0.6063613295555115,-0.03316748887300491,0.5973266959190369,0.7550448179244995,-0.01076699048280716,0.576111912727356,0.6792985200881958,-0.0202491357922554,0.5561343431472778,0.6262596845626831,-0.031206902116537094,0.5407629609107971,0.580390214920044,-0.040496330708265305,0.596738338470459,0.7684022188186646,-0.02193550579249859,0.5763643980026245,0.693305492401123,-0.0326390378177166,0.5589486956596375,0.6459293365478516,-0.04273488000035286,0.54520583152771,0.6078068017959595,-0.05049746856093407,0.5865200161933899,0.7886133790016174,-0.03343747556209564,0.5740505456924438,0.7344312071800232,-0.04501314088702202,0.5609397888183594,0.6975464820861816,-0.051969099789857864,0.5496968030929565,0.6669090390205383,-0.05712875723838806,0.4806767404079437,0.9095417261123657,1.247370136070458e-07,0.5183408856391907,0.868315577507019,0.003183920867741108,0.5224369764328003,0.8047174215316772,0.0026124101132154465,0.5259544849395752,0.7634339332580566,-0.002004645997658372,0.5334596633911133,0.7323867082595825,-0.006897912826389074,0.49126407504081726,0.7537186145782471,0.002032981952652335,0.5042710900306702,0.6821346282958984,-0.01441856287419796,0.5152976512908936,0.6325722336769104,-0.02762952633202076,0.5251020789146423,0.5917603373527527,-0.03646618127822876,0.48382169008255005,0.7583885788917542,-0.010615014471113682,0.5016223192214966,0.6763202548027039,-0.02647184394299984,0.5167407393455505,0.6195475459098816,-0.03916951268911362,0.5304666757583618,0.5717059969902039,-0.046929098665714264,0.48379260301589966,0.770439863204956,-0.02455882541835308,0.5026108026504517,0.6886194348335266,-0.03957195580005646,0.5179987549781799,0.638228178024292,-0.0496433787047863,0.5306235551834106,0.5999711751937866,-0.05461112782359123,0.4926958680152893,0.7894131541252136,-0.038732532411813736,0.5059911012649536,0.7346491813659668,-0.050410110503435135,0.5173166394233704,0.6951484084129333,-0.05625053867697716,0.5284801721572876,0.6634726524353027,-0.059333790093660355
0.6080834865570068,0.9162548780441284,-1.1787435738597196e-07,0.5595775842666626,0.8683822751045227,0.0013569117290899158,0.5507922768592834,0.8131595849990845,-8.587797492509708e-05,0.5478261709213257,0.7754313945770264,-0.003871344029903412,0.5419707298278809,0.7426087856292725,-0.009326607920229435,0.5910415053367615,0.7548233270645142,-0.0029878392815589905,0.5727409720420837,0.688200831413269,-0.014954822137951851,0.5562183856964111,0.6421868205070496,-0.026394173502922058,0.5411316156387329,0.6027133464813232,-0.03546163812279701,0.5991371870040894,0.7577352523803711,-0.013246970251202583,0.5746291875839233,0.6748185157775879,-0.023310765624046326,0.5531905889511108,0.6219022274017334,-0.03366466239094734,0.5370135307312012,0.5779797434806824,-0.042651355266571045,0.5978550314903259,0.7711523175239563,-0.024211209267377853,0.5757314562797546,0.6884796619415283,-0.03575767204165459,0.5562042593955994,0.6394016742706299,-0.04613752290606499,0.5407825708389282,0.6022437214851379,-0.05413096770644188,0.587110161781311,0.7900715470314026,-0.035324566066265106,0.5743677616119385,0.7325202226638794,-0.04844413697719574,0.561121940612793,0.693427562713623,-0.05690859258174896,0.549676775932312,0.661141574382782,-0.06321749836206436,0.4799165725708008,0.9107615351676941,1.3113060504110763e-07,0.5182666182518005,0.866919219493866,0.0032750938553363085,0.5217729806900024,0.8038245439529419,0.0021016665268689394,0.52425217628479,0.7626262307167053,-0.003207314992323518,0.5300949811935425,0.7318857312202454,-0.008746268227696419,0.4861280620098114,0.7556574940681458,0.0011284644715487957,0.5009744167327881,0.6834344863891602,-0.01576458103954792,0.5121874213218689,0.6335265636444092,-0.029261436313390732,0.5219223499298096,0.5924627780914307,-0.03821179270744324,0.47949323058128357,0.7615548372268677,-0.011594251729547977,0.4991762638092041,0.6796121597290039,-0.028161685913801193,0.513975203037262,0.6222919821739197,-0.04092595726251602,0.5276137590408325,0.573685884475708,-0.048511214554309845,0.4817321002483368,0.7744442224502563,-0.02550448663532734,0.5022202730178833,0.6920906901359558,-0.040533725172281265,0.517465353012085,0.6408613324165344,-0.050096578896045685,0.5298935770988464,0.601997971534729,-0.05459018051624298,0.49353739619255066,0.7936636805534363,-0.03969883918762207,0.5066506862640381,0.7387111186981201,-0.05065591260790825,0.5174685716629028,0.698893129825592,-0.05566920340061188,0.5284216403961182,0.6674661040306091,-0.05812739580869675
0.6049542427062988,0.9138171672821045,-1.1350190476377975e-07,0.5574501156806946,0.8685305118560791,0.00018148489471059293,0.5491642355918884,0.8123524188995361,-0.0014307325473055243,0.5461564660072327,0.7727680206298828,-0.005380489397794008,0.5397212505340576,0.7381435632705688,-0.010948017239570618,0.589033842086792,0.7531404495239258,-0.0029353087302297354,0.5721696615219116,0.688167929649353,-0.014585304073989391,0.5564085841178894,0.6424521803855896,-0.026088383048772812,0.5418559908866882,0.6030930876731873,-0.03540380299091339,0.596779465675354,0.7553436756134033,-0.012961327098309994,0.5736022591590881,0.6750329732894897,-0.022985000163316727,0.5530685782432556,0.6224126815795898,-0.033949658274650574,0.5374412536621094,0.5779992938041687,-0.04330972209572792,0.5963314771652222,0.7690770030021667,-0.02379833348095417,0.5744985342025757,0.6886807680130005,-0.035171013325452805,0.5561608076095581,0.6399374008178711,-0.04573450982570648,0.5415948033332825,0.6025305390357971,-0.05382121354341507,0.5869719386100769,0.7891099452972412,-0.03496875613927841,0.5736160278320312,0.7317216992378235,-0.04776076227426529,0.5605988502502441,0.6925244331359863,-0.056080784648656845,0.5496325492858887,0.6604336500167847,-0.06224719062447548,0.48290812969207764,0.9060723185539246,1.2842924945744016e-07,0.519223690032959,0.8635444641113281,0.003892175853252411,0.522359311580658,0.7999603748321533,0.003892025677487254,0.5253239274024963,0.7586728930473328,-0.0003337245143484324,0.5306169390678406,0.7282488346099854,-0.004854419734328985,0.4894161522388458,0.7481024861335754,0.002916110446676612,0.5028607249259949,0.6788937449455261,-0.012740266509354115,0.5131444931030273,0.6305093169212341,-0.025314604863524437,0.5228028297424316,0.590658962726593,-0.03397771343588829,0.4823046922683716,0.7536274194717407,-0.010320328176021576,0.5011071562767029,0.6730036735534668,-0.026515435427427292,0.5151130557060242,0.6185219287872314,-0.03901713341474533,0.5285670161247253,0.5727907419204712,-0.04635847359895706,0.4829769432544708,0.7666511535644531,-0.02480626106262207,0.502768874168396,0.68753981590271,-0.03994103893637657,0.5172771215438843,0.6386479139328003,-0.049963053315877914,0.5295482873916626,0.6011130809783936,-0.0548446886241436,0.49243485927581787,0.7867121696472168,-0.03949787840247154,0.5061932802200317,0.7346680760383606,-0.05138273164629936,0.517147421836853,0.6964972615242004,-0.05740031972527504,0.5282891392707825,0.6657111048698425,-0.060575779527425766
0.6034258604049683,0.9160569310188293,-1.1437582259077317e-07,0.5570201873779297,0.8712353110313416,0.00046299773384816945,0.5483512282371521,0.813796877861023,-0.0016511253779754043,0.5447050333023071,0.7743727564811707,-0.006192237138748169,0.5387908816337585,0.7397230863571167,-0.012232278473675251,0.5883268117904663,0.7542617321014404,-0.003811171045526862,0.5708339810371399,0.6881818771362305,-0.015937630087137222,0.5552569627761841,0.6411088109016418,-0.027531396597623825,0.5409259796142578,0.6005691289901733,-0.0368642583489418,0.5959116816520691,0.7563382983207703,-0.014211874455213547,0.5735111832618713,0.6741348505020142,-0.024312229827046394,0.5532312393188477,0.6208505630493164,-0.03465605899691582,0.537627637386322,0.5764475464820862,-0.043577004224061966,0.5949313044548035,0.7691946625709534,-0.02538478374481201,0.573573112487793,0.6872535943984985,-0.03695390373468399,0.5555333495140076,0.6391143202781677,-0.04668787494301796,0.5411706566810608,0.6019622087478638,-0.05411950498819351,0.5848281383514404,0.7883689999580383,-0.03687453269958496,0.5720046162605286,0.7300565838813782,-0.04946666583418846,0.5584628582000732,0.691379189491272,-0.05688883364200592,0.5466548204421997,0.6601642370223999,-0.062359508126974106,0.48451706767082214,0.8996204733848572,5.891139309710525e-08,0.5172955393791199,0.859254002571106,0.0032481574453413486,0.5205839276313782,0.797048032283783,0.0021803195122629404,0.5229460000991821,0.7566487193107605,-0.002793017541989684,0.5274311304092407,0.7259755730628967,-0.008174874819815159,0.49217331409454346,0.7434455156326294,0.0005169573123566806,0.5050157904624939,0.6720119118690491,-0.01516019832342863,0.5156387090682983,0.6266244053840637,-0.027709567919373512,0.5252317786216736,0.5888311862945557,-0.03648336976766586,0.4852908253669739,0.7484492659568787,-0.01231384463608265,0.5027170181274414,0.6655786037445068,-0.02816537208855152,0.5156998634338379,0.6127435564994812,-0.04097937047481537,0.5268728137016296,0.567929208278656,-0.0489986278116703,0.4854258894920349,0.7610668540000916,-0.026183465495705605,0.5031840801239014,0.6803857088088989,-0.04127059131860733,0.5173377990722656,0.6320187449455261,-0.051631536334753036,0.528342068195343,0.5939289331436157,-0.057286910712718964,0.4930334985256195,0.7811166644096375,-0.040159765630960464,0.5046179890632629,0.7285669445991516,-0.05308656394481659,0.515127956867218,0.6912708282470703,-0.059647999703884125,0.5256641507148743,0.6606096625328064,-0.06339916586875916
0.6044661402702332,0.9142570495605469,-8.65290559204368e-08,0.5576960444450378,0.8707690834999084,3.759177343454212e-05,0.5499712824821472,0.8132199048995972,-0.0018983191112056375,0.5475072860717773,0.7728593349456787,-0.005933532956987619,0.5420824289321899,0.7384570837020874,-0.011597930453717709,0.5865865349769592,0.7582110166549683,-0.005499214865267277,0.5712494254112244,0.6922828555107117,-0.017943277955055237,0.5558843016624451,0.6443926095962524,-0.029393073171377182,0.541857123374939,0.6029159426689148,-0.03849508613348007,0.5952585935592651,0.7597172856330872,-0.015434111468493938,0.5744268298149109,0.6781555414199829,-0.0260663740336895,0.5541297793388367,0.6236953735351562,-0.036321647465229034,0.5383498072624207,0.5781270861625671,-0.044852517545223236,0.5953294038772583,0.7725902795791626,-0.02597159519791603,0.5747622847557068,0.6919659972190857,-0.03772806376218796,0.5563411116600037,0.6426106095314026,-0.047336019575595856,0.5419507622718811,0.603979229927063,-0.05444222316145897,0.5858596563339233,0.7920436263084412,-0.03678558021783829,0.5724127292633057,0.7341165542602539,-0.04911649227142334,0.5582422614097595,0.6955893635749817,-0.0560113862156868,0.5462096333503723,0.6642928719520569,-0.06093757599592209,0.48255106806755066,0.9058165550231934,1.1883070527574091e-07,0.516057014465332,0.8698480129241943,0.0015606008237227798,0.5202944278717041,0.8085422515869141,-0.0001683524897089228,0.5243360996246338,0.7690994739532471,-0.005675770808011293,0.5322622656822205,0.7390291690826416,-0.011434460990130901,0.49142396450042725,0.7501463294029236,5.324043740984052e-06,0.5037623047828674,0.6783013939857483,-0.015778470784425735,0.5138484835624695,0.6295050382614136,-0.028521167114377022,0.5226244330406189,0.5893794298171997,-0.03719519078731537,0.4839251935482025,0.7537851929664612,-0.011954618617892265,0.5003453493118286,0.6712092757225037,-0.02730562724173069,0.5143638253211975,0.6162899136543274,-0.03939204663038254,0.5268473625183105,0.5702697038650513,-0.04673970863223076,0.48362255096435547,0.765039324760437,-0.025186272338032722,0.5020894408226013,0.6827909350395203,-0.039344534277915955,0.5167601108551025,0.6344465017318726,-0.04824279621243477,0.5284919142723083,0.5974974632263184,-0.05257225036621094,0.4916499853134155,0.7835516333580017,-0.03883811831474304,0.5058308243751526,0.7290223240852356,-0.049995116889476776,0.5173999071121216,0.690906822681427,-0.05497249215841293,0.528590977191925,0.6601657271385193,-0.05736387148499489
0.6034534573554993,0.9114280939102173,-1.2730876619571063e-07,0.5549486875534058,0.8655245304107666,-0.0012231750879436731,0.546392560005188,0.809519350528717,-0.003942346666008234,0.5439711809158325,0.7717278599739075,-0.00887362565845251,0.538927435874939,0.7386941909790039,-0.015345298685133457,0.5847069621086121,0.7465682029724121,-0.00447157071903348,0.5675644278526306,0.6803370118141174,-0.016782304272055626,0.551504373550415,0.6353834867477417,-0.0287623293697834,0.5367815494537354,0.5967288017272949,-0.038425371050834656,0.5938836336135864,0.7492929100990295,-0.014173431321978569,0.5706589818000793,0.6681930422782898,-0.0243894811719656,0.5501061081886292,0.617432713508606,-0.035151656717061996,0.5347749590873718,0.5753980875015259,-0.04456278309226036,0.5946241617202759,0.7645719647407532,-0.024910178035497665,0.572938859462738,0.6832131147384644,-0.036764852702617645,0.5543982982635498,0.6363140344619751,-0.04705609008669853,0.5394724011421204,0.600661039352417,-0.05505954101681709,0.5860154628753662,0.7869466543197632,-0.03609403222799301,0.5721697211265564,0.7306132316589355,-0.04912877827882767,0.5585896968841553,0.6916666030883789,-0.057260796427726746,0.5466675758361816,0.6592292785644531,-0.06341899186372757,0.4833820164203644,0.9073736667633057,9.974542791724161e-08,0.5187297463417053,0.8676753044128418,0.0034563117660582066,0.5221503973007202,0.8058406114578247,0.0033504413440823555,0.526334822177887,0.7666952013969421,-0.0008910453179851174,0.534023642539978,0.7363430857658386,-0.0056132725439965725,0.4942159354686737,0.748729944229126,0.0031037807930260897,0.5043309926986694,0.6785598397254944,-0.01292082853615284,0.5143036842346191,0.6299983263015747,-0.026269737631082535,0.5230985283851624,0.5899560451507568,-0.03552727401256561,0.4865994453430176,0.7530220746994019,-0.009993930347263813,0.5014689564704895,0.6722529530525208,-0.025785041972994804,0.5150752663612366,0.6175867915153503,-0.03891464322805405,0.5270656943321228,0.5713604688644409,-0.04721662402153015,0.4850549101829529,0.7646524906158447,-0.02448984794318676,0.5020954012870789,0.684492826461792,-0.039748914539813995,0.5162978172302246,0.6358655691146851,-0.05021549016237259,0.5271552205085754,0.5985962152481079,-0.05568942800164223,0.4907742440700531,0.7834679484367371,-0.03920903429389,0.5046250820159912,0.7302889227867126,-0.05230399966239929,0.5159555673599243,0.6915707588195801,-0.05910414829850197,0.5263717770576477,0.6602334380149841,-0.062863789498806
0.601091742515564,0.913010835647583,-1.3121588438025356e-07,0.5507465600967407,0.8590742945671082,0.0002240725007141009,0.5410451889038086,0.7993138432502747,-0.0007497063488699496,0.539580225944519,0.7573075294494629,-0.00415119668468833,0.5357898473739624,0.7219294309616089,-0.008818915113806725,0.5822701454162598,0.7415011525154114,0.00019998934294562787,0.5653298497200012,0.6777772307395935,-0.011485300026834011,0.549648106098175,0.6338474154472351,-0.023559439927339554,0.5352756381034851,0.5959987640380859,-0.03326790779829025,0.5910444855690002,0.745452880859375,-0.009616401977837086,0.5699043869972229,0.6667677164077759,-0.018826283514499664,0.5500475764274597,0.6170763373374939,-0.028749024495482445,0.5347422957420349,0.5751959085464478,-0.037640850991010666,0.5919970870018005,0.7612449526786804,-0.020727016031742096,0.571496844291687,0.6844952702522278,-0.03130290284752846,0.553392767906189,0.6384850740432739,-0.04057949408888817,0.5384327173233032,0.6030112504959106,-0.048170335590839386,0.5840376019477844,0.7844099998474121,-0.03242597356438637,0.5712159872055054,0.7314318418502808,-0.0443994477391243,0.5585082769393921,0.6932817697525024,-0.05216077342629433,0.5474746823310852,0.6609489917755127,-0.058259639889001846,0.4749646484851837,0.9107564091682434,9.235237996563228e-08,0.5137711763381958,0.8669188618659973,0.006970712915062904,0.5198670625686646,0.8021877408027649,0.008642011322081089,0.5229513049125671,0.7612230777740479,0.005447978153824806,0.5291765332221985,0.7296921610832214,0.002059029880911112,0.4863857328891754,0.748927652835846,0.006708621513098478,0.5009593963623047,0.6760044097900391,-0.008288966491818428,0.5130668878555298,0.6270111799240112,-0.020241159945726395,0.5237166285514832,0.5871380567550659,-0.028298888355493546,0.4779816269874573,0.7542749047279358,-0.007257176097482443,0.49861782789230347,0.6710888147354126,-0.022511115297675133,0.5142711997032166,0.6167728900909424,-0.034330155700445175,0.5272113680839539,0.5706800818443298,-0.04127635061740875,0.4788288474082947,0.7670731544494629,-0.022381044924259186,0.4995802342891693,0.6824952363967896,-0.0369955338537693,0.514775812625885,0.6318583488464355,-0.0469815656542778,0.5261625051498413,0.5922122597694397,-0.05176520347595215,0.4902537763118744,0.7870742678642273,-0.037448592483997345,0.504427433013916,0.7309525609016418,-0.04943669214844704,0.5151911377906799,0.6906209588050842,-0.055930811911821365,0.5246984362602234,0.65699702501297,-0.059397727251052856
0.5984873175621033,0.9061443209648132,-1.0498305158535004e-07,0.5489212274551392,0.8535139560699463,-0.0009686345583759248,0.5396724343299866,0.794477641582489,-0.0033791870810091496,0.5391016006469727,0.7521381378173828,-0.007682747207581997,0.5354496836662292,0.7158110737800598,-0.013512162491679192,0.5799503326416016,0.740670382976532,-0.006374770309776068,0.5624260902404785,0.6743505597114563,-0.01937905326485634,0.5469099283218384,0.6288022994995117,-0.03150439262390137,0.5334141850471497,0.5897889137268066,-0.04120613634586334,0.588871955871582,0.7454399466514587,-0.01567109301686287,0.5673636794090271,0.6640470027923584,-0.026170894503593445,0.5482446551322937,0.6136672496795654,-0.03605379909276962,0.5345596075057983,0.5717214941978455,-0.04496956244111061,0.5894899368286133,0.7625242471694946,-0.025940783321857452,0.5688442587852478,0.6833516955375671,-0.03735702112317085,0.5513745546340942,0.6361501812934875,-0.046778615564107895,0.5380151271820068,0.6000779271125793,-0.054547883570194244,0.5811973214149475,0.786421537399292,-0.03667864948511124,0.5693805813789368,0.7326576113700867,-0.049632299691438675,0.5568233132362366,0.6937404870986938,-0.058059919625520706,0.5462895035743713,0.6609135270118713,-0.06463421881198883,0.4757806658744812,0.9088152050971985,1.0053167898149695e-07,0.512829601764679,0.8661873936653137,0.004481051582843065,0.5187594294548035,0.8004166483879089,0.005449081305414438,0.5206177234649658,0.7559447884559631,0.0019779407884925604,0.5259422063827515,0.7227632403373718,-0.0018370230682194233,0.48881620168685913,0.7484472990036011,0.005432642996311188,0.5023110508918762,0.6758603453636169,-0.010304766707122326,0.5140687227249146,0.6256860494613647,-0.023262863978743553,0.5240091681480408,0.5847972631454468,-0.031890787184238434,0.4808984100818634,0.7533807158470154,-0.007247006520628929,0.4996052384376526,0.6710435152053833,-0.022898562252521515,0.5148017406463623,0.6151520609855652,-0.03553053364157677,0.5268864035606384,0.56763756275177,-0.04292711243033409,0.481284499168396,0.7653517723083496,-0.021255843341350555,0.4995799958705902,0.6815851926803589,-0.03597480058670044,0.5140621662139893,0.6301580667495728,-0.04599640890955925,0.5246517062187195,0.5901888608932495,-0.05064687132835388,0.4908973276615143,0.7843132615089417,-0.03545249253511429,0.5033236742019653,0.727669894695282,-0.0469726137816906,0.5137880444526672,0.6878024339675903,-0.05278386175632477,0.5234524011611938,0.6555554270744324,-0.055653851479291916
0.589832603931427,0.8930641412734985,-4.3607407462786796e-08,0.5470336675643921,0.8350897431373596,0.0021591801196336746,0.5394763350486755,0.7796559929847717,-0.00013579304504673928,0.5389571189880371,0.743007481098175,-0.004922199063003063,0.5365983843803406,0.7106878161430359,-0.011358263902366161,0.5779088139533997,0.732144832611084,-0.0028100297786295414,0.5609357357025146,0.6666890382766724,-0.01690348982810974,0.5470004081726074,0.62028968334198,-0.030258778482675552,0.5348340272903442,0.5809873342514038,-0.040303803980350494,0.5843374729156494,0.7378491759300232,-0.01360937301069498,0.5643279552459717,0.6584803462028503,-0.024494582787156105,0.5466708540916443,0.6047123074531555,-0.03457009792327881,0.5334829092025757,0.5599573254585266,-0.043453872203826904,0.581193208694458,0.7524890899658203,-0.02526911161839962,0.5632981061935425,0.6745731234550476,-0.03660392388701439,0.5481216311454773,0.6257880926132202,-0.04479384422302246,0.5368360280990601,0.5875227451324463,-0.051254551857709885,0.5692402124404907,0.7726731300354004,-0.03722814470529556,0.5604788661003113,0.7177005410194397,-0.04999644681811333,0.5502291321754456,0.6788581609725952,-0.05692298710346222,0.5414042472839355,0.6465780735015869,-0.06197799742221832,0.48218756914138794,0.8910787105560303,1.5782531193053728e-07,0.5175842046737671,0.8537836670875549,0.0027438034303486347,0.5215545892715454,0.7886881828308105,0.004629781469702721,0.5215669274330139,0.7451081871986389,0.0023702250327914953,0.5252945423126221,0.7152342796325684,0.00024682548246346414,0.4867677092552185,0.7399886846542358,0.0067674266174435616,0.49894607067108154,0.6726244688034058,-0.007334314752370119,0.5099782943725586,0.620868444442749,-0.0194731242954731,0.5213457942008972,0.580129861831665,-0.027915049344301224,0.47807714343070984,0.7438018918037415,-0.004650167189538479,0.49412623047828674,0.6645417809486389,-0.020328057929873466,0.5082520246505737,0.6080999374389648,-0.033808737993240356,0.5222657918930054,0.5603289008140564,-0.04158031567931175,0.4807300567626953,0.7529807090759277,-0.01723458804190159,0.4980149567127228,0.6755200624465942,-0.031747665256261826,0.5118759870529175,0.6236321926116943,-0.04155297577381134,0.5244240760803223,0.5817170739173889,-0.045780908316373825,0.495147705078125,0.7680555582046509,-0.03031095489859581,0.5065515041351318,0.7130229473114014,-0.041524991393089294,0.5165766477584839,0.6728806495666504,-0.04678884521126747,0.527399480342865,0.6396552324295044,-0.04894009232521057
0.5890281200408936,0.886879026889801,-1.6616708009564718e-08,0.5458630919456482,0.8281633257865906,0.0024885463062673807,0.5381261706352234,0.7708311676979065,0.0011387139093130827,0.5391222834587097,0.7298601269721985,-0.002596589270979166,0.5370675921440125,0.6952381730079651,-0.007826248183846474,0.5752291679382324,0.7276204228401184,-0.0020377878099679947,0.5579788684844971,0.6615468859672546,-0.014400003477931023,0.5463923215866089,0.6149031519889832,-0.026028944179415703,0.5370915532112122,0.5734773874282837,-0.03534139320254326,0.5821438431739807,0.7331229448318481,-0.012442830950021744,0.5611748695373535,0.6530603170394897,-0.023029036819934845,0.5466601848602295,0.5999321937561035,-0.03227024897933006,0.5372641682624817,0.5545909404754639,-0.04048939049243927,0.5790522694587708,0.7478185296058655,-0.02360936813056469,0.5600463151931763,0.6682806015014648,-0.03504965454339981,0.5472280979156494,0.6196193695068359,-0.04292703792452812,0.5389516353607178,0.5807180404663086,-0.04911956191062927,0.5668585896492004,0.7675255537033081,-0.0349356010556221,0.557085394859314,0.7124400734901428,-0.047880858182907104,0.5485656261444092,0.6739501953125,-0.055078428238630295,0.5421214699745178,0.6409435272216797,-0.06037665158510208,0.4788399934768677,0.8901882171630859,1.5067539038682298e-07,0.5160753130912781,0.8466337323188782,0.003896604524925351,0.5234706997871399,0.7813130617141724,0.006175078917294741,0.5237024426460266,0.7365289330482483,0.004039344377815723,0.5276142358779907,0.7046869397163391,0.0017000463558360934,0.49205562472343445,0.7331827282905579,0.00916045717895031,0.5016984343528748,0.66135573387146,-0.004346378613263369,0.5126560926437378,0.6100383996963501,-0.01641210727393627,0.5229849815368652,0.5689129829406738,-0.024690203368663788,0.48324012756347656,0.7372958064079285,-0.0029135835357010365,0.4959565997123718,0.6551170349121094,-0.017575133591890335,0.509975790977478,0.597858190536499,-0.03176990523934364,0.5231233239173889,0.5500423908233643,-0.04036335274577141,0.48367011547088623,0.7480054497718811,-0.016199512407183647,0.49829649925231934,0.6666522026062012,-0.030851420015096664,0.5128975510597229,0.6126741170883179,-0.042850956320762634,0.5254663228988647,0.5703034996986389,-0.04871271923184395,0.49409544467926025,0.7660782933235168,-0.02968311682343483,0.5067406892776489,0.7109020948410034,-0.04178103804588318,0.5173696875572205,0.6688725352287292,-0.048475731164216995,0.5273653268814087,0.6340030431747437,-0.0517117977142334
0.5880334973335266,0.8858529925346375,-1.923665315928247e-08,0.549467146396637,0.8236991167068481,0.003046041587367654,0.542865514755249,0.7616203427314758,0.0021553090773522854,0.5460008978843689,0.7167488932609558,-0.0008701925398781896,0.544771671295166,0.6809802055358887,-0.0052994233556091785,0.5710653066635132,0.7262742519378662,-0.0022933792788535357,0.55527663230896,0.6613036394119263,-0.01547494437545538,0.5445355176925659,0.6140428185462952,-0.02789480797946453,0.5358108282089233,0.5717983841896057,-0.037798959761857986,0.5775660872459412,0.7323189377784729,-0.012766852043569088,0.5590661764144897,0.6538593769073486,-0.02338555082678795,0.5465153455734253,0.6006946563720703,-0.031793270260095596,0.5390467047691345,0.5546237826347351,-0.039603475481271744,0.5754703879356384,0.7469908595085144,-0.024145258590579033,0.5588382482528687,0.6700522303581238,-0.03534867241978645,0.5473726987838745,0.6205894351005554,-0.042853593826293945,0.5406826138496399,0.5813834071159363,-0.04921318590641022,0.5655840635299683,0.7673905491828918,-0.03568953275680542,0.5547385215759277,0.7170175909996033,-0.04930555075407028,0.5460542440414429,0.6777292490005493,-0.057304155081510544,0.5400664210319519,0.6436212062835693,-0.06343657523393631,0.4793381690979004,0.8868358731269836,1.0786693138697956e-07,0.5165515542030334,0.8412899971008301,0.00328147504478693,0.5237036347389221,0.7771480679512024,0.0048470813781023026,0.5230324268341064,0.7328378558158875,0.002025448717176914,0.5269977450370789,0.7006743550300598,-0.0008743408252485096,0.49129849672317505,0.7246061563491821,0.008950388059020042,0.5027041435241699,0.6552310585975647,-0.005165323615074158,0.5137807130813599,0.6065312027931213,-0.017328841611742973,0.5233473181724548,0.5675640106201172,-0.025729039683938026,0.4831697344779968,0.7299144864082336,-0.003059935290366411,0.5000827312469482,0.6513800024986267,-0.018510732799768448,0.5153166055679321,0.5965675711631775,-0.03220628574490547,0.5294424295425415,0.5504955053329468,-0.040512602776288986,0.4847419261932373,0.7418035268783569,-0.01668468490242958,0.5019068121910095,0.664023756980896,-0.03185359388589859,0.5163987278938293,0.6132469177246094,-0.043536607176065445,0.5292154550552368,0.5735341310501099,-0.04931909590959549,0.49652329087257385,0.7607499361038208,-0.030653607100248337,0.5077911019325256,0.7066565752029419,-0.04312228038907051,0.5173420310020447,0.6662112474441528,-0.05026121810078621,0.5274611115455627,0.6331879496574402,-0.05405370518565178
0.5875329375267029,0.8802673816680908,-8.199696477362295e-10,0.5598078370094299,0.8144022226333618,0.006128647830337286,0.5537471771240234,0.7499456405639648,0.006498182192444801,0.5561907887458801,0.703596830368042,0.004057415295392275,0.5541949272155762,0.6674091219902039,7.4096296884818e-06,0.5737449526786804,0.7266941666603088,0.00015876149700488895,0.5577228665351868,0.6611742377281189,-0.012984772212803364,0.547702431678772,0.6126295328140259,-0.02501622401177883,0.5407715439796448,0.5691092610359192,-0.03463305905461311,0.5791693925857544,0.7336446642875671,-0.01171621773391962,0.5601069927215576,0.654167652130127,-0.022695930674672127,0.548353910446167,0.5988881587982178,-0.03098449297249317,0.5427166223526001,0.5498687028884888,-0.038744933903217316,0.5760747790336609,0.7469780445098877,-0.024244362488389015,0.5587839484214783,0.669925332069397,-0.03528749942779541,0.5474415421485901,0.6186012625694275,-0.041859254240989685,0.5422340631484985,0.577751874923706,-0.04748010262846947,0.5653988718986511,0.7648449540138245,-0.03671498969197273,0.5547584295272827,0.7124180793762207,-0.04946424812078476,0.5470560193061829,0.6722086071968079,-0.056299980729818344,0.5426497459411621,0.6373105049133301,-0.06161664426326752,0.4785511791706085,0.8802374005317688,1.3087988293136732e-07,0.5172085762023926,0.8349879384040833,0.005733571946620941,0.5259701609611511,0.7677814364433289,0.009989370591938496,0.5266265273094177,0.7203893661499023,0.009961084462702274,0.5300150513648987,0.6864281296730042,0.00940212607383728,0.4949173927307129,0.7260822653770447,0.011821935884654522,0.505533754825592,0.6515859961509705,0.0013292034855112433,0.5173168778419495,0.6003015637397766,-0.0083319041877985,0.5279975533485413,0.559630274772644,-0.01522479485720396,0.48732081055641174,0.728925883769989,0.0003110854304395616,0.5000095963478088,0.6448213458061218,-0.011160966008901596,0.5147973895072937,0.5892102718353271,-0.02372678741812706,0.5289401412010193,0.5425258278846741,-0.03185312822461128,0.4886035919189453,0.7386573553085327,-0.012139996513724327,0.5033904314041138,0.654911994934082,-0.024526771157979965,0.5177216529846191,0.6026631593704224,-0.03614538162946701,0.530322790145874,0.5617925524711609,-0.04239856079220772,0.49984875321388245,0.7561854720115662,-0.024509087204933167,0.5114220380783081,0.6984905004501343,-0.035755567252635956,0.5217226147651672,0.6572582721710205,-0.04267265275120735,0.5318464636802673,0.6231430172920227,-0.04650256782770157
0.5850832462310791,0.8774769306182861,8.542423435287105e-10,0.5577824711799622,0.811246395111084,0.005816884804517031,0.5505037903785706,0.7444902658462524,0.00662354938685894,0.5524546504020691,0.6967403292655945,0.0047031911090016365,0.550028383731842,0.6593250036239624,0.0013874559663236141,0.5714540481567383,0.7234828472137451,0.00028534213197417557,0.5558743476867676,0.6574676036834717,-0.013239746913313866,0.5462318062782288,0.6074125170707703,-0.02554289810359478,0.5390123128890991,0.5632765889167786,-0.03529505431652069,0.5776093602180481,0.7312137484550476,-0.011433413252234459,0.5591066479682922,0.6516927480697632,-0.022596202790737152,0.547511100769043,0.5957724452018738,-0.030872374773025513,0.5418599843978882,0.546352744102478,-0.03858179226517677,0.5753917098045349,0.7445846199989319,-0.02397073060274124,0.5582113862037659,0.6680095791816711,-0.03533308207988739,0.5468613505363464,0.6171185374259949,-0.041929688304662704,0.5415268540382385,0.5767061710357666,-0.04745236784219742,0.5656722784042358,0.7621915936470032,-0.03649405017495155,0.5555523633956909,0.7100185751914978,-0.04982486739754677,0.5479903221130371,0.6694137454032898,-0.05709533020853996,0.5437331795692444,0.6342889666557312,-0.0626525953412056,0.481834352016449,0.8786933422088623,1.2704518326245307e-07,0.5202944874763489,0.8352068066596985,0.005952280480414629,0.5304412841796875,0.7691417336463928,0.010965493507683277,0.5325613617897034,0.7214584350585938,0.011656773276627064,0.5359742641448975,0.6874876022338867,0.011684215627610683,0.5002776980400085,0.7246821522712708,0.012880655936896801,0.5084881782531738,0.6513835191726685,0.002668101107701659,0.5194201469421387,0.6005325317382812,-0.006870719138532877,0.5295323133468628,0.5599664449691772,-0.013740059919655323,0.49279773235321045,0.7265481352806091,0.001007337705232203,0.5032187104225159,0.6449451446533203,-0.010457046329975128,0.5168149471282959,0.5896927118301392,-0.023082435131072998,0.5293053388595581,0.5436289310455322,-0.03125407174229622,0.49257150292396545,0.7360627055168152,-0.011893526650965214,0.5055689215660095,0.6543988585472107,-0.024915147572755814,0.51864093542099,0.6006561517715454,-0.037047214806079865,0.5299719572067261,0.5582934617996216,-0.043625153601169586,0.5003741979598999,0.7540479898452759,-0.02464192546904087,0.5117121338844299,0.6976744532585144,-0.03688680753111839,0.5222000479698181,0.6553258299827576,-0.04447063431143761,0.5321083664894104,0.620718777179718,-0.04873446375131607
0.5854185819625854,0.8779235482215881,3.203626519621139e-08,0.5560436844825745,0.8174159526824951,0.005198058672249317,0.5490349531173706,0.7520372867584229,0.006425215397030115,0.5518066883087158,0.7058014869689941,0.004807865247130394,0.5504931211471558,0.6682484149932861,0.0017128308536484838,0.5706697106361389,0.7255281805992126,0.0032737257424741983,0.5569427013397217,0.6610855460166931,-0.009637593291699886,0.5466288328170776,0.6089876890182495,-0.021773314103484154,0.5385900735855103,0.5645200610160828,-0.03100992925465107,0.5760939717292786,0.731635332107544,-0.008180571720004082,0.560156524181366,0.6554348468780518,-0.019024059176445007,0.5479654669761658,0.5972643494606018,-0.02854250930249691,0.5413249135017395,0.5469712615013123,-0.036755554378032684,0.5736777782440186,0.7422531843185425,-0.020528137683868408,0.5588956475257874,0.6679927110671997,-0.03152415528893471,0.54740971326828,0.6150650978088379,-0.038982100784778595,0.5414262413978577,0.5744647979736328,-0.04461869224905968,0.5642674565315247,0.7566834092140198,-0.03297967091202736,0.5557200312614441,0.7017731070518494,-0.04423365741968155,0.5487508773803711,0.6617352366447449,-0.05000241845846176,0.5446283221244812,0.6294209957122803,-0.054315052926540375,0.4834662973880768,0.8766844868659973,1.557987729938759e-07,0.5219483971595764,0.8390119075775146,0.0044432273134589195,0.5306509137153625,0.7765112519264221,0.00816373061388731,0.5310304760932922,0.7340843677520752,0.007654543500393629,0.5347902774810791,0.7033356428146362,0.006765236146748066,0.5010259747505188,0.7297731637954712,0.012121380306780338,0.5102252960205078,0.6608325242996216,0.0020622792653739452,0.5215238332748413,0.6113736033439636,-0.007994577288627625,0.5330435633659363,0.5721905827522278,-0.01512086484581232,0.49162939190864563,0.7300536632537842,0.0011596046388149261,0.5013363361358643,0.6508197784423828,-0.009388540871441364,0.5154215097427368,0.5967774987220764,-0.022020574659109116,0.5293061137199402,0.5526797771453857,-0.030069798231124878,0.490990549325943,0.7363096475601196,-0.010791760869324207,0.5026136636734009,0.6559321284294128,-0.02286643721163273,0.5163601636886597,0.6035604476928711,-0.03405219689011574,0.5285747647285461,0.5632572174072266,-0.03962032124400139,0.5001630187034607,0.7504276633262634,-0.02285737544298172,0.5118259787559509,0.6939656138420105,-0.03365863114595413,0.5226767659187317,0.6527582406997681,-0.0395747572183609,0.5329117178916931,0.6195703744888306,-0.04224270209670067
0.5865525007247925,0.8773386478424072,7.350402064787431e-09,0.5520617365837097,0.8179965615272522,0.0024357507936656475,0.5448002219200134,0.7526829242706299,0.0022825426422059536,0.5473284721374512,0.7051814198493958,-0.0001314549590460956,0.5457750558853149,0.6669273376464844,-0.003696204163134098,0.573524534702301,0.7260100841522217,-0.00025756863760761917,0.5594428181648254,0.6623997688293457,-0.01317692082375288,0.5497992038726807,0.6127884984016418,-0.025364013388752937,0.5418205261230469,0.5694650411605835,-0.034941159188747406,0.5799602270126343,0.7317905426025391,-0.01058516837656498,0.5634029507637024,0.6552716493606567,-0.020958511158823967,0.5513927340507507,0.5992770195007324,-0.029318323358893394,0.5446755290031433,0.5501801371574402,-0.03681071102619171,0.5779150724411011,0.74363112449646,-0.022058598697185516,0.5622492432594299,0.6687121391296387,-0.03273196518421173,0.5503827929496765,0.6178094744682312,-0.039191100746393204,0.5439625382423401,0.5773256421089172,-0.04434432089328766,0.5679725408554077,0.7598631381988525,-0.03395732119679451,0.5586362481117249,0.7069919109344482,-0.0457703173160553,0.5506411194801331,0.6674026846885681,-0.051863137632608414,0.5459111332893372,0.6341577172279358,-0.05640267953276634,0.4828963279724121,0.8773470520973206,1.654833141628842e-07,0.5192136764526367,0.8254173994064331,0.005983435083180666,0.5239306688308716,0.7555021643638611,0.008983920328319073,0.5217210054397583,0.7057542204856873,0.007472910452634096,0.5246344208717346,0.6710956692695618,0.005913878791034222,0.49219587445259094,0.7162207365036011,0.00956296268850565,0.5049015879631042,0.6430224776268005,-0.003372517414391041,0.5164604187011719,0.5937635898590088,-0.013726369477808475,0.5277819037437439,0.5549488067626953,-0.02087710238993168,0.48481225967407227,0.7223080992698669,-0.0032363117206841707,0.5020590424537659,0.6386440992355347,-0.01854863204061985,0.5175545811653137,0.584141731262207,-0.031698502600193024,0.5327832102775574,0.538759708404541,-0.03930199518799782,0.48716792464256287,0.7356958389282227,-0.017123118042945862,0.5046072006225586,0.6520001292228699,-0.032308124005794525,0.5196218490600586,0.599294126033783,-0.04428563266992569,0.5331587791442871,0.5575850009918213,-0.05003346502780914,0.4997784197330475,0.7553845047950745,-0.03087117336690426,0.5121105909347534,0.6976616978645325,-0.043307747691869736,0.5225449800491333,0.6548914313316345,-0.051103316247463226,0.5334319472312927,0.6184684634208679,-0.05527088791131973
0.5886989831924438,0.8798894286155701,5.000241110053594e-09,0.5566868782043457,0.8175421953201294,0.001419951324351132,0.5506871938705444,0.7533490657806396,0.00043474542326293886,0.5551226735115051,0.7065333127975464,-0.0024823984131217003,0.5549869537353516,0.6694914698600769,-0.006576138082891703,0.5744194984436035,0.7259740829467773,-0.0021976118441671133,0.560296356678009,0.6631253361701965,-0.01633339934051037,0.550304651260376,0.6141240000724792,-0.029392678290605545,0.5427340865135193,0.5712706446647644,-0.0393964909017086,0.5810965299606323,0.7326991558074951,-0.01181690115481615,0.563981831073761,0.6575047969818115,-0.023137230426073074,0.5522608757019043,0.602125346660614,-0.03181859105825424,0.5461092591285706,0.5538710355758667,-0.039608605206012726,0.5796021223068237,0.7460281848907471,-0.022660208866000175,0.5635432004928589,0.6721066832542419,-0.03415948525071144,0.5513042211532593,0.6211281418800354,-0.04085220769047737,0.5446277856826782,0.5807228088378906,-0.046132493764162064,0.5704612731933594,0.764249324798584,-0.033961087465286255,0.5606237649917603,0.7132230997085571,-0.04649895802140236,0.5518941879272461,0.6732079982757568,-0.0530586764216423,0.5460525155067444,0.6386129856109619,-0.057910796254873276,0.4893229603767395,0.8775162100791931,1.9274159512860933e-07,0.5282374024391174,0.8349695205688477,0.004147381987422705,0.5341821908950806,0.7728734612464905,0.007174121215939522,0.5329040884971619,0.7326319217681885,0.005578543525189161,0.5358244180679321,0.7021512985229492,0.0037974349688738585,0.4978189766407013,0.7205628156661987,0.011267436668276787,0.5071468353271484,0.6553978323936462,-0.0018651175778359175,0.5178417563438416,0.6085113286972046,-0.014196517877280712,0.5287677645683289,0.5693010091781616,-0.02271115593612194,0.4884699881076813,0.723869264125824,-0.0007044370868243277,0.4996790289878845,0.6489588022232056,-0.014225856401026249,0.5136860013008118,0.5979025363922119,-0.028201866894960403,0.5275460481643677,0.5554279685020447,-0.03676429018378258,0.4893534481525421,0.7339982390403748,-0.013929368928074837,0.5028469562530518,0.6583362817764282,-0.028196686878800392,0.5176040530204773,0.6084341406822205,-0.039588943123817444,0.531043291091919,0.5693891048431396,-0.044924043118953705,0.5013759136199951,0.7523731589317322,-0.027356864884495735,0.5135723352432251,0.6978391408920288,-0.03877480700612068,0.5232314467430115,0.65770423412323,-0.04425925016403198,0.5325460433959961,0.6247133612632751,-0.04650268331170082
0.5873488783836365,0.8831266164779663,-7.787196665276497e-08,0.5516761541366577,0.8203024864196777,0.002996663097292185,0.5456613302230835,0.7544483542442322,0.0020633551757782698,0.5472327470779419,0.7084620594978333,-0.001124513684771955,0.5450041890144348,0.6713965535163879,-0.005859551951289177,0.5781751275062561,0.7202802896499634,-0.0032244499307125807,0.5602923631668091,0.653256356716156,-0.016582835465669632,0.5477264523506165,0.6051883697509766,-0.029322393238544464,0.537931501865387,0.5636301040649414,-0.039255544543266296,0.5849824547767639,0.7284796833992004,-0.013762938790023327,0.565235435962677,0.6472181081771851,-0.02377377077937126,0.5505932569503784,0.5923116207122803,-0.031815215945243835,0.5412150621414185,0.5464296340942383,-0.039552245289087296,0.5828090310096741,0.7438519597053528,-0.025060292333364487,0.563813328742981,0.6646317839622498,-0.03507153317332268,0.5497432947158813,0.6128553152084351,-0.04087356477975845,0.5411927103996277,0.5726220607757568,-0.04614075645804405,0.5722307562828064,0.7640362977981567,-0.036694515496492386,0.5602930784225464,0.7083921432495117,-0.0485931895673275,0.5501630306243896,0.6667426824569702,-0.054345350712537766,0.5433748364448547,0.63319331407547,-0.05877932533621788,0.48676392436027527,0.8801602721214294,1.5502376982112764e-07,0.5252957344055176,0.8362601399421692,0.0051324875093996525,0.5330557823181152,0.7684438824653625,0.008150771260261536,0.5326632857322693,0.7223029136657715,0.006563814356923103,0.5357167720794678,0.6880603432655334,0.004635261837393045,0.5013922452926636,0.7167261838912964,0.011141852475702763,0.5098734498023987,0.6439692974090576,-0.000999699579551816,0.5205567479133606,0.5936707854270935,-0.012355242855846882,0.5306488871574402,0.5531641244888306,-0.020317167043685913,0.49290773272514343,0.7205073833465576,-0.001450395560823381,0.5048145651817322,0.6390813589096069,-0.014160883612930775,0.5176793336868286,0.5837141275405884,-0.027335060760378838,0.5302133560180664,0.536986231803894,-0.03561015799641609,0.49295681715011597,0.7322947382926941,-0.015221870504319668,0.5082883834838867,0.651785135269165,-0.028499849140644073,0.52168869972229,0.5996788740158081,-0.03977791965007782,0.5336713790893555,0.5577392578125,-0.04560248181223869,0.5019605755805969,0.7519633173942566,-0.029092220589518547,0.5152284502983093,0.6978604793548584,-0.04046999663114548,0.5259256362915039,0.6571336984634399,-0.046619366854429245,0.5363237261772156,0.6223670840263367,-0.04972238093614578
0.5873566269874573,0.8823723793029785,-3.941039139476743e-08,0.5504915714263916,0.8202041983604431,0.002816034248098731,0.5432279706001282,0.7559968829154968,0.0023633649107068777,0.5444686412811279,0.7100419998168945,-0.0007553039467893541,0.542246401309967,0.6720619201660156,-0.0053320336155593395,0.5752137899398804,0.7201612591743469,9.520001913188025e-05,0.5584494471549988,0.6558688879013062,-0.012887965887784958,0.5473259687423706,0.6077251434326172,-0.025487421080470085,0.5387436747550964,0.5649131536483765,-0.03553849458694458,0.5819881558418274,0.7263163328170776,-0.010839926078915596,0.5627254247665405,0.6476573944091797,-0.021773550659418106,0.5497674942016602,0.5932929515838623,-0.03128795325756073,0.5420371294021606,0.5465291738510132,-0.03979712724685669,0.5807515978813171,0.7404972314834595,-0.02281852997839451,0.5628350377082825,0.6638939380645752,-0.034940678626298904,0.5504209399223328,0.6133108139038086,-0.042942944914102554,0.5428123474121094,0.5729861259460449,-0.049159206449985504,0.5718832612037659,0.7602830529212952,-0.03505021333694458,0.5619707107543945,0.7055429220199585,-0.04866919293999672,0.5531026721000671,0.665755569934845,-0.055709268897771835,0.547010064125061,0.6326819062232971,-0.0608280748128891,0.48799002170562744,0.8818357586860657,1.7195151258420083e-07,0.5240896344184875,0.8340912461280823,0.00485846446827054,0.5279630422592163,0.7641654014587402,0.007424620911478996,0.5241100788116455,0.715692400932312,0.0056355488486588,0.5263983607292175,0.6814695000648499,0.0037994745653122663,0.49797436594963074,0.7212896943092346,0.008683491498231888,0.5077620148658752,0.6482207775115967,-0.00457505788654089,0.518287181854248,0.597661018371582,-0.01567360758781433,0.5291402339935303,0.5574185252189636,-0.02333017811179161,0.48998621106147766,0.7258225679397583,-0.0037388994824141264,0.5041670203208923,0.6422712206840515,-0.018512243404984474,0.5178321599960327,0.586592435836792,-0.031776513904333115,0.5314984917640686,0.5402630567550659,-0.03959318622946739,0.49122604727745056,0.7375099658966064,-0.01727820746600628,0.506470263004303,0.6549206376075745,-0.03191828727722168,0.5202274322509766,0.6021649241447449,-0.04355943948030472,0.5328614711761475,0.560398280620575,-0.049181170761585236,0.5023257732391357,0.7559862732887268,-0.03084252029657364,0.5145387053489685,0.7003973722457886,-0.04263165965676308,0.5250853896141052,0.6587069034576416,-0.049647651612758636,0.5361272692680359,0.6230889558792114,-0.053290966898202896
0.5899778008460999,0.8845834732055664,-6.689281129013125e-09,0.5522422790527344,0.8217409253120422,0.0018918177811428905,0.5472244024276733,0.7576374411582947,0.0005304568912833929,0.5507361888885498,0.7122183442115784,-0.002884887857362628,0.5498835444450378,0.6746929883956909,-0.007786129601299763,0.5781791806221008,0.7289230227470398,-0.004536768421530724,0.5637285113334656,0.6652169227600098,-0.01864677481353283,0.5535326600074768,0.6164683699607849,-0.031678467988967896,0.5453742742538452,0.5730280876159668,-0.041824452579021454,0.584550678730011,0.7360934615135193,-0.014704232104122639,0.5671908259391785,0.658614993095398,-0.02622196264564991,0.5540376305580139,0.6024806499481201,-0.03520897775888443,0.5464577078819275,0.5537848472595215,-0.043329134583473206,0.5819958448410034,0.7502438426017761,-0.025729196146130562,0.5653163194656372,0.6737545132637024,-0.037387650460004807,0.5528899431228638,0.6219261288642883,-0.044332921504974365,0.5458375811576843,0.5810733437538147,-0.04990972578525543,0.5707916021347046,0.7688125967979431,-0.03708730265498161,0.561754584312439,0.7146874070167542,-0.04969006031751633,0.553405225276947,0.6735713481903076,-0.05622558668255806,0.5481550693511963,0.639366626739502,-0.06116800382733345,0.4824514091014862,0.8829812407493591,1.5931180996631156e-07,0.5183966159820557,0.8361210227012634,0.0047078365460038185,0.5235337615013123,0.7664293050765991,0.006621900014579296,0.5208266973495483,0.7181527614593506,0.0040622614324092865,0.5243688225746155,0.684813916683197,0.0015874592354521155,0.4914877414703369,0.7242744565010071,0.008175760507583618,0.5043596625328064,0.650331974029541,-0.005557388532906771,0.516089677810669,0.6001681685447693,-0.016745831817388535,0.5275191068649292,0.5609774589538574,-0.02432827092707157,0.48442134261131287,0.7296341061592102,-0.004144200589507818,0.5018619894981384,0.6446170210838318,-0.019930964335799217,0.5169762372970581,0.5890172123908997,-0.03338664025068283,0.5316715240478516,0.5433629751205444,-0.041066303849220276,0.4881399869918823,0.741977334022522,-0.017590973526239395,0.5057342052459717,0.6571065783500671,-0.032367680221796036,0.520718514919281,0.6041746735572815,-0.04369533061981201,0.5342728495597839,0.5623666048049927,-0.048955488950014114,0.502716600894928,0.760299801826477,-0.03112678788602352,0.514906108379364,0.7019514441490173,-0.042251698672771454,0.5256139039993286,0.6592590808868408,-0.048797499388456345,0.5371425151824951,0.622963011264801,-0.0521312914788723
0.588935375213623,0.8896557092666626,-2.270962795591913e-08,0.557827353477478,0.8238933682441711,0.0031918089371174574,0.5524812340736389,0.760839581489563,0.0018176983576267958,0.5560786128044128,0.7154854536056519,-0.001714147161692381,0.5558169484138489,0.6798962950706482,-0.006726453080773354,0.5769335627555847,0.7337296009063721,-0.004183323122560978,0.5618195533752441,0.6693680286407471,-0.018752306699752808,0.5514969825744629,0.6210606098175049,-0.03174309432506561,0.5433045029640198,0.5777499675750732,-0.04187215119600296,0.5826239585876465,0.7402306795120239,-0.014991489239037037,0.5644676089286804,0.6615911722183228,-0.027246488258242607,0.552880048751831,0.6066771745681763,-0.03625263273715973,0.5459256172180176,0.558612048625946,-0.04430428892374039,0.5803292989730835,0.7542758584022522,-0.026564760133624077,0.5634814500808716,0.6774121522903442,-0.038860294967889786,0.552398145198822,0.6273934245109558,-0.04636496305465698,0.5456515550613403,0.5869865417480469,-0.05245399475097656,0.5711028575897217,0.7739585638046265,-0.03821546584367752,0.5605429410934448,0.7235917448997498,-0.052045419812202454,0.5520158410072327,0.6846399903297424,-0.059605639427900314,0.5461149215698242,0.6504581570625305,-0.06528791040182114,0.4834568202495575,0.8886727690696716,1.8323991923807625e-07,0.5212246179580688,0.8408232927322388,0.005829592235386372,0.5264418125152588,0.7731941938400269,0.009330805391073227,0.5248597860336304,0.7272908687591553,0.007833527401089668,0.5283439755439758,0.6952698826789856,0.006108218338340521,0.4916885793209076,0.7316974997520447,0.012394431047141552,0.5015974640846252,0.6613894104957581,-0.0012554775457829237,0.5125617980957031,0.6124086380004883,-0.013352074660360813,0.5243845582008362,0.5726601481437683,-0.021656669676303864,0.4841189980506897,0.7375010848045349,-0.0005783609231002629,0.49782073497772217,0.6570378541946411,-0.015609239228069782,0.5119569897651672,0.603098452091217,-0.029922522604465485,0.5264111161231995,0.5578532814979553,-0.038195379078388214,0.48659005761146545,0.7501028180122375,-0.014761650003492832,0.5017861127853394,0.6696925163269043,-0.02955191768705845,0.5163273811340332,0.6175337433815002,-0.04124589264392853,0.5301891565322876,0.5755078792572021,-0.04652443900704384,0.4995079040527344,0.7690741419792175,-0.02900993451476097,0.5097452402114868,0.7134771943092346,-0.0406087189912796,0.5194197297096252,0.6714849472045898,-0.04692967236042023,0.530203104019165,0.6358200311660767,-0.049758005887269974
0.586968183517456,0.8891066908836365,-8.309694266017686e-09,0.5496903657913208,0.8278364539146423,0.001090823789127171,0.5439993739128113,0.764438271522522,-0.0005190661177039146,0.5477294921875,0.7188296914100647,-0.003833315335214138,0.5476968288421631,0.6823582649230957,-0.008417106233537197,0.5751202702522278,0.734959065914154,-0.006287296302616596,0.5603899955749512,0.6704645156860352,-0.020297585055232048,0.5501689910888672,0.6210640668869019,-0.03255431354045868,0.541810929775238,0.577573299407959,-0.042046919465065,0.5818716883659363,0.7415512204170227,-0.016050493344664574,0.563895046710968,0.6631942391395569,-0.02803477831184864,0.5522837042808533,0.6071850657463074,-0.03712397813796997,0.5457823872566223,0.5586000084877014,-0.04500462859869003,0.5804153680801392,0.7557114958763123,-0.026575269177556038,0.5637094378471375,0.679440438747406,-0.039081376045942307,0.5523610711097717,0.6278253197669983,-0.047081612050533295,0.5457533001899719,0.5866699814796448,-0.05314447358250618,0.5711929202079773,0.774474561214447,-0.03729715943336487,0.5617347955703735,0.7213506698608398,-0.05061188340187073,0.5535003542900085,0.6817699670791626,-0.05785594508051872,0.5482447743415833,0.6483023166656494,-0.06313729286193848,0.48861953616142273,0.8901253342628479,2.27807092301191e-07,0.521547794342041,0.8452353477478027,0.00365647510625422,0.5228222608566284,0.7775177955627441,0.006404479034245014,0.5187028646469116,0.7303009629249573,0.004572488833218813,0.5209768414497375,0.6966507434844971,0.002688020234927535,0.48843759298324585,0.7431071400642395,0.009680626913905144,0.5006411671638489,0.6768501996994019,-0.003551526227965951,0.5128170251846313,0.6274760365486145,-0.015078140422701836,0.5251728296279907,0.5862001180648804,-0.022740835323929787,0.4809032380580902,0.746215283870697,-0.0016816367860883474,0.49356502294540405,0.6675376892089844,-0.015245160087943077,0.5079382658004761,0.6134541034698486,-0.027535421773791313,0.5225917100906372,0.5687484741210938,-0.03429669141769409,0.4844287931919098,0.754578709602356,-0.014263933524489403,0.4979100823402405,0.6751395463943481,-0.0273418091237545,0.5119173526763916,0.6225777268409729,-0.03688802197575569,0.5255359411239624,0.5820783972740173,-0.0406438484787941,0.49950745701789856,0.7689236998558044,-0.0272230077534914,0.508986234664917,0.711036205291748,-0.036269672214984894,0.5183358192443848,0.6709232330322266,-0.040419112890958786,0.5291385650634766,0.6388046145439148,-0.04173688963055611
0.5862073302268982,0.8925041556358337,-2.224939699146944e-08,0.5499237775802612,0.8295031785964966,0.003259335644543171,0.5439317226409912,0.7657064199447632,0.002707342617213726,0.5474859476089478,0.7188320159912109,-6.274104089243338e-05,0.5469722151756287,0.6817342638969421,-0.004290333483368158,0.5750121474266052,0.738847017288208,-0.004104799125343561,0.5596317648887634,0.6720809936523438,-0.01777159608900547,0.5490071773529053,0.6224003434181213,-0.029720230028033257,0.5402480959892273,0.578272819519043,-0.03911341354250908,0.5818756222724915,0.7455903887748718,-0.014947324991226196,0.5632450580596924,0.6649957895278931,-0.02704702690243721,0.5507259964942932,0.6084845662117004,-0.036228422075510025,0.5434076189994812,0.5592886805534363,-0.04429389908909798,0.5795559287071228,0.7591566443443298,-0.02642524614930153,0.5627474188804626,0.6804522275924683,-0.03946629911661148,0.5507296323776245,0.6288048624992371,-0.04762105643749237,0.5436599254608154,0.5878177285194397,-0.053738463670015335,0.5689334273338318,0.7766633629798889,-0.037873513996601105,0.5597975254058838,0.7219091653823853,-0.05206611007452011,0.5514607429504395,0.6816019415855408,-0.05975580960512161,0.5458741188049316,0.6478748321533203,-0.06530684977769852,0.48177340626716614,0.8931729197502136,1.7532197205127886e-07,0.5180231928825378,0.8447901010513306,0.005740590859204531,0.5210126042366028,0.775016188621521,0.007536508608609438,0.5183165669441223,0.7270721793174744,0.0045920913107693195,0.5213894844055176,0.6936798095703125,0.001524901483207941,0.4866296648979187,0.740684986114502,0.008478648960590363,0.49850940704345703,0.6686845421791077,-0.006186004728078842,0.5097491145133972,0.6190259456634521,-0.018015438690781593,0.5219536423683167,0.5796655416488647,-0.026049142703413963,0.47969526052474976,0.7466918230056763,-0.004754153545945883,0.49545347690582275,0.6622775793075562,-0.021240929141640663,0.509414792060852,0.6066632270812988,-0.03493601456284523,0.5236091017723083,0.5604779720306396,-0.042592499405145645,0.48313674330711365,0.7587584853172302,-0.018998609855771065,0.49930518865585327,0.6731287240982056,-0.034407518804073334,0.5135163068771362,0.6197342872619629,-0.044863998889923096,0.526745617389679,0.5771017670631409,-0.049261629581451416,0.4974857270717621,0.7765011787414551,-0.03325595334172249,0.5068219304084778,0.7173596024513245,-0.04480767995119095,0.5163653492927551,0.6736929416656494,-0.05067005380988121,0.5269040465354919,0.6362602114677429,-0.053318288177251816
0.5897974967956543,0.8968328833580017,-3.16567678737556e-08,0.5559521317481995,0.8342201113700867,0.006715627387166023,0.5501561760902405,0.772851824760437,0.007515653967857361,0.5528223514556885,0.7286671996116638,0.005531339906156063,0.5508410930633545,0.6942078471183777,0.001829334651120007,0.5768097043037415,0.7394453883171082,-0.0016492244321852922,0.5607908964157104,0.6716287732124329,-0.014991858042776585,0.5501055121421814,0.6219940185546875,-0.026587078347802162,0.54158616065979,0.5778189897537231,-0.03570893034338951,0.5829771161079407,0.7462811470031738,-0.014277005568146706,0.5633024573326111,0.6634618639945984,-0.02614983730018139,0.5502458810806274,0.606202244758606,-0.03524259477853775,0.542439341545105,0.5566387176513672,-0.04326871037483215,0.5791837573051453,0.7602978348731995,-0.027310190722346306,0.5623655319213867,0.6793345212936401,-0.04019211605191231,0.5511782169342041,0.625830888748169,-0.04859575629234314,0.5446866750717163,0.5843614339828491,-0.0549742691218853,0.5672941207885742,0.7780055999755859,-0.039963752031326294,0.5595738291740417,0.7210590243339539,-0.05468880385160446,0.5524449944496155,0.6801751255989075,-0.06287241727113724,0.5470933318138123,0.6459001898765564,-0.06885958462953568,0.4694465398788452,0.8968188762664795,1.4330362319014966e-07,0.5072219967842102,0.8495453596115112,0.004964182153344154,0.5132546424865723,0.7818191647529602,0.004999301861971617,0.5123943090438843,0.7363343834877014,0.000574386038351804,0.5159427523612976,0.702068567276001,-0.004307643510401249,0.4801069498062134,0.7364757657051086,0.0032732330728322268,0.49360835552215576,0.6629677414894104,-0.01238083653151989,0.5053891539573669,0.6151324510574341,-0.024780426174402237,0.5158349275588989,0.5755467414855957,-0.033361442387104034,0.47339239716529846,0.7417961359024048,-0.010242790915071964,0.49237924814224243,0.6550408601760864,-0.02766554430127144,0.5092277526855469,0.5974142551422119,-0.04275151342153549,0.5234018564224243,0.5477432012557983,-0.05225163325667381,0.47571077942848206,0.7542122006416321,-0.024632267653942108,0.4930247664451599,0.6667765974998474,-0.04115692898631096,0.5072667598724365,0.6116111874580383,-0.05440579727292061,0.5184558033943176,0.5680535435676575,-0.061619747430086136,0.48728814721107483,0.7725816965103149,-0.03882520645856857,0.49780765175819397,0.7141488790512085,-0.05197038874030113,0.5074094533920288,0.6715254187583923,-0.06020650267601013,0.5167660117149353,0.63625168800354,-0.06526844948530197
0.5851678252220154,0.8985121250152588,-2.1844565267770122e-08,0.5505862832069397,0.8341380953788757,0.006442327983677387,0.5456820130348206,0.7719436287879944,0.006840191315859556,0.549579381942749,0.7274772524833679,0.004508750047534704,0.5489596128463745,0.6922577023506165,0.000550128344912082,0.5740675926208496,0.7411707639694214,-0.002696832176297903,0.5589062571525574,0.6731759905815125,-0.016543211415410042,0.5487560033798218,0.6232130527496338,-0.028295358642935753,0.5407893061637878,0.5787308216094971,-0.03748952969908714,0.5801352262496948,0.7481399774551392,-0.015301208011806011,0.5610126256942749,0.6652743816375732,-0.028089798986911774,0.5478985905647278,0.6072606444358826,-0.03755057975649834,0.5399438738822937,0.5575388073921204,-0.04568592086434364,0.5766540765762329,0.7619420886039734,-0.02826586179435253,0.5603945255279541,0.6807790994644165,-0.0418231375515461,0.5494422912597656,0.6256728172302246,-0.050576284527778625,0.5432045459747314,0.5833154916763306,-0.057033900171518326,0.5654132962226868,0.7793909907341003,-0.04081830009818077,0.5573258399963379,0.7218731045722961,-0.05610527843236923,0.5502935647964478,0.6795613765716553,-0.06471598893404007,0.5453394651412964,0.6442802548408508,-0.07088904827833176,0.4688015580177307,0.8986404538154602,1.1176972947168906e-07,0.5089145302772522,0.8547235727310181,0.002750506391748786,0.5153157114982605,0.7876921892166138,0.0025877938605844975,0.5158339738845825,0.7433724999427795,-0.0019946456886827946,0.5202451944351196,0.7102954387664795,-0.006629941053688526,0.47543612122535706,0.7372181415557861,0.005007883533835411,0.490662544965744,0.6627838015556335,-0.01126224733889103,0.5032716393470764,0.6138796806335449,-0.024861764162778854,0.5141510963439941,0.5732271671295166,-0.03452436253428459,0.4690318703651428,0.7424591183662415,-0.007747683208435774,0.48776760697364807,0.6555095911026001,-0.025944357737898827,0.5032064318656921,0.5984413027763367,-0.04204893484711647,0.5161808729171753,0.5489294528961182,-0.052160050719976425,0.4734089970588684,0.7550013661384583,-0.02181616611778736,0.4923549294471741,0.6678872108459473,-0.03846915811300278,0.5080091953277588,0.6144473552703857,-0.05140237882733345,0.5209673643112183,0.571584165096283,-0.05849834159016609,0.487804651260376,0.7730448246002197,-0.03620342165231705,0.4966789186000824,0.7153264880180359,-0.049792829900979996,0.5058050155639648,0.6729521155357361,-0.05815231427550316,0.5156461000442505,0.6380698680877686,-0.06328299641609192
0.5846365094184875,0.8971988558769226,-5.24071666063719e-08,0.5496623516082764,0.8343507647514343,0.005814571864902973,0.5409713387489319,0.7699478268623352,0.007331101223826408,0.5428916811943054,0.723605215549469,0.0063047208823263645,0.5412866473197937,0.6880771517753601,0.003998602740466595,0.5698777437210083,0.7351163029670715,0.0010801932075992227,0.5541077852249146,0.6686458587646484,-0.010833877138793468,0.5437187552452087,0.6207545399665833,-0.021720794960856438,0.535968005657196,0.5785320997238159,-0.03080936148762703,0.5772978067398071,0.7412700653076172,-0.010944227688014507,0.5584343075752258,0.6597580313682556,-0.022124750539660454,0.5461668968200684,0.6045114994049072,-0.0311761312186718,0.5385779738426208,0.5569370985031128,-0.03918079659342766,0.5757113695144653,0.7554189562797546,-0.023729760199785233,0.5598486065864563,0.6767398715019226,-0.03638541325926781,0.5490723848342896,0.6239821314811707,-0.045531436800956726,0.5424526929855347,0.5822803974151611,-0.052673835307359695,0.5667232275009155,0.7748312950134277,-0.036240048706531525,0.5586047172546387,0.7218605875968933,-0.052358515560626984,0.5512889623641968,0.6818898320198059,-0.06232095882296562,0.545769989490509,0.647247850894928,-0.06955841928720474,0.4666871428489685,0.8996134996414185,8.222603042895571e-08,0.5101813077926636,0.8469125032424927,0.009316064417362213,0.5158897042274475,0.7777377367019653,0.011649824678897858,0.51543128490448,0.7310619354248047,0.008463521488010883,0.5193115472793579,0.6980014443397522,0.005061428528279066,0.47616875171661377,0.7305011749267578,0.009980541653931141,0.49075549840927124,0.6552025079727173,-0.003956018481403589,0.5020984411239624,0.6066505908966064,-0.015271186828613281,0.5116446614265442,0.5663516521453857,-0.023608531802892685,0.4685705304145813,0.7363007664680481,-0.005675812251865864,0.49040013551712036,0.6496387124061584,-0.022217383608222008,0.5056591629981995,0.5940709710121155,-0.03575839474797249,0.5182330012321472,0.5461111068725586,-0.04427458718419075,0.4712822735309601,0.7497325539588928,-0.022342253476381302,0.4945746958255768,0.6626780033111572,-0.03795832023024559,0.510898232460022,0.6100201606750488,-0.049439460039138794,0.5235724449157715,0.5678262710571289,-0.05587320774793625,0.4845568537712097,0.7697260975837708,-0.03876103460788727,0.4968583583831787,0.7121421098709106,-0.051789481192827225,0.5061264634132385,0.6690362691879272,-0.0596160814166069,0.5150450468063354,0.6322859525680542,-0.06462924182415009
0.5877887606620789,0.8990479111671448,-9.70455715787466e-09,0.5523487329483032,0.8356905579566956,0.0064732227474451065,0.5461947917938232,0.7739468812942505,0.007204039487987757,0.5496913194656372,0.7284834384918213,0.005531958770006895,0.5493215918540955,0.6929342746734619,0.00197989190928638,0.5714248418807983,0.7449023127555847,-0.0039276257157325745,0.5565221905708313,0.6776637434959412,-0.01745627634227276,0.5467482805252075,0.6280932426452637,-0.02864372916519642,0.5395839214324951,0.5834007263183594,-0.03772494196891785,0.5792587399482727,0.7511739134788513,-0.01644233986735344,0.5588264465332031,0.6684525012969971,-0.029725952073931694,0.5468116998672485,0.6093719601631165,-0.04013529792428017,0.5399494767189026,0.556683361530304,-0.04915820434689522,0.5780525803565979,0.7656139135360718,-0.029053466394543648,0.5616241097450256,0.6851682066917419,-0.043483052402734756,0.5520433783531189,0.6297935843467712,-0.05364631116390228,0.5467095375061035,0.5853391289710999,-0.06137567758560181,0.5697265863418579,0.7843990921974182,-0.0410282127559185,0.5623022317886353,0.7295642495155334,-0.058412015438079834,0.5561925172805786,0.6887171268463135,-0.06887497007846832,0.5518831610679626,0.6527167558670044,-0.07642481476068497,0.46415963768959045,0.901033341884613,1.244747949158409e-07,0.5090740323066711,0.8503828644752502,0.007949275895953178,0.5176534056663513,0.7830930352210999,0.010472092777490616,0.5196880102157593,0.7365593910217285,0.00800255686044693,0.524427056312561,0.7014415264129639,0.00521898502483964,0.47849607467651367,0.7353634238243103,0.008341673761606216,0.4923885464668274,0.6588327288627625,-0.006006020121276379,0.5057312846183777,0.6099228858947754,-0.01743338070809841,0.5178395509719849,0.5703741908073425,-0.025565417483448982,0.47192201018333435,0.7413558959960938,-0.00609146011993289,0.49059486389160156,0.652050256729126,-0.02287941612303257,0.5078081488609314,0.5954490900039673,-0.036961253732442856,0.522436797618866,0.5474979877471924,-0.045701947063207626,0.47448012232780457,0.756220817565918,-0.021531011909246445,0.4916049540042877,0.6667726039886475,-0.03810856491327286,0.5051181316375732,0.6126962900161743,-0.05071526765823364,0.5163524150848389,0.5690422058105469,-0.05741642042994499,0.4862693250179291,0.7775948643684387,-0.03660909831523895,0.4958282709121704,0.7167930603027344,-0.05054489150643349,0.5045760273933411,0.6743576526641846,-0.05927741155028343,0.5136578679084778,0.6390148401260376,-0.06462723016738892
0.5866621136665344,0.9007035493850708,-2.5397884684252858e-08,0.5476395487785339,0.8380070924758911,0.0036046565510332584,0.5396001935005188,0.7720937132835388,0.0031269965693354607,0.5425673723220825,0.7234822511672974,0.000604050699621439,0.541038990020752,0.6854859590530396,-0.0032718887086957693,0.5732030868530273,0.7398836016654968,-0.0042239585891366005,0.5581642389297485,0.6718810796737671,-0.0180830005556345,0.5486441850662231,0.6231878995895386,-0.030379123985767365,0.5415596961975098,0.5797468423843384,-0.04034135863184929,0.5817636251449585,0.7472793459892273,-0.015463204123079777,0.5630828738212585,0.6639078855514526,-0.027902305126190186,0.5505905151367188,0.607919454574585,-0.03710674121975899,0.5438953638076782,0.559576690196991,-0.04533654823899269,0.5806437134742737,0.7624163627624512,-0.02742966078221798,0.5639908313751221,0.682121992111206,-0.040746890008449554,0.5526027083396912,0.629303514957428,-0.048888251185417175,0.5463536381721497,0.5879011154174805,-0.055320315062999725,0.571236252784729,0.7821189761161804,-0.03933561220765114,0.5630570650100708,0.7277135252952576,-0.05521634966135025,0.5556259155273438,0.6861798167228699,-0.06420937180519104,0.5508309006690979,0.6504301428794861,-0.07077690213918686,0.4663953185081482,0.9001903533935547,1.2736695964576938e-07,0.5112298727035522,0.8531671762466431,0.005977189633995295,0.518412172794342,0.7845801711082458,0.007956117391586304,0.5201039910316467,0.7382965683937073,0.005246538668870926,0.5247179269790649,0.7040383219718933,0.002125057391822338,0.47862130403518677,0.7384676337242126,0.0067892540246248245,0.4916835129261017,0.6613610982894897,-0.00792072806507349,0.5042906403541565,0.6110483407974243,-0.019666913896799088,0.5158198475837708,0.5705493688583374,-0.028023118153214455,0.47199350595474243,0.7445674538612366,-0.007061181589961052,0.4898269474506378,0.655470609664917,-0.023820923641324043,0.5054648518562317,0.5971082448959351,-0.03795986250042915,0.5198598504066467,0.5474793910980225,-0.04686036705970764,0.47464466094970703,0.758493959903717,-0.022117415443062782,0.49260398745536804,0.6691516637802124,-0.038680028170347214,0.5075305700302124,0.6146031618118286,-0.05121108517050743,0.520548939704895,0.5710386633872986,-0.05793338641524315,0.48619556427001953,0.7789270281791687,-0.037037450820207596,0.49549970030784607,0.7185571193695068,-0.05123467743396759,0.5052813291549683,0.6757544279098511,-0.059927668422460556,0.515824019908905,0.6410166025161743,-0.06523295491933823
0.589661180973053,0.9007102251052856,-9.371625253606908e-09,0.548251211643219,0.8397517204284668,0.002880218205973506,0.5409985780715942,0.7744824290275574,0.0030546679627150297,0.5446990728378296,0.7269642353057861,0.0011525674490258098,0.5444061756134033,0.6901472806930542,-0.0020776656456291676,0.5723791718482971,0.7387435436248779,-0.002201454248279333,0.5581024289131165,0.6721959114074707,-0.015250956639647484,0.5484014749526978,0.6228382587432861,-0.026946386322379112,0.541174054145813,0.5794051885604858,-0.03651083633303642,0.5808373093605042,0.7445434331893921,-0.013276523910462856,0.5621782541275024,0.6621533036231995,-0.025421662256121635,0.5503875017166138,0.6051926612854004,-0.03526390716433525,0.5438718795776367,0.5558273792266846,-0.04372378811240196,0.5811880230903625,0.7591668367385864,-0.025321025401353836,0.5645179748535156,0.6800092458724976,-0.03894028812646866,0.5538730621337891,0.626552164554596,-0.04877237603068352,0.5478291511535645,0.5841890573501587,-0.056259799748659134,0.5743681788444519,0.7795056104660034,-0.03741211071610451,0.56632399559021,0.7265876531600952,-0.05376183241605759,0.5589313507080078,0.6858922839164734,-0.06395218521356583,0.5536909699440002,0.650363564491272,-0.07138346135616302,0.4640601575374603,0.9059981107711792,9.804302436577927e-08,0.5094969868659973,0.8524858355522156,0.007523794192820787,0.5170664191246033,0.7843208312988281,0.009424100629985332,0.518075168132782,0.7374427318572998,0.006223093252629042,0.5231059789657593,0.7029280662536621,0.0030517003033310175,0.4769551157951355,0.7350324392318726,0.010544700548052788,0.49196919798851013,0.6566780209541321,-0.003731768112629652,0.5040512084960938,0.607927143573761,-0.01537802442908287,0.514665961265564,0.5680148601531982,-0.023778457194566727,0.4701872766017914,0.7398995757102966,-0.004081221763044596,0.4927479922771454,0.6502110958099365,-0.02058248594403267,0.5094308853149414,0.5935534238815308,-0.03464016690850258,0.5236675143241882,0.5455992221832275,-0.04339207708835602,0.47283655405044556,0.7538005709648132,-0.0200054831802845,0.49777933955192566,0.6637753844261169,-0.03595024347305298,0.5146437883377075,0.6100882887840271,-0.048234980553388596,0.528495728969574,0.5668851137161255,-0.05501502379775047,0.4850388467311859,0.7750349044799805,-0.035739682614803314,0.4973193407058716,0.7160229086875916,-0.04939393326640129,0.506758987903595,0.6733510494232178,-0.05792688578367233,0.5164471864700317,0.6373211741447449,-0.06321504712104797
0.585807740688324,0.8992480635643005,-3.052379682344508e-08,0.5516971945762634,0.8339248299598694,0.004020157735794783,0.5470380783081055,0.7701596021652222,0.002761045005172491,0.551910400390625,0.7256355881690979,-0.0007160942768678069,0.5516191124916077,0.6898147463798523,-0.005896145943552256,0.5742878317832947,0.7404059767723083,-0.0051277498714625835,0.5606047511100769,0.6744421124458313,-0.01918596215546131,0.5517011880874634,0.6271840929985046,-0.03206590190529823,0.5456529259681702,0.5840740203857422,-0.04271165281534195,0.5829246044158936,0.747578501701355,-0.016671227291226387,0.5644019246101379,0.6660383343696594,-0.028921831399202347,0.553813636302948,0.6110080480575562,-0.03848327323794365,0.548781156539917,0.5620243549346924,-0.04741829261183739,0.5835142135620117,0.7640013098716736,-0.028772538527846336,0.5673285722732544,0.6847179532051086,-0.04154538735747337,0.5577757358551025,0.6335253715515137,-0.04969242215156555,0.5524613857269287,0.5918190479278564,-0.05670703202486038,0.5768832564353943,0.7862275242805481,-0.04078160971403122,0.5696456432342529,0.7350937128067017,-0.056339241564273834,0.5629803538322449,0.6956422328948975,-0.06517811119556427,0.5588026642799377,0.6603360176086426,-0.0720391720533371,0.4727908670902252,0.8979877233505249,1.4723251240411628e-07,0.5144463181495667,0.84969562292099,0.006451963447034359,0.5188312530517578,0.7807849049568176,0.0087710190564394,0.5188614130020142,0.736027717590332,0.00640961853787303,0.5232518315315247,0.7046407461166382,0.003925062250345945,0.47688156366348267,0.7378808259963989,0.007269427180290222,0.4919295012950897,0.6640095710754395,-0.0066527314484119415,0.5039925575256348,0.6159253120422363,-0.017239904031157494,0.5169264078140259,0.5782451033592224,-0.024604808539152145,0.46993008255958557,0.7443891763687134,-0.006457555573433638,0.4902050793170929,0.6565839052200317,-0.023410264402627945,0.50475013256073,0.5982822775840759,-0.03734084218740463,0.5190262794494629,0.549872875213623,-0.04537603259086609,0.47418779134750366,0.7583727836608887,-0.021198473870754242,0.49405938386917114,0.6702470183372498,-0.037531763315200806,0.509032666683197,0.6152814626693726,-0.05048331245779991,0.5226082801818848,0.572279691696167,-0.0570303276181221,0.4895974397659302,0.7776647806167603,-0.035699859261512756,0.5004523396492004,0.7179602384567261,-0.048598866909742355,0.5097108483314514,0.6752589344978333,-0.05706699565052986,0.5200381875038147,0.6404458284378052,-0.06207137554883957
0.5888449549674988,0.9002114534378052,-3.994017561126384e-08,0.5506142377853394,0.8302456140518188,0.003096042200922966,0.5466562509536743,0.7634211778640747,0.0016859514871612191,0.5521591901779175,0.7165642976760864,-0.001508154789917171,0.5522416830062866,0.6785247325897217,-0.006422150414437056,0.5742393732070923,0.7348724603652954,-0.008384713903069496,0.5600495934486389,0.6665458083152771,-0.023133285343647003,0.5506230592727661,0.6177153587341309,-0.03587411716580391,0.5436719059944153,0.5742068886756897,-0.04624994471669197,0.5841401219367981,0.7443472743034363,-0.019580408930778503,0.5647254586219788,0.6609266400337219,-0.032512418925762177,0.5529749393463135,0.6052043437957764,-0.04220736771821976,0.5465711951255798,0.5572258830070496,-0.05114934220910072,0.5857823491096497,0.7635053396224976,-0.031233049929142,0.5682746767997742,0.6828848719596863,-0.04434972628951073,0.5572510957717896,0.6304652690887451,-0.05280414968729019,0.5508578419685364,0.5888964533805847,-0.060082148760557175,0.5798233151435852,0.7885040640830994,-0.042790625244379044,0.5710858106613159,0.7359986305236816,-0.05894829332828522,0.5631310939788818,0.6952464580535889,-0.06836117058992386,0.5577452778816223,0.65956050157547,-0.07553936541080475,0.47374868392944336,0.8972263932228088,1.3432344303510035e-07,0.5148406028747559,0.8503830432891846,0.006765260361135006,0.518940269947052,0.783361554145813,0.008439699187874794,0.5196686387062073,0.7395069003105164,0.005053280387073755,0.5249912142753601,0.7083864808082581,0.0016240969998762012,0.47570139169692993,0.737947404384613,0.007541246712207794,0.4916548430919647,0.6663228869438171,-0.006924337707459927,0.5040754675865173,0.6198086738586426,-0.01800472103059292,0.5155199766159058,0.5814114212989807,-0.025679877027869225,0.4688262939453125,0.7433995604515076,-0.006546739023178816,0.4892636239528656,0.6565794944763184,-0.023704893887043,0.5047935247421265,0.6004849076271057,-0.03727986663579941,0.5185710191726685,0.5523142218589783,-0.0450904443860054,0.47368600964546204,0.7557018995285034,-0.021628648042678833,0.4913982152938843,0.6684046387672424,-0.03795333206653595,0.5047428011894226,0.6161708831787109,-0.0491943359375,0.5158352255821228,0.5754035711288452,-0.05446690693497658,0.49019184708595276,0.7737799286842346,-0.03660562261939049,0.500761866569519,0.7155780792236328,-0.04870368912816048,0.5095279216766357,0.6743515133857727,-0.05555678904056549,0.5186319351196289,0.6406203508377075,-0.05941449850797653
0.5854111909866333,0.9024762511253357,-9.381958676613067e-08,0.5513917207717896,0.8324663639068604,0.006200375966727734,0.5447296500205994,0.768965482711792,0.006841561291366816,0.5471389889717102,0.7234157919883728,0.004645820707082748,0.5462441444396973,0.6865693926811218,0.000775797525420785,0.573145866394043,0.7346062660217285,-0.00015789485769346356,0.5582910180091858,0.6663849949836731,-0.012691222131252289,0.5484170317649841,0.6194613575935364,-0.024071484804153442,0.5423389673233032,0.5779959559440613,-0.03376777842640877,0.5816510319709778,0.7420399785041809,-0.01228319201618433,0.5632961392402649,0.6594668626785278,-0.023709407076239586,0.5531005263328552,0.6082103848457336,-0.03323148190975189,0.5488366484642029,0.5635010600090027,-0.04223634675145149,0.5824519991874695,0.7587800025939941,-0.025141380727291107,0.5669553279876709,0.6785809993743896,-0.038107916712760925,0.5576159954071045,0.6282586455345154,-0.04852285981178284,0.5521575808525085,0.5886526703834534,-0.05717727541923523,0.5765938758850098,0.7815635800361633,-0.03762432187795639,0.5705526471138,0.7307706475257874,-0.054582614451646805,0.5640071630477905,0.6902821660041809,-0.06636757403612137,0.5588743686676025,0.6547510623931885,-0.07543917000293732,0.47329795360565186,0.9011987447738647,1.5586304868975276e-07,0.5161343812942505,0.8533720970153809,0.007418867200613022,0.521215558052063,0.786320149898529,0.009620282799005508,0.5212634801864624,0.7423909902572632,0.006801436189562082,0.5262597799301147,0.710519552230835,0.0037621113006025553,0.47947579622268677,0.739295244216919,0.008549033664166927,0.49469318985939026,0.6644619107246399,-0.005484393332153559,0.5070664286613464,0.6159279346466064,-0.01656918041408062,0.5189167857170105,0.5769830942153931,-0.024320008233189583,0.4714035987854004,0.7446405291557312,-0.006010789889842272,0.4917517900466919,0.6557120680809021,-0.02284008078277111,0.5059415698051453,0.5974980592727661,-0.03698078542947769,0.5184497237205505,0.5492264032363892,-0.045231740921735764,0.4742777943611145,0.758495032787323,-0.021543165668845177,0.4936408996582031,0.668526291847229,-0.037825386971235275,0.5084452629089355,0.6130221486091614,-0.05053425580263138,0.5207880735397339,0.5698256492614746,-0.05696295574307442,0.4884603023529053,0.7782499194145203,-0.03676796704530716,0.5005868077278137,0.7184851765632629,-0.04924044758081436,0.5104246139526367,0.6757948994636536,-0.05702349543571472,0.5202703475952148,0.6408510208129883,-0.06160455569624901
0.5862187743186951,0.9033580422401428,-7.29612565919524e-08,0.5510653257369995,0.8393211960792542,0.0043282536789774895,0.5452526211738586,0.7770891189575195,0.0044802101328969,0.5487400889396667,0.7323363423347473,0.00222103507257998,0.5479007363319397,0.696948766708374,-0.0015440243296325207,0.5745493173599243,0.7384662628173828,-0.00134970061480999,0.5593416690826416,0.6713176369667053,-0.013868995010852814,0.549125611782074,0.6235359311103821,-0.025332564488053322,0.5423052310943604,0.5812714099884033,-0.03490472957491875,0.5828826427459717,0.744304358959198,-0.012374833226203918,0.5633401274681091,0.6621018648147583,-0.02394210919737816,0.5519029498100281,0.6087390184402466,-0.033431876450777054,0.5460882186889648,0.5620510578155518,-0.04210604354739189,0.5829157829284668,0.7589774131774902,-0.024132532998919487,0.566380500793457,0.6791086196899414,-0.037027981132268906,0.5563531517982483,0.6284821033477783,-0.04656369611620903,0.550335168838501,0.5886029601097107,-0.05426653102040291,0.5761008262634277,0.7794104218482971,-0.0357363261282444,0.5695450305938721,0.7271727323532104,-0.05165744572877884,0.5628734827041626,0.6876230239868164,-0.061856839805841446,0.5578470230102539,0.6532410979270935,-0.06959213316440582,0.4706934690475464,0.9021002054214478,1.564809934961886e-07,0.5150133371353149,0.8522179126739502,0.009383746422827244,0.521210789680481,0.7839877009391785,0.012844106182456017,0.5226572155952454,0.7385128736495972,0.010983611457049847,0.5277755856513977,0.7060354948043823,0.008620585314929485,0.47874656319618225,0.7382573485374451,0.009940069168806076,0.4949803352355957,0.6652235388755798,-0.003659261157736182,0.5087925791740417,0.6176255941390991,-0.014302976429462433,0.5221699476242065,0.5800172686576843,-0.021963274106383324,0.47170212864875793,0.7441205978393555,-0.005441706161946058,0.49325522780418396,0.6548231244087219,-0.02208060212433338,0.5104485154151917,0.5975750684738159,-0.03653471916913986,0.5262055993080139,0.5495733022689819,-0.04527347907423973,0.4752468466758728,0.7583642601966858,-0.021649233996868134,0.4943262040615082,0.6675878763198853,-0.03837735205888748,0.5093302726745605,0.6120479702949524,-0.05198894441127777,0.5225549936294556,0.5681127309799194,-0.05921315401792526,0.48973575234413147,0.7783583402633667,-0.03729360178112984,0.5014565587043762,0.7178014516830444,-0.050975725054740906,0.5110260248184204,0.675169825553894,-0.06007033959031105,0.5212311744689941,0.6399023532867432,-0.06569549441337585
0.5846419334411621,0.9017337560653687,-7.304279847630823e-08,0.5444890260696411,0.836991548538208,0.0022240697871893644,0.5386877059936523,0.7719681859016418,0.0018843290163204074,0.5430290102958679,0.7244634032249451,-0.0003172722354065627,0.5432385206222534,0.6866152882575989,-0.003937112167477608,0.5701937079429626,0.7381082773208618,-0.003380473470315337,0.5556963086128235,0.6734931468963623,-0.016070296987891197,0.5455533266067505,0.6262569427490234,-0.02794010378420353,0.5379859805107117,0.5840149521827698,-0.037792909890413284,0.5796462893486023,0.7436452507972717,-0.013441546820104122,0.5613506436347961,0.6643642783164978,-0.024840909987688065,0.5496528744697571,0.6102472543716431,-0.034440021961927414,0.5431823134422302,0.5625349879264832,-0.043099623173475266,0.5818221569061279,0.7590368986129761,-0.024303695186972618,0.5664927959442139,0.6818430423736572,-0.03673934191465378,0.5562743544578552,0.6318337917327881,-0.04582899808883667,0.5497831702232361,0.5911592841148376,-0.05325360223650932,0.57708740234375,0.7811471223831177,-0.035257887095212936,0.5705612301826477,0.7307277917861938,-0.05057219788432121,0.5635839700698853,0.691820502281189,-0.06007344275712967,0.5585543513298035,0.6574957966804504,-0.06722293794155121,0.47112980484962463,0.9011631011962891,1.5648330986550718e-07,0.5122016072273254,0.8552623987197876,0.007783934008330107,0.5179990530014038,0.7868791222572327,0.01022743433713913,0.5184409022331238,0.7419843077659607,0.007853413000702858,0.5228866338729858,0.7107648253440857,0.005050048232078552,0.47660863399505615,0.7432914972305298,0.006846519652754068,0.49162590503692627,0.6669008731842041,-0.007692295126616955,0.5039786100387573,0.617213785648346,-0.0186393354088068,0.5174559354782104,0.5786216259002686,-0.026191450655460358,0.4695747494697571,0.7493312358856201,-0.007406707387417555,0.4896005094051361,0.6587244272232056,-0.025326712056994438,0.504189670085907,0.6005922555923462,-0.03992226719856262,0.5188292860984802,0.5524783730506897,-0.048048801720142365,0.4742703139781952,0.7640272974967957,-0.0222515556961298,0.4940740764141083,0.6726986169815063,-0.03919864818453789,0.5093533992767334,0.6180828213691711,-0.05177820846438408,0.52345871925354,0.5745227336883545,-0.057717710733413696,0.4902408719062805,0.7843811511993408,-0.036624547094106674,0.5005763173103333,0.7218891382217407,-0.050097979605197906,0.5096001029014587,0.6776115298271179,-0.05817527696490288,0.5201905369758606,0.6398283243179321,-0.06254444271326065
0.5852521061897278,0.8992611765861511,-5.2533568606349945e-08,0.5488276481628418,0.8384256362915039,0.005478513427078724,0.5440152287483215,0.7769923806190491,0.006611312739551067,0.5472841858863831,0.7331370115280151,0.005346992984414101,0.5459842681884766,0.6983006596565247,0.0024441350251436234,0.5729112029075623,0.7436381578445435,-0.0016138812061399221,0.5579497814178467,0.6785780191421509,-0.01413579098880291,0.5474735498428345,0.6305950284004211,-0.025122467428445816,0.5396524667739868,0.5878962278366089,-0.03415730595588684,0.5797579288482666,0.749650776386261,-0.013031121343374252,0.5611400604248047,0.6685152053833008,-0.024749135598540306,0.5485299229621887,0.6133779287338257,-0.03407439589500427,0.541455090045929,0.5649135708808899,-0.042441170662641525,0.578130304813385,0.7626209855079651,-0.02494889870285988,0.562863290309906,0.6838492155075073,-0.0383109524846077,0.5523513555526733,0.6323407292366028,-0.04797884821891785,0.5461861491203308,0.591744065284729,-0.05539879947900772,0.5697070360183716,0.7795115113258362,-0.036510080099105835,0.5636687874794006,0.7264934778213501,-0.05273965001106262,0.5576406717300415,0.6869118809700012,-0.06299923360347748,0.5534906387329102,0.6531456708908081,-0.07060769200325012,0.47027742862701416,0.9004936218261719,1.271111216283316e-07,0.5108940601348877,0.8539528250694275,0.005183269269764423,0.5174048542976379,0.7823303937911987,0.007224055007100105,0.5179401636123657,0.7331910729408264,0.005036860704421997,0.5191482901573181,0.699394941329956,0.0025220955722033978,0.48036256432533264,0.7409268617630005,0.005642034579068422,0.4935482442378998,0.6645622849464417,-0.007785403169691563,0.5051665306091309,0.6142411828041077,-0.01835324615240097,0.5164666175842285,0.5747493505477905,-0.02587546780705452,0.47421470284461975,0.7473881244659424,-0.006991960573941469,0.4912405014038086,0.6595067381858826,-0.02262040413916111,0.5056297779083252,0.6011501550674438,-0.03578117862343788,0.5195823311805725,0.5525093674659729,-0.043730996549129486,0.47753334045410156,0.7628985047340393,-0.020570609718561172,0.4977709949016571,0.6769428849220276,-0.035817429423332214,0.513351559638977,0.6216537356376648,-0.04788314178586006,0.527456521987915,0.5769808292388916,-0.05427822098135948,0.4898892939090729,0.7851786017417908,-0.03399978205561638,0.4993525445461273,0.7258147597312927,-0.047013700008392334,0.5091250538825989,0.6816732287406921,-0.055204715579748154,0.5203430652618408,0.6454394459724426,-0.06007041782140732
0.5826771259307861,0.9042430520057678,-2.1593278276554884e-08,0.545020580291748,0.8435583114624023,0.0019051969284191728,0.5397197008132935,0.7785089015960693,0.0012439299607649446,0.5435877442359924,0.7320021390914917,-0.0013779614819213748,0.5422114133834839,0.6958657503128052,-0.005304250866174698,0.5725154876708984,0.7498631477355957,-0.004092560615390539,0.5583717823028564,0.6852515339851379,-0.017844533547759056,0.5483709573745728,0.6370909214019775,-0.030306782573461533,0.5404519438743591,0.5937100052833557,-0.040322545915842056,0.5812343955039978,0.7562854886054993,-0.014493669383227825,0.5628843903541565,0.6765499114990234,-0.027119802311062813,0.549589991569519,0.6194524765014648,-0.036940984427928925,0.5414101481437683,0.5689412951469421,-0.04548519477248192,0.5815117955207825,0.7697616219520569,-0.025797447189688683,0.5648280382156372,0.6928653717041016,-0.03886831924319267,0.5529363751411438,0.6409582495689392,-0.04707186669111252,0.545499324798584,0.5999064445495605,-0.05331007391214371,0.5738970041275024,0.7872990369796753,-0.037400200963020325,0.5661002993583679,0.7349227666854858,-0.052169401198625565,0.5585795044898987,0.6943415403366089,-0.06059381738305092,0.5535869002342224,0.6599425077438354,-0.06673406809568405,0.47366976737976074,0.901739239692688,1.605088755241013e-07,0.5127376317977905,0.8494789600372314,0.005932612810283899,0.5168675780296326,0.7775350213050842,0.008324656635522842,0.515704333782196,0.7270370125770569,0.0062016830779612064,0.519343376159668,0.6924877762794495,0.004015342332422733,0.4797939658164978,0.7374997735023499,0.006706013809889555,0.4935649335384369,0.6624069809913635,-0.00796801969408989,0.5061464309692383,0.6119509935379028,-0.018943676725029945,0.5178611278533936,0.5710580945014954,-0.026433002203702927,0.4732474088668823,0.7439835071563721,-0.006751618348062038,0.4942743182182312,0.6557983160018921,-0.023736651986837387,0.510733425617218,0.5983692407608032,-0.036752477288246155,0.5254025459289551,0.5506588816642761,-0.04402932897210121,0.4762845039367676,0.7579935789108276,-0.021333960816264153,0.4957452118396759,0.6708112359046936,-0.03756454214453697,0.5116662979125977,0.6168554425239563,-0.04932019114494324,0.5253725051879883,0.5747344493865967,-0.05500565841794014,0.48901069164276123,0.777341902256012,-0.03583928942680359,0.4997224807739258,0.7188860774040222,-0.049084197729825974,0.5096868276596069,0.6760987043380737,-0.057290177792310715,0.5206683874130249,0.6406090259552002,-0.06191500276327133
0.5847306847572327,0.9066668152809143,-4.052188273817592e-08,0.5522767901420593,0.8490386605262756,0.005945166572928429,0.546272337436676,0.7870950698852539,0.007373175583779812,0.548064112663269,0.7434734106063843,0.006275865714997053,0.5460476279258728,0.7087356448173523,0.003568594576790929,0.573858916759491,0.7543050050735474,-0.0007355387206189334,0.5592507123947144,0.6875878572463989,-0.013772116973996162,0.5480878353118896,0.6370692849159241,-0.024982323870062828,0.538708508014679,0.5930557250976562,-0.033886026591062546,0.5799390077590942,0.7597329020500183,-0.012577864341437817,0.5619825124740601,0.6779818534851074,-0.0245687086135149,0.5488408207893372,0.619608461856842,-0.03414252772927284,0.5403569936752319,0.5681391358375549,-0.04248302802443504,0.5765514373779297,0.7710968255996704,-0.024927416816353798,0.5626211762428284,0.691434919834137,-0.03869019076228142,0.55220627784729,0.6381117105484009,-0.04817663133144379,0.545698881149292,0.5956141948699951,-0.05502886325120926,0.5656561255455017,0.7857418060302734,-0.03684888035058975,0.561353325843811,0.7298926115036011,-0.05319932848215103,0.5557125210762024,0.6889153122901917,-0.06272022426128387,0.5515506267547607,0.653987467288971,-0.06939491629600525,0.4796760082244873,0.9000594615936279,1.7157461229544424e-07,0.514147937297821,0.8469291925430298,0.004400182981044054,0.5166624188423157,0.7747748494148254,0.006399780511856079,0.5139003396034241,0.723283052444458,0.0040359352715313435,0.5166031122207642,0.6885151863098145,0.0016374049009755254,0.480448842048645,0.7406154274940491,0.007173789199441671,0.49235981702804565,0.6684145331382751,-0.007220456376671791,0.5035438537597656,0.6186902523040771,-0.01838945969939232,0.5145967602729797,0.5786570906639099,-0.025919446721673012,0.4734099805355072,0.7480137348175049,-0.005306996870785952,0.489970862865448,0.6627926826477051,-0.021724577993154526,0.5040253400802612,0.6045715808868408,-0.03493516892194748,0.5174083113670349,0.5552809834480286,-0.042403437197208405,0.477083295583725,0.7614096999168396,-0.018991854041814804,0.49397769570350647,0.6771833896636963,-0.03448297455906868,0.5089444518089294,0.6233949661254883,-0.045440491288900375,0.5225935578346252,0.5806664228439331,-0.05044132098555565,0.4916943907737732,0.7795084714889526,-0.03284964710474014,0.5015913248062134,0.7216861844062805,-0.0447385348379612,0.5114231109619141,0.679253339767456,-0.05157134309411049,0.5226508975028992,0.6436750292778015,-0.055138010531663895
0.5855585932731628,0.9020653963088989,-1.6191435747714422e-08,0.5525756478309631,0.8400923609733582,0.005169149488210678,0.5463742017745972,0.7733490467071533,0.006038764491677284,0.5491604804992676,0.7259913682937622,0.004647358320653439,0.5470067262649536,0.6888940334320068,0.0017065410502254963,0.57163405418396,0.7504079341888428,-0.0030212823767215014,0.5572891235351562,0.6849631071090698,-0.017202259972691536,0.5464063882827759,0.6355984807014465,-0.029285863041877747,0.5378018021583557,0.5919865369796753,-0.038708873093128204,0.5791664719581604,0.7586419582366943,-0.014727862551808357,0.5617217421531677,0.6783050894737244,-0.027639562264084816,0.54781574010849,0.6194717288017273,-0.03706661984324455,0.5393826961517334,0.5679023861885071,-0.04514073580503464,0.5777203440666199,0.7721012234687805,-0.026953069493174553,0.5625514388084412,0.6941695213317871,-0.04007967934012413,0.5501915216445923,0.64007568359375,-0.04771754890680313,0.5433039665222168,0.5969878435134888,-0.053434502333402634,0.5687373280525208,0.7885904312133789,-0.03899769484996796,0.5612190961837769,0.7336934804916382,-0.05411519482731819,0.5542734861373901,0.6920337080955505,-0.06216385215520859,0.5505035519599915,0.6568406820297241,-0.06785814464092255,0.4802384674549103,0.898331880569458,1.8664933065792866e-07,0.5144737362861633,0.8471606373786926,0.003588719991967082,0.5161932706832886,0.7744221687316895,0.004509925842285156,0.5131356716156006,0.7207677364349365,0.0013727088226005435,0.5150365829467773,0.684585452079773,-0.0017584238667041063,0.47949928045272827,0.7438346147537231,0.003534101415425539,0.4922807514667511,0.6688176989555359,-0.012051990255713463,0.5039671063423157,0.6172335147857666,-0.023604340851306915,0.5150932669639587,0.5762935876846313,-0.031094634905457497,0.47344252467155457,0.7503315210342407,-0.00837857834994793,0.4900512099266052,0.6631929278373718,-0.025418130680918694,0.5042622685432434,0.6041107773780823,-0.038193345069885254,0.5173136591911316,0.5548776984214783,-0.045055583119392395,0.4778147339820862,0.763220489025116,-0.021269239485263824,0.4953187108039856,0.6769329309463501,-0.0372142568230629,0.5103142857551575,0.6227932572364807,-0.0474122054874897,0.5238073468208313,0.580250084400177,-0.05163617432117462,0.4919798672199249,0.7808319926261902,-0.0342293456196785,0.5010324120521545,0.7230806946754456,-0.0463365837931633,0.51081782579422,0.6806445121765137,-0.05244900658726692,0.5220698118209839,0.6455130577087402,-0.05520127713680267
0.5795866250991821,0.9013503193855286,-3.431885531313128e-08,0.5511767268180847,0.838546633720398,0.005716262850910425,0.5459056496620178,0.7737551331520081,0.006323446054011583,0.5488737225532532,0.7268640995025635,0.0041481018997728825,0.5470980405807495,0.6900317072868347,0.0006249857833608985,0.5725502967834473,0.7441163659095764,0.0018381137633696198,0.5569769740104675,0.6788600087165833,-0.01072626281529665,0.5463758707046509,0.6299170255661011,-0.022794969379901886,0.537653386592865,0.5873514413833618,-0.03243807703256607,0.5766104459762573,0.7508803606033325,-0.00981845986098051,0.5589977502822876,0.6733927726745605,-0.020155075937509537,0.5469169020652771,0.618410587310791,-0.02878727577626705,0.5399618148803711,0.5697908401489258,-0.03670978918671608,0.5727251768112183,0.7634732127189636,-0.02230452559888363,0.5570250153541565,0.6884743571281433,-0.03312002494931221,0.5467287302017212,0.6377968192100525,-0.03998866304755211,0.5413807034492493,0.5966113209724426,-0.045688729733228683,0.5618186593055725,0.7806582450866699,-0.03484125807881355,0.5535697340965271,0.7276995778083801,-0.047661688178777695,0.5464951395988464,0.6868417263031006,-0.054621804505586624,0.5419390797615051,0.6516377925872803,-0.05988283455371857,0.4834190011024475,0.8988828063011169,1.9894756064786634e-07,0.5207956433296204,0.8509554862976074,0.0036889181938022375,0.524567723274231,0.7828865051269531,0.006152159068733454,0.5222888588905334,0.7364075779914856,0.00429136399179697,0.5243022441864014,0.7045485973358154,0.00196098699234426,0.49062737822532654,0.742749035358429,0.008565063588321209,0.5003261566162109,0.6750497221946716,-0.005073861218988895,0.5110234618186951,0.6259707808494568,-0.017896434292197227,0.5224623084068298,0.585767388343811,-0.026717422530055046,0.48242413997650146,0.7483861446380615,-0.003272623522207141,0.4921225905418396,0.6699644327163696,-0.01761780120432377,0.5057299733161926,0.6148663759231567,-0.03202870488166809,0.5204443335533142,0.5691699981689453,-0.040847692638635635,0.4841175079345703,0.7602187395095825,-0.01618766598403454,0.49477213621139526,0.6805939078330994,-0.03094298765063286,0.5082709789276123,0.6260172724723816,-0.042599085718393326,0.5221119523048401,0.5836538076400757,-0.048138659447431564,0.49582916498184204,0.7790372371673584,-0.029326776042580605,0.505612850189209,0.7236837148666382,-0.04073970392346382,0.5155318975448608,0.6815520524978638,-0.04624280333518982,0.5263218879699707,0.6482100486755371,-0.048673421144485474
0.5775690674781799,0.9020547270774841,-7.050671513297857e-08,0.5479891896247864,0.8352478742599487,0.007893705740571022,0.5414890646934509,0.7704957723617554,0.009509341791272163,0.542225182056427,0.7245912551879883,0.007731544319540262,0.5389366149902344,0.6872624158859253,0.004282323177903891,0.5687376260757446,0.7366071343421936,0.004692631773650646,0.5524089336395264,0.6721419095993042,-0.007830238901078701,0.5411980152130127,0.6246917843818665,-0.02011246420443058,0.5328765511512756,0.5831512808799744,-0.02999078296124935,0.5745159387588501,0.7450734376907349,-0.008311443962156773,0.5558922290802002,0.6665879487991333,-0.01859968714416027,0.5429453253746033,0.6128650903701782,-0.027426009997725487,0.5356824398040771,0.5659462213516235,-0.035566408187150955,0.5723128318786621,0.7604379653930664,-0.022166775539517403,0.5547890663146973,0.6839245557785034,-0.0336918830871582,0.5430634021759033,0.6330257654190063,-0.04110202193260193,0.5368131995201111,0.5918120741844177,-0.04707609862089157,0.5626043677330017,0.7813398838043213,-0.03583570942282677,0.553657591342926,0.7273435592651367,-0.05011516064405441,0.545622706413269,0.6856257915496826,-0.05788211151957512,0.5403082370758057,0.6498496532440186,-0.06356649100780487,0.47810155153274536,0.8957450985908508,2.0378359977257787e-07,0.5098616480827332,0.8487555384635925,0.003023653756827116,0.5120697021484375,0.7795313596725464,0.003958540502935648,0.5093405246734619,0.7311711311340332,0.0006312407203949988,0.5116187334060669,0.6981231570243835,-0.002500356175005436,0.4790169596672058,0.7434728741645813,0.005619662348181009,0.49277907609939575,0.6697154641151428,-0.008940820582211018,0.5040516257286072,0.6180734038352966,-0.02038935385644436,0.5157754421234131,0.5771934986114502,-0.02786935865879059,0.47167786955833435,0.7494468092918396,-0.006018443964421749,0.4905432164669037,0.6650826334953308,-0.02271653339266777,0.505142331123352,0.6078649759292603,-0.03611314669251442,0.5192579030990601,0.5606633424758911,-0.04310862720012665,0.4763566851615906,0.7611759901046753,-0.018676843494176865,0.4949917197227478,0.6773256063461304,-0.033552806824445724,0.5098337531089783,0.6230608224868774,-0.043559480458498,0.5233635902404785,0.5798652172088623,-0.04744111746549606,0.49238935112953186,0.777988612651825,-0.03163708746433258,0.5036228895187378,0.7185335159301758,-0.04205181449651718,0.513889729976654,0.6772117614746094,-0.046908359974622726,0.5256367325782776,0.6427193880081177,-0.048597853630781174
0.5788710117340088,0.902036726474762,-2.5066352549174553e-08,0.5489308834075928,0.8352257013320923,0.004916757810860872,0.5421950817108154,0.7655433416366577,0.0056270393542945385,0.5446199178695679,0.7146662473678589,0.003485615598037839,0.5426743030548096,0.6742585897445679,6.306944851530716e-05,0.5682977437973022,0.7418951988220215,0.003592082532122731,0.5540142059326172,0.6769729852676392,-0.00952717661857605,0.5440750122070312,0.6283742785453796,-0.02240961417555809,0.5362337827682495,0.585890531539917,-0.03260675445199013,0.5738162994384766,0.7500641942024231,-0.008061287924647331,0.5578582286834717,0.6729559302330017,-0.018423236906528473,0.5460774302482605,0.6183619499206543,-0.02694712206721306,0.5395547747612,0.5698521733283997,-0.03476715460419655,0.5716326832771301,0.7639082074165344,-0.020961720496416092,0.5564890503883362,0.6887174248695374,-0.031444791704416275,0.5453901886940002,0.6380640268325806,-0.03734485059976578,0.5399634838104248,0.5963268876075745,-0.04247600585222244,0.5620582103729248,0.7826745510101318,-0.03418724611401558,0.5526350736618042,0.7310026288032532,-0.046567805111408234,0.5456708669662476,0.689936101436615,-0.05288943275809288,0.5419363975524902,0.6538329124450684,-0.0577668659389019,0.47671079635620117,0.8969398736953735,1.8702925785873958e-07,0.5112116932868958,0.8529728651046753,0.0043688928708434105,0.5144798159599304,0.7813755869865417,0.006721088197082281,0.5129240155220032,0.7308598160743713,0.0047644274309277534,0.5154430270195007,0.6976366639137268,0.0029383643995970488,0.47910410165786743,0.7427122592926025,0.0049653551541268826,0.49277976155281067,0.6668246388435364,-0.009427760727703571,0.5055083632469177,0.6131606101989746,-0.02046002261340618,0.5186932682991028,0.5723169445991516,-0.027807369828224182,0.47151798009872437,0.7486628890037537,-0.007210268173366785,0.4891566038131714,0.6614763140678406,-0.02381732128560543,0.5059791803359985,0.6048476696014404,-0.03699829801917076,0.5227261781692505,0.5599528551101685,-0.04400823265314102,0.4762159585952759,0.7612273097038269,-0.020154569298028946,0.49425503611564636,0.6759753227233887,-0.03600342571735382,0.5107904672622681,0.6217195987701416,-0.04699958860874176,0.526416003704071,0.5788488984107971,-0.05163280665874481,0.4932102560997009,0.7792612314224243,-0.03310077637434006,0.5039107203483582,0.7196564078330994,-0.045592524111270905,0.5148777365684509,0.6775122880935669,-0.05187176167964935,0.5278168320655823,0.6417843103408813,-0.054526858031749725
0.5770067572593689,0.9021230936050415,-6.070144564773727e-08,0.5493026375770569,0.8403356075286865,0.007684142328798771,0.543013334274292,0.7738755941390991,0.009655175730586052,0.5449515581130981,0.7248326539993286,0.008484415709972382,0.5424529910087585,0.6864153146743774,0.005786499939858913,0.5674563646316528,0.745292603969574,0.004980889614671469,0.5534332394599915,0.6794807314872742,-0.007164758630096912,0.5426910519599915,0.6322200298309326,-0.01869087480008602,0.5354769229888916,0.5922789573669434,-0.02772464044392109,0.5729135870933533,0.7522776126861572,-0.007429308257997036,0.5570768117904663,0.6731800436973572,-0.01716608554124832,0.5445005893707275,0.6195652484893799,-0.0246865376830101,0.5382705926895142,0.5724698901176453,-0.03156638145446777,0.5709620714187622,0.7652793526649475,-0.020670389756560326,0.5558188557624817,0.6883956789970398,-0.030576573684811592,0.5436257123947144,0.6383899450302124,-0.03564428165555,0.5385165214538574,0.5972669124603271,-0.04008462280035019,0.5619349479675293,0.7832154035568237,-0.03394221514463425,0.5509697794914246,0.7318567037582397,-0.04602079093456268,0.543319582939148,0.6910140514373779,-0.05196863040328026,0.5395486354827881,0.6549956798553467,-0.05640813335776329,0.47609710693359375,0.8971565961837769,1.9034462184208678e-07,0.5038803219795227,0.8508115410804749,0.003243257524445653,0.507839560508728,0.7828515768051147,0.004876893013715744,0.5072164535522461,0.7344292402267456,0.002045978559181094,0.5105370879173279,0.7017205357551575,-0.0005265119834803045,0.4789733290672302,0.7458943724632263,0.007622164208441973,0.49238866567611694,0.6725068688392639,-0.006367354653775692,0.504862904548645,0.6200354695320129,-0.01771913655102253,0.5171769857406616,0.5786126852035522,-0.025310076773166656,0.47224342823028564,0.7505812644958496,-0.003917976748198271,0.4895307123661041,0.6668293476104736,-0.01964792236685753,0.5058696866035461,0.6113312244415283,-0.03288194164633751,0.5214779376983643,0.565760612487793,-0.040042534470558167,0.47747132182121277,0.7614027261734009,-0.01652996614575386,0.4951361119747162,0.6787664294242859,-0.030633946880698204,0.510921061038971,0.6260949969291687,-0.04030360281467438,0.5253539085388184,0.5838680267333984,-0.04420631378889084,0.49429282546043396,0.7780419588088989,-0.029528021812438965,0.5041915774345398,0.7191606760025024,-0.039822809398174286,0.5141271948814392,0.6782972812652588,-0.044599276036024094,0.5259566903114319,0.6435853242874146,-0.046280499547719955
0.5732603073120117,0.9055764079093933,-1.122652548701808e-07,0.5427753329277039,0.8469619750976562,0.0062686726450920105,0.5372949242591858,0.7802802324295044,0.007583006750792265,0.5374994277954102,0.734422504901886,0.005822029430419207,0.5348226428031921,0.6967518329620361,0.0023845145478844643,0.5688862204551697,0.7436306476593018,0.0039599305018782616,0.5528957843780518,0.6737395524978638,-0.007646714337170124,0.5410609245300293,0.6246097683906555,-0.018941355869174004,0.5324978232383728,0.5835096836090088,-0.028051771223545074,0.575340986251831,0.7512492537498474,-0.008405177854001522,0.5572726726531982,0.6684281229972839,-0.017488539218902588,0.5431191921234131,0.6136488318443298,-0.02574438787996769,0.5349300503730774,0.56705641746521,-0.03351509943604469,0.5732606053352356,0.7648841738700867,-0.021630041301250458,0.5559413433074951,0.6838198900222778,-0.03164242208003998,0.5428045392036438,0.6326274275779724,-0.03765071928501129,0.5364081859588623,0.5910032987594604,-0.042814843356609344,0.5628156661987305,0.7819763422012329,-0.03497760370373726,0.5528128743171692,0.7254621386528015,-0.04764515161514282,0.5446851253509521,0.6836693286895752,-0.0538647435605526,0.5402580499649048,0.6482905149459839,-0.0584300234913826,0.47987666726112366,0.9008995890617371,1.65404784979728e-07,0.5138792395591736,0.8544501662254333,0.003963978495448828,0.5185467004776001,0.7853043675422668,0.0065577211789786816,0.5184744596481323,0.7380214333534241,0.004823767114430666,0.5215620398521423,0.7057461142539978,0.0029640428256243467,0.4860047399997711,0.745902419090271,0.008132356218993664,0.4947162866592407,0.6725428104400635,-0.005222526378929615,0.5051275491714478,0.620559573173523,-0.016844362020492554,0.5167200565338135,0.5795308351516724,-0.024820294231176376,0.4784458577632904,0.7505134344100952,-0.0034199533984065056,0.49024099111557007,0.6678891181945801,-0.01802554726600647,0.5049000382423401,0.613237738609314,-0.03154493123292923,0.5202450752258301,0.569585382938385,-0.03944368660449982,0.48164206743240356,0.7612323760986328,-0.015937238931655884,0.49508097767829895,0.6803783774375916,-0.02990483120083809,0.509844958782196,0.6273117065429688,-0.040544237941503525,0.5241231918334961,0.5863691568374634,-0.04538397490978241,0.49619540572166443,0.7785882353782654,-0.028680140152573586,0.5063750743865967,0.7216702699661255,-0.03939281404018402,0.5165206789970398,0.679546594619751,-0.044643063098192215,0.5279321670532227,0.6451520323753357,-0.04685913026332855
0.5747162103652954,0.9047002792358398,-1.2075526001353865e-07,0.5439439415931702,0.8474009037017822,0.006002345122396946,0.5389907360076904,0.7841764688491821,0.006901274900883436,0.5408800840377808,0.7408245205879211,0.005012869369238615,0.5389400124549866,0.7049675583839417,0.0013798170257359743,0.5710980892181396,0.7450485229492188,0.001304745557717979,0.5537400245666504,0.6762698888778687,-0.010980932042002678,0.541292130947113,0.6271494626998901,-0.02288614772260189,0.5315102934837341,0.5853229761123657,-0.032373495399951935,0.5774431228637695,0.7521895170211792,-0.010768239386379719,0.5581616759300232,0.6695621013641357,-0.019737785682082176,0.5437769293785095,0.6142402291297913,-0.027622414752840996,0.5347897410392761,0.5669196248054504,-0.03528593108057976,0.574516773223877,0.7656104564666748,-0.023510832339525223,0.5569156408309937,0.6844501495361328,-0.033472996205091476,0.5432829260826111,0.6335472464561462,-0.03937869146466255,0.5355766415596008,0.5923287868499756,-0.04459910839796066,0.5632673501968384,0.783167839050293,-0.036358486860990524,0.5535435080528259,0.7268120646476746,-0.049507543444633484,0.5444746017456055,0.6854982972145081,-0.05586777999997139,0.5384957790374756,0.6507419943809509,-0.06044534966349602,0.47770047187805176,0.9004644751548767,1.768467683405106e-07,0.5114579200744629,0.8523118495941162,0.004693448077887297,0.5167545676231384,0.7820804715156555,0.0074318768456578255,0.5169667601585388,0.7329761385917664,0.005625877063721418,0.519762396812439,0.6998791098594666,0.0037502851337194443,0.4830024838447571,0.7428237795829773,0.008236047811806202,0.49364790320396423,0.6673049926757812,-0.005027594976127148,0.5056560039520264,0.615488588809967,-0.01606452465057373,0.5185357332229614,0.5754332542419434,-0.02360096387565136,0.4761044383049011,0.7491340637207031,-0.0038878335617482662,0.49073681235313416,0.6623867154121399,-0.01905968226492405,0.5069766044616699,0.6068753004074097,-0.032623179256916046,0.5230854749679565,0.56307053565979,-0.040315669029951096,0.4802537262439728,0.7621337175369263,-0.016918741166591644,0.4957766532897949,0.6768195629119873,-0.031470973044633865,0.5116130113601685,0.6229288578033447,-0.042433153837919235,0.5261428952217102,0.5811145901679993,-0.04731190949678421,0.4960678517818451,0.7812466621398926,-0.03004619851708412,0.5067572593688965,0.7221442461013794,-0.04160366952419281,0.5174786448478699,0.6792222261428833,-0.04759780690073967,0.529133141040802,0.6434438228607178,-0.050231434404850006
0.5784427523612976,0.9051047563552856,-5.933013014214339e-08,0.5521550178527832,0.8428546190261841,0.007999093271791935,0.5453682541847229,0.778235137462616,0.010007998906075954,0.5459629893302917,0.7323288321495056,0.008699314668774605,0.5435189008712769,0.6959641575813293,0.005683410447090864,0.5715828537940979,0.7514463663101196,0.00412068422883749,0.5560261011123657,0.6868072748184204,-0.00840006023645401,0.5445864796638489,0.6375460624694824,-0.02017262764275074,0.5354414582252502,0.5956608653068542,-0.029162339866161346,0.5762918591499329,0.7587470412254333,-0.008450288325548172,0.5591023564338684,0.6807528734207153,-0.018723635002970695,0.5455513596534729,0.6232889890670776,-0.027270546182990074,0.5367887616157532,0.574196457862854,-0.03490106388926506,0.5724281072616577,0.77015620470047,-0.021636387333273888,0.556881844997406,0.693131685256958,-0.03295920789241791,0.5444806218147278,0.6412642002105713,-0.03966362774372101,0.5368476510047913,0.6005738377571106,-0.044628459960222244,0.5606935620307922,0.7853555083274841,-0.03458695486187935,0.5534957647323608,0.7298086285591125,-0.04729576036334038,0.5462005138397217,0.6879859566688538,-0.05343040078878403,0.5410674214363098,0.6538183093070984,-0.05772930383682251,0.47488707304000854,0.9013699889183044,1.43100720606526e-07,0.5080617666244507,0.8470795154571533,0.007986159063875675,0.5140034556388855,0.7808930277824402,0.011618596501648426,0.515093207359314,0.7346795797348022,0.010039734654128551,0.5192816853523254,0.7019786238670349,0.00770903704687953,0.48200538754463196,0.7461466193199158,0.012879305519163609,0.4928312301635742,0.6707249879837036,-0.00017931136244442314,0.5052569508552551,0.61800217628479,-0.011689551174640656,0.5176388621330261,0.5760554075241089,-0.01963103376328945,0.47665712237358093,0.7513616681098938,-0.000959573604632169,0.48934370279312134,0.6653449535369873,-0.015879683196544647,0.5041829347610474,0.607805073261261,-0.03063793107867241,0.5192508101463318,0.5597513914108276,-0.039563681930303574,0.4809834957122803,0.7639058828353882,-0.015589863061904907,0.4960487484931946,0.6790239214897156,-0.030381226912140846,0.5106765627861023,0.6243341565132141,-0.04313218966126442,0.5245617032051086,0.5806941390037537,-0.049501966685056686,0.49523863196372986,0.7842230796813965,-0.029916448518633842,0.5059590339660645,0.7257009148597717,-0.041932590305805206,0.5153356790542603,0.6828921437263489,-0.04882849380373955,0.5254428386688232,0.6464617848396301,-0.052340514957904816
0.5782743096351624,0.9039297103881836,-2.582228120218133e-08,0.5524490475654602,0.8440840244293213,0.0067761363461613655,0.545943021774292,0.7777904868125916,0.008514031767845154,0.547355055809021,0.7310628890991211,0.007112402003258467,0.5445951223373413,0.6942518949508667,0.004286201670765877,0.5692598819732666,0.7521754503250122,0.003506053239107132,0.5556504130363464,0.6886275410652161,-0.009026188403367996,0.5448305010795593,0.6385595798492432,-0.020830413326621056,0.535445511341095,0.5958632230758667,-0.029948579147458076,0.5743507742881775,0.7584801912307739,-0.00871626939624548,0.5593064427375793,0.6824942231178284,-0.019123239442706108,0.5461751222610474,0.6251405477523804,-0.028115322813391685,0.5370286703109741,0.5750590562820435,-0.03597559779882431,0.5717682242393494,0.7694272994995117,-0.021615736186504364,0.5577017664909363,0.6946027874946594,-0.03228798136115074,0.5452256202697754,0.6431750655174255,-0.03902459144592285,0.537253737449646,0.6024860143661499,-0.0441754013299942,0.5619569420814514,0.7847062349319458,-0.03451479971408844,0.5548150539398193,0.7304167747497559,-0.04641115665435791,0.5470193028450012,0.6893778443336487,-0.052389055490493774,0.5414312481880188,0.6557417511940002,-0.0566747672855854,0.4795687794685364,0.9057549834251404,1.562105467201036e-07,0.5153102278709412,0.8546267151832581,0.005225217901170254,0.5197750329971313,0.7876282930374146,0.008210229687392712,0.5192662477493286,0.740098774433136,0.006897956598550081,0.5222331285476685,0.7066092491149902,0.0050244503654539585,0.4892648458480835,0.7567927837371826,0.009968611411750317,0.49676766991615295,0.6838173270225525,-0.003226179862394929,0.5071856379508972,0.6303433179855347,-0.015034997835755348,0.5181707739830017,0.5880405902862549,-0.022920405492186546,0.4827653467655182,0.7602030634880066,-0.0019367191707715392,0.4932015538215637,0.6781570315361023,-0.015471301041543484,0.5069640874862671,0.6210315227508545,-0.028733039274811745,0.5212963223457336,0.575365424156189,-0.03673875331878662,0.4843110144138336,0.7694120407104492,-0.01485329121351242,0.4969017505645752,0.6885008215904236,-0.02835887297987938,0.5103322863578796,0.6322815418243408,-0.039585717022418976,0.5233423709869385,0.5890088677406311,-0.044990185648202896,0.49457836151123047,0.7863563299179077,-0.027799975126981735,0.5058518648147583,0.7290752530097961,-0.03858591616153717,0.5155306458473206,0.6854799389839172,-0.04424215108156204,0.5255536437034607,0.6497505307197571,-0.04679309204220772
0.5789777636528015,0.9077163338661194,-4.0315008220659365e-08,0.5492627024650574,0.8471479415893555,0.006194462534040213,0.5421475768089294,0.7814234495162964,0.007297297473996878,0.5430129170417786,0.734375536441803,0.005478364881128073,0.5407347679138184,0.6965852975845337,0.0021817011293023825,0.5711125135421753,0.7548272609710693,0.0025182191748172045,0.5570467710494995,0.6887831091880798,-0.009976387023925781,0.5465477705001831,0.6388449668884277,-0.02178463153541088,0.5377487540245056,0.5961689949035645,-0.030978674069046974,0.5762306451797485,0.7615687847137451,-0.009447339922189713,0.5600106120109558,0.6826367974281311,-0.019702104851603508,0.546983003616333,0.6254127025604248,-0.028338158503174782,0.5388709902763367,0.5757883787155151,-0.036097630858421326,0.5726116299629211,0.7722941637039185,-0.02214931882917881,0.5579489469528198,0.6947823166847229,-0.032920610159635544,0.5460368990898132,0.641780436038971,-0.039586346596479416,0.5388633012771606,0.5998071432113647,-0.04478111490607262,0.5613220930099487,0.7865298986434937,-0.034830302000045776,0.5543588995933533,0.729989230632782,-0.0469072125852108,0.5470151901245117,0.6878665685653687,-0.05287856236100197,0.5418853759765625,0.6533709168434143,-0.05720319226384163,0.47126489877700806,0.9028453826904297,1.391128421346366e-07,0.49964770674705505,0.8448970913887024,0.009567413479089737,0.5059937834739685,0.777623176574707,0.012080368585884571,0.5097818970680237,0.7317440509796143,0.009011049754917622,0.515018880367279,0.6982600688934326,0.005765118170529604,0.4785021245479584,0.7429675459861755,0.01279396377503872,0.49363309144973755,0.6654224395751953,-0.0007673846557736397,0.5062268376350403,0.6128062009811401,-0.011959094554185867,0.5183159708976746,0.5709261298179626,-0.019574567675590515,0.47551843523979187,0.7491738200187683,-0.002396369818598032,0.4939349591732025,0.661005437374115,-0.017411205917596817,0.5087140202522278,0.6026023626327515,-0.030780520290136337,0.5230498313903809,0.5533538460731506,-0.03862850368022919,0.4820203185081482,0.7639298439025879,-0.018394628539681435,0.5022084712982178,0.6773439645767212,-0.03186780586838722,0.5163601040840149,0.6232922673225403,-0.042477477341890335,0.5293561220169067,0.5795447826385498,-0.04773765057325363,0.49793002009391785,0.7861635088920593,-0.03416312858462334,0.5088808536529541,0.7276985049247742,-0.044593438506126404,0.5180720090866089,0.6844706535339355,-0.05043971166014671,0.5285957455635071,0.646834135055542,-0.053453683853149414
0.578608512878418,0.9040549993515015,-7.048794259389979e-08,0.5494502186775208,0.849213719367981,0.006639322731643915,0.5425739288330078,0.7873654961585999,0.008214768953621387,0.543004035949707,0.7441514730453491,0.006969273556023836,0.5402734875679016,0.7087977528572083,0.004075213801115751,0.5721533894538879,0.7506692409515381,0.001733643701300025,0.5579149723052979,0.6845678687095642,-0.010335817001760006,0.5465304851531982,0.635596513748169,-0.021559813991189003,0.5374091863632202,0.5945035815238953,-0.030285155400633812,0.5765290260314941,0.7578281164169312,-0.010254175402224064,0.5607599020004272,0.6783689260482788,-0.02007151022553444,0.5475032329559326,0.6221837997436523,-0.028338082134723663,0.5393264889717102,0.5744132399559021,-0.03577759116888046,0.5724285840988159,0.7696754336357117,-0.022827649489045143,0.5583084225654602,0.6925187110900879,-0.03338964283466339,0.5472159385681152,0.6398584842681885,-0.040229592472314835,0.5410857796669006,0.5984554290771484,-0.04558485001325607,0.5610331892967224,0.7851812243461609,-0.03526977077126503,0.5542395114898682,0.7282585501670837,-0.04813273623585701,0.5469622611999512,0.6862363815307617,-0.05456201359629631,0.5420183539390564,0.6520872116088867,-0.059067390859127045,0.47831764817237854,0.9014456868171692,1.772226454477277e-07,0.5093663334846497,0.8545507192611694,0.002992318943142891,0.5139003992080688,0.7866383194923401,0.0051049538888037205,0.5143357515335083,0.7377822399139404,0.002885541645810008,0.5176659226417542,0.7047180533409119,0.0007660275441594422,0.48149412870407104,0.751667320728302,0.007625895086675882,0.4931716024875641,0.6766364574432373,-0.006456216797232628,0.5059140920639038,0.6224049925804138,-0.018275756388902664,0.518622100353241,0.5797621607780457,-0.02612842433154583,0.4751087427139282,0.7559300065040588,-0.0034968664404004812,0.4907265305519104,0.6708086729049683,-0.018997129052877426,0.5072519183158875,0.6133077144622803,-0.03281363844871521,0.5228744149208069,0.5661155581474304,-0.04055797681212425,0.48024094104766846,0.7656661868095398,-0.01564333587884903,0.4967557489871979,0.6829662322998047,-0.029776517301797867,0.5126996636390686,0.6280730962753296,-0.04019137844443321,0.5268329381942749,0.5846549272537231,-0.04465261474251747,0.4965011775493622,0.781006932258606,-0.02817828767001629,0.5068657398223877,0.7215476036071777,-0.03869718685746193,0.5171301960945129,0.6791008114814758,-0.04379761591553688,0.5284507274627686,0.6438770890235901,-0.04571143165230751
0.5761209726333618,0.9040513634681702,-1.0332746569474693e-07,0.5485581159591675,0.8422507047653198,0.0070632752031087875,0.5446149110794067,0.7786372900009155,0.007424067240208387,0.546805739402771,0.7344553470611572,0.00495436554774642,0.5446539521217346,0.6990039944648743,0.0006317108636721969,0.5718298554420471,0.7451885938644409,-0.0011354655725881457,0.5561705231666565,0.6758052110671997,-0.014755191281437874,0.5442214608192444,0.6285120844841003,-0.0269464198499918,0.5351568460464478,0.588424563407898,-0.03635897487401962,0.5772460699081421,0.7532051801681519,-0.013649466447532177,0.5599217414855957,0.6709736585617065,-0.024255571886897087,0.545892596244812,0.616685152053833,-0.03222038224339485,0.5368661880493164,0.5706337094306946,-0.03983301669359207,0.5738486051559448,0.767924964427948,-0.02667512185871601,0.5578041076660156,0.6872383952140808,-0.03718198090791702,0.5448679327964783,0.6353070735931396,-0.04333498701453209,0.5375708937644958,0.5938791632652283,-0.04889073595404625,0.5624691247940063,0.7865224480628967,-0.039553407579660416,0.5525928139686584,0.731145441532135,-0.05258234217762947,0.5446624159812927,0.6887122988700867,-0.059466347098350525,0.5399656295776367,0.6526901125907898,-0.06476236879825592,0.48043015599250793,0.903960645198822,1.4943684334411955e-07,0.514548659324646,0.8590548634529114,0.003843107959255576,0.5208313465118408,0.7912808656692505,0.006835865322500467,0.5211160182952881,0.7447984218597412,0.005594579502940178,0.5240881443023682,0.7117553353309631,0.0038605716545134783,0.49130764603614807,0.7512582540512085,0.009138854220509529,0.49998748302459717,0.6769063472747803,-0.0032758687157183886,0.5108542442321777,0.6234999895095825,-0.01467764750123024,0.5219399929046631,0.580783486366272,-0.022555842995643616,0.48446762561798096,0.7547163963317871,-0.0023754409048706293,0.49469369649887085,0.6699874401092529,-0.01562401931732893,0.5084018707275391,0.6120929718017578,-0.029404617846012115,0.5217735767364502,0.5648305416107178,-0.037912409752607346,0.48625311255455017,0.764266848564148,-0.01488539669662714,0.49850401282310486,0.6799544095993042,-0.028475608676671982,0.5120518803596497,0.6242496967315674,-0.040274135768413544,0.5249873995780945,0.5811057090759277,-0.04616961628198624,0.4975038468837738,0.7806623578071594,-0.027557427063584328,0.5080093145370483,0.722380518913269,-0.03918690234422684,0.5181801319122314,0.6795530915260315,-0.045579828321933746,0.5291966795921326,0.6446253061294556,-0.048615165054798126
0.5778257250785828,0.9066963195800781,-9.20573270946079e-08,0.5435797572135925,0.8489614129066467,0.0060753668658435345,0.5371381044387817,0.7877305150032043,0.006563386879861355,0.537372350692749,0.7462574243545532,0.0041270568035542965,0.5348936915397644,0.7110583782196045,-0.00018654996529221535,0.5736574530601501,0.7480216026306152,0.0001255341194337234,0.5566244125366211,0.6807021498680115,-0.01278657652437687,0.5445435047149658,0.6318554878234863,-0.025104492902755737,0.5345385670661926,0.5896371006965637,-0.03482024371623993,0.5798885226249695,0.7548649907112122,-0.012036165222525597,0.560755729675293,0.6729229688644409,-0.022194238379597664,0.5459842681884766,0.616872251033783,-0.03134383633732796,0.5360550880432129,0.5692738890647888,-0.039822228252887726,0.5759885311126709,0.7679616212844849,-0.024707702919840813,0.5587440729141235,0.6867380738258362,-0.03608432039618492,0.5454879403114319,0.6348523497581482,-0.043599724769592285,0.5368852615356445,0.5935455560684204,-0.04958539083600044,0.5629878640174866,0.7846783995628357,-0.03725675120949745,0.5554154515266418,0.7261406779289246,-0.05108868330717087,0.5472894310951233,0.684248685836792,-0.058245573192834854,0.5413243174552917,0.6493739485740662,-0.06337372958660126,0.47796565294265747,0.8995397090911865,1.640052147422466e-07,0.5086158514022827,0.8512095808982849,0.005454909522086382,0.5110771656036377,0.7816476821899414,0.007861447520554066,0.5100753307342529,0.7320993542671204,0.005770767107605934,0.5130090117454529,0.6981439590454102,0.0036587996874004602,0.47892245650291443,0.7520140409469604,0.007357241585850716,0.4920435845851898,0.6772099733352661,-0.006412649992853403,0.504685640335083,0.6245655417442322,-0.01720445416867733,0.5165615081787109,0.5838456153869629,-0.024195240810513496,0.47276070713996887,0.7570254802703857,-0.004731975961476564,0.4887318015098572,0.6716928482055664,-0.01979459822177887,0.5052388906478882,0.6149634122848511,-0.032204654067754745,0.5211325883865356,0.5689665079116821,-0.03896464407444,0.4783894121646881,0.767332911491394,-0.01762290857732296,0.4947957992553711,0.6835788488388062,-0.03162918984889984,0.511374831199646,0.6297919154167175,-0.0414951890707016,0.5266655683517456,0.5878365635871887,-0.045594312250614166,0.4959890842437744,0.7828149795532227,-0.030520504340529442,0.5061358213424683,0.7227509021759033,-0.04061766713857651,0.5165637731552124,0.680883526802063,-0.04531640186905861,0.5282701253890991,0.6463229656219482,-0.04714842513203621
0.5788981318473816,0.9032695293426514,-3.5007143850407374e-08,0.5485122799873352,0.8404568433761597,0.0065665943548083305,0.5424413084983826,0.7728591561317444,0.007804643828421831,0.5442444682121277,0.72523033618927,0.006022789981216192,0.5418431758880615,0.6870009899139404,0.0027191389817744493,0.569493293762207,0.745302677154541,0.0027523329481482506,0.5542187094688416,0.6803065538406372,-0.010397407226264477,0.5431411862373352,0.630294919013977,-0.022900493815541267,0.5339176654815674,0.5871505737304688,-0.03267531096935272,0.5750301480293274,0.7535603046417236,-0.009727793745696545,0.5582206845283508,0.6763233542442322,-0.020080916583538055,0.5453680753707886,0.6206300854682922,-0.028825094923377037,0.5376999378204346,0.5716791152954102,-0.0367593839764595,0.5725594162940979,0.7669891119003296,-0.023040644824504852,0.5566139221191406,0.6912668347358704,-0.0340401865541935,0.544389009475708,0.6401742100715637,-0.04059045389294624,0.5377998352050781,0.5989174842834473,-0.04587487503886223,0.5622447729110718,0.7846131324768066,-0.03638530895113945,0.5535953044891357,0.7310844659805298,-0.04912911728024483,0.5461713075637817,0.6894553899765015,-0.05559994652867317,0.541880190372467,0.6542260050773621,-0.060399170964956284,0.48046109080314636,0.9012964367866516,1.692470021907866e-07,0.5171058773994446,0.8524751663208008,0.005448049400001764,0.521769642829895,0.7852177023887634,0.008742595091462135,0.5205333828926086,0.7392875552177429,0.007321396842598915,0.5232178568840027,0.7069924473762512,0.005807980429381132,0.48732057213783264,0.7438139915466309,0.011378479190170765,0.49647021293640137,0.6713465452194214,-0.001102434005588293,0.5067566633224487,0.6204689741134644,-0.012171773239970207,0.5180416107177734,0.580101728439331,-0.01987687312066555,0.4797994792461395,0.7489449977874756,-0.0009640663047321141,0.4921478033065796,0.6671707034111023,-0.014796527102589607,0.5064578056335449,0.6133583188056946,-0.02817082777619362,0.5211807489395142,0.5700725317001343,-0.036087822169065475,0.4828687906265259,0.7609089612960815,-0.014420467428863049,0.49567610025405884,0.6795247197151184,-0.02843259647488594,0.5093486905097961,0.6264371275901794,-0.03980550915002823,0.5223990678787231,0.5854682922363281,-0.045169539749622345,0.4972308278083801,0.7800186276435852,-0.027958547696471214,0.5071450471878052,0.7233389616012573,-0.039245087653398514,0.5168187022209167,0.680921733379364,-0.04552317410707474,0.5270702838897705,0.645569384098053,-0.048570677638053894
0.5756926536560059,0.9049800038337708,-5.767540756096423e-08,0.5433405637741089,0.8458701968193054,0.005310575943440199,0.5372285842895508,0.7813535332679749,0.006581761874258518,0.5380518436431885,0.7365075945854187,0.005082814488559961,0.5353688597679138,0.6998816728591919,0.002179351868107915,0.5689310431480408,0.7467491030693054,0.0030092624947428703,0.555009126663208,0.6824773550033569,-0.009044193662703037,0.5445327758789062,0.6333098411560059,-0.02090507745742798,0.5362698435783386,0.5907623767852783,-0.030454065650701523,0.5746282339096069,0.753652036190033,-0.0086058946326375,0.5587121248245239,0.6757470369338989,-0.018653107807040215,0.5460774898529053,0.6197590827941895,-0.027609407901763916,0.5388713479042053,0.5707506537437439,-0.035604216158390045,0.5719969868659973,0.7659245729446411,-0.021084312349557877,0.5573372840881348,0.6901804804801941,-0.03203544393181801,0.5461321473121643,0.6382207870483398,-0.039099372923374176,0.5400879979133606,0.596127450466156,-0.044619861990213394,0.5616793036460876,0.7823862433433533,-0.03369174525141716,0.5543376207351685,0.727502703666687,-0.04684916511178017,0.5468316078186035,0.6855954527854919,-0.053608108311891556,0.542058527469635,0.6506491303443909,-0.05840320512652397,0.4802876114845276,0.9005281329154968,1.597975654021866e-07,0.5176793336868286,0.8643081188201904,0.0055672661401331425,0.5250341892242432,0.7931361794471741,0.011481015011668205,0.5262231230735779,0.7455489635467529,0.012599509209394455,0.5287759900093079,0.7136529684066772,0.013019472360610962,0.4933609962463379,0.7512915730476379,0.0143761420622468,0.501781702041626,0.683512806892395,0.005030589643865824,0.5125824809074402,0.6348882913589478,-0.004839778412133455,0.5234663486480713,0.596693217754364,-0.012027932330965996,0.4838198721408844,0.7554576992988586,0.003001959528774023,0.4940646290779114,0.6765667796134949,-0.007585869636386633,0.5083775520324707,0.6255937814712524,-0.020294446498155594,0.5216682553291321,0.5839334726333618,-0.028209423646330833,0.48525041341781616,0.7653143405914307,-0.009291796945035458,0.49660444259643555,0.685109555721283,-0.022012963891029358,0.5102367401123047,0.6356090903282166,-0.03280008211731911,0.5221771001815796,0.5961979627609253,-0.03785174340009689,0.49718838930130005,0.7810760140419006,-0.021646590903401375,0.5063579678535461,0.7215349078178406,-0.03369184210896492,0.5160387754440308,0.679093062877655,-0.040041059255599976,0.5256285071372986,0.6439605951309204,-0.04281264543533325
0.5768018960952759,0.9066815972328186,-4.364149219782121e-08,0.5472100973129272,0.8460205793380737,0.005579447839409113,0.5408117771148682,0.7821831107139587,0.006255340296775103,0.5425025224685669,0.7371786236763,0.004069746471941471,0.540522575378418,0.7005741596221924,0.00047155527863651514,0.569220781326294,0.7494791746139526,0.002370511880144477,0.5559325218200684,0.6859468221664429,-0.01042592991143465,0.5458517670631409,0.6370817422866821,-0.022973285987973213,0.5376719236373901,0.5946478247642517,-0.0328909233212471,0.5744940638542175,0.7558486461639404,-0.009515794925391674,0.5589830875396729,0.6786059141159058,-0.01961654983460903,0.5471251010894775,0.6226129531860352,-0.028478682041168213,0.540238618850708,0.5729227066040039,-0.03660517930984497,0.5719667077064514,0.7679210901260376,-0.02225266769528389,0.5574647188186646,0.692143976688385,-0.032766517251729965,0.5467662811279297,0.6408054232597351,-0.03925033658742905,0.540726363658905,0.5987774133682251,-0.044649042189121246,0.5620560050010681,0.7845408916473389,-0.03514843061566353,0.5544130206108093,0.7310636043548584,-0.047599051147699356,0.5474262833595276,0.689895510673523,-0.053799718618392944,0.5430395603179932,0.6547294855117798,-0.058419402688741684,0.4799031913280487,0.9031243324279785,1.4670280279460712e-07,0.5152415037155151,0.8534202575683594,0.0049462830647826195,0.5199452638626099,0.7842295169830322,0.00786046963185072,0.5193653702735901,0.7359133362770081,0.006661633029580116,0.5215140581130981,0.7029852271080017,0.005016104318201542,0.4874774217605591,0.7471601963043213,0.007521932478994131,0.49637076258659363,0.6732620596885681,-0.005324485246092081,0.5063298940658569,0.6224032044410706,-0.016230937093496323,0.5173059105873108,0.5828251838684082,-0.023649536073207855,0.4810929298400879,0.7528002858161926,-0.004020411521196365,0.49184638261795044,0.6692019104957581,-0.018143029883503914,0.5051931738853455,0.6144208908081055,-0.031096898019313812,0.5191268920898438,0.5707798004150391,-0.038754142820835114,0.4840700626373291,0.7655922174453735,-0.016401994973421097,0.49637407064437866,0.6829358339309692,-0.03036513365805149,0.5096513628959656,0.6287426352500916,-0.0415460579097271,0.5228068232536316,0.5865722298622131,-0.04687054827809334,0.49666252732276917,0.7857005596160889,-0.02871212363243103,0.5060864686965942,0.7274127006530762,-0.04010193049907684,0.5156838893890381,0.6837096214294434,-0.0463641881942749,0.5263338685035706,0.6474688053131104,-0.04942850023508072
0.5790040493011475,0.9038876891136169,-3.0441096754429964e-08,0.5502046346664429,0.8410832285881042,0.004791545681655407,0.5446062088012695,0.7753397822380066,0.005175747908651829,0.5480204224586487,0.727904200553894,0.0030040470883250237,0.5465127229690552,0.6905379295349121,-0.0004382806073408574,0.570137083530426,0.7451394200325012,0.0010168172884732485,0.5560754537582397,0.6810392737388611,-0.012583492323756218,0.5457147359848022,0.6318212747573853,-0.025509066879749298,0.5368306040763855,0.5894865393638611,-0.03566928207874298,0.5752427577972412,0.7527243494987488,-0.010677140206098557,0.5592519044876099,0.6754135489463806,-0.021533027291297913,0.5475872755050659,0.6198397874832153,-0.030175361782312393,0.5405559539794922,0.5705927610397339,-0.03805750980973244,0.5725741386413574,0.7668401598930359,-0.023412395268678665,0.5576830506324768,0.6915537118911743,-0.03441246226429939,0.5471898913383484,0.6417703628540039,-0.04070412367582321,0.5415257215499878,0.6007187366485596,-0.04606569930911064,0.5629275441169739,0.7862165570259094,-0.0364096462726593,0.5545154809951782,0.7352034449577332,-0.04998013377189636,0.5474515557289124,0.6944908499717712,-0.05717436596751213,0.5430942177772522,0.6582877039909363,-0.06250858306884766,0.47946205735206604,0.900732696056366,1.5710088518972043e-07,0.5139018297195435,0.8522310853004456,0.00520091038197279,0.5193160176277161,0.782755434513092,0.008519959636032581,0.5186996459960938,0.7351159453392029,0.0072257546707987785,0.5213862657546997,0.7022544741630554,0.005532294977456331,0.4848308563232422,0.7456786036491394,0.00980388093739748,0.49443748593330383,0.6726877093315125,-0.0029911191668361425,0.5050116777420044,0.6206516027450562,-0.014287990517914295,0.5170854330062866,0.5796814560890198,-0.022081386297941208,0.4781847596168518,0.7513710260391235,-0.0022346375044435263,0.48995405435562134,0.6672737002372742,-0.016632599756121635,0.5043069124221802,0.6117216348648071,-0.03035651706159115,0.5195315480232239,0.5670610666275024,-0.03830871731042862,0.4823057949542999,0.7637785077095032,-0.015127741731703281,0.49538522958755493,0.6802409887313843,-0.0292854942381382,0.5094562768936157,0.6261603832244873,-0.040483567863702774,0.5235252380371094,0.5838018655776978,-0.04556775838136673,0.49779972434043884,0.7831194400787354,-0.02806035429239273,0.5069250464439392,0.7237225770950317,-0.03941688314080238,0.5166812539100647,0.680584728717804,-0.04523428902029991,0.5278459191322327,0.6447741389274597,-0.047750625759363174
0.5750452280044556,0.9049190878868103,-8.211097934918143e-08,0.5436440706253052,0.8397161364555359,0.006744410376995802,0.5371848940849304,0.7735854983329773,0.007928729057312012,0.5374199748039246,0.7261489033699036,0.006032339762896299,0.5347233414649963,0.6882850527763367,0.0024333118926733732,0.5689399242401123,0.7403161525726318,0.0031356082763522863,0.5523658990859985,0.6738224029541016,-0.009122594259679317,0.5406991839408875,0.6253848075866699,-0.021348068490624428,0.5315777659416199,0.5835111141204834,-0.031034981831908226,0.5751529335975647,0.7484225034713745,-0.00896544847637415,0.5566627383232117,0.6688486337661743,-0.018333526328206062,0.5429916381835938,0.6141797304153442,-0.02673112042248249,0.5345845818519592,0.5670626759529114,-0.03467344865202904,0.5726349353790283,0.7628793716430664,-0.021798545494675636,0.554924488067627,0.6847742199897766,-0.03200938180088997,0.5423200726509094,0.633521318435669,-0.038479965180158615,0.5351751446723938,0.5920363664627075,-0.04393238201737404,0.5616770386695862,0.7818527817726135,-0.034651827067136765,0.552709698677063,0.7271921038627625,-0.047231242060661316,0.5445942282676697,0.6846193671226501,-0.05375043675303459,0.5391482710838318,0.6488571763038635,-0.05856679007411003,0.4765608608722687,0.9001652598381042,1.8373178534147883e-07,0.5082736611366272,0.847998857498169,0.003947489429265261,0.5128147006034851,0.7808120846748352,0.006107795052230358,0.5119507312774658,0.7335481643676758,0.0035011505242437124,0.5155630111694336,0.7009809613227844,0.0009361756965517998,0.48070386052131653,0.7445288896560669,0.01108412817120552,0.49237093329429626,0.6711972951889038,-0.002893923781812191,0.5048642754554749,0.6189192533493042,-0.015038427896797657,0.5176326036453247,0.577046275138855,-0.02325478196144104,0.47420403361320496,0.7502511739730835,-0.001146224676631391,0.48899638652801514,0.6667648553848267,-0.016759507358074188,0.5048269033432007,0.6098760962486267,-0.03138037025928497,0.52105712890625,0.5619721412658691,-0.03977522626519203,0.4787309169769287,0.7619284391403198,-0.014672906138002872,0.49478358030319214,0.680068850517273,-0.029358016327023506,0.5101475715637207,0.6258731484413147,-0.040654998272657394,0.5246068239212036,0.5824189186096191,-0.04565464332699776,0.4939907491207123,0.7796082496643066,-0.02853683941066265,0.5044896602630615,0.7219576835632324,-0.03935655578970909,0.5148093104362488,0.6804744601249695,-0.04487963020801544,0.5266937613487244,0.6453334093093872,-0.04715850576758385
0.5758558511734009,0.9023980498313904,-1.0135246952813759e-07,0.5481236577033997,0.8410964608192444,0.007344954647123814,0.5421963930130005,0.7779288291931152,0.00867374800145626,0.5438852310180664,0.7324836850166321,0.006894618738442659,0.5419968962669373,0.6962853074073792,0.003255711402744055,0.5683391690254211,0.7391788363456726,0.0029498173389583826,0.551426351070404,0.6706075668334961,-0.009185077622532845,0.5396348237991333,0.6216627955436707,-0.020810024812817574,0.530651867389679,0.5796672701835632,-0.029917851090431213,0.5747340321540833,0.7465971112251282,-0.009408851154148579,0.5561853051185608,0.6640847325325012,-0.0186946839094162,0.5423061847686768,0.6092506647109985,-0.026504890993237495,0.5332525372505188,0.5622032284736633,-0.0338730551302433,0.5727071166038513,0.7607265710830688,-0.022381294518709183,0.5552869439125061,0.6802631616592407,-0.0322970487177372,0.5424190759658813,0.6290465593338013,-0.03818919509649277,0.53495192527771,0.5877618193626404,-0.04325159639120102,0.5628328919410706,0.7792174816131592,-0.035270512104034424,0.5527235269546509,0.7234567403793335,-0.04751218855381012,0.5445572137832642,0.6816658973693848,-0.05351894721388817,0.539151132106781,0.6460741758346558,-0.05795371159911156,0.4751250147819519,0.9011801481246948,1.523809487480321e-07,0.5092340707778931,0.8432989120483398,0.00626740138977766,0.5140557885169983,0.7735046744346619,0.008988307788968086,0.5131094455718994,0.7256999611854553,0.006609607022255659,0.5166429281234741,0.6916537284851074,0.004042100161314011,0.48291176557540894,0.7387406826019287,0.013605504296720028,0.4940301775932312,0.6665931940078735,-8.944195724325255e-05,0.5052357316017151,0.6141044497489929,-0.012568000704050064,0.5167533159255981,0.5718039274215698,-0.02119440585374832,0.4774179756641388,0.7448729872703552,0.0003459794679656625,0.49078673124313354,0.6621082425117493,-0.014695036225020885,0.5043432116508484,0.6038945317268372,-0.029247796162962914,0.5190345644950867,0.5538124442100525,-0.03798422962427139,0.48170143365859985,0.7579368352890015,-0.014135017991065979,0.4972958564758301,0.6752450466156006,-0.028265705332159996,0.5106601119041443,0.6210351586341858,-0.03938160836696625,0.5236174464225769,0.5770664215087891,-0.044595420360565186,0.49547988176345825,0.778704822063446,-0.028788870200514793,0.5053463578224182,0.7208601236343384,-0.0393986813724041,0.5141744613647461,0.6780679225921631,-0.044943083077669144,0.5241438746452332,0.6416813731193542,-0.047491405159235
0.573569655418396,0.9044837355613708,-1.4104298884376476e-07,0.5427219271659851,0.8388188481330872,0.005110427737236023,0.5369596481323242,0.7715035676956177,0.005170298274606466,0.5380620956420898,0.7223759293556213,0.0024854736402630806,0.5353308320045471,0.6841583847999573,-0.001790939480997622,0.5704697966575623,0.7313214540481567,0.0010864222422242165,0.5503460168838501,0.6597076058387756,-0.010457233525812626,0.5372496843338013,0.6121680736541748,-0.021859588101506233,0.5278457403182983,0.5710856318473816,-0.03139106556773186,0.576970100402832,0.7410807013511658,-0.010849331505596638,0.5556403398513794,0.655705988407135,-0.019786756485700607,0.5405183434486389,0.6022189259529114,-0.027292000129818916,0.5302027463912964,0.5580949783325195,-0.03498976677656174,0.574715793132782,0.7583435773849487,-0.023711401969194412,0.5545831918716431,0.6753721833229065,-0.033732134848833084,0.5398352146148682,0.6258434057235718,-0.039560772478580475,0.5311015248298645,0.586514413356781,-0.045128121972084045,0.5643677711486816,0.7806166410446167,-0.036741919815540314,0.5522036552429199,0.72435462474823,-0.04995478689670563,0.542975127696991,0.6823950409889221,-0.05694536864757538,0.5371795296669006,0.6465007066726685,-0.06240175664424896,0.47469085454940796,0.899170994758606,1.5106580519841373e-07,0.5080617666244507,0.8472610116004944,0.00541946804150939,0.5139873027801514,0.7797088623046875,0.0081360824406147,0.5149754285812378,0.7327987551689148,0.00613889517262578,0.5193526744842529,0.6993260979652405,0.003736332291737199,0.4812014400959015,0.744382381439209,0.01063824538141489,0.4915427267551422,0.6681437492370605,-0.002550059463828802,0.5037844777107239,0.6157218813896179,-0.014073239639401436,0.5154354572296143,0.5737362504005432,-0.021886499598622322,0.4757717549800873,0.7497888207435608,-0.0018934471299871802,0.4888108968734741,0.6648068428039551,-0.016559608280658722,0.5039048194885254,0.6080393195152283,-0.03074866160750389,0.5182932019233704,0.5604567527770996,-0.03919374570250511,0.4800844192504883,0.7622875571250916,-0.01542243268340826,0.49539244174957275,0.6779717803001404,-0.02956244722008705,0.510566234588623,0.6238338947296143,-0.04103376343846321,0.524393618106842,0.5804728865623474,-0.04645272344350815,0.49398279190063477,0.7816213965415955,-0.028961272910237312,0.5047532916069031,0.7218867540359497,-0.03998159244656563,0.515171229839325,0.6788665056228638,-0.045705340802669525,0.5261742472648621,0.6426867246627808,-0.048297882080078125
0.5746643543243408,0.9032959342002869,-1.0350422030569462e-07,0.5460538864135742,0.8407584428787231,0.0075477962382137775,0.53978431224823,0.775774359703064,0.008895549923181534,0.5402105450630188,0.7290754914283752,0.0070863026194274426,0.5377132296562195,0.6921002268791199,0.0035981344990432262,0.5695285797119141,0.7404167056083679,0.0025502170901745558,0.5525637865066528,0.6721820831298828,-0.010012526996433735,0.5405712127685547,0.6249359846115112,-0.021846801042556763,0.5312404632568359,0.5848791003227234,-0.03098820522427559,0.5744039416313171,0.7483768463134766,-0.010097626596689224,0.5568736791610718,0.666747510433197,-0.019595520570874214,0.5428639054298401,0.612878143787384,-0.027222301810979843,0.5338544845581055,0.5672147274017334,-0.03445280343294144,0.5709018707275391,0.7628472447395325,-0.023421699181199074,0.5544438362121582,0.6830834150314331,-0.033848345279693604,0.5418609976768494,0.6321913003921509,-0.03977366164326668,0.534903883934021,0.5916482210159302,-0.04473210126161575,0.5593667030334473,0.7819162607192993,-0.036651141941547394,0.5508743524551392,0.7260663509368896,-0.04956839606165886,0.5431115627288818,0.68326336145401,-0.056034576147794724,0.5381722450256348,0.6477862000465393,-0.06074821576476097,0.47973981499671936,0.9015615582466125,1.5265081287907378e-07,0.5169616937637329,0.8564683198928833,0.004822516348212957,0.5212380290031433,0.7889220714569092,0.008264847099781036,0.5204181671142578,0.741777241230011,0.007263655308634043,0.5235756635665894,0.7102464437484741,0.0059240953996777534,0.48729363083839417,0.7515130043029785,0.009855058044195175,0.4951401948928833,0.6774134039878845,-0.0030371833126991987,0.5062630772590637,0.624472439289093,-0.014412214048206806,0.5182235836982727,0.5828596353530884,-0.02228463813662529,0.4800032675266266,0.7553117871284485,-0.0021899337880313396,0.4901537001132965,0.6717081069946289,-0.016408327966928482,0.5053091049194336,0.6164060831069946,-0.030041087418794632,0.521163821220398,0.5722005367279053,-0.03817400708794594,0.482456773519516,0.7645819187164307,-0.01528493408113718,0.4931538999080658,0.6813148260116577,-0.029986482113599777,0.5076072812080383,0.6257451772689819,-0.041465114802122116,0.5219511389732361,0.582366406917572,-0.046784691512584686,0.495608925819397,0.7806785702705383,-0.028455380350351334,0.5052033066749573,0.7209581732749939,-0.04042680189013481,0.5159652829170227,0.6775383353233337,-0.04652094095945358,0.5276774764060974,0.6420421600341797,-0.04929189756512642
0.5753006339073181,0.8991589546203613,-7.705047977424329e-08,0.5459230542182922,0.8387011289596558,0.006049753166735172,0.5417336821556091,0.7728290557861328,0.0075831045396625996,0.5444234013557434,0.7266418933868408,0.00612739147618413,0.5431479215621948,0.6895663738250732,0.0031503611244261265,0.5695134997367859,0.7405152320861816,0.003988343290984631,0.5548341274261475,0.6764315366744995,-0.008396674878895283,0.5434051156044006,0.6285998821258545,-0.02077055349946022,0.5342497229576111,0.5875309109687805,-0.03045431710779667,0.5741766691207886,0.7472237944602966,-0.007812409661710262,0.557493269443512,0.6698153018951416,-0.017290033400058746,0.5432682633399963,0.6155743598937988,-0.025742612779140472,0.534570574760437,0.5680415034294128,-0.033368729054927826,0.5709884762763977,0.7595062255859375,-0.02046678587794304,0.5554935336112976,0.6836413741111755,-0.030573273077607155,0.5425605773925781,0.6334547996520996,-0.036342646926641464,0.5354275107383728,0.592043936252594,-0.04116615280508995,0.5603121519088745,0.7763985395431519,-0.03327362611889839,0.5516916513442993,0.7231332659721375,-0.045297879725694656,0.5440146327018738,0.6830686330795288,-0.050697650760412216,0.5394981503486633,0.6490564346313477,-0.054607655853033066,0.48146820068359375,0.8990440368652344,1.5035396927487454e-07,0.5173548460006714,0.8547106385231018,0.0029815377201884985,0.5214057564735413,0.7850226759910583,0.006262422073632479,0.5195198655128479,0.7366863489151001,0.00539099657908082,0.5220178961753845,0.7053471803665161,0.004288996569812298,0.4877113401889801,0.7503034472465515,0.009260769933462143,0.4955425560474396,0.6772314310073853,-0.003383516101166606,0.5059494376182556,0.6249862313270569,-0.014791605062782764,0.5173155069351196,0.584104597568512,-0.0225627813488245,0.47970059514045715,0.7547186017036438,-0.0013417764566838741,0.48882898688316345,0.6725757718086243,-0.015213143080472946,0.5030797123908997,0.6171784996986389,-0.028567997738718987,0.5181925892829895,0.5722278952598572,-0.03640351444482803,0.4821773171424866,0.7635558843612671,-0.01311478205025196,0.49258214235305786,0.6822279691696167,-0.026934398338198662,0.5065677762031555,0.6276766657829285,-0.03738883137702942,0.5203214287757874,0.5853792428970337,-0.04193292185664177,0.49578410387039185,0.7781758308410645,-0.02525460161268711,0.5042360424995422,0.7175989151000977,-0.0360698476433754,0.5142845511436462,0.6744784712791443,-0.041131727397441864,0.5254713296890259,0.639843761920929,-0.04306965321302414
0.5725229978561401,0.9017444849014282,-1.0393041094403088e-07,0.5351536273956299,0.84847092628479,0.0017643207684159279,0.5281005501747131,0.7847375869750977,0.00169659242965281,0.5279891490936279,0.740381121635437,-0.0007745095645077527,0.5257167816162109,0.7028934955596924,-0.004749177955091,0.5668684244155884,0.7401653528213501,5.01509930472821e-05,0.5497109293937683,0.6725509762763977,-0.012120412662625313,0.5372908711433411,0.6231830716133118,-0.023809725418686867,0.52782142162323,0.5817428827285767,-0.03305165097117424,0.5736069083213806,0.7466070652008057,-0.010324728675186634,0.5562669038772583,0.6650404334068298,-0.02022656239569187,0.5409618020057678,0.6097173094749451,-0.02934938482940197,0.5313533544540405,0.5635688304901123,-0.037362806499004364,0.5717825293540955,0.7594966292381287,-0.021703995764255524,0.5554770231246948,0.6799134016036987,-0.032877154648303986,0.5415208339691162,0.6296051740646362,-0.039999764412641525,0.5334330201148987,0.5896586179733276,-0.04540837183594704,0.5616561770439148,0.7767704129219055,-0.03354965150356293,0.5534535050392151,0.7201191186904907,-0.04655000567436218,0.5446334481239319,0.6791713237762451,-0.052869200706481934,0.5391575694084167,0.646446943283081,-0.057174768298864365,0.48127278685569763,0.8984729647636414,1.596769720890734e-07,0.518139123916626,0.8561559915542603,0.0036003477871418,0.522321343421936,0.7914667129516602,0.0072119771502912045,0.5194559097290039,0.7471019625663757,0.006649820599704981,0.5218267440795898,0.717231273651123,0.005854352377355099,0.49025678634643555,0.7558115720748901,0.01118321530520916,0.49870121479034424,0.6904278993606567,-0.0003388960612937808,0.5095404386520386,0.6411809921264648,-0.011502153240144253,0.5199851393699646,0.6025987863540649,-0.019201235845685005,0.4812811315059662,0.7582486271858215,0.0005335317109711468,0.4893423616886139,0.6846137642860413,-0.011638140305876732,0.5035161375999451,0.6315125226974487,-0.024756496772170067,0.5172647833824158,0.5865040421485901,-0.033021774142980576,0.4825591742992401,0.7644360065460205,-0.011255303397774696,0.49083879590034485,0.6887126564979553,-0.024037599563598633,0.5033301115036011,0.6358245611190796,-0.03417102247476578,0.5151388049125671,0.593529462814331,-0.03892114385962486,0.4944026470184326,0.7761920094490051,-0.023442262783646584,0.5027636289596558,0.7175149917602539,-0.03342316299676895,0.5120989680290222,0.676122784614563,-0.03793603554368019,0.5217239260673523,0.6428757309913635,-0.03979569673538208
0.5712160468101501,0.9057067632675171,-1.3085936245715857e-07,0.5430108904838562,0.8505381345748901,0.005646826233714819,0.5375216007232666,0.7877616286277771,0.00707280496135354,0.538230836391449,0.7449154853820801,0.0055535160936415195,0.5365307927131653,0.7102294564247131,0.0024378886446356773,0.5677154064178467,0.7401723265647888,0.0032775728031992912,0.551051139831543,0.6727821826934814,-0.008819157257676125,0.5391923189163208,0.6246910095214844,-0.020769920200109482,0.5302771329879761,0.5844493508338928,-0.03012078069150448,0.5727935433387756,0.7463400363922119,-0.008678453974425793,0.5557973384857178,0.6653065085411072,-0.01789947971701622,0.5422494411468506,0.6101843118667603,-0.026421044021844864,0.5333435535430908,0.5635066032409668,-0.034153640270233154,0.5704011917114258,0.7594108581542969,-0.021477730944752693,0.5544219017028809,0.6800988912582397,-0.03206142783164978,0.5417458415031433,0.6291295886039734,-0.038809750229120255,0.534346342086792,0.5877494215965271,-0.04419953003525734,0.5605871677398682,0.7779723405838013,-0.03441167250275612,0.5511388778686523,0.7221660614013672,-0.04772321134805679,0.5426645278930664,0.6807339191436768,-0.05412154644727707,0.5371882319450378,0.6463901996612549,-0.05854076147079468,0.47736215591430664,0.8974994421005249,1.6896650834041793e-07,0.5135886073112488,0.8490233421325684,0.005130811594426632,0.5173456072807312,0.7791179418563843,0.008665364235639572,0.5165072679519653,0.7304966449737549,0.007731295190751553,0.5195457339286804,0.6986711621284485,0.006460138130933046,0.48417171835899353,0.7448846697807312,0.010031379759311676,0.49405157566070557,0.6711034178733826,-0.002939618192613125,0.5058690309524536,0.6190637946128845,-0.014262985438108444,0.5185902714729309,0.5775847434997559,-0.02216467633843422,0.4775331914424896,0.7503992319107056,-0.0020951079204678535,0.49078238010406494,0.6663193106651306,-0.016703728586435318,0.5061264038085938,0.6105564832687378,-0.030625032261013985,0.521915078163147,0.5653911828994751,-0.03880113363265991,0.48099833726882935,0.7623845934867859,-0.015194167383015156,0.4951932430267334,0.6791970133781433,-0.029860209673643112,0.5099254250526428,0.6242398023605347,-0.04157483950257301,0.5240750312805176,0.5808315873146057,-0.04699232429265976,0.49520522356033325,0.781061053276062,-0.028338981792330742,0.505853533744812,0.7227935194969177,-0.04028318449854851,0.5166439414024353,0.6796593070030212,-0.04691092297434807,0.5282905697822571,0.6434809565544128,-0.05005162954330444
0.5738816261291504,0.9065809845924377,-1.2831125673073984e-07,0.5426910519599915,0.8457250595092773,0.006480442360043526,0.5382865071296692,0.783008337020874,0.007201704196631908,0.5397579073905945,0.7410911321640015,0.004892016761004925,0.5380609631538391,0.7068806290626526,0.0006503347540274262,0.5725782513618469,0.742886483669281,0.0010459473123773932,0.5545222163200378,0.6760141849517822,-0.012224908918142319,0.5412402153015137,0.6282609701156616,-0.02534104324877262,0.5304235816001892,0.5879899859428406,-0.03519127145409584,0.57831871509552,0.7508965730667114,-0.011159379966557026,0.5590636730194092,0.6703627109527588,-0.020297963172197342,0.543410062789917,0.613556444644928,-0.029060637578368187,0.5324921607971191,0.5660147070884705,-0.03730161860585213,0.5747931599617004,0.7654565572738647,-0.023920362815260887,0.5565916895866394,0.685580849647522,-0.033843863755464554,0.5425198674201965,0.6330571174621582,-0.04047263786196709,0.5338008403778076,0.591392993927002,-0.046051498502492905,0.5621322989463806,0.784496545791626,-0.036704450845718384,0.5522791147232056,0.7270413637161255,-0.048851754516363144,0.5433872938156128,0.6836841702461243,-0.05464090034365654,0.5376375317573547,0.6478677988052368,-0.05885583162307739,0.4765232801437378,0.8961067795753479,1.598407521896661e-07,0.5091485381126404,0.848761796951294,0.006857802625745535,0.5119587779045105,0.7769572138786316,0.010866742581129074,0.510505199432373,0.7265944480895996,0.010128745809197426,0.5123557448387146,0.693229615688324,0.00916105043143034,0.48069337010383606,0.7450096011161804,0.01011449471116066,0.49225667119026184,0.6721664071083069,-0.0020605199970304966,0.5045279264450073,0.6205581426620483,-0.011967997066676617,0.5173947811126709,0.5803097486495972,-0.018842525780200958,0.47376084327697754,0.750812292098999,-0.0024077154230326414,0.48958492279052734,0.6664372086524963,-0.016769956797361374,0.5056426525115967,0.6112094521522522,-0.029449697583913803,0.5216022729873657,0.5654615163803101,-0.036620285362005234,0.4782562851905823,0.7623554468154907,-0.015604918822646141,0.4943903684616089,0.6790403127670288,-0.029584472998976707,0.509556770324707,0.624815046787262,-0.040120650082826614,0.5234043598175049,0.5809387564659119,-0.044757138937711716,0.49446672201156616,0.7791392207145691,-0.02867145836353302,0.5044282078742981,0.7193009853363037,-0.03976980596780777,0.5147959589958191,0.6766452789306641,-0.04580918699502945,0.526668906211853,0.639784038066864,-0.0485575832426548
0.573589563369751,0.9036561250686646,-1.528331097233604e-07,0.543735921382904,0.8385716676712036,0.0073943473398685455,0.5382144451141357,0.7702561020851135,0.008648044429719448,0.5381726622581482,0.721530020236969,0.006851461715996265,0.5355041027069092,0.6831759214401245,0.0035279071889817715,0.5718523859977722,0.7343935966491699,0.0015070000663399696,0.5535175800323486,0.6655876636505127,-0.01115640252828598,0.5400089621543884,0.6180566549301147,-0.02335713617503643,0.5292463302612305,0.5781717300415039,-0.03282041475176811,0.5771539211273193,0.7431858777999878,-0.011113197542726994,0.5584578514099121,0.6607584953308105,-0.02071995474398136,0.5427791476249695,0.6060457229614258,-0.02849358320236206,0.531764805316925,0.5612334609031677,-0.03594096004962921,0.5740718245506287,0.758765697479248,-0.02430422231554985,0.5567013621330261,0.6781297922134399,-0.03453655168414116,0.5422204732894897,0.6277977228164673,-0.040144436061382294,0.5330427885055542,0.5882512927055359,-0.045121997594833374,0.562968909740448,0.7797656059265137,-0.03744363412261009,0.5534208416938782,0.7236266136169434,-0.050495196133852005,0.543649435043335,0.6806178689002991,-0.05674082413315773,0.5364456176757812,0.6458263397216797,-0.061305709183216095,0.4782579243183136,0.8987296223640442,1.8532790591052617e-07,0.5133248567581177,0.8460693359375,0.004955325275659561,0.5168501734733582,0.7789873480796814,0.007575066294521093,0.5151024460792542,0.7339461445808411,0.005538356956094503,0.5181084275245667,0.7020677328109741,0.00309578119777143,0.4820009469985962,0.7423641085624695,0.010969484224915504,0.49212196469306946,0.67176753282547,-0.002542200032621622,0.5029873847961426,0.6212447285652161,-0.014845830388367176,0.5156782269477844,0.5804827213287354,-0.02323118783533573,0.4752010703086853,0.7492637038230896,-0.0012215431779623032,0.4878042936325073,0.669090747833252,-0.01561620645225048,0.5020501017570496,0.61424320936203,-0.02975410409271717,0.5178647041320801,0.5698026418685913,-0.03815241903066635,0.4793858826160431,0.7628213167190552,-0.014516637660562992,0.49277183413505554,0.6835987567901611,-0.028483988717198372,0.5069875717163086,0.6285133361816406,-0.040038205683231354,0.5213330388069153,0.5858765244483948,-0.04544620215892792,0.49491623044013977,0.7832313776016235,-0.0280082318931818,0.5045291781425476,0.7265448570251465,-0.038499560207128525,0.5137299299240112,0.6828175187110901,-0.04400278627872467,0.523881733417511,0.6470281481742859,-0.046442318707704544
0.5727038383483887,0.9020881652832031,-1.3127376519150857e-07,0.550869882106781,0.8355914950370789,0.009755974635481834,0.5452084541320801,0.7661871314048767,0.011775529943406582,0.5454203486442566,0.7171267867088318,0.010090301744639874,0.5422070026397705,0.6789560914039612,0.006593427155166864,0.5703186392784119,0.7387228012084961,0.003573408117517829,0.553916871547699,0.6710699796676636,-0.009626560844480991,0.5418755412101746,0.6239051818847656,-0.022327853366732597,0.5323247313499451,0.5832125544548035,-0.032274965196847916,0.575312614440918,0.748112142086029,-0.010390362702310085,0.5569997429847717,0.6669644117355347,-0.02052733674645424,0.542255699634552,0.6121681928634644,-0.02861611731350422,0.5324441194534302,0.5648306608200073,-0.036412958055734634,0.5724497437477112,0.7632994055747986,-0.02490398660302162,0.5543936491012573,0.6835157871246338,-0.03521198034286499,0.5410757660865784,0.6323559880256653,-0.04068979620933533,0.533677875995636,0.5908463001251221,-0.04570069536566734,0.5617318749427795,0.7829375863075256,-0.03924758732318878,0.5512799620628357,0.727743923664093,-0.05249614268541336,0.5428062081336975,0.6838675141334534,-0.05905197933316231,0.5378175973892212,0.6472393274307251,-0.0639987587928772,0.4779736399650574,0.9002910256385803,1.382668557425859e-07,0.5132163763046265,0.8515678644180298,0.005661309231072664,0.5172655582427979,0.7800626158714294,0.009404195472598076,0.5165101289749146,0.7306911945343018,0.008500276133418083,0.5189631581306458,0.697717547416687,0.007252905983477831,0.4854804575443268,0.7439850568771362,0.011225719936192036,0.4943113625049591,0.6695133447647095,-0.0014474326744675636,0.5053117275238037,0.6165550947189331,-0.012666222639381886,0.5168017148971558,0.5755360722541809,-0.020332610234618187,0.4787081778049469,0.748633086681366,-0.0011499791871756315,0.49003222584724426,0.6628643870353699,-0.015388248488307,0.5042834877967834,0.6060816049575806,-0.02876151166856289,0.5189809203147888,0.5600038766860962,-0.03654300421476364,0.481802374124527,0.7592155337333679,-0.014569143764674664,0.4946867823600769,0.6748067736625671,-0.028430046513676643,0.5093480348587036,0.6213065981864929,-0.03898203745484352,0.5233059525489807,0.579361617565155,-0.04359838739037514,0.495171457529068,0.7767695188522339,-0.028094515204429626,0.5058445930480957,0.7163136601448059,-0.03868706151843071,0.5171046853065491,0.6740822792053223,-0.043867096304893494,0.5293501019477844,0.6393074989318848,-0.04601775109767914
0.5716427564620972,0.9024145603179932,-1.6174880101971212e-07,0.5457369089126587,0.8427627682685852,0.007676632609218359,0.5387345552444458,0.7755471467971802,0.010610702447593212,0.5381307005882263,0.7271193265914917,0.010397398844361305,0.534907341003418,0.6897701025009155,0.008753988891839981,0.5660861134529114,0.7321562170982361,0.006034993100911379,0.5492188930511475,0.6626842617988586,-0.004807975143194199,0.5371237993240356,0.6149497032165527,-0.01521079521626234,0.5281937718391418,0.5755836367607117,-0.023502741008996964,0.5723902583122253,0.740278422832489,-0.006371901836246252,0.5550488829612732,0.6574210524559021,-0.015243548899888992,0.5412747859954834,0.603449285030365,-0.022272272035479546,0.5318456292152405,0.5590054392814636,-0.028742806985974312,0.5711452960968018,0.7549316883087158,-0.01968575268983841,0.5543562769889832,0.674668550491333,-0.02975037693977356,0.5410857200622559,0.6245208382606506,-0.03531169146299362,0.5333570241928101,0.5843052864074707,-0.039899203926324844,0.5625975131988525,0.7750306725502014,-0.032959550619125366,0.550853431224823,0.7201563119888306,-0.04595634713768959,0.5416577458381653,0.6784911751747131,-0.05223649740219116,0.5355476140975952,0.6436574459075928,-0.056616444140672684,0.47613561153411865,0.8996734023094177,1.4930621716757742e-07,0.5089834928512573,0.8511255979537964,0.005575008224695921,0.5128428936004639,0.7814000844955444,0.008983888663351536,0.5121501088142395,0.7334640026092529,0.007588956505060196,0.5152735710144043,0.7015117406845093,0.006267317105084658,0.4805091917514801,0.7453274130821228,0.01152052078396082,0.49084189534187317,0.6715507507324219,-0.001145884394645691,0.5029248595237732,0.6185545921325684,-0.01206530537456274,0.515628457069397,0.577724277973175,-0.01953359879553318,0.4733458459377289,0.7500029802322388,-0.0008113032090477645,0.4868304133415222,0.6654758453369141,-0.01540193147957325,0.5025528073310852,0.6089848279953003,-0.028876658529043198,0.518434464931488,0.5628151893615723,-0.03657975420355797,0.4777756333351135,0.760119616985321,-0.014115328900516033,0.49254265427589417,0.6771243810653687,-0.027877870947122574,0.5076123476028442,0.6233482360839844,-0.03803233429789543,0.5216085910797119,0.5805457234382629,-0.04235837608575821,0.4940806031227112,0.7765640020370483,-0.027613243088126183,0.5046346783638,0.7168358564376831,-0.037812136113643646,0.5150423645973206,0.6746537089347839,-0.04267758131027222,0.5265150666236877,0.6392719149589539,-0.04456328600645065
0.5771284699440002,0.9039844274520874,-1.2742825106215605e-07,0.5455005168914795,0.8379349112510681,0.008149131201207638,0.5401442050933838,0.7743721008300781,0.009728488512337208,0.5415008664131165,0.7293253540992737,0.008235573768615723,0.539009153842926,0.6931413412094116,0.005038710776716471,0.5693179965019226,0.7318947315216064,0.00283680553548038,0.5517297387123108,0.6612205505371094,-0.008876730687916279,0.5390674471855164,0.6133869886398315,-0.019878821447491646,0.5298726558685303,0.5731432437896729,-0.02867763675749302,0.5760444402694702,0.7403430342674255,-0.009689961560070515,0.5564284324645996,0.6559467315673828,-0.018498726189136505,0.5422666072845459,0.6030365228652954,-0.025299804285168648,0.5333306789398193,0.5594162344932556,-0.032247837632894516,0.5739992260932922,0.7570551037788391,-0.022890716791152954,0.5558604598045349,0.675226628780365,-0.032451704144477844,0.5425750017166138,0.6247491836547852,-0.038300883024930954,0.534775972366333,0.5858423709869385,-0.04373408854007721,0.5636999607086182,0.7787415385246277,-0.035935841500759125,0.5520509481430054,0.7224946618080139,-0.04903419688344002,0.5428943634033203,0.6797617673873901,-0.056380484253168106,0.5364049077033997,0.643997073173523,-0.06201173737645149,0.4738781154155731,0.898862361907959,1.7439695909615693e-07,0.5047846436500549,0.8490797281265259,0.0049356138333678246,0.5076901912689209,0.7787051796913147,0.007147123571485281,0.5075542330741882,0.7295827269554138,0.004549918230623007,0.5112254023551941,0.6971573829650879,0.0018342540133744478,0.4764251112937927,0.7457183003425598,0.008874772116541862,0.4894678294658661,0.6709343791007996,-0.00570012116804719,0.5019595623016357,0.6177270412445068,-0.017743121832609177,0.5152134299278259,0.576082170009613,-0.02590627409517765,0.47118744254112244,0.7512459754943848,-0.0036800506059080362,0.48778918385505676,0.6655283570289612,-0.020544569939374924,0.5037979483604431,0.6085914373397827,-0.034974291920661926,0.5196815133094788,0.5619720220565796,-0.04296907037496567,0.4776305854320526,0.7632743120193481,-0.017162663862109184,0.4945179522037506,0.6787604093551636,-0.03244229406118393,0.5100313425064087,0.6242761015892029,-0.043407831341028214,0.524346113204956,0.580717146396637,-0.0480518639087677,0.4952777028083801,0.7812492847442627,-0.030796315521001816,0.5046199560165405,0.721447765827179,-0.041911352425813675,0.5143212676048279,0.6781273484230042,-0.047372542321681976,0.5258495211601257,0.6417844295501709,-0.04956142231822014
0.578123927116394,0.8994026780128479,-9.232840625372774e-08,0.5432268977165222,0.837188720703125,0.005775102414190769,0.5364705920219421,0.7720474600791931,0.006560998503118753,0.5377596616744995,0.7257408499717712,0.004615459591150284,0.5353058576583862,0.6885536313056946,0.0011684434721246362,0.5674713253974915,0.7315247058868408,0.0021700195502489805,0.5514774918556213,0.6628239154815674,-0.009968150407075882,0.5392681360244751,0.6146252751350403,-0.021740831434726715,0.5298780798912048,0.5739583969116211,-0.03101925365626812,0.5748989582061768,0.7395086884498596,-0.009488834999501705,0.5564672350883484,0.6580329537391663,-0.018195535987615585,0.5424270629882812,0.6047226190567017,-0.02554461918771267,0.5340585708618164,0.5597493648529053,-0.0327506959438324,0.573401689529419,0.7554786801338196,-0.022038860246539116,0.5556076169013977,0.6762331128120422,-0.03130986914038658,0.5426483154296875,0.6258559823036194,-0.03727036714553833,0.535695493221283,0.5860596895217896,-0.042768482118844986,0.5632064938545227,0.7760721445083618,-0.034708160907030106,0.5510697960853577,0.7216941714286804,-0.046715039759874344,0.5420495867729187,0.680585503578186,-0.05309903994202614,0.5365668535232544,0.6457933187484741,-0.058044470846652985,0.4746257960796356,0.9007556438446045,1.4780137291836581e-07,0.5083553194999695,0.8497891426086426,0.004777728114277124,0.5150353312492371,0.78277587890625,0.007499889004975557,0.5158621072769165,0.7362693548202515,0.0054007526487112045,0.5192081928253174,0.7039545178413391,0.003075005952268839,0.4824824035167694,0.7420034408569336,0.01133948564529419,0.4924992024898529,0.66922926902771,-0.002149185398593545,0.5038702487945557,0.6167631149291992,-0.014443960972130299,0.5161212682723999,0.5751626491546631,-0.02306673489511013,0.47668182849884033,0.7479667067527771,-0.001131343888118863,0.4881630539894104,0.6649972796440125,-0.016408771276474,0.5029008984565735,0.6086853742599487,-0.03146262466907501,0.5184105038642883,0.5621433258056641,-0.04049054533243179,0.4812927544116974,0.7611057162284851,-0.014713091775774956,0.4944038987159729,0.679330587387085,-0.029588846489787102,0.5089648365974426,0.6247299313545227,-0.04169362038373947,0.5232264399528503,0.5810211300849915,-0.04746748134493828,0.49655354022979736,0.7816017866134644,-0.028481829911470413,0.5050849914550781,0.7244307994842529,-0.04042106494307518,0.5143221616744995,0.6807856559753418,-0.04689180850982666,0.5248997211456299,0.6441905498504639,-0.04992944374680519
0.5747714638710022,0.8988008499145508,-1.0530451532986262e-07,0.5453758239746094,0.8414342999458313,0.004236816894263029,0.539349377155304,0.777025580406189,0.004748383536934853,0.5412882566452026,0.7311917543411255,0.0029179418925195932,0.5390749573707581,0.6956675052642822,-0.00027350621530786157,0.5679082870483398,0.7328647375106812,0.0014531303895637393,0.5511123538017273,0.663944661617279,-0.009577428922057152,0.5400041341781616,0.6168123483657837,-0.02066558413207531,0.5320717096328735,0.5768941044807434,-0.029789665713906288,0.5742354989051819,0.7397210001945496,-0.009150576777756214,0.555170476436615,0.6578319668769836,-0.016891634091734886,0.5425232648849487,0.6052032113075256,-0.02374221943318844,0.5355491042137146,0.5602350831031799,-0.030719611793756485,0.5725225806236267,0.7545899152755737,-0.020636122673749924,0.5536623597145081,0.674799919128418,-0.02899557165801525,0.5409577488899231,0.6260690093040466,-0.034070368856191635,0.5350825786590576,0.5862841010093689,-0.03910372778773308,0.5631709694862366,0.774937629699707,-0.032457150518894196,0.5497403740882874,0.7214730978012085,-0.04406645894050598,0.5405957698822021,0.6816863417625427,-0.04995355382561684,0.5357288718223572,0.6471858620643616,-0.05450354516506195,0.4768034815788269,0.9004971981048584,1.4512583845771587e-07,0.508393406867981,0.8534590601921082,0.0039517879486083984,0.5121520757675171,0.7846697568893433,0.00724302651360631,0.5103192329406738,0.737302839756012,0.0061731417663395405,0.512826681137085,0.7057392597198486,0.005209455732256174,0.48162850737571716,0.7504972219467163,0.011044010519981384,0.492272287607193,0.6803687214851379,-0.0011584620224311948,0.5032721161842346,0.6274236440658569,-0.012101973406970501,0.5152121186256409,0.5864545106887817,-0.019693996757268906,0.474738746881485,0.7548272013664246,-0.00013988347200211138,0.4866330027580261,0.673467755317688,-0.014461840502917767,0.5009351372718811,0.6164529323577881,-0.027951164171099663,0.5160786509513855,0.5693544745445251,-0.035641007125377655,0.47894784808158875,0.7638996243476868,-0.012424477376043797,0.49180957674980164,0.6833142042160034,-0.026028024032711983,0.505238950252533,0.6286163926124573,-0.03636211156845093,0.5182555913925171,0.584619402885437,-0.04071084409952164,0.4947308599948883,0.7786598801612854,-0.025070825591683388,0.5038692355155945,0.7202695608139038,-0.03522780165076256,0.5135107040405273,0.6777325868606567,-0.04029635339975357,0.5247768759727478,0.642290472984314,-0.04222973808646202
0.5775786638259888,0.9016872644424438,-8.294875186720674e-08,0.5421852469444275,0.8365967869758606,0.006457274314016104,0.5344747304916382,0.7706699967384338,0.007488619070500135,0.5343202948570251,0.7225497364997864,0.0055722943507134914,0.5309503078460693,0.6837168335914612,0.002053558826446533,0.5663624405860901,0.7325625419616699,0.003309711115434766,0.5493896007537842,0.6648938655853271,-0.009295727126300335,0.5370670557022095,0.6167583465576172,-0.02171364054083824,0.5273581743240356,0.5749646425247192,-0.03162002936005592,0.5735745429992676,0.7409672141075134,-0.008977970108389854,0.555209755897522,0.6594022512435913,-0.018730543553829193,0.5412441492080688,0.6056464314460754,-0.026920894160866737,0.5329326391220093,0.5594481229782104,-0.0346921905875206,0.5719239115715027,0.7567871809005737,-0.022218942642211914,0.5545720458030701,0.6776669025421143,-0.03266989439725876,0.5419517159461975,0.626838207244873,-0.03923458606004715,0.5351603627204895,0.5863564014434814,-0.0450117401778698,0.5618848204612732,0.7773999571800232,-0.0355227068066597,0.5518132448196411,0.7239951491355896,-0.04875046759843826,0.5433506369590759,0.6826180219650269,-0.055962421000003815,0.5379775762557983,0.6472557783126831,-0.06148044019937515,0.4770250916481018,0.8980057239532471,1.687094908220388e-07,0.5091373324394226,0.8501303195953369,0.0046297237277030945,0.5123412609100342,0.7815174460411072,0.008019260130822659,0.5111109018325806,0.7334636449813843,0.006664108484983444,0.5135511159896851,0.7015042304992676,0.005474013742059469,0.4795406460762024,0.7448307275772095,0.011580532416701317,0.4908358156681061,0.6731049418449402,-0.0012385336449369788,0.5025579333305359,0.6214339137077332,-0.012357818894088268,0.5151424407958984,0.5810490250587463,-0.020072363317012787,0.4723661243915558,0.7501632571220398,-0.0002735763555392623,0.4872947037220001,0.6666653752326965,-0.015169212594628334,0.5026917457580566,0.6108595132827759,-0.028711775317788124,0.5182662606239319,0.5648028254508972,-0.036369942128658295,0.47746896743774414,0.7612776160240173,-0.013304886408150196,0.4929141402244568,0.6798704862594604,-0.027150124311447144,0.5074745416641235,0.6266986131668091,-0.03756275027990341,0.5210601687431335,0.5841163396835327,-0.042091380804777145,0.4944932162761688,0.7774953842163086,-0.02668176405131817,0.5033043026924133,0.7197921276092529,-0.03706774488091469,0.512742817401886,0.6783725023269653,-0.042489491403102875,0.5240795612335205,0.6431946754455566,-0.044808514416217804
0.5740646123886108,0.9042904376983643,-1.3125466580277134e-07,0.5441207885742188,0.8449310660362244,0.007426078896969557,0.5381814241409302,0.7820678949356079,0.008652362041175365,0.5383730530738831,0.7374882698059082,0.006929300259798765,0.5357749462127686,0.7010959386825562,0.003408067859709263,0.5703285932540894,0.742404043674469,0.0002538454718887806,0.5533933043479919,0.6746095418930054,-0.012989983893930912,0.5408212542533875,0.6256798505783081,-0.025109758600592613,0.5308756828308105,0.5846533179283142,-0.034452103078365326,0.5760955810546875,0.7498072981834412,-0.01238187588751316,0.5578311085700989,0.66753089427948,-0.022859690710902214,0.543487548828125,0.6114609241485596,-0.031175071373581886,0.5336723923683167,0.5646072030067444,-0.038825515657663345,0.5733356475830078,0.7638976573944092,-0.0254743080586195,0.5561213493347168,0.6832456588745117,-0.03667239099740982,0.5428587794303894,0.6307466626167297,-0.04350113868713379,0.534486711025238,0.5888959765434265,-0.04907668009400368,0.5626296401023865,0.782939076423645,-0.038381289690732956,0.5540993809700012,0.7264630198478699,-0.052716292440891266,0.5454789996147156,0.6829677820205688,-0.06021535024046898,0.5393075942993164,0.6471490859985352,-0.0654454156756401,0.4725159704685211,0.8970837593078613,1.9334841283580317e-07,0.5040486454963684,0.8411375880241394,0.0058020930737257,0.5083942413330078,0.7740100622177124,0.00782747007906437,0.5072495341300964,0.7279064655303955,0.004695198964327574,0.5106881856918335,0.6947683095932007,0.0014843660173937678,0.4772235155105591,0.7434307336807251,0.013206514529883862,0.4899095892906189,0.670051097869873,-0.001234953524544835,0.5020962953567505,0.617712140083313,-0.013795740902423859,0.5149543285369873,0.5757803916931152,-0.022271618247032166,0.47245293855667114,0.7497316002845764,-6.610661785089178e-06,0.4876623749732971,0.6673879623413086,-0.016359085217118263,0.5023781061172485,0.6107049584388733,-0.03144651651382446,0.5177216529846191,0.5632789134979248,-0.04000377282500267,0.4786517322063446,0.762475848197937,-0.014484148472547531,0.4945242404937744,0.6801431179046631,-0.029569111764431,0.5084084272384644,0.6258717775344849,-0.04110323265194893,0.5221298933029175,0.5819351673126221,-0.046079643070697784,0.4952942728996277,0.7816445231437683,-0.029122378677129745,0.5049851536750793,0.7242421507835388,-0.03983324393630028,0.5140036344528198,0.6817407011985779,-0.04549442604184151,0.5245749354362488,0.6454120874404907,-0.04793504625558853
0.5739495158195496,0.9008192420005798,-9.989447846692201e-08,0.5401037931442261,0.8409608006477356,0.004133168607950211,0.5344284772872925,0.77816241979599,0.00364500330761075,0.5371559858322144,0.7339361906051636,0.0006676511256955564,0.5363665223121643,0.6975870132446289,-0.003945899661630392,0.5688364505767822,0.7425356507301331,-0.0017520010005682707,0.5538424253463745,0.6767164468765259,-0.015764545649290085,0.5420592427253723,0.6290668249130249,-0.02913631871342659,0.5320363640785217,0.5880333185195923,-0.039438407868146896,0.5756446719169617,0.7491381168365479,-0.013132325373589993,0.5589426755905151,0.6692262887954712,-0.02358800545334816,0.544581949710846,0.6139224171638489,-0.032467249780893326,0.5349586606025696,0.5667545795440674,-0.04063892737030983,0.5736224055290222,0.7630003690719604,-0.02527012676000595,0.5578609704971313,0.684475839138031,-0.03606867790222168,0.5445045828819275,0.6335972547531128,-0.04268363490700722,0.5360085964202881,0.5929235219955444,-0.04832717776298523,0.563268780708313,0.782004714012146,-0.03760070726275444,0.5542521476745605,0.7281115651130676,-0.05077969282865524,0.5453488826751709,0.686833381652832,-0.05733397230505943,0.5394919514656067,0.6521077156066895,-0.062135547399520874,0.4786589741706848,0.899569034576416,1.8939427093300765e-07,0.5113034248352051,0.8461036086082458,0.0065665654838085175,0.5141477584838867,0.7777571082115173,0.009632217697799206,0.5109778046607971,0.73087078332901,0.007770080119371414,0.51302170753479,0.6970934867858887,0.005599657539278269,0.48116254806518555,0.7455394864082336,0.012015510350465775,0.4908556342124939,0.6725406646728516,-0.0008043284760788083,0.501920759677887,0.6214807629585266,-0.012091834098100662,0.5138324499130249,0.5800057649612427,-0.01975623518228531,0.4747636318206787,0.750868558883667,-0.0007241531857289374,0.487647145986557,0.6685049533843994,-0.014515489339828491,0.5026490688323975,0.6138735413551331,-0.028071708977222443,0.5181407332420349,0.5685948729515076,-0.0359816700220108,0.4791721999645233,0.7624841332435608,-0.0143504049628973,0.4937407374382019,0.6799787282943726,-0.027664169669151306,0.5084460973739624,0.6266841292381287,-0.03862336277961731,0.5224135518074036,0.5842599868774414,-0.043585292994976044,0.49476057291030884,0.7808035612106323,-0.027933169156312943,0.5046706199645996,0.7218754887580872,-0.037798427045345306,0.5140678882598877,0.6795797944068909,-0.04290204122662544,0.5243881940841675,0.6435897946357727,-0.04501986876130104
0.5735680460929871,0.9029994010925293,-1.1118616782823665e-07,0.5429037809371948,0.8448188304901123,0.005993946921080351,0.5373984575271606,0.7807233333587646,0.0072585102170705795,0.539247453212738,0.7359325289726257,0.005841519217938185,0.537571907043457,0.6995345950126648,0.0029171917121857405,0.5690541863441467,0.7435533404350281,0.0009355673682875931,0.5528596639633179,0.6768109798431396,-0.011713006533682346,0.5407859683036804,0.6284860372543335,-0.023569945245981216,0.5310764908790588,0.587432861328125,-0.03283581882715225,0.5746793150901794,0.7503896355628967,-0.01077758613973856,0.5573643445968628,0.6692079305648804,-0.02063859812915325,0.5435851216316223,0.6141019463539124,-0.02868594601750374,0.5351995825767517,0.5672060251235962,-0.03601453825831413,0.5718352198600769,0.7636992335319519,-0.02312898449599743,0.5560440421104431,0.6841679811477661,-0.03390510380268097,0.5431846380233765,0.6326624155044556,-0.040230877697467804,0.5359694957733154,0.591362714767456,-0.04535292088985443,0.5611688494682312,0.7813661098480225,-0.03544832020998001,0.5524844527244568,0.7259990572929382,-0.04903872683644295,0.5441755652427673,0.6842058300971985,-0.0558302104473114,0.5391750335693359,0.64946049451828,-0.06055489555001259,0.48283007740974426,0.9027796387672424,1.565962577387836e-07,0.5211681723594666,0.8546527028083801,0.0035457690246403217,0.5251035690307617,0.7875179052352905,0.007442292757332325,0.5218429565429688,0.7402650117874146,0.007144746370613575,0.5243874192237854,0.708175003528595,0.006188044790178537,0.49789464473724365,0.7555612325668335,0.014734583906829357,0.503539502620697,0.6896437406539917,0.0040388572961091995,0.5118894577026367,0.6402361392974854,-0.007369247265160084,0.5211912989616394,0.6003001928329468,-0.015346535481512547,0.4889522194862366,0.7576028108596802,0.004227261524647474,0.4936656951904297,0.6821348071098328,-0.006779838353395462,0.5044588446617126,0.6271481513977051,-0.019926955923438072,0.5167585015296936,0.5814429521560669,-0.028399331495165825,0.48805704712867737,0.7635406851768494,-0.007786714006215334,0.4936940371990204,0.6872169971466064,-0.019989922642707825,0.504350483417511,0.6333467960357666,-0.03080211579799652,0.51555997133255,0.5916267037391663,-0.0360533706843853,0.4959734082221985,0.7765691876411438,-0.020232951268553734,0.5034938454627991,0.7190207242965698,-0.02989259548485279,0.5123718976974487,0.6763089299201965,-0.03484060615301132,0.5219144225120544,0.6424967646598816,-0.03709467127919197
0.5737111568450928,0.9027324318885803,-1.2859412379384594e-07,0.5409807562828064,0.8454006910324097,0.006182355340570211,0.5336233377456665,0.7839773893356323,0.007555685006082058,0.5337374806404114,0.7409587502479553,0.006283359602093697,0.531198263168335,0.7059845328330994,0.0033266658429056406,0.5691562294960022,0.7432715892791748,0.00017005970585159957,0.5526111721992493,0.6752645373344421,-0.012493658810853958,0.5404596328735352,0.6262494325637817,-0.024139810353517532,0.5304375886917114,0.5845250487327576,-0.03339569643139839,0.5757387280464172,0.7495623230934143,-0.011633866466581821,0.5574826598167419,0.6667553186416626,-0.021985257044434547,0.5436044335365295,0.6111760139465332,-0.030215105041861534,0.5346108675003052,0.5638825297355652,-0.03775710240006447,0.5733701586723328,0.7628664970397949,-0.024021994322538376,0.5567447543144226,0.6811915636062622,-0.03541190177202225,0.5436959266662598,0.6300714015960693,-0.042125847190618515,0.5358781218528748,0.58895343542099,-0.04750119149684906,0.562947154045105,0.780669629573822,-0.03634722903370857,0.5544189214706421,0.7248088121414185,-0.051546595990657806,0.5460710525512695,0.682756781578064,-0.059653010219335556,0.54059237241745,0.647486686706543,-0.0651811957359314,0.47928640246391296,0.8990364670753479,1.410388250633332e-07,0.5136643052101135,0.8536911010742188,0.0046248422004282475,0.5177608728408813,0.7848026156425476,0.008421995677053928,0.5162854790687561,0.7359837293624878,0.007737092208117247,0.5185198783874512,0.7040655612945557,0.006902990862727165,0.4868339002132416,0.7497628927230835,0.010728249326348305,0.49527913331985474,0.6770762801170349,-0.0011674826964735985,0.5065622925758362,0.6249549984931946,-0.01171681098639965,0.5186580419540405,0.5851390957832336,-0.01908698119223118,0.4788531959056854,0.7538083791732788,-0.0007634939975105226,0.489105224609375,0.6697266101837158,-0.014582916162908077,0.5044689178466797,0.6156951189041138,-0.027454540133476257,0.5202612280845642,0.5727061033248901,-0.034907374531030655,0.4813474416732788,0.7626245021820068,-0.013346027582883835,0.4926730990409851,0.67930668592453,-0.027264004573225975,0.507365345954895,0.6265467405319214,-0.03754458203911781,0.5211295485496521,0.5856764316558838,-0.041898325085639954,0.4953848123550415,0.7773676514625549,-0.026127733290195465,0.5043880343437195,0.717920184135437,-0.036972105503082275,0.51515793800354,0.6762113571166992,-0.04233717545866966,0.526930570602417,0.6423406600952148,-0.0445430763065815
0.574601411819458,0.9076517224311829,-1.0720004439690456e-07,0.5418056845664978,0.8467670679092407,0.004098182078450918,0.5374155044555664,0.7803758978843689,0.004050996620208025,0.540582001209259,0.7338517904281616,0.0015195030719041824,0.5403051972389221,0.6967775225639343,-0.002602884778752923,0.570549726486206,0.7485001683235168,-0.0012678679777309299,0.5551304817199707,0.6821179389953613,-0.014439709484577179,0.5433531403541565,0.6344885230064392,-0.027113372460007668,0.5332925319671631,0.5939050912857056,-0.03684665635228157,0.5761598944664001,0.7558059096336365,-0.012255523353815079,0.5595766305923462,0.675787091255188,-0.022070568054914474,0.5453304648399353,0.6203799247741699,-0.03039729967713356,0.5356747508049011,0.5735716819763184,-0.03804155811667442,0.5737245082855225,0.7699675559997559,-0.0239451564848423,0.557968258857727,0.6915320754051208,-0.03376474231481552,0.5442007780075073,0.639836311340332,-0.039451226592063904,0.5357993841171265,0.5982893109321594,-0.04439237713813782,0.5633567571640015,0.7884838581085205,-0.0358971506357193,0.5532297492027283,0.7339608073234558,-0.04745074361562729,0.544409453868866,0.6922433972358704,-0.052778396755456924,0.5391464829444885,0.6572626233100891,-0.05672850087285042,0.4783993363380432,0.8921815752983093,1.638394735437032e-07,0.5068687796592712,0.8458501696586609,0.003706289455294609,0.50824373960495,0.7758205533027649,0.005319671239703894,0.5066105127334595,0.723456859588623,0.0028536273166537285,0.5086163878440857,0.6898580193519592,0.000319726241286844,0.47929319739341736,0.7511540055274963,0.00372905726544559,0.49168911576271057,0.6764081120491028,-0.01097437646239996,0.5037726759910583,0.6237726211547852,-0.02205876260995865,0.5162524580955505,0.5833556056022644,-0.029114320874214172,0.47339558601379395,0.7576445937156677,-0.007499888073652983,0.4882086217403412,0.6720340251922607,-0.024265404790639877,0.5035042762756348,0.6152911186218262,-0.03676697611808777,0.519023060798645,0.5700442790985107,-0.043168503791093826,0.4786699414253235,0.7676783800125122,-0.019508270546793938,0.4929371774196625,0.6840035319328308,-0.034959789365530014,0.5079284906387329,0.6291072368621826,-0.04453828185796738,0.5221849083900452,0.5858592987060547,-0.04791244491934776,0.4952518045902252,0.7815358638763428,-0.03159378841519356,0.5035384893417358,0.7208939790725708,-0.04256406053900719,0.5139775276184082,0.6787917017936707,-0.04730265215039253,0.5264392495155334,0.6441510915756226,-0.0488094761967659
0.5734029412269592,0.9041739106178284,-1.308683579281933e-07,0.543524444103241,0.8463618159294128,0.006534312851727009,0.5386675596237183,0.7865810990333557,0.007522581145167351,0.5394264459609985,0.7456523776054382,0.005537994205951691,0.5365101099014282,0.7117274403572083,0.0016787081258371472,0.5691339373588562,0.7410876750946045,0.0015141699695959687,0.551642656326294,0.6714521050453186,-0.010893401689827442,0.5392223000526428,0.6227020621299744,-0.02262505516409874,0.529706597328186,0.5815508365631104,-0.031765684485435486,0.575293779373169,0.7482641339302063,-0.01092815212905407,0.5561646819114685,0.6642285585403442,-0.02027762494981289,0.5415868163108826,0.6080209612846375,-0.02853819914162159,0.5322937369346619,0.5607004165649414,-0.036260560154914856,0.5729017853736877,0.762601912021637,-0.02399653010070324,0.5552216172218323,0.6804957389831543,-0.034540511667728424,0.5417595505714417,0.6283307075500488,-0.04116153344511986,0.5345786213874817,0.5867951512336731,-0.04660359397530556,0.5620418190956116,0.7812225222587585,-0.03703625127673149,0.5525131821632385,0.7243025898933411,-0.05072138458490372,0.5440191030502319,0.6820051670074463,-0.05753292888402939,0.5390563011169434,0.6468740701675415,-0.062308382242918015,0.47874897718429565,0.8996328115463257,1.4504628609302017e-07,0.5138903260231018,0.8575552701950073,0.004322210792452097,0.5179344415664673,0.7894634008407593,0.007871722802519798,0.5165120959281921,0.7430713772773743,0.007364030461758375,0.5191534161567688,0.7122722268104553,0.006573822349309921,0.4870738089084625,0.7504814267158508,0.00878620520234108,0.49586430191993713,0.6795437335968018,-0.0026653159875422716,0.5065351128578186,0.6283193826675415,-0.013063229620456696,0.518446683883667,0.5887097120285034,-0.0204155333340168,0.47896894812583923,0.7540723085403442,-0.002291235141456127,0.4880419671535492,0.6726232171058655,-0.015290642157196999,0.5022459626197815,0.6188464760780334,-0.02811303175985813,0.5174270868301392,0.576285183429718,-0.03583744168281555,0.4809505343437195,0.7631902098655701,-0.014224385842680931,0.4908731281757355,0.682058572769165,-0.028010230511426926,0.5044680237770081,0.6285795569419861,-0.03899231180548668,0.5177868008613586,0.5873087048530579,-0.04404385760426521,0.4938255846500397,0.7792008519172668,-0.02621089294552803,0.5035043358802795,0.7208254337310791,-0.03769031912088394,0.5139482021331787,0.678851842880249,-0.04363514482975006,0.5250234007835388,0.6444713473320007,-0.04631694778800011
0.5718957781791687,0.9071041345596313,-7.823300762765939e-08,0.5337238311767578,0.8511279225349426,0.0034020482562482357,0.5257349610328674,0.7858387231826782,0.0034686655271798372,0.5250532627105713,0.741783857345581,0.0009885166073217988,0.5225951671600342,0.7045648694038391,-0.003111652797088027,0.5670176148414612,0.7473443746566772,0.00024814880453050137,0.5526532530784607,0.6811110377311707,-0.011919626966118813,0.5415447354316711,0.6327887177467346,-0.024147097021341324,0.5321948528289795,0.5912348031997681,-0.033920980989933014,0.5738828182220459,0.753876805305481,-0.010531915351748466,0.557746946811676,0.6747937202453613,-0.019624607637524605,0.5440744757652283,0.619584858417511,-0.02862231433391571,0.5355237722396851,0.572780966758728,-0.037152811884880066,0.5713274478912354,0.7665355205535889,-0.022212086245417595,0.5569132566452026,0.6883702874183655,-0.032667044550180435,0.5445954203605652,0.6370182037353516,-0.04003428667783737,0.5369431972503662,0.5965748429298401,-0.04601338133215904,0.5597455501556396,0.783048689365387,-0.03417893871665001,0.5538355112075806,0.7249683737754822,-0.04706299677491188,0.545699954032898,0.6823935508728027,-0.05384598299860954,0.539564311504364,0.6484069228172302,-0.05877085030078888,0.47614338994026184,0.8988024592399597,1.5290859778360755e-07,0.5070679783821106,0.8501254320144653,0.00543238827958703,0.5114794969558716,0.7830286622047424,0.008142706006765366,0.5115269422531128,0.7371363043785095,0.006113623268902302,0.5152117609977722,0.7054421305656433,0.003786337561905384,0.4814484417438507,0.7462021112442017,0.010229050181806087,0.491839736700058,0.6742430925369263,-0.003160808701068163,0.5029301643371582,0.622272253036499,-0.014999349601566792,0.5143342614173889,0.5811064839363098,-0.02315584383904934,0.47498828172683716,0.7514987587928772,-0.002332205418497324,0.48706546425819397,0.6686358451843262,-0.01747802458703518,0.5019781589508057,0.6139707565307617,-0.03171835467219353,0.5169571042060852,0.5689122676849365,-0.04001488536596298,0.4793339669704437,0.763134777545929,-0.01581168733537197,0.49218592047691345,0.6806249618530273,-0.03059435449540615,0.5059213638305664,0.6273741126060486,-0.04163436219096184,0.5190956592559814,0.5846835970878601,-0.046490028500556946,0.4946157932281494,0.7815135717391968,-0.029351813718676567,0.5038479566574097,0.722823441028595,-0.04101313650608063,0.5132308602333069,0.6804646253585815,-0.04670337215065956,0.5237526893615723,0.6446270942687988,-0.049047913402318954
0.5748414993286133,0.907197117805481,-1.4286040084243723e-07,0.5479142069816589,0.851214587688446,0.009375816211104393,0.5401400923728943,0.7904749512672424,0.012091640383005142,0.5383421182632446,0.7486950159072876,0.011437654495239258,0.5341396331787109,0.7149059772491455,0.008747798390686512,0.5704822540283203,0.7451151609420776,0.004963431507349014,0.5527556538581848,0.6751523613929749,-0.006107202265411615,0.5400486588478088,0.6260475516319275,-0.016818156465888023,0.5306408405303955,0.5857276320457458,-0.025304414331912994,0.5766211152076721,0.7524473667144775,-0.00813474040478468,0.5564450025558472,0.668291449546814,-0.016464613378047943,0.5415112972259521,0.6126099824905396,-0.02388191595673561,0.5323673486709595,0.5665518045425415,-0.031224297359585762,0.5733568072319031,0.765622079372406,-0.02177223190665245,0.5550783276557922,0.6834397315979004,-0.03148118034005165,0.5422420501708984,0.6310849189758301,-0.038008589297533035,0.5355113744735718,0.5900724530220032,-0.043591439723968506,0.56125408411026,0.7827692627906799,-0.03510327637195587,0.5522297024726868,0.7241384387016296,-0.04863719642162323,0.5439500212669373,0.6809700131416321,-0.0558839775621891,0.5384998917579651,0.6454194188117981,-0.06113586202263832,0.4751999080181122,0.8973535299301147,1.5540099695954268e-07,0.5070511102676392,0.8480955362319946,0.004338370636105537,0.5113349556922913,0.7828676104545593,0.006571376230567694,0.5104628205299377,0.7383818030357361,0.0041778190061450005,0.5142406821250916,0.7078639268875122,0.001688950345851481,0.4796689748764038,0.7463381290435791,0.010602103546261787,0.4914737939834595,0.6752101182937622,-0.003187750233337283,0.5026531219482422,0.6229925155639648,-0.015338612720370293,0.5145847797393799,0.5817607641220093,-0.023635517805814743,0.4735023081302643,0.7511439919471741,-0.0014347543474286795,0.4862390458583832,0.6687850952148438,-0.017002111300826073,0.5007007718086243,0.6135228872299194,-0.03134208917617798,0.5159518122673035,0.5685156583786011,-0.03955923393368721,0.4784950613975525,0.7617707252502441,-0.014623528346419334,0.49152258038520813,0.679402768611908,-0.0293931495398283,0.505226731300354,0.6258047223091125,-0.04028642550110817,0.5186903476715088,0.5838031768798828,-0.04490480199456215,0.4947192072868347,0.7788580656051636,-0.028081072494387627,0.5034136176109314,0.7203571796417236,-0.039132699370384216,0.5123346447944641,0.6776320934295654,-0.04450247809290886,0.5226091146469116,0.6422022581100464,-0.04662211239337921
0.5747206807136536,0.9089533686637878,-1.3173415425171697e-07,0.5425964593887329,0.849460244178772,0.006320688873529434,0.5364418029785156,0.7876090407371521,0.007135240826755762,0.5365124940872192,0.7451738119125366,0.004924349021166563,0.5336852073669434,0.7104554772377014,0.00087175820954144,0.5722340941429138,0.7462081909179688,0.001666681026108563,0.5539790391921997,0.675052285194397,-0.009914238937199116,0.5415401458740234,0.6261683702468872,-0.021258823573589325,0.5320387482643127,0.5848366618156433,-0.030289264395833015,0.5786263346672058,0.7526363134384155,-0.010086304508149624,0.5583791732788086,0.6683264374732971,-0.018605295568704605,0.543627142906189,0.6129772067070007,-0.026283802464604378,0.53416907787323,0.5672893524169922,-0.03398645296692848,0.5751979351043701,0.7659106850624084,-0.022498924285173416,0.5567438006401062,0.6831718683242798,-0.03218537196516991,0.5431745648384094,0.6316843032836914,-0.038489993661642075,0.5349841713905334,0.5916624069213867,-0.04398922994732857,0.5627669095993042,0.7831127047538757,-0.034937597811222076,0.5541048049926758,0.7242384552955627,-0.047298986464738846,0.5450320839881897,0.6812588572502136,-0.053715240210294724,0.5383644700050354,0.6464342474937439,-0.058541275560855865,0.47303086519241333,0.898740291595459,1.7867408530491957e-07,0.5026617646217346,0.8438881039619446,0.006092450115829706,0.5061453580856323,0.7755953073501587,0.007873820140957832,0.5047855973243713,0.728803813457489,0.004640147555619478,0.5087111592292786,0.6957631707191467,0.001253065187484026,0.47673535346984863,0.7415437698364258,0.009596966207027435,0.490370512008667,0.6640112996101379,-0.005114373285323381,0.5029085874557495,0.6100190877914429,-0.017203332856297493,0.5150957107543945,0.5667970180511475,-0.025208506733179092,0.4713168740272522,0.7478671669960022,-0.003776171011850238,0.48813554644584656,0.6606451869010925,-0.020244795829057693,0.5035541653633118,0.6022698283195496,-0.03482583165168762,0.5186881422996521,0.5535423755645752,-0.04307298734784126,0.47677165269851685,0.7605782151222229,-0.01803724654018879,0.4946570098400116,0.6747432947158813,-0.03297216072678566,0.5098552703857422,0.620781421661377,-0.04397529363632202,0.5237675905227661,0.5776129364967346,-0.0487716868519783,0.4928828477859497,0.7796985507011414,-0.03229718655347824,0.5039023756980896,0.7199974656105042,-0.04317944496870041,0.5134458541870117,0.6777644157409668,-0.04841647669672966,0.5243057608604431,0.6415949463844299,-0.050493400543928146
0.5764670968055725,0.9010486602783203,-7.411263425183279e-08,0.5453220009803772,0.8389148116111755,0.004435344599187374,0.5402662754058838,0.7752209901809692,0.003569201799109578,0.5427078604698181,0.729707658290863,0.0006007563788443804,0.5405725836753845,0.6931154131889343,-0.0041425530798733234,0.5695911049842834,0.7403457164764404,-0.005412403494119644,0.5520737171173096,0.6686878204345703,-0.01935664750635624,0.5402770042419434,0.6191566586494446,-0.0316845178604126,0.5318893194198608,0.5766283869743347,-0.04129067808389664,0.5764817595481873,0.749502956867218,-0.016402993351221085,0.555966317653656,0.6640680432319641,-0.027324285358190536,0.5422731041908264,0.6079975366592407,-0.035455044358968735,0.5344632267951965,0.5610731840133667,-0.043322015553712845,0.573705792427063,0.7661063075065613,-0.027770983055233955,0.5542287230491638,0.6831567883491516,-0.03884216398000717,0.5409733653068542,0.6303446292877197,-0.04519548639655113,0.5340480208396912,0.5890295505523682,-0.05080925673246384,0.5622423887252808,0.7862797379493713,-0.03912162035703659,0.5513564944267273,0.7299667596817017,-0.05310630798339844,0.5423938035964966,0.6872833371162415,-0.06050007790327072,0.5369443893432617,0.651164174079895,-0.06594792008399963,0.47348034381866455,0.8979613780975342,1.8159184378419013e-07,0.5030659437179565,0.8443477749824524,0.006433483213186264,0.5064877271652222,0.7752246856689453,0.009126517921686172,0.5064721703529358,0.7276614904403687,0.006608488038182259,0.5105968117713928,0.6945249438285828,0.004140920005738735,0.47672632336616516,0.7404681444168091,0.012345831841230392,0.4891633987426758,0.665616512298584,-0.0013073371956124902,0.5015693306922913,0.6130756735801697,-0.012864243239164352,0.514387845993042,0.5708916187286377,-0.020822009071707726,0.47132784128189087,0.7468239068984985,-0.0011564239393919706,0.48740246891975403,0.6617092490196228,-0.016853276640176773,0.5032401084899902,0.6054387092590332,-0.031062114983797073,0.5192751884460449,0.5586547255516052,-0.03917441889643669,0.4770575761795044,0.7598243951797485,-0.015715409070253372,0.49416297674179077,0.6761959791183472,-0.030341388657689095,0.509520411491394,0.6222617626190186,-0.04123711958527565,0.5237969160079956,0.5785924792289734,-0.04601577669382095,0.49394911527633667,0.7791585922241211,-0.0303636584430933,0.5043045878410339,0.7209162712097168,-0.04124625399708748,0.5140463709831238,0.6781672835350037,-0.04686775058507919,0.5252498388290405,0.6409966349601746,-0.049296021461486816
0.5748274922370911,0.90260910987854,-8.93872496021686e-08,0.53883957862854,0.8441529273986816,0.005270882043987513,0.5327394008636475,0.7821954488754272,0.005748455878347158,0.5334851145744324,0.739761471748352,0.0034601606894284487,0.5311192274093628,0.7044902443885803,-0.0006580192712135613,0.5692914128303528,0.742580235004425,0.0007786765927448869,0.5519819855690002,0.6751042008399963,-0.011429719626903534,0.5395078659057617,0.6265515089035034,-0.023595523089170456,0.5295281410217285,0.5851337909698486,-0.03315167874097824,0.5760582089424133,0.7498544454574585,-0.010591213591396809,0.5564885139465332,0.6683019399642944,-0.019425982609391212,0.5411524176597595,0.6130866408348083,-0.027749180793762207,0.5315243005752563,0.5667065382003784,-0.03574979677796364,0.5726434588432312,0.7631852030754089,-0.022600749507546425,0.5548516511917114,0.6827230453491211,-0.03238705173134804,0.5412253141403198,0.6315291523933411,-0.0387822687625885,0.5331289768218994,0.591291069984436,-0.044224780052900314,0.560062825679779,0.7801475524902344,-0.034739308059215546,0.5524134039878845,0.7230414152145386,-0.046839140355587006,0.5435622334480286,0.6812732815742493,-0.052799832075834274,0.5371924638748169,0.6473217606544495,-0.05716801807284355,0.4787832200527191,0.8958158493041992,1.7050864187240222e-07,0.5120110511779785,0.8498235940933228,0.002334159566089511,0.5157892107963562,0.7814162969589233,0.0045333015732467175,0.5134952664375305,0.7345193028450012,0.002682915423065424,0.5161630511283875,0.702533483505249,0.0005885687423869967,0.48541614413261414,0.7431977391242981,0.008593853563070297,0.49395206570625305,0.6730145215988159,-0.004283613990992308,0.5039036870002747,0.6229097247123718,-0.01619281992316246,0.5151061415672302,0.5831542015075684,-0.02437957003712654,0.4774825870990753,0.7485432028770447,-0.0019521936774253845,0.48651301860809326,0.668857991695404,-0.015762651339173317,0.50038743019104,0.6156675815582275,-0.02961253747344017,0.5149646997451782,0.572941780090332,-0.03795480355620384,0.48008936643600464,0.7592797875404358,-0.013655007816851139,0.49068811535835266,0.6801087856292725,-0.02768874727189541,0.5047711133956909,0.627544641494751,-0.038649674504995346,0.5184498429298401,0.5868651270866394,-0.043616797775030136,0.4937474727630615,0.7767404913902283,-0.02568182162940502,0.5025478601455688,0.7182334661483765,-0.03691717982292175,0.5120298862457275,0.6764092445373535,-0.04218263551592827,0.5222558975219727,0.642565906047821,-0.04424746707081795
0.5725666284561157,0.9019583463668823,-1.1480375405881205e-07,0.5407080054283142,0.8428224325180054,0.005769708659499884,0.5346101522445679,0.7760696411132812,0.007353063672780991,0.5363991260528564,0.7281527519226074,0.006042930297553539,0.5343881845474243,0.6897760033607483,0.0032326430082321167,0.5672810673713684,0.7353000044822693,0.004549549426883459,0.549606204032898,0.665937602519989,-0.007157640997320414,0.537483274936676,0.6169843077659607,-0.019121330231428146,0.5283492207527161,0.5758234262466431,-0.02870316617190838,0.5736179351806641,0.7427663803100586,-0.007328587584197521,0.5552462339401245,0.6602081060409546,-0.015763627365231514,0.5411369204521179,0.6057636737823486,-0.02324545569717884,0.5324034094810486,0.5603424310684204,-0.030568663030862808,0.5712769031524658,0.7567236423492432,-0.020318780094385147,0.5536587238311768,0.6766603589057922,-0.029677312821149826,0.5404468178749084,0.6264912486076355,-0.03514876216650009,0.5336440801620483,0.5866185426712036,-0.04022917151451111,0.5608596801757812,0.7752993106842041,-0.03363063186407089,0.5509527921676636,0.7213833332061768,-0.046117380261421204,0.5424200892448425,0.680696964263916,-0.05243055894970894,0.5371347665786743,0.6465610265731812,-0.05721619352698326,0.4762336015701294,0.900412917137146,1.6954747650288482e-07,0.5118871331214905,0.8523539304733276,0.004337860271334648,0.5154508948326111,0.78460693359375,0.007817230187356472,0.5127264261245728,0.7385741472244263,0.006818040739744902,0.5154832005500793,0.706732988357544,0.005573156289756298,0.4833546280860901,0.7464813590049744,0.01265814621001482,0.49166905879974365,0.675278902053833,0.00044583011185750365,0.5029019713401794,0.6238965392112732,-0.011174008250236511,0.5153881311416626,0.5832791924476624,-0.019249359145760536,0.47643816471099854,0.7507696151733398,0.0012746697757393122,0.48572686314582825,0.6707778573036194,-0.011941386386752129,0.5001192688941956,0.6169189810752869,-0.025859888643026352,0.5157518982887268,0.5737448930740356,-0.03429916128516197,0.4796954393386841,0.7609844207763672,-0.011323131620883942,0.490061491727829,0.6808333992958069,-0.025186410173773766,0.5036957859992981,0.6273118257522583,-0.03668789938092232,0.517273485660553,0.5858431458473206,-0.041922129690647125,0.49376827478408813,0.7786365747451782,-0.024096151813864708,0.503759503364563,0.7205113172531128,-0.03503132611513138,0.5137343406677246,0.6784521341323853,-0.04060733690857887,0.5242770314216614,0.6438351273536682,-0.042953621596097946
0.5758626461029053,0.906307578086853,-1.0495400459831217e-07,0.5445143580436707,0.8438202142715454,0.008647004142403603,0.5369230508804321,0.7784387469291687,0.010623957961797714,0.5359548330307007,0.7323192954063416,0.00941197108477354,0.5322890281677246,0.6948778033256531,0.006353534292429686,0.5671325325965881,0.7391545176506042,0.0026622081641107798,0.5491463541984558,0.6689718961715698,-0.009443678893148899,0.5372375249862671,0.6197191476821899,-0.020908517763018608,0.5286003351211548,0.5776078701019287,-0.030173426494002342,0.5743165612220764,0.7477273941040039,-0.010416531935334206,0.554351806640625,0.6629287004470825,-0.01966550014913082,0.5401065349578857,0.6077215075492859,-0.027251334860920906,0.5315002799034119,0.5608474016189575,-0.03485560044646263,0.5720920562744141,0.7631717920303345,-0.024011289700865746,0.5536729693412781,0.6801229119300842,-0.03422701731324196,0.5401917099952698,0.6283019781112671,-0.04036247357726097,0.5325943827629089,0.5873979330062866,-0.045886170119047165,0.5612302422523499,0.7829484939575195,-0.03739338368177414,0.552148163318634,0.7259615659713745,-0.05155067890882492,0.5436903834342957,0.6831272840499878,-0.05919770523905754,0.5378479957580566,0.647743821144104,-0.06483330577611923,0.47489649057388306,0.8987308740615845,1.6551268799958052e-07,0.5067297220230103,0.847797155380249,0.00474349781870842,0.5116090178489685,0.7806523442268372,0.0073361583054065704,0.5103186964988708,0.733265221118927,0.004989743698388338,0.512441098690033,0.7008763551712036,0.00253930757753551,0.4801677167415619,0.7455534934997559,0.011238010600209236,0.4907788038253784,0.6707825064659119,-0.002762392396107316,0.5029680132865906,0.6169688701629639,-0.014840141870081425,0.5159243941307068,0.5747109055519104,-0.02299216203391552,0.4736511707305908,0.7509097456932068,-0.0012344486312940717,0.48723551630973816,0.6662701964378357,-0.0169634111225605,0.5031431913375854,0.6096153259277344,-0.03144778683781624,0.5195788741111755,0.5635459423065186,-0.03960674628615379,0.47857666015625,0.7619770169258118,-0.014838830567896366,0.49363818764686584,0.6790745258331299,-0.029269762337207794,0.5091238021850586,0.6244441866874695,-0.03992285206913948,0.5239090323448181,0.5814509987831116,-0.04434550181031227,0.4950616657733917,0.7795441150665283,-0.028740765526890755,0.5040720701217651,0.7196219563484192,-0.039108213037252426,0.5140553116798401,0.6768198013305664,-0.04391581937670708,0.5258824825286865,0.6414733529090881,-0.04560338705778122
0.5749317407608032,0.9063370227813721,-7.41242800472719e-08,0.5382539629936218,0.8489422798156738,0.004611761774867773,0.5315341353416443,0.7876156568527222,0.005016853101551533,0.5316369533538818,0.7462525963783264,0.0025623077526688576,0.5285940170288086,0.7113430500030518,-0.0015819431282579899,0.568905770778656,0.7431458234786987,0.0020626140758395195,0.5518678426742554,0.6775010228157043,-0.010219418443739414,0.5400350689888,0.6286211013793945,-0.02275325544178486,0.530464768409729,0.5865139961242676,-0.03262939304113388,0.5756719708442688,0.7492495179176331,-0.009297837503254414,0.5561681985855103,0.6696312427520752,-0.018695225939154625,0.5417332649230957,0.6133094429969788,-0.02834584005177021,0.532459020614624,0.5659727454185486,-0.037085048854351044,0.5723554491996765,0.7620647549629211,-0.02142229862511158,0.5544149279594421,0.6833605766296387,-0.0319875106215477,0.5416215062141418,0.631712794303894,-0.03984129801392555,0.533695638179779,0.5907303094863892,-0.04593954235315323,0.5599191784858704,0.7795248627662659,-0.03368706256151199,0.5523622035980225,0.7221105098724365,-0.04619421437382698,0.5440465211868286,0.6807856559753418,-0.052694082260131836,0.5379635095596313,0.6467750072479248,-0.05727392062544823,0.48197951912879944,0.8954792022705078,1.687077286760541e-07,0.5171034336090088,0.8509052991867065,0.004464742261916399,0.5189502835273743,0.7838042378425598,0.008515873923897743,0.5156940221786499,0.7380297183990479,0.008413595147430897,0.5180312395095825,0.7067176103591919,0.007922910153865814,0.4877185523509979,0.7512813210487366,0.01146794855594635,0.4937896728515625,0.6845784783363342,0.0002319130435353145,0.503730297088623,0.636437714099884,-0.010468954220414162,0.5151159763336182,0.5976866483688354,-0.017886780202388763,0.48075586557388306,0.7548418641090393,0.000666758744046092,0.48646143078804016,0.6805505156517029,-0.01104239746928215,0.4991685748100281,0.6292572021484375,-0.023756954818964005,0.5130298733711243,0.5874732732772827,-0.03174138814210892,0.482749879360199,0.7628896236419678,-0.011207811534404755,0.4893457293510437,0.6877803206443787,-0.02449190244078636,0.5017055869102478,0.6358836889266968,-0.03544583544135094,0.514250636100769,0.5951933860778809,-0.04046732559800148,0.4946110248565674,0.7773295044898987,-0.023145681247115135,0.5033041834831238,0.7199783325195312,-0.033856574445962906,0.5131900310516357,0.6782867312431335,-0.03940417245030403,0.523344874382019,0.6441491842269897,-0.04187583550810814
0.5743556022644043,0.9098931550979614,-1.1595004423270439e-07,0.5478577613830566,0.8482800126075745,0.008107176050543785,0.5420600175857544,0.7868643999099731,0.009254613891243935,0.5428611040115356,0.7441811561584473,0.007007612846791744,0.5401968955993652,0.7093184590339661,0.0026885138358920813,0.5715615749359131,0.7516167163848877,0.0015706559643149376,0.5541520118713379,0.6818640232086182,-0.011453031562268734,0.5418633222579956,0.6328819990158081,-0.023579150438308716,0.5323822498321533,0.5912173390388489,-0.032869528979063034,0.5770306587219238,0.7588116526603699,-0.011421899311244488,0.5575448274612427,0.6747247576713562,-0.021638406440615654,0.5431097149848938,0.6173017024993896,-0.030474523082375526,0.5336944460868835,0.5696860551834106,-0.03873796388506889,0.5727788209915161,0.7707281112670898,-0.024833522737026215,0.5555540323257446,0.6881423592567444,-0.036031585186719894,0.5428475141525269,0.6349767446517944,-0.043243590742349625,0.5350756049156189,0.5938916802406311,-0.048996176570653915,0.5603820085525513,0.7862946391105652,-0.037960927933454514,0.5533769130706787,0.7269688844680786,-0.05133945494890213,0.5454126596450806,0.6839295029640198,-0.05806014686822891,0.539220929145813,0.6494086980819702,-0.06288336962461472,0.4753243923187256,0.897682785987854,1.636504407542816e-07,0.5053651928901672,0.8481147289276123,0.005453630816191435,0.5091645121574402,0.7829549312591553,0.0080934539437294,0.5074394941329956,0.7386964559555054,0.005786858964711428,0.5107983350753784,0.7079561948776245,0.003366630058735609,0.4787651300430298,0.7499309182167053,0.01152037549763918,0.49047142267227173,0.6778640747070312,-0.0018076353007927537,0.5025211572647095,0.6252777576446533,-0.01354691106826067,0.5150688290596008,0.5836869478225708,-0.021435881033539772,0.4727705419063568,0.7537022233009338,-0.0008277398301288486,0.48543429374694824,0.6712636351585388,-0.015620166435837746,0.5006360411643982,0.6158382892608643,-0.02948942221701145,0.5162079334259033,0.5701248049736023,-0.03734569996595383,0.4780884087085724,0.7628692388534546,-0.014159457758069038,0.49160683155059814,0.6803432703018188,-0.027907734736800194,0.5059176683425903,0.6270720362663269,-0.03807533532381058,0.5191971659660339,0.5847424268722534,-0.0421554371714592,0.4949691891670227,0.7784677147865295,-0.027686677873134613,0.5044090747833252,0.7184521555900574,-0.03753175586462021,0.5137280225753784,0.6761015057563782,-0.041878167539834976,0.523879885673523,0.6407699584960938,-0.043167438358068466
0.574579656124115,0.9029268026351929,-9.056002880925007e-08,0.5392894744873047,0.8450937271118164,0.005055190995335579,0.5327930450439453,0.7816076278686523,0.005487408954650164,0.5340970754623413,0.738261342048645,0.0033144319895654917,0.5321429371833801,0.702324390411377,-0.0006018878775648773,0.5659700632095337,0.7419707775115967,0.00018790333706419915,0.5511104464530945,0.6760218739509583,-0.012539733201265335,0.5396212339401245,0.6285492181777954,-0.02499609999358654,0.5302979350090027,0.5875786542892456,-0.03490358591079712,0.573760986328125,0.7491461038589478,-0.011258644051849842,0.5566650629043579,0.6699822545051575,-0.02044377475976944,0.5432289838790894,0.6159322261810303,-0.0286635123193264,0.5351481437683105,0.5694488286972046,-0.036558572202920914,0.5727001428604126,0.764268159866333,-0.023475170135498047,0.5561465620994568,0.6861279606819153,-0.03330235183238983,0.5434547066688538,0.6350979804992676,-0.039880622178316116,0.536131739616394,0.5945181250572205,-0.045718103647232056,0.5630865097045898,0.7839182615280151,-0.03581355884671211,0.551284909248352,0.7292239665985107,-0.04842100664973259,0.5420073866844177,0.6880289316177368,-0.055052366107702255,0.5362663269042969,0.653597891330719,-0.060079336166381836,0.4790510833263397,0.8980262279510498,1.720042206443395e-07,0.5107426643371582,0.8538936972618103,0.00405529560521245,0.5139203071594238,0.7856438755989075,0.0070037320256233215,0.511158287525177,0.7391180992126465,0.005411302670836449,0.5130884647369385,0.7080724239349365,0.00391387427225709,0.4811019003391266,0.7494667768478394,0.009125255979597569,0.4916773736476898,0.6792004108428955,-0.003729406977072358,0.5021844506263733,0.6273308992385864,-0.014801212586462498,0.513927161693573,0.5865188837051392,-0.022374352440238,0.4736923575401306,0.754332959651947,-0.00232788547873497,0.4862133860588074,0.6724880337715149,-0.01716011017560959,0.5000738501548767,0.6172572374343872,-0.030406082049012184,0.5145862102508545,0.5717960000038147,-0.03769831731915474,0.47807374596595764,0.7641018629074097,-0.014734191820025444,0.49123072624206543,0.6831937432289124,-0.028665276244282722,0.5042385458946228,0.6302043199539185,-0.03850976377725601,0.5166509747505188,0.5877146124839783,-0.04233778268098831,0.4945581555366516,0.7791444063186646,-0.0274593997746706,0.503395676612854,0.7203204035758972,-0.03764961287379265,0.5126626491546631,0.678666353225708,-0.04229346662759781,0.5234138369560242,0.6439445614814758,-0.04376700893044472
0.576063334941864,0.9049938917160034,-6.763799120790281e-08,0.5465505719184875,0.8413895964622498,0.006599660962820053,0.539456844329834,0.7730318903923035,0.007666558492928743,0.5392435193061829,0.7255982756614685,0.005686026532202959,0.5363131761550903,0.6876550316810608,0.0021095231641083956,0.5680010914802551,0.7467261552810669,0.0026584917213767767,0.5524790287017822,0.6802240610122681,-0.009766906499862671,0.5404806137084961,0.6321976184844971,-0.02173605002462864,0.5310658812522888,0.5913011431694031,-0.030982522293925285,0.5733343362808228,0.7554974555969238,-0.009266932494938374,0.5563491582870483,0.6763685941696167,-0.018784459680318832,0.5421348214149475,0.621792197227478,-0.026628201827406883,0.533715546131134,0.5753941535949707,-0.03404126316308975,0.5704047083854675,0.7690375447273254,-0.02195027843117714,0.5545850992202759,0.6912059783935547,-0.03169047459959984,0.5408599972724915,0.6396042108535767,-0.03699517250061035,0.5332839488983154,0.5995972156524658,-0.04154001176357269,0.559949517250061,0.7861801385879517,-0.03470296412706375,0.5506265759468079,0.7303023934364319,-0.04583156853914261,0.5419825315475464,0.6876809000968933,-0.050987087190151215,0.5364559292793274,0.6532632112503052,-0.05490843206644058,0.48048514127731323,0.8996743559837341,1.5304675571314874e-07,0.5168412923812866,0.8536527752876282,0.0035023358650505543,0.5206733345985413,0.7859290242195129,0.00582464225590229,0.5181535482406616,0.739220380783081,0.0041387067176401615,0.5200494527816772,0.7069950699806213,0.0019523120718076825,0.48888513445854187,0.7489499449729919,0.00727453175932169,0.4956953525543213,0.6779288649559021,-0.006026383489370346,0.5048778653144836,0.6260777711868286,-0.018060391768813133,0.5157524347305298,0.5855319499969482,-0.02636149525642395,0.48175719380378723,0.7536099553108215,-0.004008850082755089,0.48888513445854187,0.6738357543945312,-0.018232684582471848,0.5007256865501404,0.6182451844215393,-0.032185252755880356,0.5141757130622864,0.5734376311302185,-0.04076787456870079,0.48379838466644287,0.7640218138694763,-0.01626233011484146,0.4926944077014923,0.6843318343162537,-0.030586382374167442,0.5041100382804871,0.6289706826210022,-0.04209611192345619,0.51612788438797,0.5856362581253052,-0.04764603450894356,0.49527508020401,0.7812480330467224,-0.028675580397248268,0.5030390620231628,0.7241051197052002,-0.04035642370581627,0.5116037726402283,0.6801178455352783,-0.046445589512586594,0.521489143371582,0.6439635753631592,-0.049294501543045044
0.5756743550300598,0.9047629833221436,-6.53019966989632e-08,0.5478720664978027,0.8376143574714661,0.007931041531264782,0.5406186580657959,0.7717066407203674,0.00874820165336132,0.5405078530311584,0.7239950299263,0.006072284188121557,0.5371714234352112,0.6853852272033691,0.0016099404310807586,0.567486047744751,0.7415143847465515,0.003293919377028942,0.5521057844161987,0.6740204095840454,-0.01005894411355257,0.54032301902771,0.6246441602706909,-0.022768665105104446,0.5310243368148804,0.5821446180343628,-0.03261765465140343,0.5726878643035889,0.7498914003372192,-0.00993618369102478,0.555444598197937,0.6685211658477783,-0.02053641527891159,0.5421064496040344,0.6127123236656189,-0.029282281175255775,0.534080982208252,0.5648967027664185,-0.03727739304304123,0.5698456168174744,0.7647504806518555,-0.02387877181172371,0.5535712838172913,0.6856076121330261,-0.03463202342391014,0.5414843559265137,0.6330127120018005,-0.041322823613882065,0.534426212310791,0.5916329026222229,-0.04693000018596649,0.5596343874931335,0.784518837928772,-0.03768548369407654,0.5503360033035278,0.7293621301651001,-0.05012188106775284,0.5420246720314026,0.6869139671325684,-0.0564500167965889,0.53638756275177,0.6513046026229858,-0.06124833971261978,0.47464627027511597,0.9024915099143982,1.8171962778978923e-07,0.5115367770195007,0.8480274081230164,0.006959441117942333,0.5156599879264832,0.7776908278465271,0.00996063556522131,0.5135449171066284,0.7296599745750427,0.007842578925192356,0.5159088969230652,0.6955153346061707,0.005452456884086132,0.4800216555595398,0.7427781224250793,0.011385069228708744,0.4912611246109009,0.6660500168800354,-0.0026501466054469347,0.5030074119567871,0.6123784184455872,-0.014571267180144787,0.5154125690460205,0.5695552229881287,-0.022691451013088226,0.4732683300971985,0.7486286163330078,-0.0023221143055707216,0.48806971311569214,0.6615672707557678,-0.017966441810131073,0.5028534531593323,0.6034922003746033,-0.032481495290994644,0.5181662440299988,0.5558049082756042,-0.04089117422699928,0.4772339463233948,0.7615307569503784,-0.01696271449327469,0.4936549961566925,0.6753802299499512,-0.03170723840594292,0.5084607601165771,0.6208395957946777,-0.04313010349869728,0.5225496888160706,0.5776208639144897,-0.04827595874667168,0.4923035502433777,0.781176745891571,-0.03152727335691452,0.5033894777297974,0.7209436893463135,-0.04254848137497902,0.5134821534156799,0.678350031375885,-0.048242390155792236,0.5248109102249146,0.6423040628433228,-0.05077257379889488
0.5728390216827393,0.8993188142776489,-5.485123821813431e-08,0.540894091129303,0.8350889086723328,0.005710468627512455,0.5334344506263733,0.7657374143600464,0.0074683064594864845,0.5335690975189209,0.715838611125946,0.0059492383152246475,0.5305235981941223,0.6759989261627197,0.0032163735013455153,0.5649793744087219,0.7353354096412659,0.007558029610663652,0.5496465563774109,0.6725610494613647,-0.003983731847256422,0.5386927723884583,0.6245254874229431,-0.016346177086234093,0.5303887724876404,0.5831078886985779,-0.02625635638833046,0.5699807405471802,0.7438181042671204,-0.004346741829067469,0.5532271265983582,0.6680122017860413,-0.013515916652977467,0.5403557419776917,0.6138716340065002,-0.022210977971553802,0.533436119556427,0.5671164989471436,-0.029979484155774117,0.5677381753921509,0.7575123906135559,-0.017517056316137314,0.5516047477722168,0.6841577291488647,-0.02719181403517723,0.5398649573326111,0.6335422992706299,-0.03313088417053223,0.5340814590454102,0.5926500558853149,-0.038032881915569305,0.5584617257118225,0.7762406468391418,-0.031076176092028618,0.54957515001297,0.7241409420967102,-0.04250936210155487,0.5414288640022278,0.6828804016113281,-0.0480070561170578,0.5364056825637817,0.6482927799224854,-0.05202321708202362,0.4786902666091919,0.8977904915809631,1.8683233804495103e-07,0.5138208866119385,0.8473289012908936,0.0027052094228565693,0.5158622860908508,0.7800089120864868,0.004272444639354944,0.5118982195854187,0.7343643307685852,0.0016046356176957488,0.5145331621170044,0.7028552293777466,-0.0012736531207337976,0.4806468188762665,0.745059072971344,0.007922722958028316,0.4905841052532196,0.6768399477005005,-0.006415382027626038,0.5009194016456604,0.6257393956184387,-0.019274041056632996,0.5128199458122253,0.5842467546463013,-0.028058232739567757,0.47366073727607727,0.7512536644935608,-0.0032733927946537733,0.4850597679615021,0.6731963157653809,-0.018606845289468765,0.49835601449012756,0.6172542572021484,-0.032958049327135086,0.5136169791221619,0.570725679397583,-0.04149124398827553,0.47782275080680847,0.7626052498817444,-0.015657693147659302,0.4904565215110779,0.6846765279769897,-0.0302165225148201,0.5037832260131836,0.6304285526275635,-0.04124627262353897,0.5174266695976257,0.5874772071838379,-0.046210337430238724,0.49346402287483215,0.7801260352134705,-0.028445933014154434,0.5027929544448853,0.7246180176734924,-0.03881599009037018,0.5115545988082886,0.6824068427085876,-0.04382053762674332,0.5214859843254089,0.6478320360183716,-0.04592050984501839
0.5723187923431396,0.900905191898346,-1.0234779068696298e-07,0.5420147776603699,0.8416132926940918,0.006656855810433626,0.5337615013122559,0.7736196517944336,0.009075615555047989,0.5333589315414429,0.7246054410934448,0.008623737841844559,0.5300577878952026,0.6859620213508606,0.006581615190953016,0.5632291436195374,0.7394440770149231,0.0034190313890576363,0.5473220944404602,0.6724260449409485,-0.009280964732170105,0.5357659459114075,0.6224921941757202,-0.02130582183599472,0.5267552137374878,0.5801637172698975,-0.030744079500436783,0.5703198313713074,0.7473285794258118,-0.00878856610506773,0.5521252751350403,0.6656262874603271,-0.019559960812330246,0.5386770963668823,0.609092652797699,-0.028397753834724426,0.5307254195213318,0.5606768131256104,-0.03605102747678757,0.5691860318183899,0.7610744833946228,-0.021778877824544907,0.5518473982810974,0.6814985275268555,-0.03359195590019226,0.5391188263893127,0.6287288665771484,-0.04077165201306343,0.532310426235199,0.5862321853637695,-0.0461617112159729,0.5602840185165405,0.7792870998382568,-0.03469652310013771,0.5505980253219604,0.7241197824478149,-0.04952443763613701,0.542109489440918,0.6814975738525391,-0.057213351130485535,0.5369108319282532,0.6457129120826721,-0.06232842430472374,0.48006749153137207,0.8995525240898132,1.8441402005464624e-07,0.5163512229919434,0.8526545763015747,0.0032909249421209097,0.5186046957969666,0.7838296890258789,0.005494648590683937,0.51469486951828,0.7373712658882141,0.003559703705832362,0.5165127515792847,0.7046521902084351,0.0014519814867526293,0.483695924282074,0.7475767135620117,0.007750246208161116,0.4921736717224121,0.6776041984558105,-0.00588970398530364,0.5025548338890076,0.6262058019638062,-0.01800539903342724,0.5143885612487793,0.5850633978843689,-0.026201190426945686,0.4758624732494354,0.7526857852935791,-0.0033948486670851707,0.4857637584209442,0.6736911535263062,-0.017590822651982307,0.4994019567966461,0.6187046766281128,-0.030921828001737595,0.5145314931869507,0.5734777450561523,-0.03884183242917061,0.47879263758659363,0.762689471244812,-0.015659943222999573,0.4898637533187866,0.6838797926902771,-0.02946738712489605,0.5030803084373474,0.6294603943824768,-0.039898581802845,0.516355574131012,0.5867804884910583,-0.044505905359983444,0.4929733872413635,0.778663158416748,-0.028272148221731186,0.5023373365402222,0.720822274684906,-0.03843837231397629,0.5117118954658508,0.6780855059623718,-0.043253906071186066,0.522031843662262,0.6433917284011841,-0.04517915099859238
0.5694928169250488,0.9047451019287109,-3.921272551110633e-08,0.5361897945404053,0.8437398076057434,0.0034424527548253536,0.531650960445404,0.7783719897270203,0.0036237493623048067,0.5335837602615356,0.7336317300796509,0.0009553087875247002,0.5325406193733215,0.6956387162208557,-0.0031482994090765715,0.5660138130187988,0.7449713349342346,0.002772796433418989,0.5510396361351013,0.6803975701332092,-0.010259746573865414,0.5411999821662903,0.6302493810653687,-0.023042526096105576,0.5333513021469116,0.5876854658126831,-0.03279174864292145,0.5714201927185059,0.7524219155311584,-0.008410545065999031,0.5542240142822266,0.6755374073982239,-0.018946949392557144,0.5414906144142151,0.6169145703315735,-0.02919297106564045,0.533790111541748,0.5669982433319092,-0.03799502179026604,0.5681047439575195,0.7642266750335693,-0.02065853960812092,0.5529878735542297,0.6883047819137573,-0.032044246792793274,0.5413495898246765,0.6353541612625122,-0.04000525549054146,0.5343813300132751,0.5937546491622925,-0.04578996077179909,0.5571912527084351,0.7799075245857239,-0.03323633596301079,0.5503609776496887,0.7234005928039551,-0.045526862144470215,0.5427161455154419,0.6813924908638,-0.05164934694766998,0.5372775793075562,0.6477144360542297,-0.055799417197704315,0.4800051748752594,0.8971919417381287,1.838660068642639e-07,0.5175666213035583,0.8566297292709351,0.0027233054861426353,0.5204250812530518,0.7909634709358215,0.006108185742050409,0.5165077447891235,0.7477039694786072,0.005246063228696585,0.5190188884735107,0.7181314826011658,0.004361228086054325,0.4864189326763153,0.7464889883995056,0.012728745117783546,0.49557676911354065,0.6829107999801636,0.0013894210569560528,0.5064732432365417,0.6345239877700806,-0.010293879546225071,0.5179107189178467,0.5956721305847168,-0.018650617450475693,0.4776080548763275,0.7497532963752747,0.0024520454462617636,0.48715123534202576,0.6775341629981995,-0.009700833819806576,0.5011168122291565,0.6259700059890747,-0.02314031310379505,0.515934407711029,0.5823373794555664,-0.03160689026117325,0.47998958826065063,0.7571855783462524,-0.009215638041496277,0.4902072548866272,0.6837305426597595,-0.02194296382367611,0.5030031800270081,0.6328881978988647,-0.032317180186510086,0.5153513550758362,0.5919634103775024,-0.03714579716324806,0.49374112486839294,0.7705627083778381,-0.021456431597471237,0.5029627680778503,0.7147968411445618,-0.031396448612213135,0.5119755864143372,0.6744636297225952,-0.0361630953848362,0.5215190052986145,0.6419121026992798,-0.03812367841601372
0.5727378726005554,0.9083004593849182,-8.004256102367435e-08,0.535347044467926,0.8535887002944946,0.003716079518198967,0.5281469225883484,0.7900803089141846,0.003937477711588144,0.5277814865112305,0.7478885650634766,0.0013771889498457313,0.5252351760864258,0.7118325233459473,-0.0027693072333931923,0.5661913752555847,0.7465285658836365,0.0017322940984740853,0.5508495569229126,0.6801496744155884,-0.010745497420430183,0.5388040542602539,0.6311701536178589,-0.02330614998936653,0.5288468599319458,0.5895005464553833,-0.03308185935020447,0.5729605555534363,0.7526588439941406,-0.00929409172385931,0.5555750727653503,0.6728248596191406,-0.018754588440060616,0.5407105684280396,0.6164294481277466,-0.028076374903321266,0.5309876799583435,0.5687718391418457,-0.03651795908808708,0.5702298879623413,0.7646470069885254,-0.021253881976008415,0.5542893409729004,0.6858965754508972,-0.031817737966775894,0.5410720705986023,0.6336943507194519,-0.03922384977340698,0.532567024230957,0.5924897193908691,-0.04499523714184761,0.5585955381393433,0.780903160572052,-0.033522699028253555,0.5519556403160095,0.723038911819458,-0.04596884921193123,0.5433308482170105,0.6803078651428223,-0.052267514169216156,0.5367334485054016,0.6457654237747192,-0.056678060442209244,0.4775494337081909,0.8964468240737915,1.9780824800363916e-07,0.5136695504188538,0.8478609323501587,0.004107281100004911,0.515586256980896,0.7813530564308167,0.006435001734644175,0.5118721127510071,0.7371489405632019,0.004383529536426067,0.5149081349372864,0.7061432600021362,0.002117384457960725,0.4798848032951355,0.7429637312889099,0.009503887966275215,0.49113890528678894,0.6730703115463257,-0.003933003172278404,0.5021762251853943,0.6222452521324158,-0.01603894680738449,0.5142558217048645,0.5812170505523682,-0.02423061616718769,0.4726014733314514,0.7471594214439392,-0.002017212100327015,0.4855072498321533,0.6674219965934753,-0.016312923282384872,0.4996403157711029,0.6129023432731628,-0.030126716941595078,0.514727771282196,0.5686586499214172,-0.03830326721072197,0.47664952278137207,0.7572571635246277,-0.014601647853851318,0.4899122416973114,0.6761972308158875,-0.028626808896660805,0.5036892890930176,0.6226080656051636,-0.039747536182403564,0.5170701146125793,0.581630527973175,-0.0447826012969017,0.4921981394290924,0.7741883993148804,-0.027398500591516495,0.5035041570663452,0.7166029810905457,-0.037675898522138596,0.5128952860832214,0.6746707558631897,-0.04273229464888573,0.5224795341491699,0.6408302783966064,-0.04483333230018616
0.5731374025344849,0.9067763686180115,-1.0738353495298725e-07,0.5400830507278442,0.8507763147354126,0.006524304859340191,0.5326370596885681,0.7886043787002563,0.008073575794696808,0.5314822196960449,0.7461106181144714,0.006494584027677774,0.5282835364341736,0.710864782333374,0.0030931669753044844,0.5683000087738037,0.7468879222869873,0.004022727254778147,0.5516853332519531,0.6793521642684937,-0.007633897475898266,0.5389499068260193,0.6302376985549927,-0.01944713294506073,0.5284499526023865,0.5892974138259888,-0.028693804517388344,0.5743374228477478,0.7530575394630432,-0.007972795516252518,0.5555052161216736,0.6720230579376221,-0.016380907967686653,0.5402706265449524,0.616098940372467,-0.024847010150551796,0.5304821729660034,0.5693444609642029,-0.0329018160700798,0.5707743167877197,0.7649415731430054,-0.020743176341056824,0.5535091161727905,0.6851163506507874,-0.030628690496087074,0.5401183366775513,0.6330726742744446,-0.03772350028157234,0.5320112109184265,0.5921908617019653,-0.043491218239068985,0.5581435561180115,0.7806443572044373,-0.033532269299030304,0.5501810312271118,0.7226091623306274,-0.04598919674754143,0.5411696434020996,0.6798444390296936,-0.05243086814880371,0.5345030426979065,0.6451797485351562,-0.057070981711149216,0.4751441180706024,0.8963114619255066,1.6543364722565457e-07,0.5066626667976379,0.8482931852340698,0.0031446851789951324,0.5113303065299988,0.784412145614624,0.005383632145822048,0.5102699995040894,0.7396309971809387,0.00317552057094872,0.5131431818008423,0.7091980576515198,0.0009696700726635754,0.4762330651283264,0.7523130178451538,0.010516965761780739,0.48775920271873474,0.6829051971435547,-0.0028236759826540947,0.49879756569862366,0.6309045553207397,-0.014677094295620918,0.5105101466178894,0.5905475616455078,-0.022581446915864944,0.46990707516670227,0.7568541765213013,-0.000279770145425573,0.4821770191192627,0.6777827739715576,-0.015559308230876923,0.4960786998271942,0.621305525302887,-0.029485346749424934,0.5109237432479858,0.5743637084960938,-0.037256136536598206,0.47569069266319275,0.7657647132873535,-0.012309832498431206,0.48811280727386475,0.6872434616088867,-0.026021314784884453,0.5008806586265564,0.6328705549240112,-0.03611469641327858,0.5134209990501404,0.5896927714347839,-0.04022126644849777,0.49278441071510315,0.7798872590065002,-0.024867335334420204,0.5007669925689697,0.7222179770469666,-0.0343104712665081,0.5089477896690369,0.6802253723144531,-0.03867759555578232,0.5184093117713928,0.646201491355896,-0.04015280306339264
0.5726965069770813,0.9042192697525024,-1.3290103595409164e-07,0.5418736934661865,0.8492302894592285,0.006539773195981979,0.5355521440505981,0.7890647053718567,0.00764561677351594,0.535123884677887,0.7501359581947327,0.0056456830352544785,0.5324249267578125,0.7180639505386353,0.0017619022401049733,0.5702265501022339,0.7431880831718445,0.0024068665225058794,0.5509852766990662,0.6734098792076111,-0.00937794428318739,0.5377421379089355,0.6239647269248962,-0.02071366459131241,0.5276505947113037,0.583121657371521,-0.029546039178967476,0.5761277675628662,0.749631941318512,-0.009804467670619488,0.5546396970748901,0.6665346026420593,-0.018602976575493813,0.5391787886619568,0.6097760200500488,-0.026689527556300163,0.5291903614997864,0.563664436340332,-0.03444921597838402,0.572352409362793,0.7623600959777832,-0.022683681920170784,0.5528134703636169,0.6805996298789978,-0.03286788612604141,0.5387590527534485,0.6286605000495911,-0.03947363793849945,0.5308929681777954,0.5883599519729614,-0.044878553599119186,0.5599151849746704,0.7791594862937927,-0.035590820014476776,0.5509371757507324,0.7203270792961121,-0.04858418554067612,0.5420130491256714,0.6775736808776855,-0.05504215881228447,0.5359615087509155,0.6431862115859985,-0.05962470918893814,0.47664105892181396,0.8977043628692627,1.5360826921551052e-07,0.5084679126739502,0.8528218269348145,0.004167306236922741,0.5115538835525513,0.7869555950164795,0.007249290589243174,0.5097417831420898,0.7418203949928284,0.0058606150560081005,0.511969268321991,0.7113197445869446,0.0043474589474499226,0.47841015458106995,0.755180835723877,0.010409562848508358,0.4889984130859375,0.6874392032623291,-0.002195601584389806,0.5000848174095154,0.6354728937149048,-0.013669104315340519,0.5115682482719421,0.5947810411453247,-0.021540243178606033,0.4718555808067322,0.7594254016876221,-0.0007866278174333274,0.48281383514404297,0.6813018321990967,-0.014927854761481285,0.49683547019958496,0.6248311996459961,-0.028289902955293655,0.5115735530853271,0.5768958926200867,-0.03606191650032997,0.4767480790615082,0.7676860094070435,-0.013048756867647171,0.488059937953949,0.6894571185112,-0.026129720732569695,0.5005823373794556,0.6345029473304749,-0.03583378344774246,0.5125490427017212,0.5900421738624573,-0.03993039205670357,0.4926879107952118,0.7810800075531006,-0.02573467791080475,0.5003931522369385,0.7229371070861816,-0.035178910940885544,0.5090771913528442,0.6808198094367981,-0.03952053561806679,0.5191153883934021,0.6465638875961304,-0.04104713723063469
0.5683397650718689,0.9057285785675049,-1.2423654993654054e-07,0.5355355739593506,0.8490760326385498,0.004594340454787016,0.5289936661720276,0.7866975665092468,0.005418399348855019,0.5292741656303406,0.7449048757553101,0.00341433216817677,0.5274765491485596,0.709576427936554,-0.0002755243913270533,0.566875159740448,0.7444834113121033,0.002081225160509348,0.5493406653404236,0.6771198511123657,-0.010295526124536991,0.5372300744056702,0.6274623274803162,-0.022402362897992134,0.527569055557251,0.5865769982337952,-0.031784676015377045,0.5726977586746216,0.750912606716156,-0.0091521255671978,0.5534570217132568,0.6711128950119019,-0.01843843050301075,0.5388346314430237,0.6147390007972717,-0.027266670018434525,0.5291993618011475,0.5690834522247314,-0.035463932901620865,0.5695123076438904,0.7630073428153992,-0.0213116854429245,0.5520440340042114,0.6846685409545898,-0.03188259154558182,0.5388453602790833,0.6330700516700745,-0.03912404924631119,0.5305652022361755,0.5932328701019287,-0.04485455900430679,0.5583398938179016,0.7796751260757446,-0.033709801733493805,0.5507034659385681,0.7228160500526428,-0.04701411724090576,0.5418957471847534,0.6802124381065369,-0.05402694270014763,0.5351529717445374,0.6461469531059265,-0.058888498693704605,0.4790651500225067,0.8978894948959351,1.56194559508549e-07,0.5115370154380798,0.855006992816925,0.0017357999458909035,0.5131546854972839,0.7896791100502014,0.004299758467823267,0.5107591152191162,0.7444733381271362,0.0030465973541140556,0.512591540813446,0.7153404951095581,0.001861932105384767,0.4804679751396179,0.7602158784866333,0.008977471850812435,0.48954832553863525,0.6945339441299438,-0.003448738716542721,0.4995438754558563,0.6438270807266235,-0.014953549951314926,0.5108245611190796,0.6043350100517273,-0.02285214327275753,0.4738505780696869,0.7648749947547913,-0.0007136950152926147,0.4836183190345764,0.6898515224456787,-0.0146257309243083,0.4965449273586273,0.6345208883285522,-0.02792876400053501,0.5109583735466003,0.5876009464263916,-0.035713378340005875,0.47796088457107544,0.7719437479972839,-0.01164101343601942,0.48766663670539856,0.697860062122345,-0.02475745417177677,0.4990037679672241,0.6428178548812866,-0.034455809742212296,0.510327160358429,0.5982506275177002,-0.03853170946240425,0.49250292778015137,0.7829135656356812,-0.023239733651280403,0.49945905804634094,0.7266837358474731,-0.03292163833975792,0.5076230764389038,0.6849039196968079,-0.03739384561777115,0.5171583890914917,0.6516148447990417,-0.03897852450609207
0.569993793964386,0.9054456949234009,-9.51622212141956e-08,0.5377072095870972,0.8475585579872131,0.0037165542598813772,0.5311388969421387,0.7841076850891113,0.0037318940740078688,0.5317705869674683,0.7426357269287109,0.0012417783727869391,0.5300688743591309,0.7073389887809753,-0.0029274108819663525,0.5665522813796997,0.7460806369781494,-0.00041730442899279296,0.5499619245529175,0.67893385887146,-0.013306776061654091,0.5384832620620728,0.6290521621704102,-0.02557457983493805,0.5297383069992065,0.5867869853973389,-0.035182174295186996,0.5729546546936035,0.7534860968589783,-0.011492605321109295,0.5544523596763611,0.6726928949356079,-0.022014424204826355,0.5404266119003296,0.6151799559593201,-0.031514495611190796,0.5316758155822754,0.5671839118003845,-0.04002372547984123,0.5701438188552856,0.7664528489112854,-0.023292047902941704,0.553121030330658,0.6871269345283508,-0.034917399287223816,0.5401983261108398,0.6342172622680664,-0.042691316455602646,0.5324885845184326,0.5922703146934509,-0.04863770678639412,0.5590630173683167,0.7836042046546936,-0.03524484857916832,0.5498972535133362,0.7268314361572266,-0.049093954265117645,0.5409324169158936,0.6847341656684875,-0.056133538484573364,0.534612774848938,0.6502746343612671,-0.06094425171613693,0.4796435236930847,0.8974959850311279,1.5884485549122473e-07,0.515238881111145,0.8511742353439331,0.002951676957309246,0.518709659576416,0.7848682403564453,0.005694043822586536,0.5156347155570984,0.7399659752845764,0.004274529870599508,0.517951250076294,0.7087318897247314,0.002669200301170349,0.48433613777160645,0.7485266327857971,0.011085362173616886,0.4930453300476074,0.682321310043335,-0.0016002795891836286,0.5025569796562195,0.6327062249183655,-0.013569232076406479,0.5132786631584167,0.5929536819458008,-0.02177494578063488,0.4766593873500824,0.7530860900878906,0.0005384619580581784,0.4853273332118988,0.6783856749534607,-0.013273431919515133,0.49769994616508484,0.6240559816360474,-0.026944074779748917,0.5121257305145264,0.5783838629722595,-0.03515477851033211,0.479680597782135,0.7620239853858948,-0.01134522631764412,0.4886915981769562,0.6871619820594788,-0.02484089322388172,0.5004816055297852,0.6336009502410889,-0.035222701728343964,0.5129006505012512,0.5911315679550171,-0.0397859662771225,0.4932698607444763,0.7771173715591431,-0.023726793006062508,0.5005653500556946,0.7205350995063782,-0.03377525508403778,0.5087968111038208,0.6773791313171387,-0.038619447499513626,0.5181860327720642,0.6423891186714172,-0.04055704548954964
0.5713241696357727,0.9062750339508057,-6.804259555792669e-08,0.5384438037872314,0.8493159413337708,0.0028976709581911564,0.5321674942970276,0.785726010799408,0.002400446915999055,0.5337405800819397,0.7432461977005005,-0.0003731177421286702,0.5323020219802856,0.7078332304954529,-0.004802504554390907,0.5651654005050659,0.7487190961837769,-0.0027221878990530968,0.5485461354255676,0.6795040369033813,-0.016206929460167885,0.5373706221580505,0.6280262470245361,-0.028571367263793945,0.5289762020111084,0.5842238664627075,-0.038164518773555756,0.5720348954200745,0.7555435299873352,-0.013422363437712193,0.5531833171844482,0.6719332933425903,-0.024340184405446053,0.5392237305641174,0.6131647229194641,-0.03372097760438919,0.530579149723053,0.5641188025474548,-0.042055532336235046,0.5694688558578491,0.7681670784950256,-0.024731697514653206,0.552653968334198,0.6863805651664734,-0.0364268459379673,0.5395591259002686,0.6327935457229614,-0.04379504173994064,0.5317122340202332,0.5905696153640747,-0.04940279945731163,0.5586018562316895,0.7848660945892334,-0.03624524176120758,0.5508595705032349,0.7275574803352356,-0.05016498640179634,0.5425180792808533,0.6852799654006958,-0.05700162798166275,0.5366871953010559,0.6504420042037964,-0.061563123017549515,0.4770287871360779,0.8997790217399597,1.6935337043832988e-07,0.5136529207229614,0.8541905879974365,0.0035548326559364796,0.5160807967185974,0.7872164845466614,0.006659862585365772,0.5132218599319458,0.7419024109840393,0.005470082629472017,0.5158974528312683,0.7113282084465027,0.004054102580994368,0.48200854659080505,0.7555570006370544,0.011427557095885277,0.49278977513313293,0.690948486328125,-0.0009921547025442123,0.5036278367042542,0.6421118974685669,-0.012667768634855747,0.5155224800109863,0.6035585403442383,-0.02066415548324585,0.474491149187088,0.7602415680885315,0.0006762321572750807,0.48660340905189514,0.6860500574111938,-0.013023724779486656,0.499900758266449,0.6316217184066772,-0.02625332958996296,0.5147141218185425,0.5857492685317993,-0.034031398594379425,0.4778538644313812,0.7690441608428955,-0.011377472430467606,0.48933807015419006,0.6943440437316895,-0.024359799921512604,0.501335084438324,0.6403729319572449,-0.03398764133453369,0.5139559507369995,0.5971478223800659,-0.038100019097328186,0.4917837381362915,0.7829954028129578,-0.023980332538485527,0.4997320771217346,0.7268484830856323,-0.03319690003991127,0.5080135464668274,0.6843025088310242,-0.03738521412014961,0.5174901485443115,0.6499556303024292,-0.03897463530302048
0.5744785666465759,0.904232382774353,-1.0379024928397484e-07,0.5408099293708801,0.8432029485702515,0.008548658341169357,0.5319279432296753,0.7779335379600525,0.011199227534234524,0.530255138874054,0.7297526597976685,0.010630031116306782,0.5263315439224243,0.6914580464363098,0.008203894831240177,0.5631040930747986,0.7356486916542053,0.0051240138709545135,0.5456780195236206,0.6682145595550537,-0.005904276389628649,0.5338072776794434,0.6202722191810608,-0.017182927578687668,0.5252194404602051,0.5784543752670288,-0.026610461995005608,0.5706016421318054,0.7432761788368225,-0.007848832756280899,0.5507103204727173,0.6601933836936951,-0.01692475937306881,0.5364068150520325,0.6056219339370728,-0.024938279762864113,0.5280871391296387,0.5581323504447937,-0.03263160213828087,0.5691751837730408,0.7582119107246399,-0.021433910354971886,0.5500447154045105,0.6776406168937683,-0.03166939690709114,0.5373519659042358,0.6260102987289429,-0.038132477551698685,0.5309256911277771,0.5838806629180908,-0.04380180686712265,0.559217631816864,0.7781000137329102,-0.03486866503953934,0.5490613579750061,0.7236508727073669,-0.04885090887546539,0.5408620834350586,0.681930422782898,-0.05642874166369438,0.5360202193260193,0.6462769508361816,-0.062012288719415665,0.47525542974472046,0.8998317718505859,1.8267769519297872e-07,0.5049827098846436,0.8500290513038635,0.004179419483989477,0.5071807503700256,0.7786802053451538,0.006180823780596256,0.5052850842475891,0.7286198139190674,0.0037415078841149807,0.5079519152641296,0.6951512694358826,0.0016410821117460728,0.4761943221092224,0.7453873157501221,0.007216896396130323,0.489296019077301,0.6701825857162476,-0.006713144946843386,0.5007686614990234,0.6170554757118225,-0.01770869828760624,0.5128304958343506,0.576270580291748,-0.024998033419251442,0.4690294563770294,0.7518201470375061,-0.004706934560090303,0.4861966669559479,0.6642816662788391,-0.021002955734729767,0.5015423893928528,0.6052703857421875,-0.034341152757406235,0.5168646574020386,0.5572372078895569,-0.0415412075817585,0.4739452302455902,0.763242781162262,-0.01762901246547699,0.49285751581192017,0.6787043809890747,-0.03230707347393036,0.5080031156539917,0.6243032217025757,-0.04275723546743393,0.521865725517273,0.5802516937255859,-0.047175098210573196,0.4905991852283478,0.7792764902114868,-0.03074767254292965,0.5012198686599731,0.7210023403167725,-0.04131418094038963,0.5105821490287781,0.6793265342712402,-0.046830590814352036,0.5217080116271973,0.6435551047325134,-0.04916314408183098
0.5744785666465759,0.904232382774353,-1.0379024928397484e-07,0.5408099293708801,0.8432029485702515,0.008548658341169357,0.5319279432296753,0.7779335379600525,0.011199227534234524,0.530255138874054,0.7297526597976685,0.010630031116306782,0.5263315439224243,0.6914580464363098,0.008203894831240177,0.5631040930747986,0.7356486916542053,0.0051240138709545135,0.5456780195236206,0.6682145595550537,-0.005904276389628649,0.5338072776794434,0.6202722191810608,-0.017182927578687668,0.5252194404602051,0.5784543752670288,-0.026610461995005608,0.5706016421318054,0.7432761788368225,-0.007848832756280899,0.5507103204727173,0.6601933836936951,-0.01692475937306881,0.5364068150520325,0.6056219339370728,-0.024938279762864113,0.5280871391296387,0.5581323504447937,-0.03263160213828087,0.5691751837730408,0.7582119107246399,-0.021433910354971886,0.5500447154045105,0.6776406168937683,-0.03166939690709114,0.5373519659042358,0.6260102987289429,-0.038132477551698685,0.5309256911277771,0.5838806629180908,-0.04380180686712265,0.559217631816864,0.7781000137329102,-0.03486866503953934,0.5490613579750061,0.7236508727073669,-0.04885090887546539,0.5408620834350586,0.681930422782898,-0.05642874166369438,0.5360202193260193,0.6462769508361816,-0.062012288719415665,0.47525542974472046,0.8998317718505859,1.8267769519297872e-07,0.5049827098846436,0.8500290513038635,0.004179419483989477,0.5071807503700256,0.7786802053451538,0.006180823780596256,0.5052850842475891,0.7286198139190674,0.0037415078841149807,0.5079519152641296,0.6951512694358826,0.0016410821117460728,0.4761943221092224,0.7453873157501221,0.007216896396130323,0.489296019077301,0.6701825857162476,-0.006713144946843386,0.5007686614990234,0.6170554757118225,-0.01770869828760624,0.5128304958343506,0.576270580291748,-0.024998033419251442,0.4690294563770294,0.7518201470375061,-0.004706934560090303,0.4861966669559479,0.6642816662788391,-0.021002955734729767,0.5015423893928528,0.6052703857421875,-0.034341152757406235,0.5168646574020386,0.5572372078895569,-0.0415412075817585,0.4739452302455902,0.763242781162262,-0.01762901246547699,0.49285751581192017,0.6787043809890747,-0.03230707347393036,0.5080031156539917,0.6243032217025757,-0.04275723546743393,0.521865725517273,0.5802516937255859,-0.047175098210573196,0.4905991852283478,0.7792764902114868,-0.03074767254292965,0.5012198686599731,0.7210023403167725,-0.04131418094038963,0.5105821490287781,0.6793265342712402,-0.046830590814352036,0.5217080116271973,0.6435551047325134,-0.04916314408183098
0.5736056566238403,0.902035653591156,-8.44382341824712e-08,0.5383297801017761,0.8408830165863037,0.006490780506283045,0.5311582684516907,0.7751356363296509,0.008090327493846416,0.5311185121536255,0.7282394766807556,0.006727937608957291,0.528411865234375,0.690247654914856,0.003876602975651622,0.5651451349258423,0.7392522096633911,0.003344215452671051,0.5507697463035583,0.673241376876831,-0.008620263077318668,0.5395810604095459,0.6252009868621826,-0.020593497902154922,0.5302114486694336,0.5836743116378784,-0.03009834885597229,0.5713902711868286,0.7462673187255859,-0.008507143706083298,0.5547696352005005,0.6666403412818909,-0.017750447615981102,0.5407772660255432,0.6121666431427002,-0.025490425527095795,0.5324028134346008,0.5653427839279175,-0.0326496958732605,0.5690059065818787,0.7601101994514465,-0.02115156687796116,0.5531966686248779,0.6818251609802246,-0.03096383810043335,0.5404737591743469,0.6310251355171204,-0.036687690764665604,0.5331773161888123,0.5909332633018494,-0.04152088984847069,0.5584779381752014,0.7787648439407349,-0.033891815692186356,0.5491746664047241,0.7238813638687134,-0.0463961586356163,0.5403830409049988,0.6823239922523499,-0.052568767219781876,0.5346013903617859,0.6480863094329834,-0.056950148195028305,0.4739273190498352,0.8989205360412598,1.9241991822127602e-07,0.5032421946525574,0.8436362147331238,0.006195180118083954,0.5055370926856995,0.7734528183937073,0.008069545030593872,0.5030766725540161,0.7243813276290894,0.004985930398106575,0.5050755739212036,0.6900253891944885,0.001842422760091722,0.4746078550815582,0.7414350509643555,0.009374595247209072,0.4887462854385376,0.6658270955085754,-0.004836390260607004,0.5006155371665955,0.6137424111366272,-0.01608918607234955,0.5127995610237122,0.5717743635177612,-0.023609330877661705,0.46825313568115234,0.7484073638916016,-0.004090383183211088,0.48604708909988403,0.6605381369590759,-0.02031910978257656,0.501262366771698,0.6017836332321167,-0.03442360833287239,0.5164012312889099,0.552179217338562,-0.04238005355000496,0.47355976700782776,0.7614650130271912,-0.01844610832631588,0.4931635558605194,0.6753701567649841,-0.03319868445396423,0.5087966918945312,0.6209876537322998,-0.04445655271410942,0.5228727459907532,0.5769462585449219,-0.04956015944480896,0.49038165807724,0.7802951335906982,-0.03278038278222084,0.5012156367301941,0.7203498482704163,-0.04343963786959648,0.5104870200157166,0.677826464176178,-0.0492607019841671,0.5211938619613647,0.6408055424690247,-0.05196911096572876
0.573516845703125,0.9015607833862305,-9.679533974349397e-08,0.5333717465400696,0.8435820937156677,0.005032396409660578,0.5253315567970276,0.777727484703064,0.006891870405524969,0.5249583721160889,0.7309687733650208,0.005997831467539072,0.5219112634658813,0.6929378509521484,0.0035824780352413654,0.5621251463890076,0.7336082458496094,0.005030076950788498,0.5449802875518799,0.6674379706382751,-0.0060196975246071815,0.5326845645904541,0.6196238398551941,-0.017488613724708557,0.523310661315918,0.5789117217063904,-0.026845823973417282,0.5694690346717834,0.7402842044830322,-0.00611356133595109,0.5507979393005371,0.6601376533508301,-0.01475796289741993,0.536649227142334,0.6064977049827576,-0.02330339327454567,0.5285534858703613,0.5608657002449036,-0.031301986426115036,0.5680283904075623,0.7540815472602844,-0.018376167863607407,0.5503395199775696,0.6760876774787903,-0.028409188613295555,0.537777841091156,0.6257192492485046,-0.036099873483181,0.531174898147583,0.5850628614425659,-0.04254923388361931,0.5581175684928894,0.7724729776382446,-0.030854133889079094,0.5494638681411743,0.7188838720321655,-0.0438973642885685,0.5415106415748596,0.677998423576355,-0.051841847598552704,0.5364787578582764,0.6432130932807922,-0.05784456804394722,0.47569993138313293,0.8960312008857727,1.9152852814841026e-07,0.5079384446144104,0.8509533405303955,0.0029585175216197968,0.5098607540130615,0.7789012789726257,0.0046418216079473495,0.5075590014457703,0.7277354001998901,0.002245553769171238,0.5100626349449158,0.6939789652824402,6.264824332902208e-05,0.4767358899116516,0.7435195446014404,0.004527970217168331,0.4896188974380493,0.6685821413993835,-0.009672778658568859,0.5015760064125061,0.6167639493942261,-0.020599551498889923,0.5144445896148682,0.5771326422691345,-0.027778537943959236,0.46925732493400574,0.7504629492759705,-0.00667492114007473,0.48645851016044617,0.6639987826347351,-0.023090442642569542,0.5023632049560547,0.6075682640075684,-0.03618273138999939,0.5181448459625244,0.5622059106826782,-0.0431424044072628,0.47407329082489014,0.762778103351593,-0.01879211887717247,0.4919806718826294,0.6788111329078674,-0.03378794714808464,0.5077027678489685,0.6246497631072998,-0.04383162409067154,0.5220725536346436,0.5813490152359009,-0.047831203788518906,0.49039915204048157,0.7791311740875244,-0.031144317239522934,0.501046359539032,0.7193765044212341,-0.04221893846988678,0.5116074681282043,0.6767197847366333,-0.047547221183776855,0.5237100124359131,0.6408668160438538,-0.04957291856408119
0.5749620795249939,0.9011976718902588,-5.712729489459889e-08,0.5411381125450134,0.8363255262374878,0.006966600194573402,0.532924234867096,0.7690468430519104,0.008557301014661789,0.5318889617919922,0.7207462191581726,0.00686198053881526,0.5282949209213257,0.6817114949226379,0.0035915186163038015,0.5633348822593689,0.7382369637489319,0.005421755835413933,0.5482642650604248,0.6731008291244507,-0.006909867282956839,0.5369911193847656,0.6249855160713196,-0.019284367561340332,0.528185248374939,0.5835416913032532,-0.02905804105103016,0.5695385336875916,0.7469801306724548,-0.007057311479002237,0.5523616671562195,0.6690453290939331,-0.01689380779862404,0.5391625761985779,0.6147336959838867,-0.02550389990210533,0.5319092273712158,0.5674779415130615,-0.03331567347049713,0.5677074193954468,0.7614502310752869,-0.020567186176776886,0.5514009594917297,0.6853935718536377,-0.030939053744077682,0.5394763350486755,0.6337853074073792,-0.03743753209710121,0.5334858894348145,0.5925130248069763,-0.042748697102069855,0.558046281337738,0.7802000641822815,-0.034158144146203995,0.5493077635765076,0.7263091802597046,-0.04671751335263252,0.5415651202201843,0.6839221715927124,-0.0532805398106575,0.5368667244911194,0.6481538414955139,-0.058066900819540024,0.4744390547275543,0.9010091423988342,1.7030141918894515e-07,0.5089854598045349,0.8494682312011719,0.005999148823320866,0.5128246545791626,0.7753222584724426,0.008382774889469147,0.5110012888908386,0.7238282561302185,0.0061778416857123375,0.5136858820915222,0.6887451410293579,0.004044270142912865,0.47719836235046387,0.7396658062934875,0.0069564757868647575,0.4911560118198395,0.6628744006156921,-0.007284099236130714,0.5027621388435364,0.6113537549972534,-0.017866671085357666,0.5140823721885681,0.5708388090133667,-0.02475578524172306,0.46947214007377625,0.7471616864204407,-0.005925352219492197,0.4887832701206207,0.6585517525672913,-0.022163627669215202,0.5039114952087402,0.6004133224487305,-0.03438284620642662,0.5184219479560852,0.5522949695587158,-0.04091082885861397,0.47322261333465576,0.7610992789268494,-0.01976868137717247,0.4943040907382965,0.674566924571991,-0.03470185399055481,0.5100628733634949,0.6215662956237793,-0.044646862894296646,0.5240465402603149,0.5789492130279541,-0.04878848046064377,0.48815426230430603,0.7801986932754517,-0.03356420248746872,0.49992695450782776,0.7201226949691772,-0.044728223234415054,0.5106871128082275,0.6773045063018799,-0.05067421868443489,0.5227993130683899,0.6408647298812866,-0.053423307836055756
0.5753815174102783,0.8995697498321533,-2.8851827593712187e-08,0.5460481643676758,0.8370866179466248,0.008052194491028786,0.5390401482582092,0.7722492814064026,0.009983150288462639,0.5395157933235168,0.7259994149208069,0.008467497304081917,0.5362615585327148,0.6891080141067505,0.005113897379487753,0.5660327076911926,0.7410098910331726,0.004562499467283487,0.5496329069137573,0.675544261932373,-0.008461222983896732,0.5377402901649475,0.6243902444839478,-0.02090570516884327,0.5283759832382202,0.581064760684967,-0.03036388009786606,0.5709182620048523,0.7495703101158142,-0.008639714680612087,0.5533535480499268,0.6702557802200317,-0.018933041021227837,0.5392154455184937,0.612014651298523,-0.027920423075556755,0.5306978225708008,0.5622708201408386,-0.03587711602449417,0.5674189329147339,0.7624651193618774,-0.022566480562090874,0.5512523055076599,0.6848515868186951,-0.03379471227526665,0.5385863184928894,0.632090151309967,-0.04094737768173218,0.5315760374069214,0.5908572673797607,-0.04637671634554863,0.5560861825942993,0.779800534248352,-0.03636160120368004,0.5490842461585999,0.7246373891830444,-0.04902219399809837,0.5417971611022949,0.6827296018600464,-0.05531201511621475,0.5372152328491211,0.6479079127311707,-0.05980426073074341,0.4741266965866089,0.8937585949897766,2.082501993072583e-07,0.5017964839935303,0.8448485136032104,0.0037789170164614916,0.5038657188415527,0.7732487320899963,0.005162977613508701,0.5026920437812805,0.7222758531570435,0.002201416064053774,0.5062639117240906,0.6881842017173767,-0.0003461960004642606,0.4735998809337616,0.7411258816719055,0.005756564904004335,0.48816239833831787,0.6639187932014465,-0.008840929716825485,0.5010790228843689,0.6103678941726685,-0.020051132887601852,0.513493001461029,0.5681197643280029,-0.027586456388235092,0.46675676107406616,0.7475603818893433,-0.006373351905494928,0.48569416999816895,0.6596488356590271,-0.023345062509179115,0.502498209476471,0.6022638082504272,-0.036808621138334274,0.5184656977653503,0.5550090074539185,-0.044073037803173065,0.47191596031188965,0.7597653269767761,-0.01942979171872139,0.49133753776550293,0.6733982563018799,-0.035087890923023224,0.5077550411224365,0.6199237704277039,-0.04555611312389374,0.5224701762199402,0.5761973857879639,-0.04997299611568451,0.48882606625556946,0.7765295505523682,-0.03262034058570862,0.49959391355514526,0.7169207334518433,-0.04463808238506317,0.5099968910217285,0.6757885217666626,-0.05057158321142197,0.5222257375717163,0.6399866342544556,-0.053073327988386154
0.5766549706459045,0.9039881825447083,-4.68346037507672e-08,0.5430907607078552,0.8400130271911621,0.0074340286664664745,0.5352848768234253,0.7745943069458008,0.008911714889109135,0.5344617962837219,0.729136049747467,0.006867993623018265,0.5309681296348572,0.6916713714599609,0.0032149958424270153,0.5656821727752686,0.7408066987991333,0.005321516655385494,0.5496177077293396,0.6760529279708862,-0.006973251234740019,0.5382956266403198,0.6275865435600281,-0.019195659086108208,0.5296903252601624,0.5854769945144653,-0.02884356863796711,0.57109135389328,0.7489871978759766,-0.007627100218087435,0.5530408620834351,0.6707814931869507,-0.017506452277302742,0.5397215485572815,0.6147356033325195,-0.026449020951986313,0.532236635684967,0.5662242770195007,-0.03458193689584732,0.5685483813285828,0.7626153826713562,-0.021458541974425316,0.5519595146179199,0.6854760646820068,-0.03229835629463196,0.5397659540176392,0.6330896615982056,-0.03930326923727989,0.5329763293266296,0.591183066368103,-0.04484240338206291,0.5585864186286926,0.781090497970581,-0.03529566898941994,0.5506269931793213,0.7256812453269958,-0.04808266460895538,0.5426765084266663,0.6830579042434692,-0.05460565909743309,0.5373266935348511,0.64753258228302,-0.059324413537979126,0.4739540219306946,0.8968007564544678,2.0652133514431625e-07,0.506964921951294,0.8466033339500427,0.005239575169980526,0.5103606581687927,0.7767147421836853,0.008211467415094376,0.5085175037384033,0.729295015335083,0.006178921088576317,0.5116402506828308,0.6969946026802063,0.004461142234504223,0.4740878641605377,0.739983856678009,0.011594463139772415,0.4880776107311249,0.6675233244895935,-0.001572930603288114,0.4995555579662323,0.616024911403656,-0.012549278326332569,0.5122409462928772,0.5753369331359863,-0.020005227997899055,0.46715229749679565,0.7465396523475647,-0.0009709568112157285,0.48548611998558044,0.6622830033302307,-0.01644168421626091,0.5003321766853333,0.6059161424636841,-0.029630808159708977,0.5156624913215637,0.5599256157875061,-0.0366222970187664,0.4729327857494354,0.7595657706260681,-0.014761564321815968,0.49155381321907043,0.6761804223060608,-0.02873852476477623,0.5063689351081848,0.622684895992279,-0.038995832204818726,0.5205667018890381,0.5797958970069885,-0.0431957021355629,0.49096405506134033,0.7775431275367737,-0.028851795941591263,0.5017136335372925,0.7191417813301086,-0.03887976333498955,0.5112905502319336,0.6774417757987976,-0.044099707156419754,0.5226923823356628,0.6419423818588257,-0.04619145393371582
0.5756165385246277,0.8984505534172058,-4.277811527231279e-08,0.5428410768508911,0.8403588533401489,0.006218181923031807,0.5349392294883728,0.7785366773605347,0.007494692225009203,0.5344364047050476,0.7364068031311035,0.005620116367936134,0.5323237180709839,0.7012265920639038,0.002303166314959526,0.5656644701957703,0.740610659122467,0.0058098421432077885,0.5503296852111816,0.6780913472175598,-0.005832330323755741,0.539684534072876,0.6313976049423218,-0.01764058507978916,0.5309422016143799,0.5914304256439209,-0.026849962770938873,0.5714353322982788,0.7467635869979858,-0.005926224868744612,0.5536139011383057,0.6723872423171997,-0.014581624418497086,0.5407156944274902,0.6182371973991394,-0.02316855825483799,0.5328642129898071,0.5715655088424683,-0.03110547550022602,0.5686253309249878,0.7585023641586304,-0.018709830939769745,0.5526372790336609,0.6848257780075073,-0.028434649109840393,0.5406522154808044,0.6346661448478699,-0.0357632152736187,0.5332955121994019,0.5950382351875305,-0.04158962145447731,0.5582096576690674,0.7745476365089417,-0.03157498314976692,0.5501024723052979,0.7209113240242004,-0.04304884746670723,0.5422868728637695,0.6809346079826355,-0.04941081628203392,0.5366575121879578,0.647885799407959,-0.054141730070114136,0.47771620750427246,0.8978941440582275,1.801053031158517e-07,0.5070819854736328,0.846620500087738,0.004715001676231623,0.5091480612754822,0.7764702439308167,0.007289923261851072,0.5064849257469177,0.7276196479797363,0.005302385427057743,0.5088317394256592,0.6943916082382202,0.0034105698578059673,0.47811293601989746,0.7414933443069458,0.009755680337548256,0.4880531132221222,0.6682918071746826,-0.0034358517732471228,0.49898821115493774,0.616315484046936,-0.01451427023857832,0.5107316374778748,0.5756117105484009,-0.021962586790323257,0.4714142978191376,0.7476255893707275,-0.002324566477909684,0.485064834356308,0.6633090376853943,-0.017024561762809753,0.49966686964035034,0.6059465408325195,-0.030237320810556412,0.5147325992584229,0.5585405826568604,-0.03767085820436478,0.4755844175815582,0.759718120098114,-0.015467916615307331,0.4908232092857361,0.6768386960029602,-0.029141215607523918,0.5052182674407959,0.6227103471755981,-0.03946470841765404,0.5189741253852844,0.5794405341148376,-0.043972212821245193,0.4903768301010132,0.7772802114486694,-0.02882520481944084,0.49975070357322693,0.7191603779792786,-0.03912964463233948,0.509039580821991,0.677609384059906,-0.04440321400761604,0.5201877951622009,0.6424224376678467,-0.046537984162569046
0.5720864534378052,0.8986815214157104,-5.045067297260175e-08,0.5377985239028931,0.8420330286026001,0.005069972947239876,0.5307129621505737,0.7798426747322083,0.005733279511332512,0.5307015180587769,0.7389492392539978,0.003307968843728304,0.5287295579910278,0.704391598701477,-0.0005883401609025896,0.5649079084396362,0.7424833178520203,0.004640857223421335,0.549826979637146,0.6791344881057739,-0.007104701362550259,0.5388116240501404,0.6316196322441101,-0.019089674577116966,0.5299572944641113,0.5908936262130737,-0.02842801995575428,0.570595383644104,0.7487648129463196,-0.0068424842320382595,0.5535420775413513,0.6732861399650574,-0.015613557770848274,0.5402287244796753,0.6185926198959351,-0.02439209260046482,0.5319368839263916,0.5715034604072571,-0.03236798569560051,0.5677226185798645,0.7599989771842957,-0.01933121867477894,0.5524287819862366,0.685167133808136,-0.029049448668956757,0.5401155948638916,0.6346650719642639,-0.035773035138845444,0.532441258430481,0.5947778224945068,-0.041035860776901245,0.5570412278175354,0.7749613523483276,-0.032067492604255676,0.5494133830070496,0.7193856239318848,-0.04327140748500824,0.5413617491722107,0.6788269281387329,-0.04869638755917549,0.5355725288391113,0.6460855603218079,-0.05255931615829468,0.473854124546051,0.8904334306716919,2.0838660930166952e-07,0.5001827478408813,0.8420310616493225,0.0038456881884485483,0.5016440749168396,0.7713620066642761,0.006147359497845173,0.5000882744789124,0.7203637957572937,0.004076846409589052,0.5032275319099426,0.6874222755432129,0.0020564182195812464,0.47333115339279175,0.7414827346801758,0.006693568546324968,0.4863094091415405,0.6677473783493042,-0.00703886104747653,0.49846774339675903,0.6157495379447937,-0.017764626070857048,0.5104777812957764,0.5741167068481445,-0.024934062734246254,0.4675390422344208,0.74789959192276,-0.004986216779798269,0.4848288297653198,0.6642637848854065,-0.02079930528998375,0.5008443593978882,0.6085792183876038,-0.03381190076470375,0.5163209438323975,0.5627865791320801,-0.040751852095127106,0.47293606400489807,0.7601550817489624,-0.01754830963909626,0.4904617667198181,0.6785259246826172,-0.03237242251634598,0.5061463117599487,0.6243160963058472,-0.04315444082021713,0.5206181406974792,0.579796552658081,-0.047822508960962296,0.4892766773700714,0.7771632671356201,-0.03024101071059704,0.4990869462490082,0.7187091708183289,-0.04183739051222801,0.509010374546051,0.6774049401283264,-0.047847993671894073,0.5212591290473938,0.6415639519691467,-0.05034438520669937
0.5761674046516418,0.9028083086013794,-5.1001084244717276e-08,0.5417987108230591,0.8403841257095337,0.004645185545086861,0.5350278615951538,0.7739612460136414,0.0047158063389360905,0.5366688966751099,0.7267547845840454,0.002146204235032201,0.5347647666931152,0.6884970664978027,-0.0019968454726040363,0.566647469997406,0.7454313039779663,-0.00021606397058349103,0.5526841878890991,0.6800416707992554,-0.014017789624631405,0.5419462323188782,0.6312687397003174,-0.02716250531375408,0.5330513715744019,0.5884998440742493,-0.03722153231501579,0.5733888745307922,0.7535091638565063,-0.011766442097723484,0.5557910799980164,0.6743336915969849,-0.02240091934800148,0.5419297218322754,0.6179193258285522,-0.03113638609647751,0.5339577794075012,0.5689893960952759,-0.03905407711863518,0.5706351399421692,0.7665744423866272,-0.024159669876098633,0.5536292195320129,0.6882152557373047,-0.0352330319583416,0.5404730439186096,0.635386049747467,-0.04165169969201088,0.5330660343170166,0.5934762954711914,-0.0467970073223114,0.5596581697463989,0.7833369970321655,-0.036685336381196976,0.5491946935653687,0.7268400192260742,-0.04892054945230484,0.5400367379188538,0.6849675178527832,-0.05445927754044533,0.5339895486831665,0.6504600644111633,-0.0584663562476635,0.47399812936782837,0.8959439992904663,2.1424361307254003e-07,0.5057321786880493,0.8479839563369751,0.0026488532312214375,0.5070902109146118,0.7766145467758179,0.0035892140585929155,0.5045861005783081,0.7248966693878174,0.0002707543026190251,0.506820797920227,0.6898064613342285,-0.0026854583993554115,0.4738178849220276,0.7419872879981995,0.005026738625019789,0.4877527952194214,0.66495680809021,-0.01023160107433796,0.5006648302078247,0.6112547516822815,-0.021889319643378258,0.5134032964706421,0.5689392685890198,-0.029563196003437042,0.4660569727420807,0.7484174370765686,-0.006621218286454678,0.4845145642757416,0.660594642162323,-0.023985527455806732,0.5012305974960327,0.6026716232299805,-0.037720199674367905,0.5176447033882141,0.5548720359802246,-0.04511932656168938,0.47079065442085266,0.7592553496360779,-0.019406193867325783,0.4899420738220215,0.6740626692771912,-0.03546945005655289,0.5062427520751953,0.6201297640800476,-0.04630338400602341,0.5212204456329346,0.5767868757247925,-0.05079030618071556,0.48757806420326233,0.7748291492462158,-0.032468002289533615,0.49903056025505066,0.7157540917396545,-0.044305700808763504,0.5099245309829712,0.6744862198829651,-0.05039858818054199,0.5227259993553162,0.6387267708778381,-0.0530444011092186
0.5768109560012817,0.9007684588432312,-4.456685687159734e-08,0.5454427003860474,0.836695671081543,0.0075995055958628654,0.5366427302360535,0.770751416683197,0.009713764302432537,0.5362889766693115,0.7235636115074158,0.008426819927990437,0.5329046249389648,0.6856340169906616,0.005516774021089077,0.5650479197502136,0.7396480441093445,0.0063293008133769035,0.5503512620925903,0.6744096279144287,-0.005546371918171644,0.5400837063789368,0.6263432502746582,-0.017484644427895546,0.5322359800338745,0.5842605233192444,-0.026982175186276436,0.5708460807800293,0.7478652596473694,-0.006349592935293913,0.5535732507705688,0.6695546507835388,-0.016069510951638222,0.5411562323570251,0.6149510145187378,-0.02459072694182396,0.5344535112380981,0.5671837329864502,-0.03234926611185074,0.5682247281074524,0.7614185810089111,-0.02001577615737915,0.5520370006561279,0.6848574280738831,-0.030601754784584045,0.5407028198242188,0.6326726675033569,-0.03728285804390907,0.5349485278129578,0.590911865234375,-0.04263586923480034,0.5578104853630066,0.7789357304573059,-0.03365467116236687,0.5486422777175903,0.7242245078086853,-0.04614991694688797,0.5413758158683777,0.6821520924568176,-0.05258389189839363,0.5370197892189026,0.6462936401367188,-0.05734662339091301,0.4760909080505371,0.8929781913757324,1.8575153148958634e-07,0.5052900314331055,0.847798228263855,0.0021007517352700233,0.5079156160354614,0.7763212323188782,0.0038529362063854933,0.5070322751998901,0.7242025136947632,0.001629203325137496,0.5099588632583618,0.6902838349342346,-0.00016064189549069852,0.47537878155708313,0.7411079406738281,0.005138089414685965,0.4882074296474457,0.666448175907135,-0.008551853708922863,0.5004852414131165,0.6139011383056641,-0.019129276275634766,0.512324869632721,0.5730541944503784,-0.026247311383485794,0.46812334656715393,0.7468330264091492,-0.005724538583308458,0.4850168228149414,0.6610920429229736,-0.021697187796235085,0.5009698867797852,0.6042318940162659,-0.03439641743898392,0.5161749720573425,0.5576844811439514,-0.041252944618463516,0.473060667514801,0.7579327821731567,-0.017674677073955536,0.49093547463417053,0.6751376986503601,-0.032522641122341156,0.506638765335083,0.6226269006729126,-0.04242418333888054,0.521149218082428,0.5802642107009888,-0.04656814783811569,0.4896375834941864,0.7738081812858582,-0.03000575304031372,0.4995043873786926,0.715196430683136,-0.04137129336595535,0.5101117491722107,0.6749258637428284,-0.047063734382390976,0.5230532884597778,0.640873908996582,-0.04948511719703674
0.5747584104537964,0.9034072756767273,-5.3433073077258086e-08,0.542045533657074,0.8407130241394043,0.005489406641572714,0.5345476865768433,0.7731677889823914,0.006511745508760214,0.5353875756263733,0.7249651551246643,0.004377784673124552,0.5325835347175598,0.6862603425979614,0.0008553265943191946,0.5661024451255798,0.7401324510574341,0.0041493517346680164,0.551466703414917,0.6759527921676636,-0.00816978421062231,0.5408217906951904,0.6281450986862183,-0.020561950281262398,0.5320317149162292,0.5862060189247131,-0.030437476933002472,0.5718498229980469,0.7471221685409546,-0.007857954129576683,0.5550926923751831,0.6695868968963623,-0.01778557151556015,0.542029857635498,0.615196704864502,-0.026603586971759796,0.5338770747184753,0.567971408367157,-0.03460245952010155,0.5693783164024353,0.7602322101593018,-0.020933138206601143,0.553556501865387,0.6842489838600159,-0.03195849806070328,0.5410496592521667,0.6333794593811035,-0.039098046720027924,0.5332539081573486,0.5926703214645386,-0.04471130669116974,0.5595481395721436,0.7782420516014099,-0.034173380583524704,0.5507099628448486,0.7234765291213989,-0.04670954495668411,0.5421308875083923,0.6821480393409729,-0.05320537090301514,0.5360625386238098,0.6476026177406311,-0.05797654017806053,0.47488105297088623,0.8970855474472046,2.0322102045611246e-07,0.5081983804702759,0.8437067270278931,0.005149034783244133,0.5115209221839905,0.7721376419067383,0.007306806277483702,0.5100575089454651,0.7217316031455994,0.004766096360981464,0.5133435130119324,0.6871350407600403,0.0024812440387904644,0.4744233191013336,0.7394931316375732,0.008753437548875809,0.48847177624702454,0.6641585230827332,-0.00497808214277029,0.5002653002738953,0.612958550453186,-0.015572422184050083,0.5124337673187256,0.5727204084396362,-0.022592460736632347,0.46672070026397705,0.7469910979270935,-0.0038907895796000957,0.48598188161849976,0.6608482599258423,-0.019762268289923668,0.501182496547699,0.6037548780441284,-0.03261362761259079,0.5164287090301514,0.5575869083404541,-0.0395827516913414,0.47124263644218445,0.7602965235710144,-0.017645984888076782,0.4914039969444275,0.6760057806968689,-0.03206942602992058,0.5072008371353149,0.6219938397407532,-0.042730920016765594,0.5221912860870361,0.5797054171562195,-0.04751218855381012,0.48780837655067444,0.778662383556366,-0.031548112630844116,0.49979063868522644,0.7203669548034668,-0.04218994826078415,0.5098887085914612,0.6781015992164612,-0.04824284091591835,0.5214350819587708,0.6422830820083618,-0.05118361860513687
0.5747584104537964,0.9034072756767273,-5.3433073077258086e-08,0.542045533657074,0.8407130241394043,0.005489406641572714,0.5345476865768433,0.7731677889823914,0.006511745508760214,0.5353875756263733,0.7249651551246643,0.004377784673124552,0.5325835347175598,0.6862603425979614,0.0008553265943191946,0.5661024451255798,0.7401324510574341,0.0041493517346680164,0.551466703414917,0.6759527921676636,-0.00816978421062231,0.5408217906951904,0.6281450986862183,-0.020561950281262398,0.5320317149162292,0.5862060189247131,-0.030437476933002472,0.5718498229980469,0.7471221685409546,-0.007857954129576683,0.5550926923751831,0.6695868968963623,-0.01778557151556015,0.542029857635498,0.615196704864502,-0.026603586971759796,0.5338770747184753,0.567971408367157,-0.03460245952010155,0.5693783164024353,0.7602322101593018,-0.020933138206601143,0.553556501865387,0.6842489838600159,-0.03195849806070328,0.5410496592521667,0.6333794593811035,-0.039098046720027924,0.5332539081573486,0.5926703214645386,-0.04471130669116974,0.5595481395721436,0.7782420516014099,-0.034173380583524704,0.5507099628448486,0.7234765291213989,-0.04670954495668411,0.5421308875083923,0.6821480393409729,-0.05320537090301514,0.5360625386238098,0.6476026177406311,-0.05797654017806053,0.47488105297088623,0.8970855474472046,2.0322102045611246e-07,0.5081983804702759,0.8437067270278931,0.005149034783244133,0.5115209221839905,0.7721376419067383,0.007306806277483702,0.5100575089454651,0.7217316031455994,0.004766096360981464,0.5133435130119324,0.6871350407600403,0.0024812440387904644,0.4744233191013336,0.7394931316375732,0.008753437548875809,0.48847177624702454,0.6641585230827332,-0.00497808214277029,0.5002653002738953,0.612958550453186,-0.015572422184050083,0.5124337673187256,0.5727204084396362,-0.022592460736632347,0.46672070026397705,0.7469910979270935,-0.0038907895796000957,0.48598188161849976,0.6608482599258423,-0.019762268289923668,0.501182496547699,0.6037548780441284,-0.03261362761259079,0.5164287090301514,0.5575869083404541,-0.0395827516913414,0.47124263644218445,0.7602965235710144,-0.017645984888076782,0.4914039969444275,0.6760057806968689,-0.03206942602992058,0.5072008371353149,0.6219938397407532,-0.042730920016765594,0.5221912860870361,0.5797054171562195,-0.04751218855381012,0.48780837655067444,0.778662383556366,-0.031548112630844116,0.49979063868522644,0.7203669548034668,-0.04218994826078415,0.5098887085914612,0.6781015992164612,-0.04824284091591835,0.5214350819587708,0.6422830820083618,-0.05118361860513687
0.574088454246521,0.9062567353248596,-6.93682906671711e-08,0.5367147922515869,0.8426558971405029,0.005899502895772457,0.5300208330154419,0.7776356935501099,0.006613621022552252,0.5301573872566223,0.7323285341262817,0.004160642623901367,0.5272567868232727,0.6945129632949829,1.283599794987822e-05,0.5659285187721252,0.7407404780387878,0.0027618028689175844,0.54925936460495,0.6758694052696228,-0.009822029620409012,0.5370215773582458,0.6278327107429504,-0.022504132241010666,0.5275891423225403,0.5859382152557373,-0.03256317973136902,0.5725189447402954,0.7491284608840942,-0.009359735995531082,0.553907036781311,0.6705635786056519,-0.019381387159228325,0.5393543243408203,0.6153443455696106,-0.028816573321819305,0.5309552550315857,0.5679973363876343,-0.03742077201604843,0.5704280734062195,0.7644211053848267,-0.022256411612033844,0.5528959631919861,0.6872034668922424,-0.033293403685092926,0.5396177172660828,0.6356831789016724,-0.04071984812617302,0.5319201946258545,0.5948177576065063,-0.04661451280117035,0.5596864223480225,0.7845585346221924,-0.035233791917562485,0.5514333844184875,0.7291700839996338,-0.048197679221630096,0.5425074696540833,0.686473548412323,-0.05499846488237381,0.5364026427268982,0.6510028839111328,-0.059937894344329834,0.47341233491897583,0.8988030552864075,1.889776797270315e-07,0.5050618648529053,0.850005030632019,0.0025301172863692045,0.5084962248802185,0.7791826128959656,0.004624386318027973,0.5071277618408203,0.7287673950195312,0.0024331542663276196,0.5100582242012024,0.6956135034561157,0.0006324596470221877,0.4748125672340393,0.7434235215187073,0.008284342475235462,0.48804137110710144,0.6695424914360046,-0.005651671905070543,0.49967679381370544,0.6166451573371887,-0.01716025359928608,0.5111780762672424,0.5752221345901489,-0.02491847239434719,0.46783125400543213,0.749149739742279,-0.0029305124189704657,0.48468339443206787,0.6638113260269165,-0.018980707973241806,0.5000647902488708,0.6053664684295654,-0.03297625854611397,0.5151726603507996,0.5569781064987183,-0.04082119092345238,0.47269755601882935,0.7600274682044983,-0.015423642471432686,0.49075302481651306,0.678013026714325,-0.0300328116863966,0.5062118172645569,0.6239748001098633,-0.04074439778923988,0.5203778743743896,0.5804601907730103,-0.04548235237598419,0.48869550228118896,0.7756025791168213,-0.028386354446411133,0.49911022186279297,0.7180436849594116,-0.03909523785114288,0.50901859998703,0.6774267554283142,-0.044624753296375275,0.5208135843276978,0.6434394717216492,-0.04699892923235893
0.5755378603935242,0.9017038941383362,-9.913831888752611e-08,0.5412720441818237,0.8438619375228882,0.0062873768620193005,0.5326253175735474,0.7795807123184204,0.0072732469998300076,0.5313966274261475,0.7348145842552185,0.005356261506676674,0.5277923941612244,0.6981608867645264,0.0016727108741179109,0.566899299621582,0.7379628419876099,0.002557387575507164,0.5490221381187439,0.6677714586257935,-0.008775834925472736,0.5370031595230103,0.6193138360977173,-0.020180324092507362,0.52805495262146,0.5781563520431519,-0.029374685138463974,0.5738062262535095,0.7448490858078003,-0.009334223344922066,0.5542187094688416,0.6608880758285522,-0.01727398857474327,0.5399337410926819,0.606563150882721,-0.024648945778608322,0.5315715074539185,0.5611200332641602,-0.032150235027074814,0.5713370442390442,0.7589492797851562,-0.021962229162454605,0.5532726049423218,0.6773075461387634,-0.030683647841215134,0.5402685403823853,0.6268067359924316,-0.03648567944765091,0.5332094430923462,0.5870066285133362,-0.04196871444582939,0.560157299041748,0.7776627540588379,-0.034695401787757874,0.551011323928833,0.7213228940963745,-0.04668944329023361,0.5428307056427002,0.6797600388526917,-0.05299192667007446,0.5377458333969116,0.6449838876724243,-0.05787820741534233,0.47264769673347473,0.8995681405067444,1.874510644483962e-07,0.5050883293151855,0.8425315618515015,0.004703817423433065,0.5081047415733337,0.7735828161239624,0.006577618420124054,0.5064108371734619,0.7262303829193115,0.00348991178907454,0.511127233505249,0.6938320398330688,0.0004229020851198584,0.4744854271411896,0.7400010824203491,0.012762332335114479,0.48831766843795776,0.6676310896873474,-0.0016956755425781012,0.5003862380981445,0.6152093410491943,-0.014483793638646603,0.5126050710678101,0.5725488662719727,-0.023136863484978676,0.46939146518707275,0.7466190457344055,0.0001617135712876916,0.4861494302749634,0.6641775965690613,-0.015441020019352436,0.5003135204315186,0.6053317785263062,-0.02994740940630436,0.5156883001327515,0.5549094676971436,-0.038483086973428726,0.47506216168403625,0.7594189047813416,-0.01391281932592392,0.49341484904289246,0.6783043146133423,-0.02804427407681942,0.5076250433921814,0.6235353946685791,-0.03892338275909424,0.5214947462081909,0.5791890025138855,-0.04392888396978378,0.4911084473133087,0.7791213393211365,-0.028390027582645416,0.5023143887519836,0.7223457098007202,-0.03844449296593666,0.5111933946609497,0.6800568699836731,-0.04353635013103485,0.5212898254394531,0.6442126631736755,-0.04576593637466431
0.5791487693786621,0.9031302332878113,-6.610962000053178e-09,0.548220157623291,0.8361377716064453,0.004807375371456146,0.5420071482658386,0.7668395042419434,0.0045408993028104305,0.5451620221138,0.7163894772529602,0.001901533454656601,0.5433542132377625,0.6765732169151306,-0.0024420858826488256,0.5659019947052002,0.7443856596946716,-0.002502578077837825,0.5500386357307434,0.6782654523849487,-0.016493381932377815,0.5392161011695862,0.629374623298645,-0.029325485229492188,0.531065046787262,0.5859581232070923,-0.03939618542790413,0.5721533894538879,0.7541571259498596,-0.01388009823858738,0.5543721914291382,0.6745225191116333,-0.024798650294542313,0.5416013598442078,0.6184067130088806,-0.032949354499578476,0.5346925854682922,0.5694651007652283,-0.04084912687540054,0.5697892904281616,0.7699634432792664,-0.02603481151163578,0.5535975098609924,0.6918619275093079,-0.03682318702340126,0.5419124364852905,0.6401364803314209,-0.0428609736263752,0.5361942052841187,0.5996360182762146,-0.04832495376467705,0.5596796870231628,0.7896300554275513,-0.03826490044593811,0.5504984259605408,0.7357637882232666,-0.050626207143068314,0.5430812835693359,0.6940736770629883,-0.05721776559948921,0.5387471914291382,0.6584856510162354,-0.06255469471216202,0.4677289128303528,0.9049232006072998,1.4462128206105263e-07,0.5031932592391968,0.848190426826477,0.00708877993747592,0.5093759298324585,0.779714047908783,0.008640959858894348,0.5106821060180664,0.7321096062660217,0.005064495373517275,0.5169323086738586,0.6974524259567261,0.001859771553426981,0.4747747778892517,0.732952892780304,0.009856455959379673,0.4913240075111389,0.6563670039176941,-0.003442504210397601,0.5034809708595276,0.6068170666694641,-0.013570954091846943,0.5141903758049011,0.5669109225273132,-0.020524896681308746,0.46860527992248535,0.7386254072189331,-0.004139990080147982,0.4913110136985779,0.6515976190567017,-0.018983958289027214,0.5070163011550903,0.5959846377372742,-0.03061959147453308,0.5207275748252869,0.5500320196151733,-0.037365127354860306,0.4729512631893158,0.7534907460212708,-0.019373994320631027,0.49595123529434204,0.6674001812934875,-0.032683491706848145,0.5123135447502136,0.6156935691833496,-0.042439237236976624,0.5261778235435486,0.5747652053833008,-0.047463592141866684,0.4875161051750183,0.7758669257164001,-0.03469404578208923,0.5014110803604126,0.7190463542938232,-0.044623490422964096,0.5119106769561768,0.6783161163330078,-0.05043414980173111,0.5227569937705994,0.6440368890762329,-0.05378081649541855
0.5753926038742065,0.9005801677703857,-4.99149628296891e-08,0.5418002009391785,0.8304534554481506,0.00658009946346283,0.5364298224449158,0.7651057839393616,0.007217441685497761,0.538354754447937,0.71730637550354,0.004733167588710785,0.5364233255386353,0.6788429021835327,0.0008744316291995347,0.5648115873336792,0.7363957166671753,0.0032661498989909887,0.549127995967865,0.6694867014884949,-0.008914069272577763,0.5375143885612488,0.6215619444847107,-0.020472347736358643,0.5286301374435425,0.5796884298324585,-0.02958718128502369,0.5703827142715454,0.7443122863769531,-0.008838141337037086,0.5525151491165161,0.663026750087738,-0.018957888707518578,0.5397180318832397,0.6085114479064941,-0.026965484023094177,0.5322105884552002,0.5625807046890259,-0.0343654565513134,0.5683462619781494,0.7592607736587524,-0.021802514791488647,0.5521551370620728,0.6809161901473999,-0.03225233778357506,0.5407252907752991,0.63039630651474,-0.038835350424051285,0.5339099764823914,0.5912590026855469,-0.04440437629818916,0.5593918561935425,0.7794406414031982,-0.03477053716778755,0.551158607006073,0.7265951037406921,-0.04704891890287399,0.5436035990715027,0.6850689053535461,-0.05395305156707764,0.5380773544311523,0.6496726274490356,-0.05925188958644867,0.46766334772109985,0.9053044319152832,1.5479915305149916e-07,0.499226838350296,0.8462369441986084,0.00801931507885456,0.5065943002700806,0.7791793942451477,0.010875356383621693,0.5100222826004028,0.7313377261161804,0.008724857121706009,0.5162429809570312,0.6959462761878967,0.006894508842378855,0.4725222587585449,0.7374491691589355,0.011155161075294018,0.48881444334983826,0.6588863730430603,-0.0017981140408664942,0.502403974533081,0.6090177893638611,-0.011648512445390224,0.5145182013511658,0.569216251373291,-0.018088551238179207,0.46787700057029724,0.7428385615348816,-0.0024243416264653206,0.4891333281993866,0.6531133651733398,-0.01625768095254898,0.5064847469329834,0.5976489782333374,-0.027589760720729828,0.5216883420944214,0.5517664551734924,-0.03409438580274582,0.4730350375175476,0.7566967010498047,-0.01709429733455181,0.49386075139045715,0.6683009266853333,-0.029576245695352554,0.5105779767036438,0.6174465417861938,-0.03917260095477104,0.5249996781349182,0.5774155259132385,-0.04400978982448578,0.4874826669692993,0.7772008180618286,-0.03173710033297539,0.49947598576545715,0.7183631062507629,-0.04158051311969757,0.5100541710853577,0.6773543953895569,-0.04747811704874039,0.521111249923706,0.6431516408920288,-0.05068089812994003
0.5744161605834961,0.9024742245674133,-5.8798253377290166e-08,0.5435218811035156,0.8400778770446777,0.006157932337373495,0.5372236967086792,0.7735710740089417,0.007428211625665426,0.53874671459198,0.7262357473373413,0.005596443545073271,0.5368720889091492,0.688717246055603,0.002299403538927436,0.566196084022522,0.7432233095169067,0.003386975033208728,0.5504913330078125,0.6775097846984863,-0.009003465995192528,0.5397362112998962,0.6283749938011169,-0.02105521410703659,0.5306591391563416,0.5854589939117432,-0.030624013394117355,0.57205730676651,0.749706506729126,-0.008806861005723476,0.5536997318267822,0.6704061031341553,-0.019048534333705902,0.5409666299819946,0.6141160726547241,-0.027817921712994576,0.5330540537834167,0.5649623870849609,-0.03572748601436615,0.5692345499992371,0.762028157711029,-0.021855836734175682,0.5525305271148682,0.6840604543685913,-0.032727960497140884,0.5402951240539551,0.6325061321258545,-0.03949058800935745,0.532934308052063,0.5907608270645142,-0.044867582619190216,0.5589189529418945,0.7788369059562683,-0.03498702123761177,0.5502440929412842,0.7230358123779297,-0.047616615891456604,0.5422915816307068,0.6819659471511841,-0.05404449999332428,0.5368675589561462,0.6471841931343079,-0.058687906712293625,0.4725993573665619,0.9013429880142212,1.7187599610224424e-07,0.503103494644165,0.843148946762085,0.007627643179148436,0.5082778334617615,0.7740961313247681,0.009983408264815807,0.509819507598877,0.7260240912437439,0.007214264012873173,0.5142346024513245,0.6919426918029785,0.00431022047996521,0.4742249548435211,0.7397605776786804,0.010105065070092678,0.48801499605178833,0.6633724570274353,-0.004012868274003267,0.5003547072410583,0.6120154857635498,-0.015120179392397404,0.5121511816978455,0.5709861516952515,-0.022514620795845985,0.4692772328853607,0.7474048733711243,-0.0041819349862635136,0.4876781105995178,0.659384548664093,-0.02007455565035343,0.5034574270248413,0.6010783910751343,-0.03354532644152641,0.5183862447738647,0.5515940189361572,-0.041250210255384445,0.4746001660823822,0.7621697187423706,-0.019367605447769165,0.49448248744010925,0.6759144067764282,-0.03383060172200203,0.5099667906761169,0.6223934888839722,-0.04447976499795914,0.5237064361572266,0.5790293216705322,-0.049453917890787125,0.4897007346153259,0.7825259566307068,-0.03445415198802948,0.5004714131355286,0.7228320240974426,-0.04563986137509346,0.5101742744445801,0.6795229911804199,-0.051660843193531036,0.5210619568824768,0.6425846815109253,-0.054552242159843445
0.576316237449646,0.9019399881362915,-3.16972226244161e-08,0.5419367551803589,0.8376908898353577,0.005648456513881683,0.5356060862541199,0.7694846987724304,0.0061208694241940975,0.5373959541320801,0.7205380201339722,0.0037163805682212114,0.5349798798561096,0.6811777353286743,-6.240629591047764e-05,0.564990222454071,0.7415569424629211,0.0019511479185894132,0.5495367050170898,0.6761922240257263,-0.010628700256347656,0.5386999845504761,0.6279816031455994,-0.022755367681384087,0.5299742221832275,0.5854591131210327,-0.032379548996686935,0.5713967680931091,0.7496809959411621,-0.009828269481658936,0.5534379482269287,0.6709719300270081,-0.02017323113977909,0.5403586030006409,0.6156830191612244,-0.028344811871647835,0.532721221446991,0.5675870180130005,-0.03589446842670441,0.5692114233970642,0.7635302543640137,-0.0224741380661726,0.5523702502250671,0.6865247488021851,-0.03265130892395973,0.5403111577033997,0.6353969573974609,-0.03826555982232094,0.5338774919509888,0.5949262976646423,-0.04314378648996353,0.5595296025276184,0.7814561128616333,-0.03530075028538704,0.5496002435684204,0.7267760038375854,-0.04666057229042053,0.5418668389320374,0.6855728626251221,-0.05224715545773506,0.5371576547622681,0.6510559320449829,-0.0566210076212883,0.47350016236305237,0.9008315801620483,1.7397768203863961e-07,0.5038820505142212,0.8426365852355957,0.006516053341329098,0.5089558959007263,0.7743020057678223,0.008606134913861752,0.5091710090637207,0.7271178960800171,0.005751986056566238,0.5134783387184143,0.6924610137939453,0.003097597975283861,0.47611331939697266,0.734887957572937,0.010629994794726372,0.48853832483291626,0.6584503054618835,-0.0028706348966807127,0.5004281997680664,0.6079264879226685,-0.013453635387122631,0.5122102499008179,0.5677621960639954,-0.02050354704260826,0.47067350149154663,0.7414034605026245,-0.002907749731093645,0.48861509561538696,0.6548151969909668,-0.01774209924042225,0.5045941472053528,0.5986146926879883,-0.030397500842809677,0.5201828479766846,0.5521469712257385,-0.03781707584857941,0.47471725940704346,0.7551376223564148,-0.017658982425928116,0.4942658245563507,0.6722155213356018,-0.03130415081977844,0.5098660588264465,0.621395468711853,-0.041871171444654465,0.5238322615623474,0.5811858177185059,-0.047052737325429916,0.4889235496520996,0.7754973769187927,-0.03249065577983856,0.5000033378601074,0.7185823917388916,-0.042973533272743225,0.5094919800758362,0.6771160364151001,-0.049018558114767075,0.5199772119522095,0.6420480012893677,-0.052156440913677216
0.5749695301055908,0.9040865898132324,-7.105212773694802e-08,0.5479123592376709,0.8377355933189392,0.008278816007077694,0.5418594479560852,0.771304726600647,0.009621614590287209,0.5425096750259399,0.7231153845787048,0.007550513371825218,0.5394121408462524,0.6860426664352417,0.0037412031088024378,0.5674365162849426,0.7423205971717834,0.0026093097403645515,0.5496252179145813,0.6752445101737976,-0.010163863189518452,0.5380666255950928,0.6275700330734253,-0.022191129624843597,0.529079258441925,0.5858971476554871,-0.0315866656601429,0.5722715854644775,0.7495551705360413,-0.010356529615819454,0.5517405271530151,0.6699225902557373,-0.020557086914777756,0.5382664203643799,0.6138719320297241,-0.028974592685699463,0.5296934843063354,0.5653411149978638,-0.03694787621498108,0.5679636597633362,0.7628968358039856,-0.02386685460805893,0.5494253039360046,0.6836587190628052,-0.0345320887863636,0.5366944670677185,0.6322283744812012,-0.04093495383858681,0.5292668342590332,0.5909085869789124,-0.04623839259147644,0.5562760829925537,0.7812433242797852,-0.03719271719455719,0.5473084449768066,0.7236430048942566,-0.0496574304997921,0.538852334022522,0.6814781427383423,-0.05598442628979683,0.5325062870979309,0.6464529633522034,-0.06069381907582283,0.4720340073108673,0.8996766805648804,1.7448913069983973e-07,0.5018729567527771,0.8459318280220032,0.007111870683729649,0.5059934258460999,0.775211751461029,0.01066502183675766,0.5056709051132202,0.7249239087104797,0.009148718789219856,0.5083441138267517,0.6895911693572998,0.007646821439266205,0.4725573658943176,0.7419711947441101,0.01161217875778675,0.48416373133659363,0.6663559079170227,-0.001076129381544888,0.4964236617088318,0.6132152676582336,-0.011536543257534504,0.5077937245368958,0.5708153247833252,-0.01867477037012577,0.46624985337257385,0.7469040751457214,-0.0014878386864438653,0.48156192898750305,0.6598944664001465,-0.015404847450554371,0.49755701422691345,0.6020238399505615,-0.02811039611697197,0.5123178958892822,0.5527507662773132,-0.03560055419802666,0.4711443781852722,0.7581859230995178,-0.015473990701138973,0.48835548758506775,0.6733947396278381,-0.028325404971837997,0.5037413835525513,0.6207274198532104,-0.03833222761750221,0.517086386680603,0.5779546499252319,-0.043115779757499695,0.4869985580444336,0.7752567529678345,-0.02951420657336712,0.4964017868041992,0.7165399193763733,-0.03965840861201286,0.5060397982597351,0.6753022074699402,-0.04523223266005516,0.5168952941894531,0.6400980353355408,-0.04788520932197571
0.5716509819030762,0.9020015001296997,-1.0063865119036564e-07,0.5452814698219299,0.8362396359443665,0.009097700007259846,0.5395641326904297,0.7690252661705017,0.010402990505099297,0.5401573181152344,0.7213931083679199,0.008153362199664116,0.5371055006980896,0.6834787130355835,0.003800662001594901,0.5656806230545044,0.7369959354400635,0.0030011029448360205,0.5469290614128113,0.6691148281097412,-0.009979252703487873,0.5342620611190796,0.620635986328125,-0.022507401183247566,0.5243915915489197,0.5786070823669434,-0.03235487639904022,0.5714538097381592,0.7458128333091736,-0.010928178206086159,0.550635814666748,0.6644508838653564,-0.020594989880919456,0.5352831482887268,0.6084936857223511,-0.028969110921025276,0.5248568058013916,0.5604817867279053,-0.037186149507761,0.5682872533798218,0.7613926529884338,-0.02534589357674122,0.5488725304603577,0.6813521385192871,-0.03546779602766037,0.5351741909980774,0.6291689276695251,-0.04154347628355026,0.527285099029541,0.5870283246040344,-0.047081947326660156,0.5568801760673523,0.7818387746810913,-0.03957625478506088,0.5467574000358582,0.725084662437439,-0.05199800804257393,0.5382983684539795,0.6819199323654175,-0.05805426463484764,0.532630980014801,0.6454376578330994,-0.06280595064163208,0.4712202250957489,0.8972805142402649,1.8086952024987113e-07,0.4998531639575958,0.8427876234054565,0.005520558450371027,0.5036410093307495,0.7747933864593506,0.007955932058393955,0.5026675462722778,0.7262174487113953,0.005481778644025326,0.5059654116630554,0.6913270950317383,0.0031089833937585354,0.471212774515152,0.7422391176223755,0.011276341043412685,0.4834274351596832,0.6675626635551453,-0.0019145830301567912,0.4953539967536926,0.6145800948143005,-0.012771392241120338,0.5064905881881714,0.5719197392463684,-0.02005634643137455,0.46508607268333435,0.7470819354057312,-0.001250637462362647,0.48091426491737366,0.6616551876068115,-0.015589684247970581,0.49613118171691895,0.6035388708114624,-0.028489138931035995,0.5107412338256836,0.5537996292114258,-0.03602702170610428,0.4701066315174103,0.7578531503677368,-0.01491132564842701,0.4874173104763031,0.6747003197669983,-0.027908815070986748,0.5021279454231262,0.6216821074485779,-0.03768216446042061,0.5152243375778198,0.5787075757980347,-0.04219019040465355,0.4861454665660858,0.7747443914413452,-0.028814788907766342,0.4955117702484131,0.7155522704124451,-0.03833380714058876,0.5049121379852295,0.6749236583709717,-0.04322618618607521,0.5156338810920715,0.6406205892562866,-0.04541295766830444
0.5685912370681763,0.8994635939598083,-1.159043421239403e-07,0.5349565148353577,0.8398884534835815,0.007337057031691074,0.5259773135185242,0.7708663940429688,0.009549985639750957,0.5253260135650635,0.7202658653259277,0.008313911035656929,0.5224362015724182,0.680345892906189,0.005502219777554274,0.5584947466850281,0.7332777976989746,0.0074698845855891705,0.5404728055000305,0.6641465425491333,-0.0033754934556782246,0.5277823209762573,0.6154064536094666,-0.014666198752820492,0.5184851884841919,0.574140191078186,-0.023756243288517,0.56589674949646,0.7402703166007996,-0.0053192321211099625,0.5472719073295593,0.6575436592102051,-0.013645872473716736,0.5324211120605469,0.6027991771697998,-0.021271370351314545,0.5234248638153076,0.5566099286079407,-0.02850176952779293,0.565159797668457,0.7536689043045044,-0.019115913659334183,0.5469159483909607,0.6737157106399536,-0.02806081250309944,0.5325086712837219,0.6237109303474426,-0.03315433859825134,0.5249861478805542,0.5836608409881592,-0.03780512511730194,0.5566116571426392,0.771704912185669,-0.03312365338206291,0.5447921752929688,0.7166969180107117,-0.044165629893541336,0.5355442762374878,0.6762343645095825,-0.049270134419202805,0.5299986004829407,0.641844630241394,-0.05318592116236687,0.4712350368499756,0.9015099406242371,1.3702593548714503e-07,0.5033257007598877,0.8452107310295105,0.0065350462682545185,0.5075464248657227,0.7736324071884155,0.00919914711266756,0.505900502204895,0.7236522436141968,0.0072038499638438225,0.509674608707428,0.6881238222122192,0.004804974887520075,0.47527024149894714,0.7380129098892212,0.007878830656409264,0.48817506432533264,0.665343701839447,-0.006297052837908268,0.4999011754989624,0.6136965751647949,-0.01765473745763302,0.5098922848701477,0.5718235969543457,-0.025263914838433266,0.46853041648864746,0.743230938911438,-0.005251647904515266,0.48477452993392944,0.6588035821914673,-0.019917482510209084,0.5000948309898376,0.6001434326171875,-0.03224816918373108,0.5139635801315308,0.549915611743927,-0.03961789980530739,0.47143039107322693,0.755081057548523,-0.019363615661859512,0.488413542509079,0.6711726188659668,-0.033240851014852524,0.5033839344978333,0.6183199882507324,-0.043579041957855225,0.5163475871086121,0.5762442946434021,-0.048611897975206375,0.48504555225372314,0.7738025784492493,-0.03342302143573761,0.49533092975616455,0.7152572274208069,-0.044361717998981476,0.5048509240150452,0.6740551590919495,-0.050216883420944214,0.5150601863861084,0.6399169564247131,-0.05318066105246544
0.5680719614028931,0.901485800743103,-1.255913133491049e-07,0.5349879860877991,0.8390130996704102,0.006221347954124212,0.526846170425415,0.7723840475082397,0.0073858508840203285,0.5270282626152039,0.7245020270347595,0.005576654337346554,0.5242777466773987,0.6866499185562134,0.002215125598013401,0.5600248575210571,0.73414546251297,0.0032739026937633753,0.5426957607269287,0.664379358291626,-0.009425526484847069,0.5300062894821167,0.6153281331062317,-0.021971238777041435,0.5194188952445984,0.5736687183380127,-0.032041992992162704,0.5673285126686096,0.7416301965713501,-0.009280849248170853,0.5482507348060608,0.658026933670044,-0.018880221992731094,0.5337567329406738,0.6032642722129822,-0.026852425187826157,0.5242422223091125,0.5562995672225952,-0.03457384556531906,0.5660387873649597,0.7564090490341187,-0.02290946990251541,0.5476475954055786,0.6755790114402771,-0.03304406628012657,0.5338627696037292,0.6255743503570557,-0.03889290615916252,0.5261480212211609,0.5854783654212952,-0.044273123145103455,0.5569237470626831,0.776437520980835,-0.036805521696805954,0.5458640456199646,0.721538782119751,-0.05080850422382355,0.5365325212478638,0.6792410612106323,-0.05824504792690277,0.5307192802429199,0.6429499983787537,-0.063725046813488,0.47253015637397766,0.900713324546814,1.4472014697730629e-07,0.5054385662078857,0.8445020914077759,0.0061935968697071075,0.5071285963058472,0.7720105648040771,0.008787804283201694,0.5036252737045288,0.721587061882019,0.006731005385518074,0.5066591501235962,0.6862914562225342,0.004421689547598362,0.4748694598674774,0.7412272691726685,0.008972634561359882,0.48673227429389954,0.6685336232185364,-0.005224903114140034,0.49794092774391174,0.617145299911499,-0.016725247725844383,0.508255124092102,0.5758790373802185,-0.024394655600190163,0.4689105749130249,0.7470957040786743,-0.003884376958012581,0.48349931836128235,0.6619242429733276,-0.018720993772149086,0.49719610810279846,0.6023635268211365,-0.03118200972676277,0.5109211802482605,0.5520603060722351,-0.03862170875072479,0.47225940227508545,0.7586213946342468,-0.017883948981761932,0.48893246054649353,0.6744330525398254,-0.03201107308268547,0.5032455921173096,0.6216831803321838,-0.04247333109378815,0.5164986252784729,0.5799315571784973,-0.04743575304746628,0.48619183897972107,0.7762989401817322,-0.03187452629208565,0.49628373980522156,0.7176662683486938,-0.04270114749670029,0.505921483039856,0.6764776110649109,-0.0486641600728035,0.5170007944107056,0.6422854661941528,-0.05177408456802368
0.5680719614028931,0.901485800743103,-1.255913133491049e-07,0.5349879860877991,0.8390130996704102,0.006221347954124212,0.526846170425415,0.7723840475082397,0.0073858508840203285,0.5270282626152039,0.7245020270347595,0.005576654337346554,0.5242777466773987,0.6866499185562134,0.002215125598013401,0.5600248575210571,0.73414546251297,0.0032739026937633753,0.5426957607269287,0.664379358291626,-0.009425526484847069,0.5300062894821167,0.6153281331062317,-0.021971238777041435,0.5194188952445984,0.5736687183380127,-0.032041992992162704,0.5673285126686096,0.7416301965713501,-0.009280849248170853,0.5482507348060608,0.658026933670044,-0.018880221992731094,0.5337567329406738,0.6032642722129822,-0.026852425187826157,0.5242422223091125,0.5562995672225952,-0.03457384556531906,0.5660387873649597,0.7564090490341187,-0.02290946990251541,0.5476475954055786,0.6755790114402771,-0.03304406628012657,0.5338627696037292,0.6255743503570557,-0.03889290615916252,0.5261480212211609,0.5854783654212952,-0.044273123145103455,0.5569237470626831,0.776437520980835,-0.036805521696805954,0.5458640456199646,0.721538782119751,-0.05080850422382355,0.5365325212478638,0.6792410612106323,-0.05824504792690277,0.5307192802429199,0.6429499983787537,-0.063725046813488,0.47253015637397766,0.900713324546814,1.4472014697730629e-07,0.5054385662078857,0.8445020914077759,0.0061935968697071075,0.5071285963058472,0.7720105648040771,0.008787804283201694,0.5036252737045288,0.721587061882019,0.006731005385518074,0.5066591501235962,0.6862914562225342,0.004421689547598362,0.4748694598674774,0.7412272691726685,0.008972634561359882,0.48673227429389954,0.6685336232185364,-0.005224903114140034,0.49794092774391174,0.617145299911499,-0.016725247725844383,0.508255124092102,0.5758790373802185,-0.024394655600190163,0.4689105749130249,0.7470957040786743,-0.003884376958012581,0.48349931836128235,0.6619242429733276,-0.018720993772149086,0.49719610810279846,0.6023635268211365,-0.03118200972676277,0.5109211802482605,0.5520603060722351,-0.03862170875072479,0.47225940227508545,0.7586213946342468,-0.017883948981761932,0.48893246054649353,0.6744330525398254,-0.03201107308268547,0.5032455921173096,0.6216831803321838,-0.04247333109378815,0.5164986252784729,0.5799315571784973,-0.04743575304746628,0.48619183897972107,0.7762989401817322,-0.03187452629208565,0.49628373980522156,0.7176662683486938,-0.04270114749670029,0.505921483039856,0.6764776110649109,-0.0486641600728035,0.5170007944107056,0.6422854661941528,-0.05177408456802368
0.5640062689781189,0.9163687229156494,-3.7966898958075035e-08,0.5518622398376465,0.8475111722946167,0.008171405643224716,0.552950382232666,0.782842218875885,0.008380108512938023,0.5625899434089661,0.7390446662902832,0.005438756663352251,0.5696731805801392,0.7085462808609009,0.000694521120749414,0.5619113445281982,0.7550708055496216,0.0004043943772558123,0.5441122055053711,0.6893730163574219,-0.014914696104824543,0.5324232578277588,0.6376882791519165,-0.028183110058307648,0.5236623287200928,0.5950111150741577,-0.037926752120256424,0.5642845630645752,0.7643085718154907,-0.012903187423944473,0.544985294342041,0.6868888139724731,-0.025301262736320496,0.5314989686012268,0.6268868446350098,-0.034870900213718414,0.5227718353271484,0.576044499874115,-0.043211888521909714,0.5588758587837219,0.777734100818634,-0.026652446016669273,0.540511429309845,0.701302170753479,-0.03830696642398834,0.5282489061355591,0.6470406651496887,-0.044992297887802124,0.5217791199684143,0.6045427322387695,-0.050252173095941544,0.5454134941101074,0.7957911491394043,-0.04017079621553421,0.5349578857421875,0.7404371500015259,-0.0531577467918396,0.5267761945724487,0.6970952153205872,-0.059712864458560944,0.5210949778556824,0.6602429747581482,-0.06441723555326462,0.4641666114330292,0.917170524597168,1.6653680745548627e-07,0.4886029362678528,0.8573646545410156,0.004899820778518915,0.4916267991065979,0.7899588942527771,0.005050316918641329,0.48961156606674194,0.7424436807632446,0.000458880647784099,0.4933772087097168,0.7070361375808716,-0.004472641274333,0.46428218483924866,0.756396472454071,0.006045619025826454,0.4765733778476715,0.6830007433891296,-0.011083390563726425,0.48827242851257324,0.6302831172943115,-0.02491733804345131,0.49939703941345215,0.5874988436698914,-0.034008435904979706,0.46038657426834106,0.7637728452682495,-0.007951213978230953,0.4742254316806793,0.678350567817688,-0.025351444259285927,0.4885866045951843,0.6149905323982239,-0.03986947983503342,0.5039898157119751,0.5595129728317261,-0.048665210604667664,0.465898722410202,0.7776954770088196,-0.023147961124777794,0.48190441727638245,0.694431722164154,-0.03888651356101036,0.49612849950790405,0.6386274695396423,-0.04993211477994919,0.5097250938415527,0.5927602648735046,-0.05528842657804489,0.4809465706348419,0.7989422082901001,-0.03855862095952034,0.48982784152030945,0.7410404086112976,-0.050647035241127014,0.49802738428115845,0.6982793211936951,-0.05664350837469101,0.5079320669174194,0.6618527770042419,-0.059606701135635376
0.5608773231506348,0.9125223755836487,-3.502152168266548e-08,0.5531651377677917,0.847091555595398,0.010056961327791214,0.5534521341323853,0.7841077446937561,0.01203934010118246,0.5618374347686768,0.7419423460960388,0.010375002399086952,0.5666670203208923,0.7113232612609863,0.00699508935213089,0.5584472417831421,0.7541954517364502,0.003974312450736761,0.5398343205451965,0.6867964267730713,-0.010227284394204617,0.5290841460227966,0.6328151226043701,-0.022162796929478645,0.5211893320083618,0.5893195271492004,-0.030806589871644974,0.5595669150352478,0.7613508701324463,-0.009911611676216125,0.5398093461990356,0.6831124424934387,-0.022770753130316734,0.5269295573234558,0.622553825378418,-0.03245735913515091,0.5182356834411621,0.5723533630371094,-0.04022341966629028,0.5541548132896423,0.7731333374977112,-0.024020574986934662,0.5361131429672241,0.6958719491958618,-0.036390624940395355,0.5243222713470459,0.6422281861305237,-0.04271833598613739,0.5180612206459045,0.6000548005104065,-0.04705861955881119,0.5417321920394897,0.7902189493179321,-0.03765787184238434,0.5322598814964294,0.735013484954834,-0.05120490491390228,0.5253402590751648,0.6924007534980774,-0.05734270438551903,0.520836591720581,0.6562881469726562,-0.061247579753398895,0.4631675183773041,0.920447587966919,1.62205523679404e-07,0.4794451594352722,0.8712303638458252,0.0014427347341552377,0.47708481550216675,0.810026228427887,-0.0005673383711837232,0.468701034784317,0.7689128518104553,-0.006743021309375763,0.46784651279449463,0.7369785904884338,-0.013460198417305946,0.4602624177932739,0.7729558944702148,0.0022990694269537926,0.4727608859539032,0.6986844539642334,-0.015309966169297695,0.483659029006958,0.6452783346176147,-0.029855048283934593,0.49442702531814575,0.6018518209457397,-0.039460439234972,0.4591872990131378,0.7787777781486511,-0.009958185255527496,0.4711708128452301,0.6928216814994812,-0.02730897068977356,0.4838467836380005,0.6280279159545898,-0.04262678325176239,0.49842366576194763,0.570796012878418,-0.052212610840797424,0.46732500195503235,0.7896782159805298,-0.023471005260944366,0.48156747221946716,0.7069162726402283,-0.038521427661180496,0.4938094913959503,0.6502372622489929,-0.04911431297659874,0.5056909322738647,0.6033835411071777,-0.05428411811590195,0.4845985472202301,0.8073327541351318,-0.03753836080431938,0.49096354842185974,0.7481762170791626,-0.04878142103552818,0.49726250767707825,0.7060050368309021,-0.053536005318164825,0.5058932304382324,0.6700842380523682,-0.055602479726076126
0.5656919479370117,0.9340044260025024,-1.415897621370732e-08,0.556235134601593,0.8672826886177063,0.010012485086917877,0.5571202635765076,0.8012837767601013,0.011490609496831894,0.5663560032844543,0.7568766474723816,0.00944314245134592,0.5707842707633972,0.7209048271179199,0.0053709340281784534,0.5613372921943665,0.7691666483879089,0.0017891853349283338,0.5415364503860474,0.7010725736618042,-0.013372114859521389,0.5296283960342407,0.645501971244812,-0.026953233405947685,0.521350622177124,0.5996429324150085,-0.03680805116891861,0.5633010864257812,0.7775042653083801,-0.01211045403033495,0.5414084196090698,0.6965093016624451,-0.02463887631893158,0.5267544984817505,0.6319737434387207,-0.03528390824794769,0.5165500044822693,0.5774128437042236,-0.04431360960006714,0.5575438737869263,0.7899281978607178,-0.02592306397855282,0.537229061126709,0.708946168422699,-0.03781437128782272,0.5237680077552795,0.6502435207366943,-0.044844962656497955,0.5156887173652649,0.604708194732666,-0.050134312361478806,0.543393075466156,0.8071472644805908,-0.03918660432100296,0.5315146446228027,0.7474578022956848,-0.052228596061468124,0.5238549709320068,0.7017943859100342,-0.05803616717457771,0.518752932548523,0.6644681692123413,-0.061921097338199615,0.4673766493797302,0.9276781678199768,1.3301115586727974e-07,0.4981352686882019,0.8709287047386169,0.004810050595551729,0.5001217126846313,0.7961084246635437,0.007457486819475889,0.4970386028289795,0.7415817975997925,0.005775331053882837,0.49867889285087585,0.7039650678634644,0.003404089715331793,0.4728906452655792,0.7627739310264587,0.006818536669015884,0.48135867714881897,0.6880168914794922,-0.00890039000660181,0.4906104803085327,0.6325552463531494,-0.02211899496614933,0.4991750419139862,0.5880811810493469,-0.03111414611339569,0.46581578254699707,0.7688520550727844,-0.006432181224226952,0.4749055802822113,0.6810685992240906,-0.02302883006632328,0.4872938096523285,0.6154545545578003,-0.037388876080513,0.5008732676506042,0.5582048892974854,-0.04612845182418823,0.4667017459869385,0.7808563709259033,-0.020859256386756897,0.47803205251693726,0.694359302520752,-0.03744408115744591,0.49095213413238525,0.6374448537826538,-0.04927001893520355,0.5035399198532104,0.5913587808609009,-0.05493197217583656,0.4767863154411316,0.8004928827285767,-0.03534277155995369,0.4839766323566437,0.7409543991088867,-0.04946093261241913,0.49246159195899963,0.6976877450942993,-0.05668225511908531,0.5030045509338379,0.6619420647621155,-0.0602617971599102
0.5631453394889832,0.9312677979469299,-3.1589388882480307e-09,0.5579065680503845,0.8648605346679688,0.009984859265387058,0.5590741038322449,0.7989068031311035,0.01178241427987814,0.5683026909828186,0.7537648677825928,0.00980973057448864,0.5744543075561523,0.7183427810668945,0.005741974804550409,0.5591984987258911,0.7652164101600647,0.002122413832694292,0.5399104356765747,0.6978405117988586,-0.013628162443637848,0.5298593640327454,0.641660749912262,-0.027402138337492943,0.5239246487617493,0.5945568084716797,-0.03742346167564392,0.5615456700325012,0.7732651233673096,-0.012467697262763977,0.5409770607948303,0.6904486417770386,-0.025974202901124954,0.5277358889579773,0.6250042915344238,-0.03712712228298187,0.5188252329826355,0.570091724395752,-0.04610501229763031,0.5567231178283691,0.7870722413063049,-0.026992376893758774,0.5371575355529785,0.704127311706543,-0.040019866079092026,0.52390456199646,0.644726574420929,-0.0477520227432251,0.5165932774543762,0.5965827703475952,-0.05323917791247368,0.5431677103042603,0.807071328163147,-0.04097844287753105,0.5311787128448486,0.7484101057052612,-0.055768754333257675,0.5237094163894653,0.7018743753433228,-0.06265585869550705,0.5193696618080139,0.6615225076675415,-0.06697309762239456,0.4701172411441803,0.924899160861969,1.1612049632958588e-07,0.4990542531013489,0.8713281154632568,0.00232163374312222,0.5024703145027161,0.8030956983566284,0.004124426748603582,0.5000516772270203,0.7523947954177856,0.0020192419178783894,0.5022901892662048,0.7168200612068176,-0.0003571754496078938,0.4759410619735718,0.7722112536430359,0.009106538258492947,0.483723908662796,0.7037728428840637,-0.005124020855873823,0.4928426146507263,0.6528403162956238,-0.018105948343873024,0.5007219314575195,0.611453652381897,-0.02694149687886238,0.46938154101371765,0.7763342261314392,-0.0021587256342172623,0.47663813829421997,0.6976881623268127,-0.016511397436261177,0.48825526237487793,0.6377981901168823,-0.029922567307949066,0.5011190176010132,0.584502637386322,-0.0381377749145031,0.4703289270401001,0.7838419079780579,-0.014988288283348083,0.47954559326171875,0.7051506638526917,-0.02893109619617462,0.4907871186733246,0.6487684845924377,-0.038488518446683884,0.5019741058349609,0.6027669310569763,-0.042794737964868546,0.4799569547176361,0.7975725531578064,-0.028374137356877327,0.48626187443733215,0.7402027249336243,-0.039155807346105576,0.4932684004306793,0.6983894109725952,-0.043450966477394104,0.501737117767334,0.6641857624053955,-0.04506005719304085
0.5493910312652588,0.8560678958892822,1.5507347628229695e-09,0.5636500120162964,0.8072807192802429,0.010799838230013847,0.5663478970527649,0.7637635469436646,0.013384697027504444,0.5695302486419678,0.7339939475059509,0.01164272055029869,0.5733639597892761,0.7089133262634277,0.007911047898232937,0.5540105104446411,0.7193370461463928,0.009516277350485325,0.5394526124000549,0.66000896692276,-0.0017314332071691751,0.531167209148407,0.6138991713523865,-0.012346518225967884,0.5245538949966431,0.5749256610870361,-0.020421329885721207,0.5511051416397095,0.7214450240135193,-0.004271167796105146,0.5365918874740601,0.6541182994842529,-0.013380980119109154,0.5273571610450745,0.6039104461669922,-0.02172217331826687,0.5209929347038269,0.5613727569580078,-0.028761329129338264,0.5440165996551514,0.7318401336669922,-0.01855815015733242,0.532568097114563,0.6666997671127319,-0.02804015763103962,0.5241038799285889,0.6239582300186157,-0.03399285301566124,0.5192505717277527,0.588517427444458,-0.03883104398846626,0.5328963398933411,0.7501475811004639,-0.03237226605415344,0.5274356007575989,0.7103893160820007,-0.0442800372838974,0.5238996744155884,0.6786885857582092,-0.049547962844371796,0.52167147397995,0.649766743183136,-0.05317641794681549,0.4678274393081665,0.9227993488311768,1.2646577829400485e-07,0.49454382061958313,0.8618552684783936,0.0043273260816931725,0.4967041015625,0.7909623980522156,0.006155263166874647,0.496215283870697,0.7378649115562439,0.0036022814456373453,0.49841219186782837,0.7016509771347046,0.00038492787280119956,0.4676285982131958,0.7693217992782593,0.009021030738949776,0.47762057185173035,0.7001286149024963,-0.006847807206213474,0.48755553364753723,0.6477366089820862,-0.021165724843740463,0.4977998733520508,0.6055195331573486,-0.03096495382487774,0.46258506178855896,0.7768661975860596,-0.00347723625600338,0.4716798663139343,0.6948143243789673,-0.020179839804768562,0.48325181007385254,0.6307894587516785,-0.03531556576490402,0.4973108172416687,0.5746515393257141,-0.044568903744220734,0.46623098850250244,0.7886798977851868,-0.01729246973991394,0.4773491621017456,0.7067232131958008,-0.033536314964294434,0.4880858063697815,0.6464481949806213,-0.04528867453336716,0.4991849362850189,0.5972038507461548,-0.05081625655293465,0.4796549081802368,0.807174563407898,-0.03132415562868118,0.4861748218536377,0.7500430345535278,-0.04405073821544647,0.49263274669647217,0.7068613171577454,-0.05026622861623764,0.5009081363677979,0.6712538003921509,-0.053198378533124924
0.5333677530288696,0.7719497680664062,-2.7740670205389506e-08,0.5328695774078369,0.7285172343254089,0.006596437189728022,0.5330238342285156,0.6841264367103577,0.004338561557233334,0.5323184728622437,0.651162326335907,0.0006321918917819858,0.5305977463722229,0.6240997314453125,-0.00514161866158247,0.5434795022010803,0.6772449016571045,-0.016206881031394005,0.5345706343650818,0.6274588704109192,-0.030010171234607697,0.5288767218589783,0.5930164456367493,-0.03972078859806061,0.5230690240859985,0.562924325466156,-0.04736502841114998,0.5426803827285767,0.687497079372406,-0.028139032423496246,0.5356093049049377,0.631026566028595,-0.040857769548892975,0.528634786605835,0.5912736654281616,-0.04811311513185501,0.5226438045501709,0.5543553829193115,-0.05472830682992935,0.5370612144470215,0.7041692137718201,-0.03909243643283844,0.531987726688385,0.6515779495239258,-0.05158368498086929,0.5257411003112793,0.6177863478660583,-0.057841673493385315,0.5221118330955505,0.5862325429916382,-0.06355948001146317,0.5279160141944885,0.7236038446426392,-0.04892631620168686,0.5250324010848999,0.698506772518158,-0.06462739408016205,0.5232360363006592,0.6761394739151001,-0.07240335643291473,0.5237333178520203,0.6532957553863525,-0.07827236503362656,0.47254249453544617,0.9293298125267029,1.7777794880657893e-07,0.49594372510910034,0.8725308179855347,0.0027690285351127386,0.49797847867012024,0.8012320399284363,0.003924208227545023,0.4962606132030487,0.7494195699691772,0.0009443608578294516,0.49759697914123535,0.7118440866470337,-0.00277695176191628,0.475090891122818,0.764920175075531,0.007334686815738678,0.48123282194137573,0.692078709602356,-0.008187668398022652,0.4914766848087311,0.6371476650238037,-0.021913902834057808,0.5019223093986511,0.5925306081771851,-0.031410761177539825,0.46833696961402893,0.7714414000511169,-0.0052182930521667,0.4765203893184662,0.685558021068573,-0.021286871284246445,0.4900156557559967,0.6229429841041565,-0.03628895431756973,0.5052344799041748,0.5687600374221802,-0.04560558497905731,0.46846434473991394,0.7830832600593567,-0.019156556576490402,0.48035216331481934,0.6984550356864929,-0.0353439562022686,0.4934861660003662,0.6398129463195801,-0.047179363667964935,0.5065122842788696,0.5921637415885925,-0.05283621698617935,0.47670623660087585,0.8015722036361694,-0.03332328423857689,0.48420801758766174,0.742484450340271,-0.046927161514759064,0.4942052960395813,0.70018470287323,-0.05351085215806961,0.5072659850120544,0.6649896502494812,-0.056509874761104584
0.5597723126411438,0.8751612901687622,4.144914100834285e-08,0.5700717568397522,0.8142976760864258,0.013298504054546356,0.5694389343261719,0.7656093239784241,0.015848308801651,0.570195734500885,0.7306652069091797,0.013544409535825253,0.5707480907440186,0.7018164396286011,0.00897525530308485,0.5600669980049133,0.7308170795440674,0.008154179900884628,0.5446295738220215,0.6712847948074341,-0.0043201567605137825,0.5361177921295166,0.6262899041175842,-0.015531427226960659,0.5303175449371338,0.5870267152786255,-0.024324653670191765,0.5572839975357056,0.7350842356681824,-0.008253557607531548,0.5428128838539124,0.6667638421058655,-0.01923185959458351,0.5345775485038757,0.6162463426589966,-0.028886660933494568,0.5294854640960693,0.5727340579032898,-0.036932747811079025,0.5515103340148926,0.7482694983482361,-0.024866437539458275,0.5401294231414795,0.6811957955360413,-0.03656059503555298,0.5324800610542297,0.6378804445266724,-0.04402288794517517,0.5289196968078613,0.6000946760177612,-0.04994964972138405,0.5426013469696045,0.770797848701477,-0.04058055952191353,0.5355323553085327,0.7293135523796082,-0.055368196219205856,0.5314480066299438,0.6959490776062012,-0.06272757053375244,0.5292075872421265,0.6642000079154968,-0.06784679740667343,0.4810977578163147,0.9214259386062622,1.822859871936089e-07,0.49299880862236023,0.8632715940475464,0.0010798029834404588,0.493968665599823,0.7886587381362915,0.0011264235945418477,0.4948306679725647,0.7313581109046936,-0.002016982529312372,0.4957946538925171,0.6915382742881775,-0.0058417124673724174,0.4739765524864197,0.7663567066192627,0.0007213517092168331,0.47883179783821106,0.6927245259284973,-0.015822988003492355,0.48874709010124207,0.6355831623077393,-0.02899271436035633,0.498805969953537,0.5899239182472229,-0.03786073252558708,0.47093409299850464,0.7740774154663086,-0.01038273237645626,0.4774249792098999,0.6891459226608276,-0.026790522038936615,0.49032890796661377,0.6279160976409912,-0.040616635233163834,0.5050827860832214,0.5765987634658813,-0.049062907695770264,0.473812460899353,0.7876092195510864,-0.022423096001148224,0.4832793176174164,0.7045304775238037,-0.03943533077836037,0.4954564869403839,0.6468598246574402,-0.05049040541052818,0.5078681111335754,0.6010797023773193,-0.05553385615348816,0.48318687081336975,0.8070273399353027,-0.03446497023105621,0.488542765378952,0.7481091618537903,-0.049170177429914474,0.49761879444122314,0.7062275409698486,-0.055663831532001495,0.5094045996665955,0.6716679334640503,-0.05842336267232895
0.5629174113273621,0.8815354704856873,2.0946785639353038e-08,0.5696060657501221,0.8225599527359009,0.012002592906355858,0.5706775784492493,0.7720474600791931,0.013209439814090729,0.5743030309677124,0.7353584170341492,0.010325348004698753,0.5741990804672241,0.7049112319946289,0.005043065175414085,0.5617113709449768,0.7350490689277649,-0.00013855860743205994,0.5449944138526917,0.6707106232643127,-0.014564965851604939,0.5358552932739258,0.6233441233634949,-0.026114068925380707,0.5291274785995483,0.5830705761909485,-0.03488057851791382,0.5598918795585632,0.7415101528167725,-0.01646367646753788,0.5443947315216064,0.6672655344009399,-0.029725302010774612,0.5347490310668945,0.6139726638793945,-0.03933510556817055,0.5280464887619019,0.5687332153320312,-0.0471482127904892,0.554740309715271,0.7577662467956543,-0.0325658917427063,0.5420200228691101,0.6856207847595215,-0.04577998071908951,0.5328788161277771,0.6392664909362793,-0.05322115495800972,0.5284132361412048,0.5999928116798401,-0.059010282158851624,0.545661211013794,0.7828875184059143,-0.04767327383160591,0.5370448231697083,0.7376972436904907,-0.06389836966991425,0.5323032140731812,0.7013616561889648,-0.07178997993469238,0.5303665399551392,0.6677312850952148,-0.07716455310583115,0.47770577669143677,0.9303379058837891,1.744907933698414e-07,0.4950989782810211,0.8734034299850464,0.0012195364106446505,0.49689963459968567,0.8006041049957275,0.0016281389398500323,0.4980076551437378,0.745140552520752,-0.001475229044444859,0.4995987117290497,0.7054445743560791,-0.005068338941782713,0.4744459092617035,0.7727298140525818,0.003365675453096628,0.480814129114151,0.6980993151664734,-0.013209952972829342,0.4912849962711334,0.6402175426483154,-0.027069682255387306,0.5013957023620605,0.5942230224609375,-0.036481261253356934,0.47014209628105164,0.7803136706352234,-0.008378957398235798,0.4770547151565552,0.6943022608757019,-0.025452300906181335,0.4901791214942932,0.6304275989532471,-0.04069110006093979,0.5049434304237366,0.5762262940406799,-0.05002564191818237,0.4726174771785736,0.7925766706466675,-0.02131323516368866,0.48216554522514343,0.7079800963401794,-0.03883950784802437,0.4945354163646698,0.6474961638450623,-0.05119254067540169,0.5071735382080078,0.598459005355835,-0.05707033351063728,0.48256126046180725,0.810397744178772,-0.03440452367067337,0.4881041347980499,0.7507112622261047,-0.04942110553383827,0.49709203839302063,0.7074737548828125,-0.05664137750864029,0.5091570615768433,0.6716005206108093,-0.05997879430651665
0.5638542175292969,0.8753153681755066,1.952240813452022e-09,0.5669158101081848,0.8189589977264404,0.013964809477329254,0.5657885074615479,0.770230770111084,0.016528986394405365,0.5674855709075928,0.7341693043708801,0.014646212570369244,0.5667111873626709,0.7029455900192261,0.010357275605201721,0.5630189180374146,0.7338341474533081,0.0038050867151468992,0.5455604791641235,0.6711153388023376,-0.008063675835728645,0.535797655582428,0.6270401477813721,-0.017320144921541214,0.5289245247840881,0.5891823768615723,-0.024625910446047783,0.5629631876945496,0.7385299205780029,-0.012864342890679836,0.5459749698638916,0.662510097026825,-0.02413215860724449,0.5349794030189514,0.6129876375198364,-0.03237289935350418,0.52714604139328,0.5729144215583801,-0.039325032383203506,0.5572828650474548,0.7526143789291382,-0.02923044003546238,0.5427172780036926,0.6781103014945984,-0.04166274145245552,0.5309092998504639,0.6331651210784912,-0.04910659417510033,0.5238990187644958,0.5967905521392822,-0.05491994693875313,0.5460447072982788,0.7743228077888489,-0.04433932900428772,0.5380843281745911,0.729408323764801,-0.060170236974954605,0.5336076021194458,0.6941868662834167,-0.06861002743244171,0.5307545065879822,0.6614906787872314,-0.07455107569694519,0.48300957679748535,0.9132446050643921,2.1781961834221875e-07,0.4993163049221039,0.8551081418991089,0.002303570043295622,0.4993199408054352,0.7840439677238464,0.003090948099270463,0.499310165643692,0.729874312877655,0.0003496384888421744,0.5005897283554077,0.692091703414917,-0.003269515000283718,0.47724205255508423,0.7682463526725769,0.002277919091284275,0.48251670598983765,0.6981396079063416,-0.013902956619858742,0.492635041475296,0.6431326866149902,-0.027075951918959618,0.5036184787750244,0.5983785390853882,-0.03601142019033432,0.4721498191356659,0.7756315469741821,-0.009339755401015282,0.4791439473628998,0.6943984627723694,-0.025900529697537422,0.4922359883785248,0.6346668004989624,-0.03986252844333649,0.507652997970581,0.5847419500350952,-0.0482746958732605,0.47295695543289185,0.787684977054596,-0.021848365664482117,0.48199188709259033,0.7076232433319092,-0.03929297998547554,0.4950348436832428,0.6487395167350769,-0.05059381201863289,0.5089673399925232,0.6028324365615845,-0.05565754696726799,0.4802740216255188,0.8050075769424438,-0.034272707998752594,0.4875566065311432,0.7488560080528259,-0.04896871745586395,0.4981926381587982,0.707085371017456,-0.055524665862321854,0.5113380551338196,0.6731647253036499,-0.05840257555246353
0.5760565996170044,0.9552375674247742,4.756401850158909e-08,0.5709367394447327,0.8846415877342224,0.010218926705420017,0.5660713911056519,0.8140323758125305,0.011279028840363026,0.5676797032356262,0.7633267045021057,0.008578261360526085,0.5707216262817383,0.721950888633728,0.004230496007949114,0.5673943161964417,0.7994897961616516,0.0024540922604501247,0.5491784811019897,0.7266093492507935,-0.013792060315608978,0.5375875234603882,0.665329098701477,-0.02709415927529335,0.5300251245498657,0.6149172782897949,-0.036771584302186966,0.5688904523849487,0.8049598932266235,-0.013024687767028809,0.548546552658081,0.7158820629119873,-0.028532788157463074,0.5350156426429749,0.6468897461891174,-0.04105881229043007,0.526995837688446,0.5906050205230713,-0.05042847618460655,0.5630891919136047,0.8157923221588135,-0.028251875191926956,0.5451743602752686,0.7265526056289673,-0.04298752546310425,0.5318701863288879,0.6619020700454712,-0.051512621343135834,0.525898277759552,0.6086782217025757,-0.05699840933084488,0.5487428903579712,0.833311140537262,-0.04259645193815231,0.5366718769073486,0.7708089351654053,-0.05829494073987007,0.5281460881233215,0.7218993902206421,-0.06512518972158432,0.5231565237045288,0.6779913306236267,-0.06905990839004517,0.48021021485328674,0.9222253561019897,2.12056235682212e-07,0.4963091015815735,0.8649207353591919,1.767557296261657e-05,0.4971654713153839,0.7922989726066589,-0.00031418120488524437,0.49703603982925415,0.7361729145050049,-0.0037825193721801043,0.4983167052268982,0.6953989863395691,-0.007985584437847137,0.4753204882144928,0.7695931196212769,0.0009615813032723963,0.48001137375831604,0.6972147226333618,-0.016685832291841507,0.4904393255710602,0.6397062540054321,-0.03125299885869026,0.5012089014053345,0.5929657220840454,-0.041117191314697266,0.4713444113731384,0.7771373987197876,-0.010023385286331177,0.4775729179382324,0.6947809457778931,-0.027522116899490356,0.4906139671802521,0.6326919198036194,-0.04264271259307861,0.5064519047737122,0.5796443223953247,-0.051913339644670486,0.47312334179878235,0.790111780166626,-0.022194577381014824,0.48211419582366943,0.7090364694595337,-0.040276821702718735,0.49374833703041077,0.6486969590187073,-0.052147168666124344,0.5063071846961975,0.6005856990814209,-0.05765898898243904,0.4810938835144043,0.8091557025909424,-0.034531865268945694,0.48706188797950745,0.753365159034729,-0.04996700957417488,0.49570247530937195,0.7111270427703857,-0.056862033903598785,0.507280170917511,0.6760269999504089,-0.05985984206199646
0.5674798488616943,0.953265905380249,-3.3911444763390364e-09,0.5618249773979187,0.8828086853027344,0.014611168764531612,0.5604690909385681,0.8126534223556519,0.018101317808032036,0.5661152005195618,0.7632204294204712,0.017003023996949196,0.5712894797325134,0.724027693271637,0.013814791105687618,0.564028799533844,0.7904468178749084,0.0058627803809940815,0.5463528633117676,0.7196557521820068,-0.008752391673624516,0.535591185092926,0.6610071659088135,-0.021135449409484863,0.5272882580757141,0.6117594242095947,-0.03017042577266693,0.5660102963447571,0.7960330247879028,-0.011150763370096684,0.5472537279129028,0.7099953293800354,-0.02392234094440937,0.5333926677703857,0.6426595449447632,-0.033865801990032196,0.522587776184082,0.5877576470375061,-0.04178587719798088,0.559683620929718,0.8065769076347351,-0.027858814224600792,0.5427587032318115,0.7190921306610107,-0.04076256603002548,0.5300252437591553,0.658231258392334,-0.04791538417339325,0.5227010846138,0.6093897223472595,-0.05268640071153641,0.5441126823425293,0.8230717182159424,-0.043505456298589706,0.534180223941803,0.7594265341758728,-0.05788340047001839,0.5269129276275635,0.711683988571167,-0.064053013920784,0.5218254923820496,0.6711050271987915,-0.06778140366077423,0.4694044291973114,0.8754552006721497,2.0465250827328418e-07,0.47341862320899963,0.8109680414199829,0.008408309891819954,0.47628870606422424,0.7546344995498657,0.008605590090155602,0.4853857457637787,0.7121556997299194,0.004674730356782675,0.4894596338272095,0.6812719106674194,-0.0005540509591810405,0.4625665545463562,0.7394304871559143,-0.00015307786816265434,0.4726009964942932,0.6750270128250122,-0.015551083721220493,0.48355796933174133,0.6263771057128906,-0.027022147551178932,0.49464863538742065,0.5866929888725281,-0.03474362939596176,0.4634793996810913,0.74759441614151,-0.0146178612485528,0.4768006205558777,0.6724796891212463,-0.02996739186346531,0.4901260733604431,0.6186628937721252,-0.0416729636490345,0.5040326714515686,0.5732175707817078,-0.048841167241334915,0.4695386290550232,0.7635518312454224,-0.028933657333254814,0.48277491331100464,0.6899977922439575,-0.044454265385866165,0.4952550232410431,0.6389699578285217,-0.05460039898753166,0.5074418783187866,0.59758061170578,-0.059930238872766495,0.48074761033058167,0.7868338823318481,-0.042431727051734924,0.48935577273368835,0.7403380870819092,-0.05583927407860756,0.4981767237186432,0.7060335278511047,-0.06174114719033241,0.5091010332107544,0.676551342010498,-0.06471318751573563
0.5635234713554382,0.9484085440635681,3.402740755831246e-09,0.5622256994247437,0.8798923492431641,0.007686225697398186,0.5617337822914124,0.8104552626609802,0.007350662257522345,0.5693356990814209,0.7630308270454407,0.003939388319849968,0.5742759108543396,0.7238139510154724,-0.0009005435276776552,0.5572106838226318,0.7847586274147034,-0.0011070057516917586,0.5407277345657349,0.7134730815887451,-0.018027612939476967,0.5307243466377258,0.6582189202308655,-0.03221551701426506,0.5235969424247742,0.6135233640670776,-0.04229123517870903,0.5580857992172241,0.7935150861740112,-0.014422841370105743,0.5389459133148193,0.7116217017173767,-0.02819991670548916,0.527417778968811,0.6479636430740356,-0.03878382593393326,0.5207806825637817,0.5933979749679565,-0.04770085588097572,0.5527452826499939,0.8063104748725891,-0.028110463172197342,0.5347270965576172,0.7256803512573242,-0.04085106402635574,0.5232823491096497,0.6666017174720764,-0.04770737513899803,0.5168512463569641,0.6192353367805481,-0.05294070020318031,0.5411326289176941,0.8248008489608765,-0.0414491705596447,0.5293978452682495,0.7661154866218567,-0.05592732131481171,0.5216782689094543,0.7184277772903442,-0.0627046748995781,0.5163585543632507,0.6773746013641357,-0.06721293181180954,0.4719838500022888,0.9363455176353455,1.3364284257022518e-07,0.4976844787597656,0.8852422833442688,0.0030015837401151657,0.5014397501945496,0.8096344470977783,0.004472908563911915,0.5012097358703613,0.7534186840057373,0.002011770149692893,0.5014308094978333,0.7134706377983093,-0.0018871219363063574,0.48391446471214294,0.7690188884735107,0.003400360234081745,0.4856952428817749,0.6949387192726135,-0.013098723255097866,0.4931705892086029,0.6381386518478394,-0.027556434273719788,0.5011951327323914,0.5918726921081543,-0.0377189926803112,0.4752599000930786,0.7749304175376892,-0.009833451360464096,0.47768911719322205,0.6857646703720093,-0.026451362296938896,0.48877158761024475,0.6207457184791565,-0.04192395880818367,0.5022439360618591,0.563983678817749,-0.05211333930492401,0.47038814425468445,0.7865989208221436,-0.024234823882579803,0.4775657653808594,0.7001698017120361,-0.04193191975355148,0.4894508719444275,0.6417433023452759,-0.05505865439772606,0.501645565032959,0.5934292078018188,-0.0619010329246521,0.47075971961021423,0.8056082129478455,-0.03859523683786392,0.47716981172561646,0.7448645234107971,-0.054517876356840134,0.4882916808128357,0.7023788690567017,-0.06259573996067047,0.5028548240661621,0.6674336194992065,-0.06681228429079056
0.5653143525123596,0.9540557861328125,-1.189637366394436e-08,0.5683778524398804,0.8855330944061279,0.012472448870539665,0.566058337688446,0.8166264295578003,0.014284764416515827,0.5691564679145813,0.7675262093544006,0.012301256880164146,0.5727146863937378,0.7272683382034302,0.00849489588290453,0.5638298392295837,0.7910730838775635,0.0008825935074128211,0.54441237449646,0.7168889045715332,-0.014994646422564983,0.5334634780883789,0.6594502329826355,-0.027658414095640182,0.525678813457489,0.6123243570327759,-0.03652188926935196,0.5637449026107788,0.7990466952323914,-0.014440816827118397,0.5423027276992798,0.7108116149902344,-0.02867148444056511,0.5293117761611938,0.6428173184394836,-0.03887398913502693,0.5205795764923096,0.5865046977996826,-0.04700424522161484,0.5560423731803894,0.8102629780769348,-0.029371021315455437,0.537079393863678,0.7230815887451172,-0.04224967584013939,0.5255163311958313,0.661003589630127,-0.048581842333078384,0.5191501379013062,0.6119872331619263,-0.052827175706624985,0.5405546426773071,0.8267527222633362,-0.04334257170557976,0.5290151834487915,0.7609938383102417,-0.057571761310100555,0.5221731066703796,0.7124968767166138,-0.06336282938718796,0.5178405046463013,0.6724137663841248,-0.06665574759244919,0.46703433990478516,0.9349423050880432,1.3579190749624104e-07,0.49583595991134644,0.8814207911491394,0.003386456286534667,0.49875694513320923,0.8090545535087585,0.004976619500666857,0.49778759479522705,0.7553238272666931,0.0025842259638011456,0.49751487374305725,0.7174111008644104,-0.0009310416644439101,0.47775188088417053,0.7734835147857666,0.0045870388858020306,0.48164334893226624,0.6991093754768372,-0.011903481557965279,0.4904521107673645,0.6437302827835083,-0.026008203625679016,0.49975234270095825,0.5992119312286377,-0.03578770160675049,0.4701032340526581,0.7796614766120911,-0.008418181911110878,0.47411832213401794,0.6917626261711121,-0.025432351976633072,0.48603540658950806,0.6281602382659912,-0.04054383188486099,0.5005524158477783,0.5732859373092651,-0.05014917999505997,0.4672536849975586,0.79071044921875,-0.022734807804226875,0.47508078813552856,0.7043049335479736,-0.04053320735692978,0.4871993362903595,0.6442855000495911,-0.053517937660217285,0.5000509023666382,0.5957155823707581,-0.06013169139623642,0.47091659903526306,0.8083653450012207,-0.0370485782623291,0.476449191570282,0.7488319873809814,-0.05316353589296341,0.4858244061470032,0.7050348520278931,-0.06174959987401962,0.4985550045967102,0.6688864827156067,-0.06629450619220734
0.5624534487724304,0.9543682932853699,2.819449562707632e-08,0.5578523874282837,0.8884372115135193,0.008413645438849926,0.5586997866630554,0.817952573299408,0.00867293868213892,0.5675089955329895,0.7693380117416382,0.005769686307758093,0.5744449496269226,0.7308533191680908,0.0010906389215961099,0.5592710375785828,0.7879136204719543,-0.0018042853334918618,0.5428556203842163,0.7156699895858765,-0.018330607563257217,0.5328990817070007,0.6567946672439575,-0.03221900388598442,0.525409996509552,0.6078968644142151,-0.04211151599884033,0.5599510669708252,0.7964432835578918,-0.015821659937500954,0.5418991446495056,0.7095146179199219,-0.029033945873379707,0.5294139385223389,0.6414408683776855,-0.03906388580799103,0.520422637462616,0.5846986174583435,-0.04743809998035431,0.5527251362800598,0.8079387545585632,-0.02992451749742031,0.5366427898406982,0.7212262153625488,-0.04187196120619774,0.5260670185089111,0.6596920490264893,-0.04867636412382126,0.5201712846755981,0.6106839776039124,-0.05381334200501442,0.5374847054481506,0.8246972560882568,-0.04364490136504173,0.5282767415046692,0.7616955041885376,-0.05693736672401428,0.5217811465263367,0.7134354114532471,-0.06287697702646255,0.5175824165344238,0.672842264175415,-0.0667291060090065,0.4600277841091156,0.9417086839675903,1.2744506250328413e-07,0.4893132150173187,0.8856624364852905,0.004526725970208645,0.4956926703453064,0.8108952045440674,0.006156723480671644,0.49709194898605347,0.7552677392959595,0.0035491925664246082,0.5003762245178223,0.7140059471130371,0.00016647996380925179,0.47288089990615845,0.7644242644309998,0.0037358214613050222,0.4800245761871338,0.6841241121292114,-0.01316589955240488,0.4901955723762512,0.6251876354217529,-0.026785971596837044,0.4992679953575134,0.5769054889678955,-0.03622572869062424,0.46496516466140747,0.7706766128540039,-0.010249167680740356,0.4747135043144226,0.6784306764602661,-0.02737705409526825,0.48920103907585144,0.6116539835929871,-0.04216870665550232,0.503328263759613,0.5536125898361206,-0.051542747765779495,0.46273189783096313,0.7861629724502563,-0.02528989128768444,0.47534552216529846,0.6959061026573181,-0.042673733085393906,0.48914939165115356,0.6378821134567261,-0.05574776977300644,0.5015028119087219,0.5906151533126831,-0.06267677247524261,0.46746769547462463,0.8104304671287537,-0.04024498909711838,0.47589245438575745,0.7523075342178345,-0.056633591651916504,0.4852510094642639,0.7083991765975952,-0.06586731970310211,0.4961659610271454,0.6708585023880005,-0.07085275650024414
0.5620960593223572,0.9557273983955383,1.2067232546542073e-08,0.5572556853294373,0.8885494470596313,0.010187598876655102,0.5571446418762207,0.817672610282898,0.010645633563399315,0.5648554563522339,0.7683183550834656,0.007818404585123062,0.569556713104248,0.7273540496826172,0.0031926999799907207,0.5591827034950256,0.795977771282196,-0.0011784379603341222,0.5420624613761902,0.726523756980896,-0.017653966322541237,0.5322234034538269,0.6719993352890015,-0.03164823353290558,0.5255659818649292,0.6263574361801147,-0.04188477247953415,0.5611695647239685,0.8047310709953308,-0.015582452528178692,0.5412107110023499,0.7215508222579956,-0.028442425653338432,0.5291610956192017,0.6578352451324463,-0.03837331756949425,0.5215691328048706,0.6030384302139282,-0.04733792319893837,0.554305374622345,0.8157573342323303,-0.030029049143195152,0.5362042784690857,0.7316691279411316,-0.04235219955444336,0.5249032974243164,0.6713012456893921,-0.04933081194758415,0.518767774105072,0.6225343942642212,-0.0549921989440918,0.5390892028808594,0.8305861949920654,-0.043788909912109375,0.528418779373169,0.7689898014068604,-0.057951945811510086,0.5215782523155212,0.7205745577812195,-0.06492607295513153,0.5172396898269653,0.67948317527771,-0.0699361190199852,0.47178342938423157,0.9305402636528015,1.7379515782067756e-07,0.49580737948417664,0.879052996635437,9.020640572998673e-05,0.49735864996910095,0.8037242293357849,-0.00034246299765072763,0.4956142008304596,0.7464210391044617,-0.003976784180849791,0.49416592717170715,0.7066576480865479,-0.009106671437621117,0.4764159619808197,0.7696110010147095,-0.0015796568477526307,0.4806983470916748,0.6966259479522705,-0.020165417343378067,0.48937132954597473,0.6410010457038879,-0.03598633408546448,0.4995518624782562,0.5956812500953674,-0.047073282301425934,0.4698983430862427,0.7775192260742188,-0.013526066206395626,0.4731207489967346,0.6889470815658569,-0.03264082223176956,0.485188364982605,0.6226953864097595,-0.049735672771930695,0.5004830360412598,0.5649001598358154,-0.060757871717214584,0.46812543272972107,0.791986882686615,-0.02660452574491501,0.4751415550708771,0.7050352692604065,-0.046741411089897156,0.48719021677970886,0.6436493396759033,-0.06130218133330345,0.5001219511032104,0.5932773947715759,-0.06877344101667404,0.47226428985595703,0.813502848148346,-0.039682529866695404,0.4771775007247925,0.7540149688720703,-0.05775609612464905,0.4863230288028717,0.7101901769638062,-0.06718851625919342,0.49878284335136414,0.673612654209137,-0.0721391960978508
0.5611863732337952,0.9454302787780762,-3.69511568010239e-08,0.554520308971405,0.8760627508163452,0.011973315849900246,0.5571091771125793,0.8064882755279541,0.013162439689040184,0.5652832984924316,0.7595309615135193,0.010733682662248611,0.572313666343689,0.7230814695358276,0.006261293310672045,0.5630092620849609,0.7847941517829895,-0.0015005776658654213,0.5436689853668213,0.7176187038421631,-0.0169187244027853,0.5326135754585266,0.6644301414489746,-0.029952704906463623,0.5249302983283997,0.6190659999847412,-0.03963769972324371,0.5643398761749268,0.7941869497299194,-0.016714606434106827,0.5434178709983826,0.7138763070106506,-0.029139088466763496,0.5303999781608582,0.6504627466201782,-0.038554705679416656,0.5210688710212708,0.5962093472480774,-0.047129321843385696,0.5574597120285034,0.8066940307617188,-0.0315672867000103,0.5382848978042603,0.7255716919898987,-0.04332106187939644,0.5264585614204407,0.6664232015609741,-0.049477364867925644,0.5197500586509705,0.6187740564346313,-0.054566290229558945,0.5415420532226562,0.8231059908866882,-0.04561866447329521,0.5302298069000244,0.7614714503288269,-0.059180039912462234,0.5230763554573059,0.7141009569168091,-0.06531888246536255,0.5184138417243958,0.674644410610199,-0.06966380029916763,0.46970507502555847,0.924164354801178,1.65180992439673e-07,0.4962882101535797,0.8700881004333496,0.005248742178082466,0.4963548481464386,0.7969079613685608,0.007467811461538076,0.4934326708316803,0.7438206076622009,0.005585831124335527,0.4931078553199768,0.7068783640861511,0.0025721248239278793,0.47079044580459595,0.7627872824668884,0.004283857066184282,0.47671979665756226,0.6900836229324341,-0.011293861083686352,0.48640790581703186,0.6363882422447205,-0.024090318009257317,0.49655553698539734,0.592359185218811,-0.03294084593653679,0.46396610140800476,0.7696879506111145,-0.008974660187959671,0.47232988476753235,0.6826127171516418,-0.02503136917948723,0.48545992374420166,0.6217361688613892,-0.038662251085042953,0.500209391117096,0.5688700675964355,-0.04713551700115204,0.4638914465904236,0.7824258804321289,-0.02312728576362133,0.4757591187953949,0.6963936686515808,-0.040039051324129105,0.48874974250793457,0.63893723487854,-0.0521228201687336,0.5017107129096985,0.5920897722244263,-0.05802212655544281,0.4717140197753906,0.8014752864837646,-0.03696751222014427,0.47930842638015747,0.7413339018821716,-0.052081622183322906,0.4896681010723114,0.6984121203422546,-0.06000842899084091,0.502713680267334,0.6627652645111084,-0.06407248228788376
0.5689942836761475,0.9451332688331604,2.448809155453091e-08,0.5674987435340881,0.8749314546585083,0.012009689584374428,0.5652323365211487,0.8080354928970337,0.013466747477650642,0.5690599679946899,0.7621593475341797,0.01081734150648117,0.5729986429214478,0.7263892889022827,0.006206855643540621,0.5613729357719421,0.7903750538825989,0.0020547767635434866,0.5440735816955566,0.7212194204330444,-0.013690111227333546,0.533353328704834,0.6647419929504395,-0.026786763221025467,0.5258446335792542,0.618148922920227,-0.036148667335510254,0.5614707469940186,0.7974895238876343,-0.013669498264789581,0.5420764684677124,0.7153541445732117,-0.027624204754829407,0.5298606157302856,0.6504901647567749,-0.03932061791419983,0.5221490263938904,0.5957865715026855,-0.048587311059236526,0.5556961297988892,0.8079046010971069,-0.029038025066256523,0.538654088973999,0.7269025444984436,-0.041409287601709366,0.5274437069892883,0.667868971824646,-0.04897288233041763,0.5210896730422974,0.6205573081970215,-0.054282721132040024,0.5436093211174011,0.824076771736145,-0.043553732335567474,0.5316189527511597,0.7635877728462219,-0.055949896574020386,0.5237468481063843,0.7195194363594055,-0.06107386201620102,0.51823890209198,0.6824967265129089,-0.06430967897176743,0.4615274667739868,0.9411706924438477,1.580130373213251e-07,0.4963706135749817,0.8896573781967163,0.0047734142281115055,0.5011060833930969,0.8150021433830261,0.007344961632043123,0.4994373619556427,0.7624537944793701,0.005320848431438208,0.5024179220199585,0.7260399460792542,0.0026564295403659344,0.4666004180908203,0.7719208598136902,0.007606967817991972,0.47490042448043823,0.6994272470474243,-0.008051291108131409,0.48545730113983154,0.6434329748153687,-0.021799815818667412,0.49627000093460083,0.5982401967048645,-0.03147632256150246,0.45787501335144043,0.7777182459831238,-0.005732981022447348,0.46881282329559326,0.691541314125061,-0.02224593795835972,0.4826929569244385,0.6278374195098877,-0.03723630681633949,0.4977823495864868,0.5724465847015381,-0.046433087438344955,0.4588155746459961,0.7907161116600037,-0.020176805555820465,0.47313952445983887,0.7052546739578247,-0.0363302007317543,0.4865726828575134,0.6452335119247437,-0.048321567475795746,0.4995119273662567,0.5957138538360596,-0.05409639701247215,0.47022485733032227,0.8114806413650513,-0.03475287929177284,0.480217844247818,0.7515344619750977,-0.048553284257650375,0.4891694486141205,0.705723762512207,-0.055760230869054794,0.4997949004173279,0.6669918894767761,-0.059133656322956085
0.5552577972412109,0.8739097118377686,1.7646279104610585e-08,0.5667740702629089,0.8178901672363281,0.009844250977039337,0.5671821236610413,0.7688937187194824,0.011942657642066479,0.5699897408485413,0.7336423397064209,0.010293174535036087,0.5714237689971924,0.7066283226013184,0.006691182032227516,0.5526527166366577,0.7228391170501709,0.00651836022734642,0.5372450351715088,0.6596572399139404,-0.006011388264596462,0.5279344320297241,0.6124147176742554,-0.017844295129179955,0.5207467079162598,0.5734703540802002,-0.02654973417520523,0.5490697622299194,0.727724552154541,-0.006315093487501144,0.5342274904251099,0.6573178768157959,-0.015253257006406784,0.5247118473052979,0.6058859825134277,-0.023119166493415833,0.518580973148346,0.5624400973320007,-0.03010963648557663,0.5434060096740723,0.7407231330871582,-0.019571393728256226,0.5306447744369507,0.6725634336471558,-0.027933362871408463,0.5217063426971436,0.6279512047767639,-0.032583579421043396,0.516187846660614,0.591875433921814,-0.03682909905910492,0.5351462364196777,0.7627408504486084,-0.03254188969731331,0.5276134014129639,0.7189126014709473,-0.04386930540204048,0.5223190188407898,0.6839786171913147,-0.04855664074420929,0.5183391571044922,0.65280681848526,-0.05174879729747772,0.4698403477668762,0.9287194013595581,1.8334038998091273e-07,0.5024497509002686,0.8731385469436646,0.003422417910769582,0.504360020160675,0.8003014326095581,0.004968321416527033,0.5006975531578064,0.7476652264595032,0.0025146198458969593,0.5020559430122375,0.7106137275695801,-0.000709157669916749,0.4724617004394531,0.7667012810707092,0.004807303659617901,0.48107656836509705,0.6971703171730042,-0.011877653189003468,0.49121519923210144,0.643873929977417,-0.02591864764690399,0.5011258721351624,0.600918710231781,-0.035267263650894165,0.4644831717014313,0.7723861336708069,-0.007455726154148579,0.47472265362739563,0.6894175410270691,-0.024228857830166817,0.4875757694244385,0.6274595260620117,-0.03818882629275322,0.5019608736038208,0.5740083456039429,-0.04655536636710167,0.4641135334968567,0.7836263179779053,-0.02102828025817871,0.4767834544181824,0.7007193565368652,-0.037587132304906845,0.48879310488700867,0.6415870785713196,-0.048986684530973434,0.5007985234260559,0.5936942100524902,-0.05420549213886261,0.47212326526641846,0.8017827272415161,-0.0347275584936142,0.4812511205673218,0.7436645030975342,-0.047898393124341965,0.489886999130249,0.6998191475868225,-0.05434360355138779,0.500156581401825,0.663715124130249,-0.05734032765030861
0.5507286190986633,0.8421871662139893,3.48284103779406e-08,0.5676184892654419,0.7933241724967957,0.010857428424060345,0.5715157389640808,0.7552379965782166,0.012365546077489853,0.5756971836090088,0.7308058738708496,0.00962097104638815,0.5789446830749512,0.7074897885322571,0.0046919542364776134,0.5538672804832458,0.7124642729759216,0.0074888900853693485,0.5414538979530334,0.6591073274612427,-0.0038008003029972315,0.5342698693275452,0.6194925904273987,-0.014452077448368073,0.528635561466217,0.5858018398284912,-0.022370560094714165,0.5494282245635986,0.716148316860199,-0.006343281827867031,0.5377222299575806,0.6563363075256348,-0.015482740476727486,0.530113160610199,0.6117613315582275,-0.024139055982232094,0.5254710912704468,0.5735825896263123,-0.03139128535985947,0.5427868366241455,0.7279783487319946,-0.02047424018383026,0.5333069562911987,0.6693035364151001,-0.029837561771273613,0.526272714138031,0.6303662657737732,-0.035964369773864746,0.5227371454238892,0.5973513722419739,-0.04094952344894409,0.5344241857528687,0.7482897639274597,-0.0339655764400959,0.5284761190414429,0.7109428644180298,-0.04525548964738846,0.5248801112174988,0.6808537244796753,-0.049968741834163666,0.5226250290870667,0.6532236933708191,-0.053236640989780426,0.4755879044532776,0.9194159507751465,1.8123579081930075e-07,0.5059743523597717,0.8663491010665894,0.0003340579569339752,0.5067502856254578,0.7940852046012878,0.001973381033167243,0.5030626654624939,0.73941969871521,0.00015532852557953447,0.5037047863006592,0.7016366720199585,-0.0021328574512153864,0.4762784242630005,0.7681544423103333,0.005742090288549662,0.48113512992858887,0.6992807388305664,-0.009852152317762375,0.4901431202888489,0.6447188854217529,-0.023615790531039238,0.4996757209300995,0.6002659201622009,-0.033014360815286636,0.4690341651439667,0.7741061449050903,-0.004916668403893709,0.4751901924610138,0.6940138339996338,-0.020827606320381165,0.486486554145813,0.6321590542793274,-0.035178523510694504,0.4997585415840149,0.5778679847717285,-0.043931394815444946,0.46902328729629517,0.7839584946632385,-0.017122799530625343,0.47801584005355835,0.7059684991836548,-0.03302733600139618,0.48931246995925903,0.6465398073196411,-0.043731432408094406,0.501272439956665,0.5974018573760986,-0.048540979623794556,0.47690144181251526,0.7996639609336853,-0.029917297884821892,0.48335862159729004,0.7427769303321838,-0.04247158765792847,0.49238350987434387,0.7000818252563477,-0.04801829904317856,0.5038167238235474,0.6654822826385498,-0.05038923770189285
0.5638701319694519,0.8941912055015564,5.227018817777207e-08,0.5685393214225769,0.8289430737495422,0.014219104312360287,0.5655914545059204,0.7752516865730286,0.017036929726600647,0.5674589276313782,0.7373740673065186,0.015378830023109913,0.569915235042572,0.7078345417976379,0.012011706829071045,0.5576711893081665,0.7477872371673584,0.009620161727070808,0.5419471859931946,0.685096025466919,-0.0017886862624436617,0.5330132246017456,0.636256217956543,-0.01199955865740776,0.5270634889602661,0.596234142780304,-0.01939459703862667,0.5550437569618225,0.7512120008468628,-0.005128686781972647,0.5404812097549438,0.6824139356613159,-0.014471915550529957,0.5328201055526733,0.6300902962684631,-0.022467084228992462,0.5287949442863464,0.5870440602302551,-0.029154913499951363,0.5491175651550293,0.760307252407074,-0.019817683845758438,0.5371035933494568,0.693402111530304,-0.02842068485915661,0.5301554203033447,0.6468202471733093,-0.033215589821338654,0.5274858474731445,0.6099768877029419,-0.0370432510972023,0.5396299958229065,0.7763445377349854,-0.03363761678338051,0.5315402150154114,0.7286641597747803,-0.0433996208012104,0.5272901654243469,0.6926483511924744,-0.04725276306271553,0.524365246295929,0.6612762808799744,-0.04986724257469177,0.471747487783432,0.9257276654243469,1.925729264939946e-07,0.50519198179245,0.8741984367370605,0.0018643533112481236,0.5066729187965393,0.8001660108566284,0.0038103898987174034,0.5018057823181152,0.7474390268325806,0.0018254296155646443,0.5038344860076904,0.7106050848960876,-0.000567528884857893,0.473694384098053,0.7659277319908142,0.005436467006802559,0.4808785319328308,0.694582998752594,-0.010772782377898693,0.49173811078071594,0.6386885643005371,-0.024555198848247528,0.5023066997528076,0.5927587747573853,-0.033964768052101135,0.4651055634021759,0.771723210811615,-0.006436736322939396,0.47482988238334656,0.6881764531135559,-0.023098235949873924,0.4890975058078766,0.625245213508606,-0.037638574838638306,0.50382399559021,0.5702530145645142,-0.04636960104107857,0.46575087308883667,0.7827309966087341,-0.019736822694540024,0.4772685170173645,0.6991994380950928,-0.03654131665825844,0.4910387098789215,0.6397866606712341,-0.0482066385447979,0.5040472149848938,0.5906794667243958,-0.0533723458647728,0.47643616795539856,0.7994652986526489,-0.03342913091182709,0.4839435815811157,0.7384291887283325,-0.047146160155534744,0.4937393069267273,0.6928427815437317,-0.05393197014927864,0.5054378509521484,0.6552850008010864,-0.05696427822113037
0.5275040864944458,0.749146044254303,-5.803685354521804e-08,0.5294649600982666,0.706907331943512,0.002255351049825549,0.5288105010986328,0.6608074903488159,0.0004079012433066964,0.5267210006713867,0.6240206956863403,-0.002546172821894288,0.5235368013381958,0.5966967344284058,-0.0070226192474365234,0.5359774827957153,0.6627945899963379,-0.014310787431895733,0.5265830755233765,0.613474428653717,-0.0267403032630682,0.5206897258758545,0.5831184983253479,-0.03519248217344284,0.516310453414917,0.5571475625038147,-0.04176665097475052,0.5359829068183899,0.6716138124465942,-0.022488165646791458,0.5273658037185669,0.6188531517982483,-0.033836159855127335,0.5219326615333557,0.5860041379928589,-0.04083278030157089,0.518475353717804,0.555350661277771,-0.047111835330724716,0.5329458117485046,0.6872624158859253,-0.030392182990908623,0.5248776078224182,0.6392795443534851,-0.042297206819057465,0.5190907120704651,0.6087652444839478,-0.04938747361302376,0.5155342221260071,0.5801920294761658,-0.05535705387592316,0.5271092057228088,0.7068660855293274,-0.03756194934248924,0.5211971402168274,0.6860201358795166,-0.050675105303525925,0.5184113383293152,0.6672163605690002,-0.05792359262704849,0.5179368853569031,0.6477076411247253,-0.06363699585199356,0.47331249713897705,0.9171910881996155,1.8703168791489588e-07,0.5028913617134094,0.8633164763450623,0.0005313546862453222,0.5042597651481628,0.7919883728027344,0.0019386396743357182,0.4999556839466095,0.7388955354690552,9.053925896296278e-05,0.5015150904655457,0.7022677063941956,-0.0020045863930135965,0.4749188721179962,0.7639310359954834,0.004447892773896456,0.4819478988647461,0.6918413639068604,-0.01001277007162571,0.49164438247680664,0.6385816335678101,-0.0218338742852211,0.5011287331581116,0.5962234139442444,-0.02962508425116539,0.467080295085907,0.7692126631736755,-0.005581436678767204,0.47605764865875244,0.6870170831680298,-0.02058260887861252,0.4885285794734955,0.626971960067749,-0.033254172652959824,0.5022034645080566,0.5761400461196899,-0.040666334331035614,0.46696901321411133,0.7787014842033386,-0.017098374664783478,0.47827744483947754,0.69780033826828,-0.03200249746441841,0.4906393885612488,0.6402779817581177,-0.04257580637931824,0.5030954480171204,0.5943856239318848,-0.047337956726551056,0.475627064704895,0.7938311100006104,-0.02906670793890953,0.48410776257514954,0.7353432178497314,-0.04097691550850868,0.49311068654060364,0.692110002040863,-0.0470874160528183,0.50360107421875,0.6568515300750732,-0.04991700127720833
0.5618680715560913,0.9108043909072876,-8.22191950078377e-08,0.552948534488678,0.8486319184303284,0.009106838144361973,0.5523192286491394,0.7857109308242798,0.010250652208924294,0.560072124004364,0.7441396117210388,0.008221390657126904,0.5618529319763184,0.7107014656066895,0.004133203066885471,0.561671257019043,0.7456572651863098,0.0016536640468984842,0.5420422554016113,0.6816381216049194,-0.013636771589517593,0.5284549593925476,0.6301116943359375,-0.028511904180049896,0.5176976919174194,0.5889915227890015,-0.039351750165224075,0.5635860562324524,0.7565118670463562,-0.011602187529206276,0.541715145111084,0.680601179599762,-0.021983757615089417,0.5256507992744446,0.6211927533149719,-0.03162509575486183,0.5143826603889465,0.5708195567131042,-0.040614478290081024,0.5585550665855408,0.7719987630844116,-0.025153804570436478,0.5376216769218445,0.6977131366729736,-0.034566108137369156,0.5233038663864136,0.6443637013435364,-0.0404508076608181,0.514792799949646,0.6026943922042847,-0.04603767767548561,0.5462062954902649,0.7934616208076477,-0.03854238614439964,0.5337525010108948,0.7413643598556519,-0.05092660337686539,0.5248875021934509,0.6986838579177856,-0.05662650987505913,0.519234299659729,0.6626148223876953,-0.06090230122208595,0.4727259874343872,0.9125325083732605,1.5135758246742625e-07,0.5013288855552673,0.8554545044898987,0.0030333830509334803,0.5029122233390808,0.7847403287887573,0.00468792486935854,0.500289261341095,0.7333768010139465,0.00237448257394135,0.502129077911377,0.6973447799682617,-0.0006161826313473284,0.4753538966178894,0.7564488053321838,0.006442357785999775,0.4834672510623932,0.6894345283508301,-0.009468037635087967,0.4922367334365845,0.6378953456878662,-0.023387178778648376,0.5009575486183167,0.5950418710708618,-0.03295476734638214,0.4692463278770447,0.7620275616645813,-0.005757713690400124,0.4774797558784485,0.6822090148925781,-0.022098079323768616,0.4885575473308563,0.619536817073822,-0.03649144619703293,0.5015655159950256,0.5635743141174316,-0.045405734330415726,0.4700106382369995,0.7728437185287476,-0.01934915781021118,0.48020392656326294,0.6934878826141357,-0.035385604947805405,0.4907764196395874,0.6359726786613464,-0.04675401747226715,0.5017935037612915,0.5887774229049683,-0.052239805459976196,0.47916552424430847,0.7907376885414124,-0.03324791043996811,0.48550844192504883,0.7347623109817505,-0.046164438128471375,0.4923771619796753,0.6930959224700928,-0.05244012922048569,0.5015807151794434,0.6592373847961426,-0.055489104241132736
0.5652500987052917,0.920772910118103,-3.504488077510359e-08,0.5566579699516296,0.8565841317176819,0.007395945955067873,0.5567795634269714,0.7925999760627747,0.007488839793950319,0.5647180676460266,0.74852055311203,0.004603264387696981,0.5678616762161255,0.7129366993904114,1.8128268493455835e-05,0.5634783506393433,0.7595715522766113,0.00017737274174578488,0.544241189956665,0.6942873001098633,-0.01479398738592863,0.5332291722297668,0.6430851221084595,-0.028642794117331505,0.5257648825645447,0.6000953316688538,-0.03870685026049614,0.5652445554733276,0.7678561210632324,-0.012377695180475712,0.5441877841949463,0.6905481815338135,-0.024040911346673965,0.5309790372848511,0.628966748714447,-0.033745817840099335,0.5217467546463013,0.5759599804878235,-0.042208872735500336,0.5595715641975403,0.7798667550086975,-0.025222374126315117,0.5402151942253113,0.7034751772880554,-0.03549487888813019,0.5285043120384216,0.647583544254303,-0.04128194600343704,0.5215942859649658,0.6028516888618469,-0.04608936235308647,0.546580970287323,0.7968436479568481,-0.03796723484992981,0.5339006781578064,0.740839958190918,-0.04928910359740257,0.5263810157775879,0.6974167823791504,-0.05405263230204582,0.521557092666626,0.6610351800918579,-0.05739172548055649,0.4652601480484009,0.9187229871749878,1.4168135464842635e-07,0.4957351088523865,0.8647005558013916,0.0027526062913239002,0.5024258494377136,0.795663595199585,0.003921246621757746,0.5026188492774963,0.7439162731170654,0.0013242288259789348,0.5058202147483826,0.7053109407424927,-0.0016892831772565842,0.4752780795097351,0.7544046640396118,0.002735838294029236,0.4844719171524048,0.6780765652656555,-0.013631789945065975,0.49484899640083313,0.6232192516326904,-0.026519495993852615,0.5035443902015686,0.5780338048934937,-0.03516111150383949,0.4679410457611084,0.7584519982337952,-0.009305999614298344,0.4795939326286316,0.6707820296287537,-0.02596345730125904,0.4943156838417053,0.6089400053024292,-0.0392630472779274,0.5089017152786255,0.5553205013275146,-0.04721129313111305,0.4677746295928955,0.7705878019332886,-0.022603677585721016,0.48154976963996887,0.6852450370788574,-0.03869663178920746,0.49508917331695557,0.6299599409103394,-0.05014209449291229,0.5071439743041992,0.5855664610862732,-0.05581396445631981,0.4757823348045349,0.7904963493347168,-0.03611311316490173,0.4849167764186859,0.7340023517608643,-0.050357356667518616,0.4934007525444031,0.6921469569206238,-0.05835229903459549,0.5028606057167053,0.6571876406669617,-0.06250572204589844
0.5661637187004089,0.9202842712402344,-1.0346742840283696e-07,0.5634023547172546,0.8554784059524536,0.01075227651745081,0.565072238445282,0.7921646237373352,0.01069018617272377,0.5725829005241394,0.7494853138923645,0.007242266554385424,0.5772130489349365,0.7167792320251465,0.001457219012081623,0.5676621198654175,0.7546700835227966,-0.003313040127977729,0.5469854474067688,0.6850147843360901,-0.019676323980093002,0.5341349840164185,0.6329866051673889,-0.03331339731812477,0.5246658325195312,0.590751051902771,-0.042966511100530624,0.5686528086662292,0.7655763030052185,-0.017985789105296135,0.5469319820404053,0.683285117149353,-0.030877945944666862,0.5319618582725525,0.6209520101547241,-0.0401516929268837,0.5210450887680054,0.5697010159492493,-0.04851366579532623,0.5617938041687012,0.7810448408126831,-0.032361697405576706,0.5408576130867004,0.6996656060218811,-0.04363680258393288,0.5281994938850403,0.6429302096366882,-0.04928406700491905,0.5208083391189575,0.5988378524780273,-0.054130058735609055,0.5471781492233276,0.801861047744751,-0.04607132822275162,0.5339835286140442,0.7405121922492981,-0.058836329728364944,0.5254729986190796,0.6952943205833435,-0.06407331675291061,0.5196399092674255,0.6583884954452515,-0.06777694076299667,0.4680633246898651,0.9139477014541626,1.365888948612337e-07,0.49495041370391846,0.8563533425331116,0.0036097588017582893,0.49836957454681396,0.7841563820838928,0.00496054207906127,0.4969942569732666,0.7298903465270996,0.0026330510154366493,0.4997510313987732,0.6909307241439819,0.00010275313979946077,0.47268182039260864,0.7500869631767273,0.0009202694636769593,0.4824485182762146,0.6713270545005798,-0.015704533085227013,0.49296844005584717,0.616206169128418,-0.027730466797947884,0.5019485354423523,0.5710805058479309,-0.035620126873254776,0.4667343497276306,0.7559291124343872,-0.011548482812941074,0.47966983914375305,0.6664167642593384,-0.028932835906744003,0.4951849579811096,0.6038028001785278,-0.04168427363038063,0.5105706453323364,0.550255537033081,-0.0490240752696991,0.46834295988082886,0.7689216732978821,-0.02509036846458912,0.4833773076534271,0.6822460889816284,-0.04165098816156387,0.4983164966106415,0.6268759965896606,-0.05312572792172432,0.5115938782691956,0.5829092264175415,-0.05870175361633301,0.47843724489212036,0.7884337902069092,-0.03869764506816864,0.48770031332969666,0.731414258480072,-0.05365165323019028,0.4959896206855774,0.6881581544876099,-0.0624709352850914,0.5052558183670044,0.6519864797592163,-0.0671597495675087
0.5690044164657593,0.9181145429611206,-1.3160033063286392e-09,0.567054808139801,0.8570829033851624,0.006784525699913502,0.5664048790931702,0.7946860194206238,0.0066576008684933186,0.5728909969329834,0.7513589262962341,0.0038343234919011593,0.5753421783447266,0.7159818410873413,-0.0006532649858854711,0.5640830993652344,0.7614970803260803,-0.0010819542221724987,0.5457009077072144,0.6915391683578491,-0.016641389578580856,0.5345346927642822,0.6358836889266968,-0.0304439477622509,0.5263611078262329,0.5905662178993225,-0.0402648039162159,0.564760148525238,0.7699153423309326,-0.012938980013132095,0.5444082617759705,0.6891390085220337,-0.025737714022397995,0.5308611392974854,0.6259060502052307,-0.03655239939689636,0.5219055414199829,0.5715786814689636,-0.04551120102405548,0.5592091083526611,0.7815489768981934,-0.024787958711385727,0.5413597822189331,0.7030451893806458,-0.035556402057409286,0.5293753147125244,0.6462326645851135,-0.04186420515179634,0.5221245288848877,0.6008154153823853,-0.04686737433075905,0.546872615814209,0.7982705235481262,-0.036402519792318344,0.5359399318695068,0.742890477180481,-0.04828720912337303,0.5288518667221069,0.6999287605285645,-0.05328129604458809,0.5243471264839172,0.6630340218544006,-0.0565669909119606,0.47266581654548645,0.9203104376792908,1.880596016690106e-07,0.5033392906188965,0.8691953420639038,0.0020278608426451683,0.5054134130477905,0.7984520196914673,0.0031305633019655943,0.5013703107833862,0.7473943829536438,0.0001973073376575485,0.5038297176361084,0.7115992307662964,-0.0029888502322137356,0.4734680652618408,0.7637383341789246,0.0051897247321903706,0.4828875660896301,0.6921068429946899,-0.011116957291960716,0.49430420994758606,0.6383032202720642,-0.024516025558114052,0.5049402713775635,0.5946253538131714,-0.03339817002415657,0.4652906358242035,0.7683324217796326,-0.006381240673363209,0.4774359464645386,0.6844294667243958,-0.02338302507996559,0.4918431341648102,0.6227371692657471,-0.03740716353058815,0.5066657066345215,0.5692811012268066,-0.04555131867527962,0.466212660074234,0.7773677706718445,-0.019404388964176178,0.4805922508239746,0.6937209367752075,-0.03586331754922867,0.49448201060295105,0.6364775896072388,-0.04728183522820473,0.5072913765907288,0.5896521806716919,-0.05226851627230644,0.4771164357662201,0.7922143340110779,-0.032765183597803116,0.48641690611839294,0.7320181131362915,-0.04575708881020546,0.49557721614837646,0.6883102059364319,-0.05239883065223694,0.5060814023017883,0.6520033478736877,-0.055344995111227036
0.5636058449745178,0.9188414812088013,-1.2266949056538579e-07,0.5612236261367798,0.8543474674224854,0.013122988864779472,0.5627400279045105,0.7901813387870789,0.01604388654232025,0.5690723657608032,0.7465435862541199,0.014773212373256683,0.571851909160614,0.7110835313796997,0.011223416775465012,0.5662702918052673,0.7516459226608276,0.00463034026324749,0.5464877486228943,0.6812705993652344,-0.009398105554282665,0.5336543917655945,0.6271798610687256,-0.02225104533135891,0.523859441280365,0.5827596783638,-0.031769152730703354,0.5683600306510925,0.7606809735298157,-0.010952203534543514,0.5465328693389893,0.6779613494873047,-0.02152617648243904,0.5311598181724548,0.6153549551963806,-0.030222423374652863,0.5199506878852844,0.5626790523529053,-0.038231223821640015,0.5632782578468323,0.7747558951377869,-0.02655159868299961,0.5426473021507263,0.694396436214447,-0.035922128707170486,0.5290157794952393,0.6386268138885498,-0.04105890169739723,0.5210365056991577,0.5948556065559387,-0.04586372897028923,0.5505579710006714,0.7943346500396729,-0.041670799255371094,0.5376720428466797,0.7360790967941284,-0.054131653159856796,0.5290207266807556,0.690389096736908,-0.059766173362731934,0.5232461094856262,0.6531440615653992,-0.06380932778120041,0.47210103273391724,0.9200954437255859,1.5679449916206067e-07,0.5028384327888489,0.8648873567581177,0.0035118507221341133,0.5057321786880493,0.7938084602355957,0.004887709394097328,0.5024566650390625,0.74170982837677,0.0021945317275822163,0.505059003829956,0.7046313285827637,-0.0009138969471678138,0.4765996038913727,0.7607447504997253,0.00359894335269928,0.4863995611667633,0.685979962348938,-0.012906411662697792,0.4962601065635681,0.6314662098884583,-0.025860831141471863,0.5046452879905701,0.5865325331687927,-0.03436047583818436,0.4688085913658142,0.7648662328720093,-0.008815658278763294,0.4810034930706024,0.6770754456520081,-0.026206878945231438,0.49367937445640564,0.6116483807563782,-0.04013426601886749,0.506374180316925,0.5552540421485901,-0.0482572577893734,0.4690355956554413,0.7745994329452515,-0.022396380081772804,0.48369070887565613,0.688666045665741,-0.03904750198125839,0.4968990981578827,0.6319347620010376,-0.05109400674700737,0.5090157985687256,0.5866997241973877,-0.056745488196611404,0.4785757064819336,0.7911376953125,-0.036082666367292404,0.48781001567840576,0.7326412200927734,-0.04985451325774193,0.49622002243995667,0.6893267035484314,-0.05760512873530388,0.5060562491416931,0.6538474559783936,-0.06148802489042282
0.5687863826751709,0.9177742004394531,-9.814266377361491e-08,0.5626155138015747,0.8532972931861877,0.01253376342356205,0.5615354776382446,0.7895612716674805,0.014496920630335808,0.5669463872909546,0.7456200122833252,0.012708076275885105,0.5672703385353088,0.7101385593414307,0.00864154938608408,0.5686652064323425,0.7555548548698425,-0.0004082515079062432,0.5472313761711121,0.6868148446083069,-0.016187380999326706,0.5343388915061951,0.6328595876693726,-0.029611317440867424,0.5248290300369263,0.58812415599823,-0.03948250412940979,0.572199821472168,0.7649391889572144,-0.01626712828874588,0.5480348467826843,0.6824433207511902,-0.02912430837750435,0.5323656797409058,0.6187121868133545,-0.03877398371696472,0.5212950706481934,0.5644912719726562,-0.047281187027692795,0.5676572322845459,0.7806647419929504,-0.031822722405195236,0.5449444651603699,0.6988339424133301,-0.04416215047240257,0.5303375124931335,0.6426708698272705,-0.050518948584795,0.521939754486084,0.596831202507019,-0.05558371916413307,0.554581344127655,0.8025405406951904,-0.04657603055238724,0.5403395295143127,0.7442675232887268,-0.06185431405901909,0.5309351086616516,0.6992936730384827,-0.06858260929584503,0.5248978137969971,0.6605889797210693,-0.07297910004854202,0.4798472225666046,0.9124132394790649,1.5763390592837823e-07,0.5042328238487244,0.8542672395706177,0.0012450392823666334,0.505213737487793,0.7830228209495544,0.0015777837252244353,0.5029051899909973,0.7287100553512573,-0.0016072449507191777,0.504344642162323,0.6906998157501221,-0.005350807681679726,0.4789577126502991,0.7572756409645081,0.0020648459903895855,0.48733124136924744,0.6879088282585144,-0.014703085646033287,0.49649667739868164,0.6366675496101379,-0.028491094708442688,0.5050505995750427,0.5940719246864319,-0.03770478442311287,0.4731031656265259,0.764643669128418,-0.009565029293298721,0.4815855026245117,0.6818480491638184,-0.026982175186276436,0.49280956387519836,0.617801308631897,-0.04121840372681618,0.505469024181366,0.5612692832946777,-0.0496683306992054,0.474495530128479,0.7769290804862976,-0.022509437054395676,0.48550766706466675,0.6958284974098206,-0.039149507880210876,0.4969273805618286,0.6386784315109253,-0.05006759986281395,0.508027970790863,0.5924520492553711,-0.05497082322835922,0.4844440817832947,0.7954508066177368,-0.03587270900607109,0.4914610981941223,0.7387661337852478,-0.04937927424907684,0.49835091829299927,0.6964918375015259,-0.055789198726415634,0.5068637728691101,0.6619154214859009,-0.058632802218198776
0.5705077052116394,0.9203429222106934,-4.63186609067634e-08,0.5613178610801697,0.8555599451065063,0.009078007191419601,0.5583702921867371,0.7880812883377075,0.010547367855906487,0.5633964538574219,0.7398903965950012,0.009105528704822063,0.5628330707550049,0.701471209526062,0.005555405281484127,0.5652345418930054,0.7584243416786194,-0.002333304611966014,0.5449442267417908,0.6883854866027832,-0.018719958141446114,0.5325467586517334,0.6321374177932739,-0.03280531242489815,0.5238432884216309,0.5861905217170715,-0.0428825207054615,0.5690500140190125,0.768801748752594,-0.01568572409451008,0.5461775660514832,0.6842801570892334,-0.028963247314095497,0.5303035378456116,0.6193402409553528,-0.038914360105991364,0.5196272730827332,0.5638571381568909,-0.047336503863334656,0.5646696090698242,0.7834162712097168,-0.02890920825302601,0.54387366771698,0.7008817791938782,-0.041097190231084824,0.5293529033660889,0.6435394287109375,-0.04798119142651558,0.5208539962768555,0.5980658531188965,-0.05334465205669403,0.5516599416732788,0.8032479286193848,-0.041650429368019104,0.539752185344696,0.7477066516876221,-0.05649230629205704,0.5312454104423523,0.7025700807571411,-0.06364789605140686,0.5258328914642334,0.6642175912857056,-0.06835517287254333,0.4744104743003845,0.9186893701553345,1.4235217804525746e-07,0.5050684213638306,0.8623345494270325,0.004052666015923023,0.5083513855934143,0.7916370034217834,0.005912202876061201,0.5048322081565857,0.7407293915748596,0.003520019818097353,0.5071104168891907,0.7044470310211182,0.0005561602883972228,0.4796904921531677,0.7585746645927429,0.00606759125366807,0.4873741865158081,0.6864211559295654,-0.010007950477302074,0.49682265520095825,0.6326966285705566,-0.023299336433410645,0.5055944323539734,0.5886182188987732,-0.03210826590657234,0.47214972972869873,0.7629373073577881,-0.0065454961732029915,0.4814937710762024,0.6789013743400574,-0.023007066920399666,0.49336034059524536,0.6154595017433167,-0.03718443587422371,0.5056040287017822,0.5601017475128174,-0.04574466869235039,0.4722681939601898,0.7733557224273682,-0.02034781500697136,0.48431864380836487,0.6898738145828247,-0.036528054624795914,0.49668824672698975,0.6328829526901245,-0.0482788160443306,0.5086039900779724,0.5862473249435425,-0.05375879257917404,0.48140236735343933,0.7909083366394043,-0.03423571586608887,0.4889705181121826,0.7317858934402466,-0.04731737822294235,0.4974386692047119,0.6883071660995483,-0.05394044145941734,0.5075995326042175,0.6525890827178955,-0.05701984465122223
0.5687997937202454,0.9164048433303833,-5.5182923119900806e-08,0.5573512315750122,0.8539499640464783,0.01021550688892603,0.5537596940994263,0.7901375889778137,0.011424096301198006,0.5565637350082397,0.7452905774116516,0.009168305434286594,0.5558187961578369,0.7093506455421448,0.004848124925047159,0.5679599046707153,0.7573057413101196,0.00010165551793761551,0.5472350716590881,0.6903713941574097,-0.01516157016158104,0.5355482697486877,0.6374465227127075,-0.02845010720193386,0.5268430113792419,0.5937349796295166,-0.03796983137726784,0.5711596012115479,0.7656662464141846,-0.014451121911406517,0.5484820604324341,0.6865162253379822,-0.026546604931354523,0.5344293117523193,0.6241793036460876,-0.03600650653243065,0.5248305797576904,0.57142573595047,-0.043847691267728806,0.5662623643875122,0.7795339226722717,-0.029027704149484634,0.5455882549285889,0.7004002332687378,-0.040957920253276825,0.5329270362854004,0.6448930501937866,-0.047556646168231964,0.5258191823959351,0.6009944081306458,-0.052122268825769424,0.5529882907867432,0.7997223138809204,-0.043035294860601425,0.5404541492462158,0.7397658824920654,-0.056490372866392136,0.5318876504898071,0.6955662965774536,-0.06201494112610817,0.5265557765960693,0.6594099998474121,-0.0652385726571083,0.4806910753250122,0.9143200516700745,1.599665893081692e-07,0.5076126456260681,0.8603763580322266,0.0017146161990240216,0.5080554485321045,0.791325569152832,0.0031807804480195045,0.50422602891922,0.7414366006851196,0.0010893115540966392,0.5058814287185669,0.7065762281417847,-0.0011644248152151704,0.4788431227207184,0.7613828182220459,0.0058305151760578156,0.4862119257450104,0.693289041519165,-0.00855304766446352,0.4960428774356842,0.642620325088501,-0.02080620266497135,0.5055530667304993,0.6013885140419006,-0.02915472723543644,0.47232359647750854,0.7660344839096069,-0.005023161415010691,0.48005127906799316,0.6865745782852173,-0.019893497228622437,0.49189135432243347,0.6280621290206909,-0.0327988900244236,0.5050241351127625,0.5771378874778748,-0.04055788740515709,0.4737546145915985,0.7748895883560181,-0.017253940925002098,0.4833049476146698,0.6951546669006348,-0.031783152371644974,0.4952448010444641,0.6391502618789673,-0.041931189596652985,0.5073508024215698,0.5939240455627441,-0.04665469750761986,0.4840638041496277,0.789261519908905,-0.029931552708148956,0.4913320243358612,0.7333967089653015,-0.04149632528424263,0.4996168613433838,0.6919368505477905,-0.04717777296900749,0.5096229314804077,0.6579040288925171,-0.04987635836005211
0.5688351988792419,0.9073411226272583,-6.118502682284088e-08,0.5642918944358826,0.8431481719017029,0.016027303412556648,0.5627163052558899,0.7852534055709839,0.0203389935195446,0.5681449174880981,0.7459433078765869,0.01997891627252102,0.5693798661231995,0.7145891189575195,0.01709754578769207,0.563298761844635,0.7445439100265503,0.006098397076129913,0.5438941717147827,0.6781916618347168,-0.0076916757971048355,0.5331335067749023,0.6257373690605164,-0.019613897427916527,0.5256403684616089,0.5818535685539246,-0.028447400778532028,0.56654953956604,0.752268373966217,-0.011003842577338219,0.5443331599235535,0.6709203124046326,-0.022744713351130486,0.5306141972541809,0.6114053726196289,-0.032075297087430954,0.5214158892631531,0.5616042613983154,-0.039961718022823334,0.5632135272026062,0.7676655650138855,-0.027656180784106255,0.5429442524909973,0.6866148114204407,-0.039358951151371,0.5294729471206665,0.6336718201637268,-0.04620044678449631,0.5218777060508728,0.5908645391464233,-0.05127183720469475,0.5526646971702576,0.7902702689170837,-0.04315446689724922,0.5394142866134644,0.7330990433692932,-0.05755246803164482,0.5307868719100952,0.6911439299583435,-0.06420310586690903,0.5253186225891113,0.654902458190918,-0.0684305876493454,0.4761911630630493,0.9167780876159668,1.67556436281302e-07,0.5027486681938171,0.8589283227920532,0.0023039812222123146,0.5038530826568604,0.7891017198562622,0.0026917862705886364,0.5005027651786804,0.7371606230735779,-0.0008144172024913132,0.5026329755783081,0.6999341249465942,-0.004795288201421499,0.47463199496269226,0.76259845495224,0.004764126148074865,0.48300132155418396,0.6931964159011841,-0.011953957378864288,0.4930313229560852,0.6405676007270813,-0.0259238388389349,0.502733588218689,0.598176121711731,-0.035134535282850266,0.4688005745410919,0.7701317071914673,-0.0068260980769991875,0.4789058268070221,0.6906465291976929,-0.023718776181340218,0.4914016127586365,0.6294114589691162,-0.03777209669351578,0.5049564838409424,0.5761206150054932,-0.04612171649932861,0.4718305766582489,0.7828380465507507,-0.019772307947278023,0.48405277729034424,0.7039439678192139,-0.03569197654724121,0.49545273184776306,0.6453244090080261,-0.04623718932271004,0.5063989758491516,0.5964689254760742,-0.05090497434139252,0.4841952919960022,0.8019318580627441,-0.03308302164077759,0.4916289448738098,0.7450437545776367,-0.045211587101221085,0.4985532760620117,0.7009937763214111,-0.050703007727861404,0.5068121552467346,0.6637194156646729,-0.052987582981586456
0.5678651332855225,0.9195032119750977,-5.953887693976867e-08,0.5531997680664062,0.8501487970352173,0.008432132191956043,0.5498906970024109,0.782403290271759,0.009187391959130764,0.5551148056983948,0.7351872324943542,0.006707914639264345,0.5559055209159851,0.696784496307373,0.002272526966407895,0.564934492111206,0.7535831928253174,0.0010825442150235176,0.5458632111549377,0.6880925297737122,-0.014501316472887993,0.5333936810493469,0.6358166933059692,-0.029297402128577232,0.5236382484436035,0.5922213196754456,-0.040209393948316574,0.5693069696426392,0.763637900352478,-0.012489385902881622,0.5476650595664978,0.6861998438835144,-0.023721318691968918,0.5319368839263916,0.6248435974121094,-0.033428844064474106,0.521185576915741,0.5717195272445679,-0.04228145629167557,0.5656366348266602,0.7790593504905701,-0.026521211490035057,0.5447880029678345,0.7028966546058655,-0.03699260950088501,0.5302069783210754,0.648960530757904,-0.04306577146053314,0.5218467116355896,0.6057380437850952,-0.048384249210357666,0.5535472631454468,0.8007037043571472,-0.04046244919300079,0.5400485992431641,0.7474000453948975,-0.0528649277985096,0.5299815535545349,0.7041869163513184,-0.05833464115858078,0.5231944918632507,0.6673102378845215,-0.06236572936177254,0.4739152193069458,0.9194673299789429,1.499388702086435e-07,0.503113329410553,0.8608233332633972,0.003907429054379463,0.5050371289253235,0.7885982394218445,0.00547030009329319,0.5023863911628723,0.7367669939994812,0.0026923618279397488,0.5049787163734436,0.70041424036026,-0.0007297983975149691,0.47714993357658386,0.7598766684532166,0.0063407388515770435,0.48611465096473694,0.69048672914505,-0.010111394338309765,0.49557045102119446,0.637509286403656,-0.024291960522532463,0.5050042867660522,0.5938956141471863,-0.0338420495390892,0.4709293246269226,0.7659876346588135,-0.006589729338884354,0.4802062511444092,0.6825957894325256,-0.023483136668801308,0.49191445112228394,0.6179627776145935,-0.03827383741736412,0.5050378441810608,0.5611370801925659,-0.0472068153321743,0.4728512465953827,0.7783023715019226,-0.0207165889441967,0.484931617975235,0.6957571506500244,-0.03680064529180527,0.4963364601135254,0.6371543407440186,-0.04823087528347969,0.5076864957809448,0.5885295867919922,-0.05353391170501709,0.48402321338653564,0.7983479499816895,-0.035091202706098557,0.49128493666648865,0.7399985194206238,-0.04773102328181267,0.49842339754104614,0.696319043636322,-0.053734976798295975,0.5075228810310364,0.6603307127952576,-0.05638878792524338
0.5676034092903137,0.9220197200775146,-6.625636217449937e-08,0.5470096468925476,0.8541597127914429,0.00468676071614027,0.5437043309211731,0.7859824895858765,0.0038031490985304117,0.5514714121818542,0.7386078834533691,0.0006099335150793195,0.5549919605255127,0.702235221862793,-0.00437098927795887,0.5650944113731384,0.7573578953742981,-0.0045936619862914085,0.5465784668922424,0.6882271766662598,-0.021195143461227417,0.5350222587585449,0.6341664791107178,-0.03618660941720009,0.5252832174301147,0.5885541439056396,-0.04744109511375427,0.5708881616592407,0.7666813135147095,-0.01686559058725834,0.550086259841919,0.6848661303520203,-0.029513420537114143,0.5358543395996094,0.6220352649688721,-0.0394480861723423,0.5264196395874023,0.5679613351821899,-0.0484047457575798,0.5679551362991333,0.7831757664680481,-0.029737692326307297,0.5483733415603638,0.7025827765464783,-0.04215158894658089,0.5342097878456116,0.6464040875434875,-0.04922652244567871,0.5260803699493408,0.6005724668502808,-0.05502763018012047,0.5556529760360718,0.8064404726028442,-0.04266993701457977,0.5425087213516235,0.7519595623016357,-0.05757857859134674,0.5322794914245605,0.7071200609207153,-0.06468904763460159,0.5255807638168335,0.6670225858688354,-0.06964851170778275,0.47965505719184875,0.909844160079956,1.2500693458150636e-07,0.49628686904907227,0.8507393598556519,0.006182399112731218,0.49531057476997375,0.7803454995155334,0.007448100950568914,0.49448174238204956,0.7294931411743164,0.004542175680398941,0.4972289204597473,0.693074107170105,0.0011021223617717624,0.4733431339263916,0.7549616694450378,0.004068302921950817,0.4831593930721283,0.6858612895011902,-0.011356180533766747,0.4928444027900696,0.6359381079673767,-0.023734021931886673,0.50125652551651,0.5944898128509521,-0.031896546483039856,0.470452219247818,0.7617440223693848,-0.009294034913182259,0.47992417216300964,0.680036187171936,-0.024672767147421837,0.4913156032562256,0.6186515092849731,-0.03696230798959732,0.502921998500824,0.5637508630752563,-0.044325146824121475,0.4753956198692322,0.7737449407577515,-0.02334238402545452,0.48773762583732605,0.6928136348724365,-0.03754313662648201,0.5002968907356262,0.6378889679908752,-0.04689234495162964,0.5119339227676392,0.5913249850273132,-0.051305729895830154,0.48870742321014404,0.7921046018600464,-0.03729214891791344,0.49442997574806213,0.7353354096412659,-0.048730626702308655,0.5006614327430725,0.6929823160171509,-0.05367279052734375,0.5085476636886597,0.6568570137023926,-0.05583944916725159
0.5701887011528015,0.9210839867591858,-8.576914467539609e-08,0.559819757938385,0.8566884398460388,0.00928477942943573,0.5564749240875244,0.7881225943565369,0.0101391626521945,0.5611298680305481,0.7406636476516724,0.007874762639403343,0.5615413188934326,0.7023001313209534,0.0035872517619282007,0.5675976276397705,0.7589817643165588,-0.0007640264229848981,0.5492827296257019,0.6896476149559021,-0.015799574553966522,0.5356857180595398,0.6378703713417053,-0.029239676892757416,0.5260151028633118,0.5957686305046082,-0.03887230157852173,0.5710239410400391,0.7692781090736389,-0.01440310850739479,0.549251914024353,0.688300371170044,-0.025588588789105415,0.5330069065093994,0.6271350383758545,-0.03494373708963394,0.5225421190261841,0.5761406421661377,-0.04336972534656525,0.5671679377555847,0.7850390672683716,-0.027936775237321854,0.5456091165542603,0.706810712814331,-0.03733457997441292,0.530074954032898,0.651326596736908,-0.0423789918422699,0.5217074751853943,0.6074888110160828,-0.04719165340065956,0.5563338994979858,0.8064149022102356,-0.04117565229535103,0.5404372811317444,0.7514444589614868,-0.05196024477481842,0.530281126499176,0.7092649936676025,-0.055846698582172394,0.5240503549575806,0.6730262637138367,-0.05879950895905495,0.47375890612602234,0.9135477542877197,1.4179214247178606e-07,0.49661803245544434,0.8510149717330933,0.00593169778585434,0.49849528074264526,0.7787336111068726,0.007299882359802723,0.49831512570381165,0.7261778116226196,0.004339102189987898,0.5016161799430847,0.6887603402137756,0.0008447272120974958,0.47236257791519165,0.7522032260894775,0.00400859210640192,0.48318129777908325,0.6773293614387512,-0.012453512288630009,0.49392667412757874,0.6232506036758423,-0.025051772594451904,0.5029711723327637,0.5790783166885376,-0.033337291330099106,0.4680056571960449,0.7596637606620789,-0.009614613838493824,0.4816069006919861,0.6736884117126465,-0.02642427571117878,0.4955120086669922,0.6103817224502563,-0.03946873918175697,0.509163498878479,0.5551927089691162,-0.04714382812380791,0.4716525077819824,0.7738737463951111,-0.024095484986901283,0.4863964319229126,0.6898396015167236,-0.03955206274986267,0.49919140338897705,0.6334867477416992,-0.0500987283885479,0.5109081268310547,0.586999773979187,-0.05520184338092804,0.4839363098144531,0.7951833009719849,-0.03853895142674446,0.4912525713443756,0.7384193539619446,-0.05133698135614395,0.4980205297470093,0.6958316564559937,-0.05797000974416733,0.5066892504692078,0.6597949862480164,-0.06127915158867836
0.5730545520782471,0.9203086495399475,-3.302486106804281e-08,0.5643743872642517,0.8560377359390259,0.00949513167142868,0.5628573894500732,0.790740430355072,0.01069442369043827,0.5684788823127747,0.7448675632476807,0.008961081504821777,0.5688196420669556,0.7087647914886475,0.005247254390269518,0.5679035186767578,0.760673999786377,-0.0022198292426764965,0.5480839610099792,0.6919903755187988,-0.01820831559598446,0.536067008972168,0.6368268728256226,-0.03180767223238945,0.527421772480011,0.59117192029953,-0.0414181724190712,0.5708433985710144,0.7698589563369751,-0.015449906699359417,0.5487523078918457,0.6882181763648987,-0.02864804118871689,0.5336828231811523,0.6240125894546509,-0.03849147632718086,0.5230469703674316,0.5694384574890137,-0.04671801999211311,0.5661500096321106,0.7833045125007629,-0.028392504900693893,0.5461038947105408,0.703167200088501,-0.040239959955215454,0.5323932766914368,0.645622968673706,-0.0467371866106987,0.5241201519966125,0.6005832552909851,-0.05164831504225731,0.5537541508674622,0.8015096783638,-0.040746189653873444,0.5413603782653809,0.7440133690834045,-0.05433632433414459,0.5330870151519775,0.6990002393722534,-0.06054513528943062,0.5276936292648315,0.6617901921272278,-0.06453917175531387,0.4751940369606018,0.9132400751113892,1.3505302831617882e-07,0.49838513135910034,0.8497363924980164,0.007336908020079136,0.498818039894104,0.7791133522987366,0.009085232391953468,0.49843457341194153,0.7290382981300354,0.00603341031819582,0.5012254118919373,0.6929623484611511,0.0021335287019610405,0.47123047709465027,0.7557624578475952,0.0065162996761500835,0.4817219376564026,0.6857318878173828,-0.010385234840214252,0.49146798253059387,0.633736252784729,-0.024138193577528,0.5009368062019348,0.5908645391464233,-0.0332520455121994,0.4673144221305847,0.7639532089233398,-0.007949315942823887,0.4792092442512512,0.6810526847839355,-0.02509945258498192,0.49091836810112,0.6186529994010925,-0.03896668553352356,0.5037903189659119,0.5630612969398499,-0.04724043980240822,0.47203487157821655,0.7785110473632812,-0.02324446476995945,0.4853971302509308,0.6964134573936462,-0.039283718913793564,0.49658823013305664,0.6390275955200195,-0.04987335577607155,0.5074650049209595,0.5904989242553711,-0.05477583035826683,0.4862976670265198,0.8002358675003052,-0.03839826211333275,0.49279293417930603,0.7421676516532898,-0.051040925085544586,0.4987729787826538,0.6979835033416748,-0.056833069771528244,0.5068570375442505,0.6602562665939331,-0.059474486857652664
0.5666267275810242,0.8861653804779053,-8.240322868502403e-10,0.564577579498291,0.8269923329353333,0.006099602207541466,0.5623878836631775,0.770851731300354,0.006086061242967844,0.5673612356185913,0.7283874750137329,0.00318740401417017,0.5684329271316528,0.695723295211792,-0.0013373874826356769,0.5655826926231384,0.739828884601593,-0.0008210369269363582,0.5468595027923584,0.6751904487609863,-0.015004003420472145,0.5363999009132385,0.6256799697875977,-0.02700028568506241,0.5288954377174377,0.5845797061920166,-0.03575479984283447,0.5656047463417053,0.7439969182014465,-0.012483715079724789,0.5470654368400574,0.6700426936149597,-0.024283986538648605,0.5360287427902222,0.6154394745826721,-0.03314322605729103,0.5289003849029541,0.5690150856971741,-0.04040949419140816,0.5605493187904358,0.7555261850357056,-0.024549340829253197,0.5446219444274902,0.6829280853271484,-0.03596625477075577,0.5340443849563599,0.635404109954834,-0.042601462453603745,0.5281258821487427,0.596541166305542,-0.04743942618370056,0.5498228073120117,0.7745442390441895,-0.03638915345072746,0.540288507938385,0.7255975008010864,-0.04902849718928337,0.5333691239356995,0.6879134774208069,-0.05506864935159683,0.529316246509552,0.655005156993866,-0.05896729603409767,0.4826909899711609,0.9038560390472412,1.935945590503252e-07,0.49930158257484436,0.8476057648658752,0.00197262829169631,0.49883660674095154,0.7812957763671875,0.00196480774320662,0.49830615520477295,0.7307225465774536,-0.0015468754572793841,0.4999178647994995,0.694570779800415,-0.005247377324849367,0.4731495976448059,0.7610748410224915,0.0022752350196242332,0.4815748631954193,0.690346360206604,-0.0140557074919343,0.49242061376571655,0.6373611688613892,-0.027169162407517433,0.5027355551719666,0.5941801071166992,-0.03559194877743721,0.4706059694290161,0.7673984169960022,-0.008912447839975357,0.47977355122566223,0.687815248966217,-0.024740127846598625,0.49265018105506897,0.6284340023994446,-0.03737952932715416,0.5060952305793762,0.5772799849510193,-0.044694527983665466,0.47619038820266724,0.777411162853241,-0.021107863634824753,0.48633599281311035,0.7002164721488953,-0.035396602004766464,0.49823760986328125,0.6437760591506958,-0.043620601296424866,0.5098344683647156,0.5985134840011597,-0.04686375707387924,0.4902536869049072,0.7924891710281372,-0.03376302495598793,0.49483299255371094,0.7355093955993652,-0.04400143027305603,0.5015100836753845,0.6944847702980042,-0.047223541885614395,0.5104274153709412,0.6610940098762512,-0.04794056713581085
0.573172926902771,0.917898416519165,-4.617920268401576e-08,0.5665334463119507,0.8536075353622437,0.010618440806865692,0.5651969313621521,0.7921521663665771,0.012151152826845646,0.5714216828346252,0.7502070665359497,0.010214975103735924,0.5753706097602844,0.7164440155029297,0.006192944943904877,0.5677422285079956,0.7574641704559326,0.0008004816481843591,0.5485886335372925,0.6904482841491699,-0.014359011314809322,0.5373743176460266,0.6362777948379517,-0.02726627141237259,0.5290697813034058,0.5915946960449219,-0.03643431514501572,0.5704421401023865,0.7653355002403259,-0.013590207323431969,0.549264132976532,0.6827616691589355,-0.026037918403744698,0.5346943140029907,0.6197645664215088,-0.03542077913880348,0.5241435170173645,0.5669865012168884,-0.04313941299915314,0.5659688115119934,0.7785916328430176,-0.027850572019815445,0.546970009803772,0.6971933245658875,-0.03952697664499283,0.5331727266311646,0.6418107748031616,-0.04594144970178604,0.5246299505233765,0.5973448157310486,-0.05050262436270714,0.5538374185562134,0.7983086705207825,-0.04147304967045784,0.5421655774116516,0.7404084205627441,-0.05491689220070839,0.5329164266586304,0.6971028447151184,-0.06060461699962616,0.5260055065155029,0.6606975793838501,-0.06398117542266846,0.4801659882068634,0.91107577085495,1.4047397201011336e-07,0.5039900541305542,0.8519365191459656,0.004961375612765551,0.5032550096511841,0.7794215083122253,0.006258700042963028,0.5011938810348511,0.7262406349182129,0.003415714018046856,0.5025256276130676,0.689149022102356,-0.0003379535337444395,0.4773004651069641,0.7543243765830994,0.0033181600738316774,0.4856443405151367,0.6850497722625732,-0.013342684134840965,0.49483951926231384,0.632907509803772,-0.02704181708395481,0.5038503408432007,0.5902172327041626,-0.0362914502620697,0.4726894795894623,0.7619971036911011,-0.009887760505080223,0.48146677017211914,0.6791839599609375,-0.026912180706858635,0.4930873215198517,0.6159086227416992,-0.04093322157859802,0.505862295627594,0.5600965023040771,-0.049522485584020615,0.4756309688091278,0.7754018306732178,-0.023968350142240524,0.4867950975894928,0.6933887004852295,-0.040705569088459015,0.4980343282222748,0.6358773708343506,-0.05217081680893898,0.5090941190719604,0.5882405042648315,-0.05768300220370293,0.48722323775291443,0.7954574227333069,-0.037952929735183716,0.49356719851493835,0.7387259006500244,-0.051746923476457596,0.5002790689468384,0.6955265998840332,-0.05856490880250931,0.5090091228485107,0.6592437624931335,-0.061929866671562195
0.5711469650268555,0.9205644726753235,-6.123259055357266e-08,0.5611754059791565,0.8519083857536316,0.014011146500706673,0.5567456483840942,0.7837283611297607,0.017688017338514328,0.560336172580719,0.7350434064865112,0.0171805489808321,0.5596604347229004,0.6961454749107361,0.014413473196327686,0.5659807920455933,0.7570644021034241,0.006271383259445429,0.5459852814674377,0.6871424913406372,-0.007767656818032265,0.5330407023429871,0.6313298940658569,-0.020626194775104523,0.5232867002487183,0.5859225988388062,-0.029996827244758606,0.5695213675498962,0.766046404838562,-0.00920628011226654,0.5473142862319946,0.6839132308959961,-0.020153503865003586,0.5315706133842468,0.6208033561706543,-0.028899261727929115,0.5202036499977112,0.5679746270179749,-0.03671367093920708,0.5649340748786926,0.7789326310157776,-0.02466963231563568,0.5441950559616089,0.6981750130653381,-0.03486908972263336,0.5296207666397095,0.641240656375885,-0.040593359619379044,0.5207289457321167,0.5975151062011719,-0.04540618881583214,0.5524623990058899,0.7965219616889954,-0.03943974897265434,0.5409156680107117,0.739371120929718,-0.05187687277793884,0.5330080986022949,0.6943049430847168,-0.05787796527147293,0.5275506377220154,0.657291829586029,-0.06216798722743988,0.4746820628643036,0.918348491191864,1.3744008242611017e-07,0.49844613671302795,0.8581388592720032,0.0060426341369748116,0.4995071291923523,0.7864640951156616,0.007535962387919426,0.4981038272380829,0.7355042099952698,0.004579087253659964,0.501670777797699,0.6990612149238586,0.0008321825880557299,0.47475793957710266,0.7594682574272156,0.004282521549612284,0.4859376847743988,0.6851087212562561,-0.012608705088496208,0.49600350856781006,0.6308352947235107,-0.026111897081136703,0.504792332649231,0.5859538316726685,-0.03490632027387619,0.46976903080940247,0.7646574378013611,-0.009318364784121513,0.4820733070373535,0.6779648661613464,-0.02615940570831299,0.49447619915008545,0.6122512817382812,-0.039706386625766754,0.5067458152770996,0.5541831851005554,-0.04779103398323059,0.4727599322795868,0.7765406966209412,-0.023806538432836533,0.48676061630249023,0.6903727054595947,-0.039747755974531174,0.49890848994255066,0.6335142254829407,-0.050738055258989334,0.5102181434631348,0.586519181728363,-0.055805280804634094,0.4849827289581299,0.7961105108261108,-0.03818880766630173,0.49277880787849426,0.7352752685546875,-0.05090335011482239,0.5005279779434204,0.6922537088394165,-0.05703447759151459,0.5100296139717102,0.6568417549133301,-0.059855394065380096
0.5720288753509521,0.919795036315918,-9.140419621189722e-08,0.5630707144737244,0.8549436926841736,0.014552189037203789,0.5627418160438538,0.7928224802017212,0.018060773611068726,0.5691817402839661,0.7509458661079407,0.017556428909301758,0.5722265243530273,0.7182998657226562,0.01455051638185978,0.5693961977958679,0.7565826177597046,0.0020340310875326395,0.5489760041236877,0.6895077228546143,-0.012271219864487648,0.5374404788017273,0.6364307403564453,-0.024469418451189995,0.5293193459510803,0.5916584134101868,-0.033498283475637436,0.5733366012573242,0.7665579915046692,-0.0143899479880929,0.5501177906990051,0.6817506551742554,-0.026198718696832657,0.5353355407714844,0.6181467175483704,-0.03492353484034538,0.5246269106864929,0.564342200756073,-0.042568981647491455,0.5690239667892456,0.7822210192680359,-0.030301745980978012,0.5476250052452087,0.6983164548873901,-0.04204355180263519,0.5335701704025269,0.6422816514968872,-0.04860499128699303,0.525083065032959,0.5966634154319763,-0.053673651069402695,0.5563345551490784,0.8035138845443726,-0.04516855254769325,0.5429102182388306,0.7449202537536621,-0.06022854894399643,0.5344873070716858,0.7000506520271301,-0.06746155023574829,0.5288732647895813,0.6612833142280579,-0.07216066122055054,0.47825780510902405,0.9118911027908325,1.524431070265564e-07,0.5055782794952393,0.8549164533615112,0.005790552124381065,0.5055127143859863,0.7844260334968567,0.008178133517503738,0.502467155456543,0.7334017157554626,0.006288301665335894,0.5046914219856262,0.6983435750007629,0.0038447356782853603,0.474887490272522,0.7570434808731079,0.006339534651488066,0.4839198887348175,0.6873655319213867,-0.008764860220253468,0.4944436252117157,0.6361223459243774,-0.020902222022414207,0.5049015879631042,0.594935417175293,-0.02883686125278473,0.4690988063812256,0.7630416750907898,-0.006176299415528774,0.48069652915000916,0.6811032891273499,-0.021532241255044937,0.49398744106292725,0.6220275163650513,-0.03365929424762726,0.5078786015510559,0.5714484453201294,-0.040563322603702545,0.47256284952163696,0.7750657796859741,-0.019646739587187767,0.48571622371673584,0.6926356554031372,-0.03478701412677765,0.49833083152770996,0.6371495127677917,-0.04481198638677597,0.510647177696228,0.59209144115448,-0.04897312819957733,0.48608171939849854,0.7931921482086182,-0.033011771738529205,0.4935576915740967,0.7338852882385254,-0.044886521995067596,0.5016230940818787,0.690568208694458,-0.050545159727334976,0.5117204785346985,0.6544631123542786,-0.05294341593980789
0.575402557849884,0.922855794429779,5.8325904106482085e-09,0.5558613538742065,0.8582878708839417,0.006848567631095648,0.5524777173995972,0.7916105389595032,0.00684234919026494,0.5558592677116394,0.7470356822013855,0.004411917179822922,0.5558093190193176,0.7097753882408142,0.0004942560335621238,0.5695388913154602,0.7696298360824585,-0.001363777439109981,0.552413284778595,0.709224283695221,-0.015395654365420341,0.5414953231811523,0.6622306704521179,-0.028563247993588448,0.5342115759849548,0.6210857033729553,-0.03847327455878258,0.5736104249954224,0.7785356044769287,-0.01313563622534275,0.5536343455314636,0.7057074904441833,-0.02383246086537838,0.5396682620048523,0.6489562392234802,-0.03281491994857788,0.5316329598426819,0.5980333685874939,-0.04108371585607529,0.5686136484146118,0.7910861372947693,-0.02510255202651024,0.5503553152084351,0.7180531620979309,-0.03514726087450981,0.5372351408004761,0.6650888919830322,-0.0405908040702343,0.5305071473121643,0.6224786639213562,-0.045246947556734085,0.5548697710037231,0.8070566654205322,-0.03686652332544327,0.5434895157814026,0.7520585060119629,-0.04806847125291824,0.5349904894828796,0.7096583843231201,-0.05281094089150429,0.5297091603279114,0.6739005446434021,-0.05633580684661865,0.47768068313598633,0.9125999808311462,1.871115244966859e-07,0.49972283840179443,0.8667770624160767,0.0035457040648907423,0.49847501516342163,0.803432822227478,0.003187946742400527,0.49081507325172424,0.7604132890701294,-0.0015091868117451668,0.4906369745731354,0.7258486151695251,-0.006749413441866636,0.47591209411621094,0.7583938241004944,0.002826480893418193,0.48485061526298523,0.6853356957435608,-0.013639197684824467,0.49510934948921204,0.6306759119033813,-0.027191122993826866,0.5047929883003235,0.5858630537986755,-0.03619396686553955,0.46906721591949463,0.7623318433761597,-0.009934796951711178,0.4799805283546448,0.6762681007385254,-0.02639799565076828,0.49357929825782776,0.6132655739784241,-0.04089484363794327,0.5072734951972961,0.5576938986778259,-0.04984113946557045,0.4720650017261505,0.7712000608444214,-0.023558741435408592,0.4866235852241516,0.6872529983520508,-0.038638658821582794,0.5003405213356018,0.6317740678787231,-0.049386654049158096,0.5125648379325867,0.5855712890625,-0.05451680347323418,0.48499611020088196,0.7862504124641418,-0.037336427718400955,0.49417799711227417,0.7271342277526855,-0.04916832223534584,0.5037477612495422,0.6857196688652039,-0.054497282952070236,0.5150741934776306,0.6499552130699158,-0.05673806369304657
0.5701243877410889,0.9158161878585815,-1.6231826549528705e-08,0.5563437342643738,0.8506594896316528,0.011973910965025425,0.5536406636238098,0.7866507172584534,0.014412252232432365,0.558629035949707,0.7452077865600586,0.01297801360487938,0.560627818107605,0.7114790678024292,0.009610612876713276,0.5661296844482422,0.7612770795822144,0.002631239127367735,0.5493113398551941,0.6972269415855408,-0.01212577149271965,0.5398091077804565,0.6443758010864258,-0.024915406480431557,0.5325787663459778,0.6001589894294739,-0.0340573787689209,0.5701360702514648,0.7690156102180481,-0.012772479094564915,0.5514430999755859,0.6906546354293823,-0.024771060794591904,0.5380671620368958,0.6299423575401306,-0.0340513214468956,0.5283025503158569,0.5798126459121704,-0.04162910580635071,0.5665144324302673,0.780823290348053,-0.028086114674806595,0.5495510697364807,0.7033028602600098,-0.04028419405221939,0.5365151762962341,0.6484566926956177,-0.0471988208591938,0.5283547043800354,0.6048122644424438,-0.051975853741168976,0.5551257133483887,0.7978290319442749,-0.04261395335197449,0.5440524816513062,0.7423807382583618,-0.055655475705862045,0.5362555980682373,0.6999725103378296,-0.061125170439481735,0.5307359099388123,0.6641375422477722,-0.0646139457821846,0.4781527817249298,0.9123426079750061,2.2840785618427617e-07,0.5009276270866394,0.8708796501159668,0.0006046792259439826,0.49681660532951355,0.8059892058372498,-0.00033773871837183833,0.48647424578666687,0.7617902755737305,-0.0050279307179152966,0.4840942323207855,0.7285624146461487,-0.010113724507391453,0.47292083501815796,0.763859212398529,-0.0006789588951505721,0.4820038378238678,0.6917978525161743,-0.01735915057361126,0.4930739104747772,0.6369096040725708,-0.03124052844941616,0.5044019222259521,0.5913419723510742,-0.040622010827064514,0.4669867157936096,0.769643247127533,-0.011903909966349602,0.4785902500152588,0.6878844499588013,-0.028611036017537117,0.4928993284702301,0.627030611038208,-0.0434989370405674,0.507560670375824,0.5726999640464783,-0.052639275789260864,0.47174298763275146,0.7800474762916565,-0.02397766150534153,0.4855775833129883,0.6996740698814392,-0.03924944996833801,0.49887561798095703,0.6415653824806213,-0.050344422459602356,0.5112418532371521,0.5918087959289551,-0.05567074939608574,0.4861423671245575,0.7957425117492676,-0.036535583436489105,0.49398335814476013,0.7370415925979614,-0.0484720915555954,0.5025023818016052,0.6943216919898987,-0.0539969839155674,0.5131687521934509,0.6577833890914917,-0.056277524679899216
0.5751574635505676,0.9161359667778015,-2.99245606072418e-08,0.5603474378585815,0.8501664400100708,0.010263349860906601,0.55634605884552,0.782624363899231,0.011488541029393673,0.5591616630554199,0.7348122000694275,0.009429723024368286,0.557561457157135,0.697750449180603,0.0052127111703157425,0.56720370054245,0.7570220828056335,-0.002183786127716303,0.5495580434799194,0.6914016008377075,-0.01798250526189804,0.5375802516937256,0.6392303705215454,-0.03170008957386017,0.5281939506530762,0.5937845706939697,-0.04171127453446388,0.571674108505249,0.7653347253799438,-0.01666087843477726,0.551104724407196,0.6837599277496338,-0.029899900779128075,0.535855233669281,0.6216152906417847,-0.03992631286382675,0.5249165296554565,0.5664159655570984,-0.048355791717767715,0.5685568451881409,0.7799662947654724,-0.030769167467951775,0.5490931868553162,0.7006468772888184,-0.042758211493492126,0.5347132682800293,0.6466235518455505,-0.04910178855061531,0.525672972202301,0.6021265983581543,-0.05403760075569153,0.5575944781303406,0.8009287118911743,-0.04427926987409592,0.5448961853981018,0.7449695467948914,-0.057242412120103836,0.5360419750213623,0.702510416507721,-0.06251365691423416,0.5303605198860168,0.6658623814582825,-0.06608632206916809,0.4723874628543854,0.9136240482330322,1.3159481682123442e-07,0.4925291836261749,0.8564472794532776,0.008577688597142696,0.4946472942829132,0.7904238700866699,0.009584364481270313,0.49413540959358215,0.7444539070129395,0.005645185708999634,0.4972139298915863,0.7080601453781128,0.0009312527836300433,0.47188377380371094,0.753339409828186,0.0032913759350776672,0.48432475328445435,0.6761947274208069,-0.013618240132927895,0.49568554759025574,0.6212325096130371,-0.025958560407161713,0.5048207640647888,0.5768693089485168,-0.03395289182662964,0.468130886554718,0.759307861328125,-0.01203096006065607,0.48447346687316895,0.6704856157302856,-0.02922326885163784,0.49959298968315125,0.6075777411460876,-0.042074013501405716,0.5131871104240417,0.5536552667617798,-0.04960871860384941,0.4730084240436554,0.7731290459632874,-0.027888331562280655,0.4907071590423584,0.6854802370071411,-0.043403755873441696,0.5048013925552368,0.6299241781234741,-0.0540933720767498,0.5172012448310852,0.5841611623764038,-0.05942774564027786,0.4864209294319153,0.7943487167358398,-0.04333088919520378,0.494876503944397,0.7354984879493713,-0.05634656548500061,0.5025116801261902,0.6927778720855713,-0.0631672665476799,0.5118634104728699,0.6560344696044922,-0.06666208058595657
0.5721876621246338,0.91938316822052,-7.638777610452507e-09,0.553220808506012,0.8585666418075562,0.007262611296027899,0.5511704087257385,0.7953886985778809,0.007923724129796028,0.5566179752349854,0.751740574836731,0.005529271904379129,0.5584443211555481,0.7157886028289795,0.0014801811194047332,0.5694234371185303,0.7621146440505981,0.0012279254151508212,0.55033940076828,0.6944516897201538,-0.013736027292907238,0.5383439660072327,0.6389008164405823,-0.02711854688823223,0.528971791267395,0.592860221862793,-0.036612026393413544,0.5725408792495728,0.7681376934051514,-0.011652794666588306,0.5517847537994385,0.6880189180374146,-0.024041010066866875,0.5367485284805298,0.6234484910964966,-0.034472499042749405,0.5254854559898376,0.5689718127250671,-0.042688190937042236,0.566939115524292,0.7781468629837036,-0.02479846589267254,0.5490447282791138,0.6981164813041687,-0.03693586587905884,0.5359124541282654,0.6413030624389648,-0.0439569465816021,0.5278754830360413,0.5960374474525452,-0.04850853234529495,0.5524904131889343,0.7929796576499939,-0.037724461406469345,0.5429382920265198,0.7337353825569153,-0.05022484436631203,0.535017728805542,0.6900385022163391,-0.05510251969099045,0.5297216176986694,0.6540833115577698,-0.057829972356557846,0.4752331078052521,0.9160868525505066,1.6070052311079053e-07,0.5010350942611694,0.8628154397010803,0.006361876614391804,0.5026102066040039,0.793296217918396,0.008518661372363567,0.5001204013824463,0.7454831600189209,0.005802572704851627,0.5029815435409546,0.710369348526001,0.0027434304356575012,0.4748983681201935,0.754688024520874,0.008194595575332642,0.48448631167411804,0.6824508905410767,-0.006680305115878582,0.4948582053184509,0.6286041736602783,-0.018982484936714172,0.5048442482948303,0.5847978591918945,-0.027277151122689247,0.4681621491909027,0.7603124976158142,-0.0054464819841086864,0.48094114661216736,0.6751890182495117,-0.021028997376561165,0.49490198493003845,0.6132264733314514,-0.034510981291532516,0.5089779496192932,0.5597661733627319,-0.04245246574282646,0.4718124270439148,0.7726224660873413,-0.019993936643004417,0.4874228239059448,0.6892231106758118,-0.03453172370791435,0.5009216070175171,0.633337140083313,-0.04502129182219505,0.513249933719635,0.5868436098098755,-0.049786023795604706,0.48637476563453674,0.791991114616394,-0.034529909491539,0.4948806166648865,0.732853889465332,-0.04586487635970116,0.5032280683517456,0.689950168132782,-0.05135013908147812,0.5135412812232971,0.6529139876365662,-0.05368215590715408
0.5701849460601807,0.9191739559173584,-5.962158411421115e-08,0.5421485304832458,0.8568612337112427,0.006886333227157593,0.5357164740562439,0.7884331941604614,0.007956449873745441,0.5362375974655151,0.741662323474884,0.005893627181649208,0.5346022248268127,0.7032761573791504,0.002311158226802945,0.568607747554779,0.7593231797218323,0.003595276502892375,0.5509042739868164,0.6930286288261414,-0.009776215068995953,0.5394137501716614,0.6416832208633423,-0.02321074716746807,0.5291718244552612,0.5991373658180237,-0.03327862173318863,0.5730190873146057,0.7671160101890564,-0.009134582243859768,0.5540679097175598,0.6880709528923035,-0.0187339149415493,0.5392205715179443,0.627741277217865,-0.027926316484808922,0.529323160648346,0.5766323208808899,-0.036067113280296326,0.5686216354370117,0.7791612148284912,-0.022583378478884697,0.5511360764503479,0.7010196447372437,-0.03260886296629906,0.5377307534217834,0.6468316316604614,-0.038666702806949615,0.5301188230514526,0.6039838790893555,-0.043376196175813675,0.5546422600746155,0.795596718788147,-0.03609338402748108,0.5451796650886536,0.7380296587944031,-0.04790900647640228,0.5368221402168274,0.6943866610527039,-0.05281616374850273,0.5319506525993347,0.6585119962692261,-0.05608794838190079,0.47718071937561035,0.9151535630226135,1.3708721269267699e-07,0.5065382122993469,0.8597920536994934,0.006865416653454304,0.5081013441085815,0.7881483435630798,0.00990061555057764,0.5054343342781067,0.7369799017906189,0.008096441626548767,0.5069780945777893,0.7006632089614868,0.0056163654662668705,0.4768047332763672,0.7556231021881104,0.008696457371115685,0.48538896441459656,0.6858180165290833,-0.005925633944571018,0.49522826075553894,0.6335978507995605,-0.018294069916009903,0.5047600269317627,0.5907882452011108,-0.02673466131091118,0.47050365805625916,0.7613186836242676,-0.004993734881281853,0.4815232753753662,0.6776258945465088,-0.020350381731987,0.49390220642089844,0.6153314709663391,-0.03364386036992073,0.5069522261619568,0.5606319904327393,-0.04169479385018349,0.47342953085899353,0.7727009654045105,-0.019603393971920013,0.48762956261634827,0.6903787851333618,-0.03485235944390297,0.5006062984466553,0.6338478922843933,-0.045698996633291245,0.5130884051322937,0.5868757963180542,-0.05069614574313164,0.486868292093277,0.7906084060668945,-0.034090399742126465,0.49535730481147766,0.7319390773773193,-0.04619770124554634,0.503848671913147,0.6885236501693726,-0.052154406905174255,0.5141604542732239,0.6517950892448425,-0.05496659502387047
0.5710795521736145,0.9176685214042664,-7.149697722752535e-08,0.5529578924179077,0.853459358215332,0.009444939903914928,0.5500453114509583,0.7897525429725647,0.011158786714076996,0.5541862845420837,0.7458761930465698,0.009642848744988441,0.5551357865333557,0.7103137373924255,0.006129118613898754,0.570143461227417,0.755865752696991,0.0009369170293211937,0.5494863986968994,0.6894559264183044,-0.013565793633460999,0.537212610244751,0.6372910737991333,-0.026940474286675453,0.5276326537132263,0.5940795540809631,-0.03659878298640251,0.5745269656181335,0.7639584541320801,-0.01239603292196989,0.5517278909683228,0.6847174167633057,-0.02281688153743744,0.5365816354751587,0.6227113604545593,-0.0314931683242321,0.5258699655532837,0.5703218579292297,-0.03926747664809227,0.569889485836029,0.7773028016090393,-0.02591872215270996,0.5489769577980042,0.6978732347488403,-0.03666561096906662,0.535106360912323,0.6426612138748169,-0.04295634478330612,0.5265865921974182,0.5992598533630371,-0.04768906906247139,0.55637127161026,0.7959713935852051,-0.03907570615410805,0.5442109704017639,0.7381570935249329,-0.05164967104792595,0.5349657535552979,0.6935154795646667,-0.05716264247894287,0.5284390449523926,0.6569652557373047,-0.060733817517757416,0.47086793184280396,0.9176180362701416,2.0892198904221004e-07,0.4875067472457886,0.872620701789856,0.004191177897155285,0.48179301619529724,0.8110337257385254,0.0032485343981534243,0.4674460291862488,0.7717768549919128,-0.0022219722159206867,0.46081483364105225,0.7408878207206726,-0.00817774422466755,0.4684808552265167,0.7640471458435059,0.002729831961914897,0.48038142919540405,0.6869349479675293,-0.013078180141746998,0.4921697974205017,0.631165087223053,-0.025331510230898857,0.5040974020957947,0.586304783821106,-0.0335235632956028,0.4644417464733124,0.7677856683731079,-0.01032677199691534,0.4793210029602051,0.6797538995742798,-0.02676972933113575,0.49509504437446594,0.6185250878334045,-0.04042421653866768,0.5113767385482788,0.5666293501853943,-0.048623330891132355,0.4706626832485199,0.7772755026817322,-0.02418779768049717,0.4872688055038452,0.6916228532791138,-0.03912770375609398,0.502210259437561,0.6347481608390808,-0.04961000010371208,0.5161058306694031,0.5878640413284302,-0.05437295511364937,0.48688778281211853,0.7932878732681274,-0.03812628611922264,0.4962177276611328,0.7321517467498779,-0.049212198704481125,0.5053781270980835,0.6892637610435486,-0.05429493263363838,0.5164297819137573,0.6513044238090515,-0.05645417049527168
0.5725788474082947,0.9158952236175537,-5.9141562758213695e-08,0.566066324710846,0.8533568978309631,0.010833820328116417,0.5654604434967041,0.7881850004196167,0.012772742658853531,0.5721988677978516,0.7443166971206665,0.011247582733631134,0.576892614364624,0.7107080221176147,0.007721643894910812,0.5692941546440125,0.7600278854370117,0.0005542102153412998,0.5503864288330078,0.6933190226554871,-0.014484427869319916,0.5386773347854614,0.6397095918655396,-0.027263861149549484,0.5297794342041016,0.5956694483757019,-0.036510393023490906,0.5718238949775696,0.768140435218811,-0.013726338744163513,0.5513558387756348,0.6879678964614868,-0.026186605915427208,0.5369239449501038,0.6256421208381653,-0.035710711032152176,0.5265762209892273,0.5728012919425964,-0.04373559728264809,0.5673711895942688,0.7806761860847473,-0.02786734700202942,0.5485736727714539,0.7008442282676697,-0.03966185823082924,0.5351590514183044,0.6458315253257751,-0.04645068570971489,0.5271357297897339,0.6017753481864929,-0.05149838328361511,0.5553609132766724,0.798173189163208,-0.04136773198843002,0.5435109734535217,0.741389811038971,-0.05507751554250717,0.53462815284729,0.6970877647399902,-0.06163691356778145,0.5284828543663025,0.6600131988525391,-0.06591744720935822,0.47401687502861023,0.9138279557228088,1.7661602669249987e-07,0.48957180976867676,0.873452365398407,0.00010259664850309491,0.48417186737060547,0.8124468326568604,-0.001102479174733162,0.4702909588813782,0.7723917365074158,-0.006303549278527498,0.4644741714000702,0.740440309047699,-0.011561073362827301,0.4725312888622284,0.7624551057815552,0.003260955912992358,0.48188266158103943,0.6891099214553833,-0.01192653737962246,0.49204593896865845,0.6342281699180603,-0.02449709177017212,0.5018476843833923,0.5898627638816833,-0.033048972487449646,0.4682687520980835,0.7654599547386169,-0.007541789673268795,0.47944408655166626,0.6805194616317749,-0.023620430380105972,0.4928433895111084,0.6198306083679199,-0.037955909967422485,0.506395697593689,0.5669664144515991,-0.046657465398311615,0.4741167724132538,0.7726503610610962,-0.01967262290418148,0.48797598481178284,0.6913027763366699,-0.0342952162027359,0.5001893639564514,0.6365160942077637,-0.044619541615247726,0.5113863348960876,0.5896537899971008,-0.049282100051641464,0.49012160301208496,0.7852663397789001,-0.03243560716509819,0.4972645044326782,0.7261794805526733,-0.04344284534454346,0.505075991153717,0.6851171255111694,-0.048378828912973404,0.515001654624939,0.6486235857009888,-0.050299499183893204
0.5728996396064758,0.9129613637924194,-1.2911904434531607e-07,0.5610617995262146,0.8489397168159485,0.010687808506190777,0.5604479312896729,0.785125195980072,0.012769035063683987,0.5685978531837463,0.73813396692276,0.01168769784271717,0.5741717219352722,0.7054158449172974,0.008451621979475021,0.5704363584518433,0.7510694861412048,-0.0010482479119673371,0.5500800609588623,0.6809389591217041,-0.015067864209413528,0.5376148223876953,0.6292503476142883,-0.02661532536149025,0.5279830694198608,0.5855328440666199,-0.03550621494650841,0.574603796005249,0.7588467001914978,-0.015065406449139118,0.5515744090080261,0.6741467714309692,-0.026864923536777496,0.537726104259491,0.6153616309165955,-0.03489542752504349,0.5279131531715393,0.5658697485923767,-0.042381856590509415,0.5704345107078552,0.7740200757980347,-0.028937149792909622,0.5490423440933228,0.6894272565841675,-0.04102211818099022,0.5359875559806824,0.6353880167007446,-0.047018613666296005,0.5287520885467529,0.5922540426254272,-0.05192691460251808,0.5580507516860962,0.7947123646736145,-0.04212721437215805,0.5456892848014832,0.7352759838104248,-0.05737767368555069,0.5376248359680176,0.6911969184875488,-0.06482291966676712,0.5325627326965332,0.6530532240867615,-0.06993881613016129,0.46946048736572266,0.919110894203186,1.5644035045170313e-07,0.4914436638355255,0.8690999150276184,0.0067752934992313385,0.49005791544914246,0.8074882626533508,0.007334020454436541,0.4788234829902649,0.768336832523346,0.0027330941520631313,0.4718475937843323,0.7374410629272461,-0.002757119946181774,0.4734034538269043,0.7573310732841492,0.006797717418521643,0.48345649242401123,0.6742741465568542,-0.008362550288438797,0.49509772658348083,0.6181725859642029,-0.020628895610570908,0.506262481212616,0.5732479095458984,-0.02885003201663494,0.4691234529018402,0.7614576816558838,-0.007771543692797422,0.48217546939849854,0.6693182587623596,-0.024137593805789948,0.4973476529121399,0.6070180535316467,-0.039182718843221664,0.5118649005889893,0.5543336868286133,-0.048428621143102646,0.47393667697906494,0.7729820609092712,-0.02306150458753109,0.48937588930130005,0.6843814849853516,-0.03782181814312935,0.5039615035057068,0.6283374428749084,-0.049795590341091156,0.5170221924781799,0.5829105377197266,-0.05585212633013725,0.48781487345695496,0.7920321822166443,-0.03819914534687996,0.49718159437179565,0.7310417890548706,-0.04940680041909218,0.5062134265899658,0.688392698764801,-0.055096302181482315,0.5170629620552063,0.6516687870025635,-0.05788818746805191
0.5705958008766174,0.9174426198005676,-1.0928738447546493e-07,0.5457102060317993,0.8589950203895569,0.005829848814755678,0.5405179858207703,0.7921672463417053,0.006910576485097408,0.5443278551101685,0.7452822327613831,0.005419940687716007,0.5447800755500793,0.7093080878257751,0.002235788619145751,0.5689907670021057,0.7553364634513855,-9.391560888616368e-05,0.5497324466705322,0.6874467134475708,-0.013816743157804012,0.5371463298797607,0.6365810036659241,-0.02661348506808281,0.5266925096511841,0.594123125076294,-0.0362706184387207,0.5738124251365662,0.7615867853164673,-0.012134446762502193,0.5524277091026306,0.6813223958015442,-0.022516541182994843,0.5378788113594055,0.622590184211731,-0.031319912523031235,0.5279970169067383,0.5727760195732117,-0.039294034242630005,0.5695835947990417,0.7739580869674683,-0.02482285536825657,0.549807071685791,0.6947317719459534,-0.03628429397940636,0.5364606976509094,0.6407023072242737,-0.04324067011475563,0.5292962193489075,0.5976550579071045,-0.04852772876620293,0.5567508935928345,0.7916379570960999,-0.037492185831069946,0.5460820198059082,0.7329409122467041,-0.05101030319929123,0.537814736366272,0.6888991594314575,-0.05734365060925484,0.5330895781517029,0.6523222923278809,-0.0616149976849556,0.4725622832775116,0.9157479405403137,1.1898415408495566e-07,0.49984708428382874,0.8601567149162292,0.007090060506016016,0.5050303339958191,0.7912444472312927,0.009633003734052181,0.5054594874382019,0.7422595024108887,0.007162866182625294,0.5085987448692322,0.7064772248268127,0.004080827347934246,0.4770444929599762,0.7525597214698792,0.00848198588937521,0.48560985922813416,0.670288622379303,-0.006785453297197819,0.4973435401916504,0.6144518852233887,-0.01885264180600643,0.5073723196983337,0.569736659526825,-0.026626277714967728,0.47152024507522583,0.757761538028717,-0.005559579469263554,0.4853628873825073,0.6681739687919617,-0.02126382291316986,0.5014194846153259,0.6069084405899048,-0.03507159277796745,0.5159977078437805,0.554427981376648,-0.043376270681619644,0.47538161277770996,0.7695860266685486,-0.02051948755979538,0.4916909337043762,0.6832287907600403,-0.03501087799668312,0.5069727301597595,0.6289188265800476,-0.04613298550248146,0.5203022360801697,0.5855699181556702,-0.05153293535113335,0.4887036383152008,0.7883273959159851,-0.03541731834411621,0.4980372488498688,0.7278650999069214,-0.04675929620862007,0.5079256892204285,0.6853749752044678,-0.052678633481264114,0.519440770149231,0.6497355103492737,-0.05552726611495018
0.567340612411499,0.9150897264480591,-1.3978424817651103e-07,0.5451757907867432,0.8524637818336487,0.011548048816621304,0.5407683849334717,0.7871133089065552,0.01571238599717617,0.5421885848045349,0.7433664798736572,0.01608854904770851,0.5399209260940552,0.7076243758201599,0.014423931017518044,0.5676684379577637,0.7447894811630249,0.00750572606921196,0.5487669110298157,0.6756101250648499,-0.004598690662533045,0.5362094640731812,0.6240841746330261,-0.015870096161961555,0.5268255472183228,0.5825238823890686,-0.024449162185192108,0.5726069211959839,0.7530344724655151,-0.0067632789723575115,0.5509744882583618,0.671110987663269,-0.015872783958911896,0.536451518535614,0.6130061745643616,-0.023369200527668,0.5269100666046143,0.5655978918075562,-0.03039492294192314,0.5690540075302124,0.7673457860946655,-0.021671747788786888,0.5489833950996399,0.6868616342544556,-0.032807644456624985,0.5355930924415588,0.6324795484542847,-0.0395856648683548,0.5283336043357849,0.5900707244873047,-0.044795311987400055,0.5577650666236877,0.7864223718643188,-0.036117542535066605,0.5482000708580017,0.7291501760482788,-0.05147068575024605,0.5401971936225891,0.684504508972168,-0.059463925659656525,0.53477942943573,0.6480362415313721,-0.06478502601385117,0.47000008821487427,0.9148733019828796,1.6743540243169264e-07,0.4855909049510956,0.8702107667922974,0.00396214984357357,0.48225128650665283,0.8087342977523804,0.003652209183201194,0.47109663486480713,0.7690844535827637,-0.0011890974128618836,0.46600082516670227,0.7382835149765015,-0.006292626261711121,0.46955955028533936,0.7556440830230713,0.003961359150707722,0.4820924997329712,0.6772600412368774,-0.011203545145690441,0.4934541583061218,0.6227078437805176,-0.023206030949950218,0.5033898949623108,0.5790482759475708,-0.031180432066321373,0.4658857583999634,0.7599672675132751,-0.00877603329718113,0.480898916721344,0.6708701848983765,-0.025103412568569183,0.49569255113601685,0.6096066832542419,-0.0394795723259449,0.5091965198516846,0.5572285056114197,-0.04827656224370003,0.47189101576805115,0.7701041102409363,-0.02236030250787735,0.49034392833709717,0.6857737302780151,-0.0369613841176033,0.5053996443748474,0.6321171522140503,-0.04794800654053688,0.5175329446792603,0.5871127843856812,-0.053356170654296875,0.4874626398086548,0.7866150140762329,-0.03609801083803177,0.4981284439563751,0.7294214963912964,-0.04750693216919899,0.5067681074142456,0.6875738501548767,-0.05322931334376335,0.5162534713745117,0.6500575542449951,-0.055838339030742645
0.568097710609436,0.913780927658081,-1.7160500931368006e-07,0.5511179566383362,0.8568118810653687,0.009929646737873554,0.5480698347091675,0.7904930114746094,0.013099404983222485,0.553006112575531,0.7436642646789551,0.013197227381169796,0.5532667636871338,0.7084271311759949,0.011511605232954025,0.5674422979354858,0.7481158971786499,0.000653363938909024,0.5477298498153687,0.6765596866607666,-0.012572616338729858,0.5341910719871521,0.6256813406944275,-0.023678183555603027,0.5238362550735474,0.5840725898742676,-0.0322447307407856,0.5713158845901489,0.7570878267288208,-0.013161583803594112,0.5487740635871887,0.6690768003463745,-0.02476196549832821,0.5347419381141663,0.6106186509132385,-0.03254488483071327,0.5249668955802917,0.5611323118209839,-0.03954317420721054,0.567335307598114,0.7721268534660339,-0.027114979922771454,0.5460988879203796,0.6864374279975891,-0.039716653525829315,0.5325791835784912,0.6334994435310364,-0.04563208296895027,0.5248094797134399,0.5905280709266663,-0.0502568818628788,0.555945098400116,0.7918691039085388,-0.04059135913848877,0.5436258912086487,0.7339890003204346,-0.05741450935602188,0.5358470678329468,0.6889361143112183,-0.06581643968820572,0.5314342975616455,0.6497476696968079,-0.07130532711744308,0.5065951943397522,0.8205552101135254,-1.4121224012342282e-07,0.5093305110931396,0.7716051340103149,0.010370710864663124,0.5125164985656738,0.7250769138336182,0.013982788659632206,0.5149238109588623,0.68648362159729,0.01435769535601139,0.5133718848228455,0.6573368906974792,0.013175063766539097,0.5163456201553345,0.6915995478630066,-9.112258703680709e-05,0.5153772234916687,0.6307700872421265,-0.010443584993481636,0.5137879848480225,0.5938074588775635,-0.0181631650775671,0.5135289430618286,0.5623677968978882,-0.024396909400820732,0.5168516039848328,0.6963661313056946,-0.012274849228560925,0.5180371403694153,0.6308290958404541,-0.02332889661192894,0.5182452201843262,0.5915566086769104,-0.030788389965891838,0.5189891457557678,0.5536069869995117,-0.03673858940601349,0.5169453024864197,0.712587833404541,-0.02418871968984604,0.5202091932296753,0.6552685499191284,-0.035945579409599304,0.5207720398902893,0.620319664478302,-0.043523240834474564,0.5215682983398438,0.5865872502326965,-0.04930536821484566,0.5160194039344788,0.7358739376068115,-0.035053085535764694,0.5165436267852783,0.7055614590644836,-0.04901950806379318,0.517642617225647,0.6807473301887512,-0.05673004686832428,0.5203849077224731,0.6556909680366516,-0.062196895480155945
0.5726557970046997,0.9164154529571533,-1.427754909855139e-07,0.5555495023727417,0.8548128604888916,0.012495514005422592,0.5499143004417419,0.788853108882904,0.016073668375611305,0.549793004989624,0.7420317530632019,0.015829535201191902,0.546541690826416,0.706123948097229,0.013511406257748604,0.5681276917457581,0.7510655522346497,0.004437591414898634,0.5482783913612366,0.6786330342292786,-0.00847670715302229,0.5343469381332397,0.6270869970321655,-0.020135771483182907,0.5236817598342896,0.5841879844665527,-0.0289223063737154,0.5734076499938965,0.7585266828536987,-0.010335849598050117,0.5507588982582092,0.6716793775558472,-0.020108142867684364,0.5347443222999573,0.6132664680480957,-0.027531571686267853,0.5237234830856323,0.5635122060775757,-0.034607432782649994,0.5692592859268188,0.771316647529602,-0.02519894763827324,0.5484853386878967,0.6864973902702332,-0.03532462567090988,0.5339310765266418,0.6327270269393921,-0.04089684411883354,0.5254697203636169,0.5898990631103516,-0.04576875641942024,0.556820809841156,0.7887524366378784,-0.03947019204497337,0.545567512512207,0.7286511063575745,-0.052894022315740585,0.5369110703468323,0.684796929359436,-0.05931062623858452,0.5309715270996094,0.6485945582389832,-0.06385488063097,0.47662419080734253,0.9059363007545471,8.541110929627393e-08,0.49479129910469055,0.8440725207328796,0.00639068428426981,0.49819570779800415,0.7741632461547852,0.007649159990251064,0.49853283166885376,0.724342942237854,0.004484898876398802,0.5022933483123779,0.6869803071022034,0.000785318436101079,0.4785957634449005,0.7394633293151855,0.004157109651714563,0.49072325229644775,0.6642792224884033,-0.01105707697570324,0.5017805099487305,0.6127697825431824,-0.022511105984449387,0.5103029012680054,0.5702351331710815,-0.03000602312386036,0.47329604625701904,0.7467028498649597,-0.009472398087382317,0.4883577525615692,0.6618000864982605,-0.02498309500515461,0.5033867955207825,0.6048172116279602,-0.03678807243704796,0.5164276957511902,0.5554026365280151,-0.0436556302011013,0.4758184254169464,0.7617018222808838,-0.02388753369450569,0.49170103669166565,0.6772403120994568,-0.03783020004630089,0.5062369704246521,0.6250004768371582,-0.04657283052802086,0.5181333422660828,0.5820162892341614,-0.05063602328300476,0.4868967533111572,0.7834711074829102,-0.03827749565243721,0.4970102310180664,0.7247774004936218,-0.049300722777843475,0.5060153007507324,0.6837694048881531,-0.054114338010549545,0.5160298347473145,0.6486299633979797,-0.0562211312353611
0.570586085319519,0.9179711937904358,-1.8817046054664388e-07,0.5525107383728027,0.85884028673172,0.013426046818494797,0.5477496981620789,0.7947908639907837,0.017413897439837456,0.5491945743560791,0.7494840025901794,0.01749884895980358,0.5471689701080322,0.7147397994995117,0.015283157117664814,0.5694179534912109,0.7529057860374451,0.004136715084314346,0.5502942204475403,0.6810146570205688,-0.008849512785673141,0.535794198513031,0.6291969418525696,-0.020559001713991165,0.5240145325660706,0.586925745010376,-0.029298758134245872,0.5748293399810791,0.7602691650390625,-0.011173796840012074,0.5530938506126404,0.6740227341651917,-0.020560372620821,0.5366324186325073,0.615281879901886,-0.028004130348563194,0.5248202085494995,0.5661560297012329,-0.03520764783024788,0.5712424516677856,0.7739943265914917,-0.02640826627612114,0.5505155324935913,0.6897710561752319,-0.03647765517234802,0.5352351665496826,0.6356586217880249,-0.04230215400457382,0.525956928730011,0.5926440954208374,-0.047455061227083206,0.5592033863067627,0.7926163673400879,-0.040941186249256134,0.5470394492149353,0.7332198023796082,-0.05474010854959488,0.5374748706817627,0.6888729929924011,-0.06127580255270004,0.5309279561042786,0.6518784761428833,-0.06587500125169754,0.47104722261428833,0.9112511277198792,1.1470293515003505e-07,0.4912736117839813,0.8490136861801147,0.00849056988954544,0.4933309555053711,0.7787384986877441,0.010290325619280338,0.4945528209209442,0.7280709147453308,0.007418936118483543,0.4993685781955719,0.6916521787643433,0.004287994001060724,0.4691624641418457,0.7499228119850159,0.003743198001757264,0.4836106598377228,0.6689257025718689,-0.011103728786110878,0.49620333313941956,0.61553555727005,-0.021193360909819603,0.5060626864433289,0.5720927715301514,-0.02768220193684101,0.4658794403076172,0.7564802169799805,-0.010572439059615135,0.4840010702610016,0.664834201335907,-0.025834323838353157,0.501071572303772,0.6058233380317688,-0.036401666700839996,0.5160680413246155,0.5555383563041687,-0.04233359545469284,0.4717218279838562,0.7699251174926758,-0.02540428191423416,0.49081575870513916,0.6808546185493469,-0.03863884136080742,0.5072859525680542,0.6281038522720337,-0.04700349643826485,0.520745038986206,0.5863121747970581,-0.050939857959747314,0.48712995648384094,0.7890247106552124,-0.040045469999313354,0.49709051847457886,0.728871762752533,-0.051267996430397034,0.505459725856781,0.6862751245498657,-0.0572221502661705,0.5144167542457581,0.6497726440429688,-0.060186296701431274
0.5726617574691772,0.9103513360023499,-9.140953238784277e-08,0.5605201721191406,0.8477085828781128,0.013979645445942879,0.556135356426239,0.7837576866149902,0.01738753542304039,0.5576927065849304,0.7397002577781677,0.016692038625478745,0.5572303533554077,0.7060337066650391,0.01394358929246664,0.5705209970474243,0.7558491230010986,0.005124614108353853,0.5524235963821411,0.6874197721481323,-0.0077966623939573765,0.5395935773849487,0.6366573572158813,-0.019259480759501457,0.5285863280296326,0.5950096845626831,-0.027622438967227936,0.5731006264686584,0.7629228234291077,-0.010430466383695602,0.5532224178314209,0.6827551126480103,-0.01983116939663887,0.538707435131073,0.6240902543067932,-0.027231674641370773,0.5278398394584656,0.5741793513298035,-0.03413932025432587,0.5676040649414062,0.7738277912139893,-0.02594013698399067,0.5498582720756531,0.69453364610672,-0.03514130041003227,0.5372449159622192,0.6410542726516724,-0.0403401255607605,0.5296367406845093,0.5991813540458679,-0.04473058506846428,0.5541782379150391,0.7890279293060303,-0.040755029767751694,0.5444071292877197,0.73014897108078,-0.052212368696928024,0.5368407368659973,0.6866185069084167,-0.05727976933121681,0.531525731086731,0.6514888405799866,-0.060849450528621674,0.47628965973854065,0.9089851975440979,1.0907621827982439e-07,0.49645528197288513,0.8527623414993286,0.008537600748240948,0.4970860481262207,0.7803075909614563,0.011666618287563324,0.49652567505836487,0.7282374501228333,0.010127113200724125,0.4995865225791931,0.6926212906837463,0.00809966865926981,0.47474032640457153,0.7475115656852722,0.005263379774987698,0.4842679500579834,0.670583188533783,-0.008907215669751167,0.49541595578193665,0.6174225211143494,-0.019207090139389038,0.5046468377113342,0.574972927570343,-0.025983400642871857,0.4706670641899109,0.7542224526405334,-0.008729166351258755,0.4845098853111267,0.6668638586997986,-0.02341216802597046,0.5003293752670288,0.6080018281936646,-0.03446327894926071,0.5147470235824585,0.5583317279815674,-0.04085255041718483,0.4749567210674286,0.7675834894180298,-0.02319716475903988,0.4909425973892212,0.683398962020874,-0.0368739552795887,0.5063239336013794,0.63164883852005,-0.04626708850264549,0.5193585157394409,0.5896948575973511,-0.050774794071912766,0.48879575729370117,0.786768913269043,-0.03732050582766533,0.4972381591796875,0.7284038662910461,-0.048913586884737015,0.5059823393821716,0.6870034337043762,-0.05502448230981827,0.5160831212997437,0.6514619588851929,-0.05810818821191788
0.5706171989440918,0.9125202894210815,-1.1022221713119507e-07,0.5449095964431763,0.8548821806907654,0.008494424633681774,0.5375429391860962,0.7895008325576782,0.010543998330831528,0.5370055437088013,0.7449105381965637,0.009388613514602184,0.5344176888465881,0.7099970579147339,0.0065941051580011845,0.5682784914970398,0.7528659701347351,0.003996115177869797,0.549472451210022,0.6849499940872192,-0.008444014936685562,0.5363234877586365,0.6366552114486694,-0.019979646429419518,0.5260602831840515,0.5976450443267822,-0.028601666912436485,0.5725938081741333,0.7593496441841125,-0.009148587472736835,0.5518072843551636,0.679009735584259,-0.01828860305249691,0.5362386107444763,0.6227319836616516,-0.02590355835855007,0.5264272093772888,0.5760356187820435,-0.032911621034145355,0.5683222413063049,0.7711255550384521,-0.02298302762210369,0.5491898655891418,0.6924319267272949,-0.03297647461295128,0.5349034070968628,0.639750599861145,-0.03895248845219612,0.527764081954956,0.5979542136192322,-0.043684374541044235,0.5559340119361877,0.7872548699378967,-0.036683712154626846,0.545144259929657,0.7292211055755615,-0.04933902621269226,0.5361495018005371,0.6861462593078613,-0.05537223443388939,0.5309751033782959,0.6508607268333435,-0.059439465403556824,0.4740365147590637,0.9043160676956177,1.396065982817163e-07,0.4919620454311371,0.8544045686721802,0.0038764532655477524,0.4937964975833893,0.7868024110794067,0.005486832931637764,0.4947129786014557,0.7378349304199219,0.0026670631486922503,0.49827098846435547,0.7031571269035339,-0.0002578090352471918,0.47248920798301697,0.7479557394981384,0.006250470876693726,0.4842386543750763,0.6729744672775269,-0.008547204546630383,0.49636393785476685,0.6198892593383789,-0.020307833328843117,0.5064132213592529,0.5772440433502197,-0.028189774602651596,0.46866562962532043,0.7531569004058838,-0.0060310703702270985,0.4838775098323822,0.6676490902900696,-0.02182329073548317,0.4995565116405487,0.6084176898002625,-0.03481787443161011,0.5135833024978638,0.5580441355705261,-0.04235082492232323,0.47427475452423096,0.7640941143035889,-0.019516080617904663,0.4904567003250122,0.6823418736457825,-0.034114059060811996,0.5052481293678284,0.6302237510681152,-0.04422655701637268,0.5181471705436707,0.5867817997932434,-0.04888853430747986,0.48978105187416077,0.780347466468811,-0.03329406678676605,0.49783235788345337,0.7228573560714722,-0.04495993256568909,0.5064547061920166,0.6833547353744507,-0.05073840916156769,0.5173235535621643,0.6488035917282104,-0.05342228338122368
0.5676891803741455,0.9097568988800049,-1.3293835365857376e-07,0.5518929958343506,0.8518060445785522,0.0103527856990695,0.5463217496871948,0.7830592393875122,0.01399138756096363,0.548064649105072,0.7335860729217529,0.014145852997899055,0.5453646779060364,0.6964154839515686,0.01274412963539362,0.5646600127220154,0.7482056021690369,0.004734032787382603,0.5465086102485657,0.678784191608429,-0.007497404236346483,0.5339389443397522,0.6278356909751892,-0.01831875741481781,0.5240265130996704,0.5863869786262512,-0.026599185541272163,0.5681875944137573,0.7559226155281067,-0.009084346704185009,0.5477017164230347,0.6728261113166809,-0.019424809142947197,0.5348451137542725,0.6150147318840027,-0.026936203241348267,0.5263264179229736,0.566260576248169,-0.03351336717605591,0.5646336674690247,0.7686477899551392,-0.023333795368671417,0.5458568334579468,0.6893001794815063,-0.03403688967227936,0.5339570045471191,0.6371604204177856,-0.039739739149808884,0.527170717716217,0.5955657958984375,-0.044254545122385025,0.554758608341217,0.7865089178085327,-0.03727118670940399,0.544005274772644,0.7313383221626282,-0.051098354160785675,0.5360738039016724,0.6878799796104431,-0.058055032044649124,0.5308947563171387,0.6506786346435547,-0.06267519295215607,0.47900864481925964,0.9098761677742004,1.6702588823136466e-07,0.5016750693321228,0.8577667474746704,0.004296194761991501,0.5010244250297546,0.792375385761261,0.005703439004719257,0.49600696563720703,0.7469115257263184,0.0029731597751379013,0.4974818229675293,0.7135240435600281,4.477416496229125e-06,0.47300463914871216,0.7573220133781433,0.007024737074971199,0.48347827792167664,0.6853219270706177,-0.006765178870409727,0.4948386251926422,0.6349118947982788,-0.018236178904771805,0.504588782787323,0.5949155688285828,-0.025607243180274963,0.46826693415641785,0.7613286375999451,-0.004532727412879467,0.48060137033462524,0.6783347129821777,-0.017484022304415703,0.49391546845436096,0.6201769113540649,-0.02890121378004551,0.5071564316749573,0.5700165033340454,-0.03576991707086563,0.4736214578151703,0.7700759172439575,-0.017205392941832542,0.48914459347724915,0.6890902519226074,-0.028667112812399864,0.5034388899803162,0.6374047994613647,-0.03670400381088257,0.516419529914856,0.5957332253456116,-0.04039078205823898,0.48890420794487,0.7851043343544006,-0.030200786888599396,0.49796608090400696,0.7273192405700684,-0.0382891446352005,0.5070605278015137,0.6884108781814575,-0.04115287587046623,0.5173613429069519,0.6557901501655579,-0.042107630521059036
0.5736330151557922,0.9200888276100159,-1.4100373846304137e-07,0.5511110424995422,0.8599962592124939,0.009185018949210644,0.547775149345398,0.7945041060447693,0.011813495308160782,0.5518015623092651,0.7471337914466858,0.011489209719002247,0.5507268309593201,0.7116363048553467,0.009243744425475597,0.5674378275871277,0.750935971736908,0.00017003297398332506,0.5479840040206909,0.6787737011909485,-0.012909304350614548,0.5346412658691406,0.6268571615219116,-0.023980867117643356,0.524856448173523,0.583199679851532,-0.03262651339173317,0.5725911855697632,0.758351743221283,-0.013125342316925526,0.5497967600822449,0.6708858609199524,-0.024203438311815262,0.5363001227378845,0.6125351190567017,-0.0321112722158432,0.5278093814849854,0.5628185868263245,-0.03944527730345726,0.5691355466842651,0.7730027437210083,-0.02664726972579956,0.5483823418617249,0.6883211731910706,-0.0382969006896019,0.5359187722206116,0.63441002368927,-0.04535595700144768,0.528918445110321,0.5912209153175354,-0.051221925765275955,0.5582388639450073,0.7929855585098267,-0.03971592336893082,0.5456482768058777,0.7340351343154907,-0.054951343685388565,0.5372775793075562,0.6896278858184814,-0.06342732161283493,0.5318812131881714,0.6513023376464844,-0.06945189088582993,0.477267324924469,0.9035146236419678,1.414682628819719e-07,0.4956396818161011,0.8505601286888123,0.006084895227104425,0.4957200884819031,0.7808473706245422,0.008241440169513226,0.49526938796043396,0.7305831909179688,0.006021331530064344,0.49800315499305725,0.6955068707466125,0.0033575824927538633,0.4738878607749939,0.7464665174484253,0.005483144428580999,0.4849088788032532,0.6744534969329834,-0.008274221792817116,0.49574166536331177,0.6232640743255615,-0.019045453518629074,0.5050225257873535,0.5826452374458313,-0.0262081790715456,0.4695057272911072,0.7526240348815918,-0.0073522645980119705,0.48326945304870605,0.6684377789497375,-0.02174479328095913,0.49661675095558167,0.6088218688964844,-0.033415909856557846,0.5092477202415466,0.5575833320617676,-0.04021802172064781,0.4740900993347168,0.7652260065078735,-0.020881287753582,0.49104246497154236,0.6845113635063171,-0.034192826598882675,0.5048283934593201,0.6322906017303467,-0.04333875700831413,0.5170843601226807,0.5881226658821106,-0.047614071518182755,0.4882514774799347,0.784540057182312,-0.0343422070145607,0.498341828584671,0.7285875082015991,-0.045289546251297,0.5067577362060547,0.6885547637939453,-0.05035759508609772,0.5166707634925842,0.6531845927238464,-0.05255567282438278
0.5750938653945923,0.9199648499488831,-1.5735751901502226e-07,0.554139256477356,0.8619340062141418,0.010032281279563904,0.5484637022018433,0.8003723621368408,0.012309071607887745,0.5497816801071167,0.7568722367286682,0.011451702564954758,0.5473107099533081,0.7234455943107605,0.008543316274881363,0.5717307329177856,0.755580723285675,0.0010996819473803043,0.5520512461662292,0.6808262467384338,-0.012468823231756687,0.5385971069335938,0.6287357807159424,-0.024336153641343117,0.5274918079376221,0.5852661728858948,-0.033356521278619766,0.5777742862701416,0.7616179585456848,-0.012727559544146061,0.554368793964386,0.6718674898147583,-0.02241004817187786,0.5390499830245972,0.6134375333786011,-0.02933451719582081,0.5285283327102661,0.5647032260894775,-0.03632980212569237,0.5731640458106995,0.774619460105896,-0.026928206905722618,0.5525321364402771,0.6860886216163635,-0.03795163705945015,0.5380986928939819,0.6325021982192993,-0.044232454150915146,0.529369056224823,0.5902982354164124,-0.04964446276426315,0.5596965551376343,0.7923181653022766,-0.04062393680214882,0.5486510396003723,0.7308014035224915,-0.0557786226272583,0.5397815704345703,0.6868966817855835,-0.06353466957807541,0.5335984230041504,0.6494523286819458,-0.06902166455984116,0.4738905429840088,0.9131338000297546,1.1889675732845717e-07,0.49385958909988403,0.8558827638626099,0.008553526364266872,0.49544382095336914,0.7858551144599915,0.012037149630486965,0.4954000413417816,0.7363329529762268,0.010366360656917095,0.4991321563720703,0.7007431983947754,0.008482103236019611,0.47242870926856995,0.747761070728302,0.010669843293726444,0.48384103178977966,0.6710078716278076,-0.002606424270197749,0.49540627002716064,0.6180481314659119,-0.013209876604378223,0.504763126373291,0.5754402279853821,-0.020326172932982445,0.468331515789032,0.753118634223938,-0.00346618564799428,0.4838343858718872,0.6653013229370117,-0.01701970025897026,0.4992218017578125,0.6062208414077759,-0.028528334572911263,0.5129860639572144,0.5564887523651123,-0.03533665090799332,0.4739612936973572,0.7655092477798462,-0.01852206513285637,0.4909639060497284,0.6802276372909546,-0.030940070748329163,0.5059633851051331,0.6278939247131348,-0.04017988219857216,0.5188687443733215,0.585875391960144,-0.04476379603147507,0.489724338054657,0.7842812538146973,-0.0335174985229969,0.4981834888458252,0.7254914045333862,-0.0438670814037323,0.5064385533332825,0.6852366924285889,-0.04929959401488304,0.5160343647003174,0.6506673693656921,-0.05202964320778847
0.5766981840133667,0.9153206944465637,-1.3792774211651704e-07,0.5571235418319702,0.8537757396697998,0.011048640124499798,0.5518160462379456,0.7914906144142151,0.013208376243710518,0.5523054599761963,0.745944619178772,0.012201069854199886,0.5478079915046692,0.7121818661689758,0.008789511397480965,0.5706323981285095,0.7510244846343994,-0.002027840819209814,0.5502279996871948,0.6758847236633301,-0.01586133986711502,0.5366494059562683,0.624802827835083,-0.027096346020698547,0.526225209236145,0.5808838605880737,-0.035880524665117264,0.5763391852378845,0.7586898803710938,-0.016413209959864616,0.5510652661323547,0.6679462194442749,-0.027785658836364746,0.5363795757293701,0.6106020212173462,-0.03520040586590767,0.5268311500549316,0.5617293119430542,-0.04246993735432625,0.5720198750495911,0.7750768661499023,-0.030705781653523445,0.550102949142456,0.6854018568992615,-0.0433279350399971,0.5364841222763062,0.6320677399635315,-0.05057529732584953,0.5287017226219177,0.5892338156700134,-0.05661078914999962,0.5595133900642395,0.7964305877685547,-0.044117044657468796,0.5474701523780823,0.7361487150192261,-0.06089335307478905,0.5391022562980652,0.6922279596328735,-0.07007399946451187,0.5337720513343811,0.6536699533462524,-0.07662182301282883,0.47183123230934143,0.9128009080886841,1.2576241203987593e-07,0.4886939525604248,0.8527222871780396,0.009176312014460564,0.48965802788734436,0.7824382185935974,0.011387110687792301,0.4903410077095032,0.733251690864563,0.008666888810694218,0.49496549367904663,0.6973104476928711,0.005544392392039299,0.4706835448741913,0.7501108050346375,0.0061070541851222515,0.48289260268211365,0.6707383990287781,-0.008785438723862171,0.49436822533607483,0.6169927716255188,-0.0194716714322567,0.5034480690956116,0.5733386278152466,-0.02623722329735756,0.46750110387802124,0.7568278908729553,-0.00857791118323803,0.48463988304138184,0.6671289801597595,-0.023665279150009155,0.5010380744934082,0.6076577305793762,-0.0348905473947525,0.5155327320098877,0.557589054107666,-0.04115807265043259,0.4729571044445038,0.7706197500228882,-0.02381785400211811,0.49178698658943176,0.6832815408706665,-0.03721801936626434,0.5076586604118347,0.6306136250495911,-0.046151842921972275,0.5210525393486023,0.5883651971817017,-0.05016980320215225,0.4876970946788788,0.7903478145599365,-0.03870796412229538,0.4976159930229187,0.7287376523017883,-0.04933222010731697,0.506818950176239,0.6872746348381042,-0.05452839285135269,0.5171929597854614,0.6518000960350037,-0.05689111724495888
0.5703393220901489,0.9163942337036133,-1.1687988887842948e-07,0.5481812357902527,0.8541914224624634,0.012901089154183865,0.5440036654472351,0.7859207391738892,0.01683722995221615,0.5446388125419617,0.739761233329773,0.016726432368159294,0.5415880084037781,0.7038407325744629,0.014708215370774269,0.5685187578201294,0.7519245743751526,0.007934456691145897,0.5501250624656677,0.6868799328804016,-0.003160945139825344,0.5365132093429565,0.6401281952857971,-0.014100792817771435,0.5265880227088928,0.601559579372406,-0.022489167749881744,0.5727459788322449,0.7599989175796509,-0.00698500219732523,0.5522357225418091,0.6835563778877258,-0.014234467409551144,0.5370607376098633,0.6287932991981506,-0.020759183913469315,0.5270018577575684,0.5831388235092163,-0.02737240493297577,0.5683221220970154,0.7736204266548157,-0.022339805960655212,0.5488276481628418,0.6973637342453003,-0.030939580872654915,0.5350285172462463,0.6444922089576721,-0.03594819828867912,0.5279254913330078,0.6027814745903015,-0.04037465527653694,0.55605149269104,0.791801929473877,-0.0372108556330204,0.5453159213066101,0.7321356534957886,-0.04875078424811363,0.5361117124557495,0.6884295344352722,-0.05378367006778717,0.5298080444335938,0.6537864804267883,-0.05740740895271301,0.4750886559486389,0.9114181995391846,1.3070167881323869e-07,0.4991876184940338,0.8574672341346741,0.006335493642836809,0.5000512003898621,0.7853888273239136,0.009000436402857304,0.49789878726005554,0.7332234978675842,0.007181658409535885,0.5004568099975586,0.6980948448181152,0.004965427331626415,0.4751250743865967,0.7523635029792786,0.005340226460248232,0.4854174852371216,0.6766824126243591,-0.00908097717911005,0.49616122245788574,0.6233060359954834,-0.020232848823070526,0.5053608417510986,0.581115186214447,-0.027650702744722366,0.46957647800445557,0.7587355375289917,-0.007712421473115683,0.4825615882873535,0.6708191633224487,-0.02296086773276329,0.4968498647212982,0.6090871095657349,-0.03539204224944115,0.5109157562255859,0.556483268737793,-0.04271809011697769,0.4731766879558563,0.7711541056632996,-0.021466266363859177,0.4897638261318207,0.6869285106658936,-0.03589807078242302,0.504643976688385,0.6332104802131653,-0.04620283842086792,0.5175772309303284,0.5891128182411194,-0.05113957077264786,0.486626535654068,0.7898313999176025,-0.03507648780941963,0.4965961277484894,0.7319654822349548,-0.04724991321563721,0.5056012868881226,0.6904884576797485,-0.05360947921872139,0.5157331228256226,0.6544313430786133,-0.05669168755412102
0.5742817521095276,0.9125450253486633,-5.123825275177296e-08,0.5600646138191223,0.8519780039787292,0.01143131498247385,0.5546799302101135,0.7869199514389038,0.014324615709483624,0.5558233857154846,0.7407251000404358,0.013805362395942211,0.5540674924850464,0.7062810063362122,0.011441070586442947,0.5674704909324646,0.7612537145614624,0.0014304431388154626,0.5518404841423035,0.6943327784538269,-0.01247108168900013,0.5398799777030945,0.6413605809211731,-0.02406177669763565,0.5297969579696655,0.5971077084541321,-0.03261308744549751,0.570690929889679,0.7665384411811829,-0.013072970323264599,0.5520245432853699,0.6849187016487122,-0.02523120306432247,0.5383731126785278,0.6229261755943298,-0.03413579985499382,0.5279440879821777,0.5687997341156006,-0.04147413745522499,0.5667574405670166,0.777056872844696,-0.02739308588206768,0.5503439903259277,0.6967546939849854,-0.03926464915275574,0.5383774042129517,0.6419311165809631,-0.045946601778268814,0.5301752686500549,0.5975461602210999,-0.05066237226128578,0.556128740310669,0.7931238412857056,-0.040971238166093826,0.5467111468315125,0.7354124784469604,-0.05461244285106659,0.539322555065155,0.6926323175430298,-0.0608755461871624,0.5340075492858887,0.6567354798316956,-0.06483224779367447,0.4726642668247223,0.9064252376556396,1.3288260447552602e-07,0.4865293502807617,0.8462647795677185,0.007923225872218609,0.487030953168869,0.7785168886184692,0.009054607711732388,0.48774611949920654,0.7302586436271667,0.005485327914357185,0.49221739172935486,0.6941423416137695,0.0017684322083368897,0.4678986072540283,0.7510395646095276,0.005011466797441244,0.48049816489219666,0.6717443466186523,-0.009656855836510658,0.4924834072589874,0.6190168857574463,-0.02009834721684456,0.5017615556716919,0.5762956738471985,-0.02659178338944912,0.46569037437438965,0.7565377354621887,-0.008914539590477943,0.4827951490879059,0.6678794026374817,-0.023201556876301765,0.49921131134033203,0.6088656187057495,-0.03382283076643944,0.51362144947052,0.5598905682563782,-0.03986882045865059,0.4725133776664734,0.7680616974830627,-0.023448703810572624,0.49134770035743713,0.6830065250396729,-0.03529881685972214,0.5074717998504639,0.6321259140968323,-0.043068137019872665,0.5210821032524109,0.5914616584777832,-0.04668109118938446,0.4889141321182251,0.7851018905639648,-0.037906546145677567,0.49881017208099365,0.7261064052581787,-0.04663555696606636,0.5074196457862854,0.6855739951133728,-0.0506560318171978,0.5172981023788452,0.6503667831420898,-0.05248865857720375
