feature_1,feature_2,feature_3,feature_4,feature_5,feature_6,feature_7,feature_8,feature_9,feature_10,feature_11,feature_12,feature_13,feature_14,feature_15,feature_16,feature_17,feature_18,feature_19,feature_20,feature_21,feature_22,feature_23,feature_24,feature_25,feature_26,feature_27,feature_28,feature_29,feature_30,feature_31,feature_32,feature_33,feature_34,feature_35,feature_36,feature_37,feature_38,feature_39,feature_40,feature_41,feature_42,feature_43,feature_44,feature_45,feature_46,feature_47,feature_48,feature_49,feature_50,feature_51,feature_52,feature_53,feature_54,feature_55,feature_56,feature_57,feature_58,feature_59,feature_60,feature_61,feature_62,feature_63,label
HELLO,0.731592059135437,0.7964604496955872,1.3874826265691809e-07,0.6646608710289001,0.7886673212051392,-0.020935609936714172,0.6048112511634827,0.7477580308914185,-0.031847789883613586,0.5629170536994934,0.7059177160263062,-0.04251484572887421,0.5253625512123108,0.6862497925758362,-0.052906110882759094,0.6123412847518921,0.6162458658218384,-0.009738873690366745,0.569939911365509,0.547749936580658,-0.02481762133538723,0.5434725284576416,0.506016731262207,-0.04034566879272461,0.5198644995689392,0.4703057110309601,-0.05263679474592209,0.6469408869743347,0.5882940292358398,-0.012971222400665283,0.6139203310012817,0.5045375823974609,-0.02359551005065441,0.591394305229187,0.45333242416381836,-0.03560306876897812,0.5703534483909607,0.41335514187812805,-0.04550323635339737,0.6871728301048279,0.5847712159156799,-0.02036728709936142,0.6662883162498474,0.5088130235671997,-0.032170020043849945,0.6506832242012024,0.4605940580368042,-0.044003456830978394,0.6357476711273193,0.4207371175289154,-0.053334757685661316,0.7307299971580505,0.5973873138427734,-0.030429158359766006,0.736240804195404,0.5388261675834656,-0.04023347422480583,0.739008367061615,0.4997204542160034,-0.04661454260349274,0.7397712469100952,0.4633750319480896,-0.05201356112957001,HELLO
HELLO,0.607163667678833,0.7919169664382935,-2.028678096621661e-07,0.5909435153007507,0.7063280940055847,0.006150403525680304,0.5608404874801636,0.640970766544342,0.0035961440298706293,0.5380150675773621,0.5912858843803406,-0.001841102261096239,0.5394442081451416,0.5468579530715942,-0.008340829983353615,0.4780474007129669,0.6563511490821838,0.0004444720398169011,0.44479605555534363,0.6820987462997437,-0.003717112820595503,0.4644610285758972,0.7000072002410889,-0.011295302771031857,0.4877639412879944,0.7053704857826233,-0.017320731654763222,0.4693547487258911,0.710166871547699,-0.008305632509291172,0.44385483860969543,0.7328729033470154,-0.004915010649710894,0.4651165306568146,0.743032693862915,-0.006702058482915163,0.4903922975063324,0.7427957057952881,-0.011729398742318153,0.47428110241889954,0.7656846046447754,-0.01568814180791378,0.4570120573043823,0.7829219102859497,-0.016216358169913292,0.4765858054161072,0.7866004705429077,-0.01432524248957634,0.49990707635879517,0.7843435406684875,-0.01569213904440403,0.48561492562294006,0.8151825070381165,-0.022547457367181778,0.4790474474430084,0.8257406949996948,-0.023036258295178413,0.4998200833797455,0.826906681060791,-0.016345513984560966,0.5193699598312378,0.8240506649017334,-0.011381403543055058,HELLO
HELLO,0.7179491519927979,0.792291522026062,3.244313262484866e-08,0.6588926911354065,0.779990017414093,-0.029398731887340546,0.6022682189941406,0.7488031387329102,-0.05521267652511597,0.5576357841491699,0.7277197241783142,-0.08213148266077042,0.5188859105110168,0.7178106904029846,-0.10929667204618454,0.6235401630401611,0.6225776672363281,-0.040604762732982635,0.5872420072555542,0.5444398522377014,-0.07151144742965698,0.5611439943313599,0.503341794013977,-0.09296812862157822,0.5395164489746094,0.4716283977031708,-0.10691309720277786,0.6619732975959778,0.6071588397026062,-0.04419505223631859,0.6503033638000488,0.527690589427948,-0.0844883918762207,0.6653931736946106,0.5631703734397888,-0.10306961089372635,0.6774184107780457,0.6077613234519958,-0.10909201949834824,0.7022244930267334,0.6100007891654968,-0.05042818561196327,0.7023339867591858,0.5253986120223999,-0.0833284854888916,0.7103071212768555,0.5639984011650085,-0.08631566911935806,0.7160648703575134,0.6059815883636475,-0.08149704337120056,0.741674542427063,0.6269760131835938,-0.05974286422133446,0.7638530731201172,0.5658996105194092,-0.0811019167304039,0.7839685678482056,0.5287941098213196,-0.08692222833633423,0.8001687526702881,0.4911629855632782,-0.0880812257528305,HELLO
HELLO,0.7137789726257324,0.39470720291137695,-2.9144737823116884e-07,0.6825981140136719,0.4695335030555725,-0.02129010111093521,0.6498186588287354,0.5389345288276672,-0.037906065583229065,0.6235476732254028,0.5975989103317261,-0.054959315806627274,0.6101780533790588,0.6457688808441162,-0.06776339560747147,0.5803728699684143,0.48972344398498535,-0.01230119913816452,0.5398190021514893,0.47850874066352844,-0.034357380121946335,0.5790435671806335,0.47086578607559204,-0.04461344704031944,0.6022411584854126,0.476126492023468,-0.04838152602314949,0.5797722339630127,0.43981510400772095,-0.01130640134215355,0.5435280203819275,0.42988505959510803,-0.031868673861026764,0.5947803854942322,0.429372102022171,-0.03500737249851227,0.6103055477142334,0.43811652064323425,-0.03332705795764923,0.5858012437820435,0.3914412558078766,-0.01433496829122305,0.55229651927948,0.3815661668777466,-0.03186466544866562,0.598350465297699,0.3875492215156555,-0.02149207890033722,0.6169140338897705,0.39953306317329407,-0.01098965760320425,0.5977910161018372,0.3490172028541565,-0.0196835957467556,0.5689137578010559,0.3385760486125946,-0.026703039184212685,0.5993157029151917,0.35254964232444763,-0.015017432160675526,0.6149381995201111,0.3649798035621643,-0.004479114897549152,HELLO
HELLO,0.6006671190261841,0.47755321860313416,-4.051565483109698e-08,0.5602672100067139,0.46937525272369385,0.0047748195938766,0.529335618019104,0.44242995977401733,0.004686533007770777,0.5078052282333374,0.4212326407432556,0.0018236226169392467,0.4882904589176178,0.4060410261154175,-0.0019083311781287193,0.5058674812316895,0.4124273955821991,-0.003303742967545986,0.4663301110267639,0.38059860467910767,-0.014357822015881538,0.44210606813430786,0.3602886497974396,-0.02132299914956093,0.423916757106781,0.3416350483894348,-0.025883862748742104,0.5110408067703247,0.4075469374656677,-0.013706144876778126,0.4674772620201111,0.37262097001075745,-0.026664413511753082,0.4402630031108856,0.3481123447418213,-0.03460847958922386,0.41985881328582764,0.32567450404167175,-0.039324790239334106,0.5233833193778992,0.4035762846469879,-0.024394085630774498,0.48307034373283386,0.3650292456150055,-0.039163894951343536,0.4564560651779175,0.3359145224094391,-0.04862489178776741,0.43612241744995117,0.31193941831588745,-0.05362935736775398,0.541921854019165,0.40026211738586426,-0.03433121740818024,0.5197421908378601,0.35869598388671875,-0.04744404926896095,0.503290057182312,0.33034586906433105,-0.0542793795466423,0.48939141631126404,0.3071935772895813,-0.05846742168068886,HELLO
HELLO,0.7085363864898682,0.6198200583457947,1.0966858354777287e-07,0.6514082551002502,0.625091552734375,-0.02352004498243332,0.5965542197227478,0.5945749878883362,-0.03794879466295242,0.560278058052063,0.5601403713226318,-0.05115608498454094,0.5256373882293701,0.5454602837562561,-0.06512979418039322,0.5988568663597107,0.48291194438934326,-0.031028419733047485,0.5514969229698181,0.4266507923603058,-0.05357440561056137,0.5216918587684631,0.3905004560947418,-0.07084918022155762,0.49514681100845337,0.3600615859031677,-0.08343558758497238,0.6288696527481079,0.45130500197410583,-0.034797780215740204,0.5914461612701416,0.3724561333656311,-0.05521790683269501,0.56650310754776,0.32440274953842163,-0.07073131948709488,0.5441946983337402,0.2847391963005066,-0.08215665072202682,0.665656328201294,0.44243738055229187,-0.041509658098220825,0.6438990831375122,0.3666761517524719,-0.06297117471694946,0.6272121667861938,0.31964051723480225,-0.07905136048793793,0.6110528111457825,0.27852997183799744,-0.0902303159236908,0.7053166031837463,0.4500690698623657,-0.050133317708969116,0.714937150478363,0.3884636461734772,-0.06847142428159714,0.7200754284858704,0.3468765616416931,-0.079414963722229,0.7214955687522888,0.3072436451911926,-0.08742175996303558,HELLO
HELLO,0.7019822001457214,0.5325618386268616,1.426936080406449e-07,0.6386820077896118,0.5267128348350525,-0.022879214957356453,0.5791987776756287,0.49033528566360474,-0.03513049706816673,0.535367488861084,0.4568290710449219,-0.04677799344062805,0.4965904951095581,0.44413548707962036,-0.058838795870542526,0.5841552019119263,0.3570997416973114,-0.018728038296103477,0.5411247611045837,0.2894052565097809,-0.036846984177827835,0.5130661725997925,0.24631182849407196,-0.05350412055850029,0.4879557490348816,0.20851658284664154,-0.06666946411132812,0.6185879111289978,0.3267897367477417,-0.02262764237821102,0.5840663909912109,0.2439095377922058,-0.03750567138195038,0.5627901554107666,0.19247496128082275,-0.05166959390044212,0.5439330339431763,0.1493576616048813,-0.06306726485490799,0.6597276926040649,0.32211366295814514,-0.030405644327402115,0.6432579755783081,0.24317480623722076,-0.04860478639602661,0.630232572555542,0.19236700236797333,-0.0650106891989708,0.6166267395019531,0.14725229144096375,-0.07707104086875916,0.7029776573181152,0.33512604236602783,-0.04046203941106796,0.717287003993988,0.2741558253765106,-0.05751248449087143,0.7263862490653992,0.23384079337120056,-0.06834280490875244,0.7322906851768494,0.19518646597862244,-0.07648764550685883,HELLO
HELLO,0.6391087770462036,0.49203968048095703,2.9211838636911125e-07,0.6813161969184875,0.4363977015018463,-0.014075970277190208,0.7055564522743225,0.373699814081192,-0.02343831956386566,0.722047746181488,0.32372185587882996,-0.03258567675948143,0.7446050047874451,0.29050329327583313,-0.043539561331272125,0.6307382583618164,0.30517956614494324,-0.030403584241867065,0.6204069256782532,0.21737706661224365,-0.0461588017642498,0.6154655814170837,0.16213339567184448,-0.056634146720170975,0.6110648512840271,0.11903877556324005,-0.06511519849300385,0.5930391550064087,0.3167169690132141,-0.035585008561611176,0.5694946050643921,0.2297612428665161,-0.049864888191223145,0.5560194849967957,0.1720818728208542,-0.06264913082122803,0.5438950061798096,0.13056252896785736,-0.07347569614648819,0.5661033987998962,0.34933075308799744,-0.04099284112453461,0.5349560379981995,0.28038346767425537,-0.05884556472301483,0.5137441158294678,0.23560459911823273,-0.07548759877681732,0.49592629075050354,0.20133864879608154,-0.08812829107046127,0.5500251054763794,0.3937930166721344,-0.046583808958530426,0.5110716223716736,0.3643184006214142,-0.06750570237636566,0.485637366771698,0.3451939523220062,-0.07996037602424622,0.46382227540016174,0.33101686835289,-0.08803100138902664,HELLO
HELLO,0.5747309327125549,0.42334258556365967,2.471417701599421e-07,0.5934850573539734,0.4192541837692261,-0.041297633200883865,0.5996894836425781,0.4011404812335968,-0.06708024442195892,0.5949423909187317,0.37769803404808044,-0.08630938082933426,0.5900673270225525,0.354104220867157,-0.1048130914568901,0.5815691351890564,0.33690303564071655,-0.06559646129608154,0.5800158977508545,0.28641605377197266,-0.09019744396209717,0.5779507756233215,0.25576677918434143,-0.10554679483175278,0.5757815837860107,0.22704172134399414,-0.11602194607257843,0.5579527616500854,0.3234664499759674,-0.05479798465967178,0.5469050407409668,0.26296481490135193,-0.08121395856142044,0.5400074124336243,0.22754691541194916,-0.09611723572015762,0.5334338545799255,0.19562771916389465,-0.10578428953886032,0.5398548245429993,0.3179662227630615,-0.045263614505529404,0.5273224711418152,0.26342692971229553,-0.06833042949438095,0.5202274918556213,0.23056647181510925,-0.07965816557407379,0.5149203538894653,0.20342722535133362,-0.08607533574104309,0.5282405614852905,0.3195731043815613,-0.0382479652762413,0.5159209370613098,0.2779468595981598,-0.05481893941760063,0.5066754817962646,0.256342351436615,-0.06219632178544998,0.4990779757499695,0.2398073375225067,-0.066864013671875,HELLO
HELLO,0.6756981611251831,0.5721403956413269,5.890181142831352e-08,0.6152645349502563,0.5620077848434448,-0.018603630363941193,0.5629218220710754,0.5174648761749268,-0.0285498034209013,0.5290897488594055,0.4732498228549957,-0.03916824609041214,0.4936273992061615,0.4542081952095032,-0.05054265633225441,0.5748160481452942,0.395275741815567,-0.013292934745550156,0.5343390703201294,0.3292456269264221,-0.03133154287934303,0.5075474381446838,0.2880387306213379,-0.04782247915863991,0.4826401472091675,0.2543887794017792,-0.060298673808574677,0.6085015535354614,0.36842095851898193,-0.01866503246128559,0.5796083211898804,0.28182804584503174,-0.03408602252602577,0.5594353675842285,0.23066113889217377,-0.048514001071453094,0.5399961471557617,0.18997998535633087,-0.05967789515852928,0.6474281549453735,0.36618971824645996,-0.027585364878177643,0.6311823725700378,0.2862916886806488,-0.04564109072089195,0.6197535991668701,0.2374151051044464,-0.06020217388868332,0.6082600355148315,0.1958666443824768,-0.07046683132648468,0.6876544952392578,0.3808058798313141,-0.038528747856616974,0.7019287943840027,0.3211477994918823,-0.05377497896552086,0.7131803631782532,0.2823587656021118,-0.06276004016399384,0.7212437987327576,0.2465585172176361,-0.06957414746284485,HELLO
HELLO,0.6942216753959656,0.5802594423294067,-2.432175563171768e-07,0.6435585618019104,0.5554906725883484,-0.01885216124355793,0.5922349691390991,0.503070056438446,-0.0335480161011219,0.5531215667724609,0.46091824769973755,-0.05052401125431061,0.5132544636726379,0.44257068634033203,-0.06970137357711792,0.611763060092926,0.3737090528011322,-0.013412173837423325,0.5727065205574036,0.3033089339733124,-0.035668835043907166,0.5453541278839111,0.2670552134513855,-0.057911522686481476,0.5252547264099121,0.23394247889518738,-0.07463566958904266,0.6476215124130249,0.3504437804222107,-0.020797790959477425,0.620464563369751,0.2622881531715393,-0.03586585447192192,0.6025022268295288,0.21838462352752686,-0.05103764683008194,0.5886362791061401,0.1850462406873703,-0.06479360908269882,0.6863237023353577,0.3522714376449585,-0.03198011964559555,0.6735121011734009,0.26416802406311035,-0.048756491392850876,0.6609636545181274,0.2181408703327179,-0.059148989617824554,0.6489313244819641,0.18280428647994995,-0.0675215870141983,0.7279592156410217,0.373140424489975,-0.04571573808789253,0.7384122610092163,0.3065197169780731,-0.05767979845404625,0.7429912686347961,0.2673586308956146,-0.05989764630794525,0.7448658347129822,0.2311350554227829,-0.06275532394647598,HELLO
HELLO,0.7139857411384583,0.549068808555603,9.208386586578854e-08,0.664129912853241,0.5291063785552979,-0.01867518201470375,0.6217658519744873,0.48832792043685913,-0.030870888382196426,0.5909780859947205,0.4517002999782562,-0.04315723478794098,0.5612511038780212,0.43189865350723267,-0.05593918263912201,0.6456034183502197,0.3844706118106842,-0.015667874366044998,0.6167646050453186,0.32345500588417053,-0.032770197838544846,0.5972052216529846,0.28519970178604126,-0.048412028700113297,0.5795716643333435,0.25215640664100647,-0.05990012362599373,0.675037682056427,0.3686894178390503,-0.018761323764920235,0.6584687232971191,0.2959626615047455,-0.03152316063642502,0.645845353603363,0.2507489323616028,-0.04317357391119003,0.6337636709213257,0.21335627138614655,-0.05241641774773598,0.7067157030105591,0.3735659122467041,-0.02501714788377285,0.6988124251365662,0.3085176348686218,-0.0376565046608448,0.6910739541053772,0.2686675786972046,-0.0474819615483284,0.6831053495407104,0.23484142124652863,-0.054936498403549194,0.7382413148880005,0.39251354336738586,-0.033565349876880646,0.7508110404014587,0.34810617566108704,-0.043163079768419266,0.7584564089775085,0.3193944990634918,-0.048103321343660355,0.7635015845298767,0.29315513372421265,-0.05207059532403946,HELLO
HELLO,0.7000477910041809,0.5390008091926575,1.538379308385629e-07,0.6515095233917236,0.5234304666519165,-0.018480828031897545,0.6099803447723389,0.48172900080680847,-0.02993738278746605,0.580695390701294,0.4441438913345337,-0.0408969484269619,0.5512058734893799,0.42660555243492126,-0.052274007350206375,0.6334438323974609,0.3766939342021942,-0.018019746989011765,0.6062257289886475,0.3139856159687042,-0.033954914659261703,0.5875353813171387,0.2742895185947418,-0.04830791801214218,0.5707476735115051,0.24106937646865845,-0.05889411270618439,0.6643559336662292,0.36128881573677063,-0.02077285200357437,0.6477295756340027,0.2878706455230713,-0.03226737678050995,0.6350924968719482,0.24053597450256348,-0.04326040297746658,0.6231569647789001,0.20199935138225555,-0.051887739449739456,0.6977105140686035,0.3671264946460724,-0.026377424597740173,0.6919153928756714,0.3018409013748169,-0.03802094608545303,0.6850786209106445,0.259021133184433,-0.04873691126704216,0.6773315072059631,0.22309185564517975,-0.05689148232340813,0.7308291792869568,0.3874191641807556,-0.03405134379863739,0.7467361092567444,0.34010353684425354,-0.0435614250600338,0.7550233602523804,0.30822592973709106,-0.04931425303220749,0.7600250840187073,0.27898043394088745,-0.05378740280866623,HELLO
HELLO,0.704754114151001,0.5371282696723938,1.5944490883157414e-07,0.6534751653671265,0.5213127136230469,-0.020524559542536736,0.6107105612754822,0.48358896374702454,-0.03422269597649574,0.5805286765098572,0.44711363315582275,-0.047290507704019547,0.5506687164306641,0.42635107040405273,-0.06075726076960564,0.6343150734901428,0.3743337392807007,-0.020378274843096733,0.6053179502487183,0.3128276765346527,-0.03732628747820854,0.5857837200164795,0.27415600419044495,-0.0525917187333107,0.5682052969932556,0.2422383576631546,-0.06378814578056335,0.6658910512924194,0.3580123782157898,-0.022656314074993134,0.6487895250320435,0.2842980921268463,-0.03493867814540863,0.6350100636482239,0.23639905452728271,-0.04674458131194115,0.6218979358673096,0.197717547416687,-0.05612410604953766,0.6995849609375,0.3643955886363983,-0.02793450467288494,0.6932639479637146,0.29795876145362854,-0.040273942053318024,0.6855744123458862,0.2559262812137604,-0.05160731077194214,0.6769452095031738,0.2205977588891983,-0.06031744182109833,0.7324731349945068,0.3853135108947754,-0.03536657616496086,0.7482145428657532,0.3388485312461853,-0.04574234411120415,0.7562302947044373,0.3076927959918976,-0.0519939549267292,0.7609626054763794,0.27875077724456787,-0.05678856000304222,HELLO
HELLO,0.7089511752128601,0.54242342710495,1.188930482953765e-07,0.6561577916145325,0.5239377021789551,-0.019832570105791092,0.6120444536209106,0.48271822929382324,-0.032369691878557205,0.5812589526176453,0.4443891644477844,-0.044653039425611496,0.5498191118240356,0.42549869418144226,-0.057655468583106995,0.6355687975883484,0.3768332898616791,-0.01808820106089115,0.6067776083946228,0.31550082564353943,-0.03398517891764641,0.5885104537010193,0.2761363983154297,-0.04877622798085213,0.5713366270065308,0.2418878674507141,-0.06014889478683472,0.6670831441879272,0.3600001931190491,-0.020913854241371155,0.6497129201889038,0.285573810338974,-0.03338875621557236,0.6367284059524536,0.2384427785873413,-0.045521557331085205,0.6241906881332397,0.19883906841278076,-0.055346906185150146,0.7006118893623352,0.3648514449596405,-0.02672123908996582,0.6916854977607727,0.2965303063392639,-0.03998682647943497,0.6841776371002197,0.2540704905986786,-0.05185370892286301,0.6759835481643677,0.21730439364910126,-0.060916125774383545,0.7337502241134644,0.38368940353393555,-0.03464961051940918,0.7470198273658752,0.3368549346923828,-0.04536925628781319,0.7559255957603455,0.30722886323928833,-0.05175631865859032,0.7620378732681274,0.2798982262611389,-0.05691739171743393,HELLO
HELLO,0.6763893961906433,0.5528764128684998,-2.9483571140076492e-08,0.622904360294342,0.5297407507896423,-0.018629739060997963,0.57664555311203,0.4839025139808655,-0.030422359704971313,0.5444704294204712,0.4419276714324951,-0.04282437637448311,0.5112918019294739,0.421399861574173,-0.05581376329064369,0.5989622473716736,0.3689678907394409,-0.013379957526922226,0.5670408010482788,0.3019668757915497,-0.031193861737847328,0.545398473739624,0.26194605231285095,-0.047637101262807846,0.525702714920044,0.22537446022033691,-0.059900544583797455,0.6323137283325195,0.3511899709701538,-0.01826442778110504,0.6129344701766968,0.2693578600883484,-0.03271309658885002,0.5993096232414246,0.22155986726284027,-0.04559071734547615,0.5868966579437256,0.17919717729091644,-0.055870890617370605,0.6678537726402283,0.3556979298591614,-0.026638327166438103,0.6607850193977356,0.28040993213653564,-0.043374840170145035,0.6544631719589233,0.23567000031471252,-0.05450905114412308,0.6477823853492737,0.19634439051151276,-0.0618821419775486,0.7036692500114441,0.3747606873512268,-0.037195462733507156,0.7206153273582458,0.31833022832870483,-0.04957360774278641,0.7325007319450378,0.2838349938392639,-0.054794613271951675,0.7412537336349487,0.2518332600593567,-0.05872718617320061,HELLO
HELLO,0.6414828300476074,0.5437082052230835,5.0439523668899255e-09,0.5796961784362793,0.5176775455474854,-0.020744696259498596,0.5285753011703491,0.46755921840667725,-0.03388755023479462,0.4941304326057434,0.4226817190647125,-0.04813890531659126,0.4596865773200989,0.404327392578125,-0.0631503239274025,0.5543984174728394,0.34012582898139954,-0.01307985931634903,0.5199008584022522,0.2659716308116913,-0.03376179188489914,0.4970123767852783,0.22193464636802673,-0.05306076630949974,0.47592926025390625,0.18332982063293457,-0.06715773791074753,0.5906358361244202,0.31893229484558105,-0.019357312470674515,0.5679418444633484,0.2275601625442505,-0.035579610615968704,0.5521054863929749,0.17276909947395325,-0.05084700882434845,0.5366504788398743,0.1271904706954956,-0.06278903037309647,0.6312723755836487,0.3217640519142151,-0.02975841797888279,0.6231411695480347,0.2361346185207367,-0.048779960721731186,0.6148186922073364,0.18585194647312164,-0.06193852797150612,0.6064177751541138,0.1425759196281433,-0.07062757760286331,0.672649085521698,0.34120336174964905,-0.04274417459964752,0.6929327249526978,0.27968281507492065,-0.05761544033885002,0.7080408334732056,0.24187980592250824,-0.0642012432217598,0.7196528911590576,0.20697057247161865,-0.0689067468047142,HELLO
HELLO,0.629548966884613,0.5628306865692139,2.1821010420808307e-07,0.5624536275863647,0.5533727407455444,-0.024239812046289444,0.5061095952987671,0.5018002390861511,-0.03972158581018448,0.470996230840683,0.45343196392059326,-0.05446511507034302,0.43454664945602417,0.4293837249279022,-0.07063842564821243,0.5250359773635864,0.3611959218978882,-0.031154196709394455,0.4797736704349518,0.2807237505912781,-0.05821901187300682,0.45005178451538086,0.2295893132686615,-0.08055796474218369,0.4230780005455017,0.18769089877605438,-0.09632299095392227,0.566571831703186,0.3350509703159332,-0.03766842186450958,0.5381198525428772,0.2343485951423645,-0.05919995158910751,0.5189883708953857,0.16949504613876343,-0.07827426493167877,0.5015395283699036,0.11413401365280151,-0.09240143746137619,0.6131388545036316,0.33704736828804016,-0.04768534377217293,0.6003950238227844,0.24258440732955933,-0.07127126306295395,0.5899841785430908,0.1819586157798767,-0.09115468710660934,0.5802924633026123,0.12947222590446472,-0.1050819680094719,0.6596494913101196,0.3590666353702545,-0.059684544801712036,0.6812474131584167,0.29138803482055664,-0.08072132617235184,0.6976233720779419,0.2479081004858017,-0.09265230596065521,0.7117263674736023,0.2077018767595291,-0.10098861902952194,HELLO
HELLO,0.6341372132301331,0.5733717679977417,2.987870288961858e-07,0.5653224587440491,0.5666829347610474,-0.02856522798538208,0.5064581632614136,0.5170104503631592,-0.04762193188071251,0.4679241180419922,0.4679209291934967,-0.06479181349277496,0.42902353405952454,0.43859604001045227,-0.08330089598894119,0.520805835723877,0.3704756796360016,-0.039605867117643356,0.4704408645629883,0.28996261954307556,-0.06941664963960648,0.43839967250823975,0.23680588603019714,-0.09345363080501556,0.4100029468536377,0.19159260392189026,-0.11061656475067139,0.5636577010154724,0.3418556749820709,-0.044603921473026276,0.5342251658439636,0.2361311912536621,-0.06817116588354111,0.514657735824585,0.16618147492408752,-0.0872230976819992,0.4956311583518982,0.10575851798057556,-0.10114780813455582,0.6124345660209656,0.3444004952907562,-0.05328851193189621,0.597283661365509,0.24411989748477936,-0.07893167436122894,0.5867462754249573,0.17828771471977234,-0.09939223527908325,0.576560378074646,0.12097504734992981,-0.11338464170694351,0.6611638069152832,0.36769282817840576,-0.06404974311590195,0.6833118796348572,0.29545533657073975,-0.08757911622524261,0.6993249654769897,0.24823135137557983,-0.10055506229400635,0.7129558324813843,0.20355971157550812,-0.10920770466327667,HELLO
HELLO,0.6331139802932739,0.5499303340911865,-3.8535063140443526e-08,0.5711439251899719,0.5291143655776978,-0.020091122016310692,0.5141696333885193,0.484429270029068,-0.0339517779648304,0.4773401618003845,0.44691383838653564,-0.0493047833442688,0.4483778476715088,0.42801427841186523,-0.06412935256958008,0.5483258366584778,0.35805946588516235,-0.008745279163122177,0.5338526964187622,0.29663440585136414,-0.026582013815641403,0.5293202996253967,0.29959338903427124,-0.046773649752140045,0.5270654559135437,0.30209994316101074,-0.062247782945632935,0.5805191993713379,0.33331364393234253,-0.01424869429320097,0.554678738117218,0.24361184239387512,-0.026774859055876732,0.535915195941925,0.19096076488494873,-0.044900067150592804,0.5209261178970337,0.14642883837223053,-0.06105232611298561,0.619134783744812,0.3331688642501831,-0.024010073393583298,0.6062794923782349,0.24193599820137024,-0.0404173918068409,0.5967338681221008,0.1867387890815735,-0.0590449683368206,0.5897923707962036,0.14185290038585663,-0.07352316379547119,0.6631618142127991,0.3520072102546692,-0.035957638174295425,0.6823919415473938,0.2923405170440674,-0.04876596853137016,0.6955604553222656,0.25659242272377014,-0.05749582126736641,0.7063540816307068,0.22435979545116425,-0.06529863178730011,HELLO
HELLO,0.6462997198104858,0.5925477743148804,1.1669727228991178e-07,0.5922750234603882,0.5779789686203003,-0.015340703539550304,0.5483440160751343,0.5272991061210632,-0.022821446880698204,0.5206903219223022,0.4842345118522644,-0.030469410121440887,0.490686297416687,0.4630866050720215,-0.0386236198246479,0.5721182823181152,0.41417109966278076,-0.011768965981900692,0.5417556762695312,0.3463098704814911,-0.028712201863527298,0.5202826857566833,0.3049933612346649,-0.04434434324502945,0.500167965888977,0.27185744047164917,-0.05568191781640053,0.6048318147659302,0.39717811346054077,-0.016799086704850197,0.5863161087036133,0.31642383337020874,-0.029198866337537766,0.5723564624786377,0.264685720205307,-0.04195304214954376,0.5584288835525513,0.2222716510295868,-0.05165531486272812,0.6407677531242371,0.4016079306602478,-0.024973008781671524,0.6352395415306091,0.32655075192451477,-0.03887813538312912,0.6293473839759827,0.27878430485725403,-0.051654987037181854,0.6222260594367981,0.2380751669406891,-0.060969773679971695,0.6767482161521912,0.4213468134403229,-0.03491686284542084,0.6947121024131775,0.3697822093963623,-0.04732019826769829,0.7064706087112427,0.33506903052330017,-0.054788630455732346,0.7154156565666199,0.3034421503543854,-0.06025313585996628,HELLO
HELLO,0.6562320590019226,0.5715673565864563,1.7796070039821643e-07,0.5982580184936523,0.5614919066429138,-0.016199711710214615,0.5506963729858398,0.5184729099273682,-0.025565456598997116,0.5223156213760376,0.4781975746154785,-0.034527212381362915,0.49081891775131226,0.4580366611480713,-0.04392719268798828,0.5601047277450562,0.40861618518829346,-0.014688380993902683,0.5381766557693481,0.33426761627197266,-0.02857651747763157,0.5259557366371155,0.2892797291278839,-0.041609130799770355,0.5148124694824219,0.24984222650527954,-0.05206593498587608,0.5894972681999207,0.39307814836502075,-0.019047735258936882,0.5682122707366943,0.3114950358867645,-0.03127074986696243,0.5546233654022217,0.2599413990974426,-0.04446170851588249,0.5405477285385132,0.21431946754455566,-0.05472813546657562,0.6221884489059448,0.39399197697639465,-0.025860168039798737,0.6036532521247864,0.3178974688053131,-0.038633815944194794,0.5908132791519165,0.27148890495300293,-0.05107564851641655,0.5769588947296143,0.23209261894226074,-0.06007980555295944,0.6583223342895508,0.40573298931121826,-0.034299179911613464,0.6496894359588623,0.34514904022216797,-0.045906245708465576,0.6410654783248901,0.3063889741897583,-0.053221650421619415,0.6321161389350891,0.270402193069458,-0.05860074609518051,HELLO
HELLO,0.6541074514389038,0.5673648118972778,1.2066890064943436e-07,0.5971073508262634,0.5557451248168945,-0.01630478724837303,0.5505803823471069,0.5125427842140198,-0.02543836086988449,0.5220416784286499,0.47248169779777527,-0.034283462911844254,0.4916386604309082,0.4526517987251282,-0.04353978857398033,0.5624076724052429,0.3965912461280823,-0.012415237724781036,0.5400900840759277,0.3228975534439087,-0.025519592687487602,0.5277369618415833,0.2775648236274719,-0.038495033979415894,0.5163953304290771,0.23846441507339478,-0.04891812801361084,0.5918734669685364,0.381024569272995,-0.016184039413928986,0.5709532499313354,0.3000278174877167,-0.02720513381063938,0.5561923980712891,0.24900484085083008,-0.0392303392291069,0.5413837432861328,0.2055080682039261,-0.04870563745498657,0.6240737438201904,0.3828836977481842,-0.02262665517628193,0.6070802807807922,0.30611175298690796,-0.03439977020025253,0.5941059589385986,0.26122328639030457,-0.045476630330085754,0.5801718831062317,0.22340023517608643,-0.0535530187189579,0.6594725847244263,0.3964605927467346,-0.030877789482474327,0.653635561466217,0.33710384368896484,-0.041448283940553665,0.6464018821716309,0.29994529485702515,-0.047708217054605484,0.6382079124450684,0.2654529809951782,-0.05234525725245476,HELLO
HELLO,0.6576395034790039,0.5681359767913818,1.1349798256787835e-07,0.5982016921043396,0.5549280643463135,-0.016690362244844437,0.5503162741661072,0.50899738073349,-0.025478582829236984,0.5218195915222168,0.46672192215919495,-0.03397705778479576,0.4906684160232544,0.44685226678848267,-0.042957011610269547,0.5641152858734131,0.39278796315193176,-0.012836689129471779,0.5402854681015015,0.31830963492393494,-0.026740510016679764,0.5274785757064819,0.2720743417739868,-0.04030328616499901,0.5160624980926514,0.23157848417758942,-0.051249854266643524,0.5951951146125793,0.3764713406562805,-0.016660770401358604,0.5729084014892578,0.29468756914138794,-0.02837059646844864,0.5590813159942627,0.2434496283531189,-0.040785156190395355,0.5454667210578918,0.19910742342472076,-0.050711508840322495,0.6289464831352234,0.37821945548057556,-0.023354273289442062,0.6115725040435791,0.3022406995296478,-0.03582269698381424,0.5984303951263428,0.2575039267539978,-0.047721102833747864,0.5845217108726501,0.21951819956302643,-0.0563746877014637,0.6657376289367676,0.3919268846511841,-0.03192124515771866,0.6589251756668091,0.3312948942184448,-0.043288812041282654,0.6511357426643372,0.2920561134815216,-0.05070395767688751,0.6425472497940063,0.25507882237434387,-0.05624454841017723,HELLO
HELLO,0.6594036817550659,0.571338415145874,1.0813606365900341e-07,0.5996833443641663,0.5558103919029236,-0.017505452036857605,0.5522918105125427,0.5105892419815063,-0.026679793372750282,0.5226718187332153,0.4690760374069214,-0.03545309603214264,0.49177679419517517,0.4483974575996399,-0.04468933492898941,0.5674839615821838,0.3954399526119232,-0.012373367324471474,0.5439597964286804,0.32140612602233887,-0.025930000469088554,0.5312796831130981,0.27546021342277527,-0.03947819396853447,0.5195160508155823,0.23476527631282806,-0.050403278321027756,0.5981526374816895,0.37994498014450073,-0.01595904864370823,0.5771435499191284,0.2985950708389282,-0.027533166110515594,0.5632798671722412,0.2469794750213623,-0.040208879858255386,0.5498426556587219,0.20220784842967987,-0.05019973963499069,0.631628155708313,0.38266196846961975,-0.022497499361634254,0.6154978275299072,0.30670666694641113,-0.03514403477311134,0.602051854133606,0.26076585054397583,-0.04732722416520119,0.5880498886108398,0.22075481712818146,-0.056036967784166336,0.6684551239013672,0.39728012681007385,-0.03095966763794422,0.6632652282714844,0.3360730707645416,-0.04206635802984238,0.6561379432678223,0.29661163687705994,-0.04896354302763939,0.6484378576278687,0.25926557183265686,-0.05409182235598564,HELLO
HELLO,0.6594036817550659,0.571338415145874,1.0813606365900341e-07,0.5996833443641663,0.5558103919029236,-0.017505452036857605,0.5522918105125427,0.5105892419815063,-0.026679793372750282,0.5226718187332153,0.4690760374069214,-0.03545309603214264,0.49177679419517517,0.4483974575996399,-0.04468933492898941,0.5674839615821838,0.3954399526119232,-0.012373367324471474,0.5439597964286804,0.32140612602233887,-0.025930000469088554,0.5312796831130981,0.27546021342277527,-0.03947819396853447,0.5195160508155823,0.23476527631282806,-0.050403278321027756,0.5981526374816895,0.37994498014450073,-0.01595904864370823,0.5771435499191284,0.2985950708389282,-0.027533166110515594,0.5632798671722412,0.2469794750213623,-0.040208879858255386,0.5498426556587219,0.20220784842967987,-0.05019973963499069,0.631628155708313,0.38266196846961975,-0.022497499361634254,0.6154978275299072,0.30670666694641113,-0.03514403477311134,0.602051854133606,0.26076585054397583,-0.04732722416520119,0.5880498886108398,0.22075481712818146,-0.056036967784166336,0.6684551239013672,0.39728012681007385,-0.03095966763794422,0.6632652282714844,0.3360730707645416,-0.04206635802984238,0.6561379432678223,0.29661163687705994,-0.04896354302763939,0.6484378576278687,0.25926557183265686,-0.05409182235598564,HELLO
HELLO,0.6594036817550659,0.571338415145874,1.0813606365900341e-07,0.5996833443641663,0.5558103919029236,-0.017505452036857605,0.5522918105125427,0.5105892419815063,-0.026679793372750282,0.5226718187332153,0.4690760374069214,-0.03545309603214264,0.49177679419517517,0.4483974575996399,-0.04468933492898941,0.5674839615821838,0.3954399526119232,-0.012373367324471474,0.5439597964286804,0.32140612602233887,-0.025930000469088554,0.5312796831130981,0.27546021342277527,-0.03947819396853447,0.5195160508155823,0.23476527631282806,-0.050403278321027756,0.5981526374816895,0.37994498014450073,-0.01595904864370823,0.5771435499191284,0.2985950708389282,-0.027533166110515594,0.5632798671722412,0.2469794750213623,-0.040208879858255386,0.5498426556587219,0.20220784842967987,-0.05019973963499069,0.631628155708313,0.38266196846961975,-0.022497499361634254,0.6154978275299072,0.30670666694641113,-0.03514403477311134,0.602051854133606,0.26076585054397583,-0.04732722416520119,0.5880498886108398,0.22075481712818146,-0.056036967784166336,0.6684551239013672,0.39728012681007385,-0.03095966763794422,0.6632652282714844,0.3360730707645416,-0.04206635802984238,0.6561379432678223,0.29661163687705994,-0.04896354302763939,0.6484378576278687,0.25926557183265686,-0.05409182235598564,HELLO
HELLO,0.6577626466751099,0.5699867010116577,1.3428149259198108e-07,0.5988420248031616,0.5567636489868164,-0.01799999736249447,0.551952064037323,0.5113304853439331,-0.027714984491467476,0.5228700041770935,0.46980369091033936,-0.036823321133852005,0.4918258786201477,0.44836515188217163,-0.0463358610868454,0.5668528079986572,0.3955841064453125,-0.013766446150839329,0.5432909727096558,0.3218842148780823,-0.027710970491170883,0.5300576090812683,0.276081919670105,-0.04158210754394531,0.5180673599243164,0.23576247692108154,-0.052724745124578476,0.5980955362319946,0.3799077570438385,-0.017058558762073517,0.5767120122909546,0.29939162731170654,-0.02834876999258995,0.5631238222122192,0.24814626574516296,-0.04096350446343422,0.54964679479599,0.20291846990585327,-0.05107256770133972,0.6317005157470703,0.3824670612812042,-0.02328384853899479,0.6149190664291382,0.3066328763961792,-0.03543537110090256,0.6021788120269775,0.260846883058548,-0.047367144376039505,0.5889086127281189,0.22148779034614563,-0.056137457489967346,0.6679596900939941,0.39715439081192017,-0.03148220106959343,0.6620456576347351,0.3370403051376343,-0.04239216819405556,0.6554723978042603,0.2984340786933899,-0.04930698871612549,0.6487477421760559,0.26217666268348694,-0.05452772229909897,HELLO
HELLO,0.6577626466751099,0.5699867010116577,1.3428149259198108e-07,0.5988420248031616,0.5567636489868164,-0.01799999736249447,0.551952064037323,0.5113304853439331,-0.027714984491467476,0.5228700041770935,0.46980369091033936,-0.036823321133852005,0.4918258786201477,0.44836515188217163,-0.0463358610868454,0.5668528079986572,0.3955841064453125,-0.013766446150839329,0.5432909727096558,0.3218842148780823,-0.027710970491170883,0.5300576090812683,0.276081919670105,-0.04158210754394531,0.5180673599243164,0.23576247692108154,-0.052724745124578476,0.5980955362319946,0.3799077570438385,-0.017058558762073517,0.5767120122909546,0.29939162731170654,-0.02834876999258995,0.5631238222122192,0.24814626574516296,-0.04096350446343422,0.54964679479599,0.20291846990585327,-0.05107256770133972,0.6317005157470703,0.3824670612812042,-0.02328384853899479,0.6149190664291382,0.3066328763961792,-0.03543537110090256,0.6021788120269775,0.260846883058548,-0.047367144376039505,0.5889086127281189,0.22148779034614563,-0.056137457489967346,0.6679596900939941,0.39715439081192017,-0.03148220106959343,0.6620456576347351,0.3370403051376343,-0.04239216819405556,0.6554723978042603,0.2984340786933899,-0.04930698871612549,0.6487477421760559,0.26217666268348694,-0.05452772229909897,HELLO
HELLO,0.659612774848938,0.5728864073753357,1.078440163837513e-07,0.6007079482078552,0.5583775043487549,-0.01639549620449543,0.5525563955307007,0.5118904709815979,-0.024428782984614372,0.5232431888580322,0.4695073962211609,-0.03216040879487991,0.4923206865787506,0.4507284164428711,-0.04026640206575394,0.5679556131362915,0.39579516649246216,-0.01033154595643282,0.5437218546867371,0.3216486871242523,-0.023309309035539627,0.5303749442100525,0.2760270833969116,-0.036570191383361816,0.518390417098999,0.23646874725818634,-0.047268737107515335,0.5987232327461243,0.3796698749065399,-0.013935664668679237,0.5766568779945374,0.29799753427505493,-0.0245247520506382,0.5625311136245728,0.2465851753950119,-0.03664050251245499,0.5487611293792725,0.20245517790317535,-0.04630778357386589,0.632366418838501,0.38212722539901733,-0.020486710593104362,0.615479052066803,0.30638739466667175,-0.03194395825266838,0.6023638844490051,0.2606772184371948,-0.04346809163689613,0.5885263085365295,0.2218402624130249,-0.051968928426504135,0.6691761612892151,0.3972480297088623,-0.028960561379790306,0.6636703014373779,0.3371683955192566,-0.039072971791028976,0.6567221283912659,0.29875481128692627,-0.04548865929245949,0.6490253210067749,0.26313701272010803,-0.05040286108851433,HELLO
HELLO,0.658169150352478,0.5718597769737244,1.0776940939649648e-07,0.5998945832252502,0.5571389198303223,-0.017649881541728973,0.5523136854171753,0.5116628408432007,-0.027425915002822876,0.5228167772293091,0.4706190824508667,-0.03668031468987465,0.4925997257232666,0.4491865038871765,-0.04637739062309265,0.5674632787704468,0.3961257338523865,-0.014524199068546295,0.542862057685852,0.3225279748439789,-0.028860237449407578,0.5296512246131897,0.27646058797836304,-0.042578913271427155,0.5180774927139282,0.23645177483558655,-0.05361228436231613,0.5985018014907837,0.38049182295799255,-0.018225762993097305,0.575920581817627,0.29913049936294556,-0.030298283323645592,0.5619236826896667,0.24797719717025757,-0.04277538135647774,0.5486013889312744,0.20401602983474731,-0.05260929837822914,0.6325808763504028,0.38382166624069214,-0.02480265311896801,0.6158387660980225,0.3069945275783539,-0.03782885521650314,0.6026172041893005,0.26046961545944214,-0.04973912239074707,0.5888330340385437,0.22030271589756012,-0.058427758514881134,0.6694226264953613,0.40003302693367004,-0.03324511647224426,0.6638328433036804,0.3399268388748169,-0.04504537954926491,0.6567931175231934,0.3008716106414795,-0.052146296948194504,0.6488776803016663,0.26407790184020996,-0.05740155279636383,HELLO
HELLO,0.658169150352478,0.5718597769737244,1.0776940939649648e-07,0.5998945832252502,0.5571389198303223,-0.017649881541728973,0.5523136854171753,0.5116628408432007,-0.027425915002822876,0.5228167772293091,0.4706190824508667,-0.03668031468987465,0.4925997257232666,0.4491865038871765,-0.04637739062309265,0.5674632787704468,0.3961257338523865,-0.014524199068546295,0.542862057685852,0.3225279748439789,-0.028860237449407578,0.5296512246131897,0.27646058797836304,-0.042578913271427155,0.5180774927139282,0.23645177483558655,-0.05361228436231613,0.5985018014907837,0.38049182295799255,-0.018225762993097305,0.575920581817627,0.29913049936294556,-0.030298283323645592,0.5619236826896667,0.24797719717025757,-0.04277538135647774,0.5486013889312744,0.20401602983474731,-0.05260929837822914,0.6325808763504028,0.38382166624069214,-0.02480265311896801,0.6158387660980225,0.3069945275783539,-0.03782885521650314,0.6026172041893005,0.26046961545944214,-0.04973912239074707,0.5888330340385437,0.22030271589756012,-0.058427758514881134,0.6694226264953613,0.40003302693367004,-0.03324511647224426,0.6638328433036804,0.3399268388748169,-0.04504537954926491,0.6567931175231934,0.3008716106414795,-0.052146296948194504,0.6488776803016663,0.26407790184020996,-0.05740155279636383,HELLO
HELLO,0.658169150352478,0.5718597769737244,1.0776940939649648e-07,0.5998945832252502,0.5571389198303223,-0.017649881541728973,0.5523136854171753,0.5116628408432007,-0.027425915002822876,0.5228167772293091,0.4706190824508667,-0.03668031468987465,0.4925997257232666,0.4491865038871765,-0.04637739062309265,0.5674632787704468,0.3961257338523865,-0.014524199068546295,0.542862057685852,0.3225279748439789,-0.028860237449407578,0.5296512246131897,0.27646058797836304,-0.042578913271427155,0.5180774927139282,0.23645177483558655,-0.05361228436231613,0.5985018014907837,0.38049182295799255,-0.018225762993097305,0.575920581817627,0.29913049936294556,-0.030298283323645592,0.5619236826896667,0.24797719717025757,-0.04277538135647774,0.5486013889312744,0.20401602983474731,-0.05260929837822914,0.6325808763504028,0.38382166624069214,-0.02480265311896801,0.6158387660980225,0.3069945275783539,-0.03782885521650314,0.6026172041893005,0.26046961545944214,-0.04973912239074707,0.5888330340385437,0.22030271589756012,-0.058427758514881134,0.6694226264953613,0.40003302693367004,-0.03324511647224426,0.6638328433036804,0.3399268388748169,-0.04504537954926491,0.6567931175231934,0.3008716106414795,-0.052146296948194504,0.6488776803016663,0.26407790184020996,-0.05740155279636383,HELLO
HELLO,0.6571811437606812,0.5706942677497864,1.214116451819791e-07,0.5992271304130554,0.5564250946044922,-0.018504027277231216,0.5522896647453308,0.5110295414924622,-0.029146332293748856,0.5227651000022888,0.4698265790939331,-0.0391007624566555,0.4912753701210022,0.4481370747089386,-0.04955655336380005,0.5666384100914001,0.39616525173187256,-0.016767334192991257,0.5421753525733948,0.32201579213142395,-0.032532744109630585,0.5286886692047119,0.2752498984336853,-0.047165460884571075,0.516507625579834,0.23447078466415405,-0.0585545189678669,0.5976791977882385,0.38077986240386963,-0.020316703245043755,0.5757534503936768,0.30016207695007324,-0.03372238203883171,0.5619840025901794,0.24835054576396942,-0.04723143205046654,0.5483598709106445,0.20313005149364471,-0.05759274959564209,0.6317154765129089,0.3833464980125427,-0.026688892394304276,0.6151244640350342,0.3081217408180237,-0.040426041930913925,0.6023178100585938,0.2611672580242157,-0.05279921367764473,0.5888972878456116,0.22075849771499634,-0.06152847036719322,0.6684693098068237,0.39761948585510254,-0.03496247157454491,0.6617956161499023,0.3370422124862671,-0.046728573739528656,0.6550748944282532,0.2977724075317383,-0.05361726135015488,0.64805006980896,0.2613268196582794,-0.05858117341995239,HELLO
HELLO,0.6571811437606812,0.5706942677497864,1.214116451819791e-07,0.5992271304130554,0.5564250946044922,-0.018504027277231216,0.5522896647453308,0.5110295414924622,-0.029146332293748856,0.5227651000022888,0.4698265790939331,-0.0391007624566555,0.4912753701210022,0.4481370747089386,-0.04955655336380005,0.5666384100914001,0.39616525173187256,-0.016767334192991257,0.5421753525733948,0.32201579213142395,-0.032532744109630585,0.5286886692047119,0.2752498984336853,-0.047165460884571075,0.516507625579834,0.23447078466415405,-0.0585545189678669,0.5976791977882385,0.38077986240386963,-0.020316703245043755,0.5757534503936768,0.30016207695007324,-0.03372238203883171,0.5619840025901794,0.24835054576396942,-0.04723143205046654,0.5483598709106445,0.20313005149364471,-0.05759274959564209,0.6317154765129089,0.3833464980125427,-0.026688892394304276,0.6151244640350342,0.3081217408180237,-0.040426041930913925,0.6023178100585938,0.2611672580242157,-0.05279921367764473,0.5888972878456116,0.22075849771499634,-0.06152847036719322,0.6684693098068237,0.39761948585510254,-0.03496247157454491,0.6617956161499023,0.3370422124862671,-0.046728573739528656,0.6550748944282532,0.2977724075317383,-0.05361726135015488,0.64805006980896,0.2613268196582794,-0.05858117341995239,HELLO
HELLO,0.6571811437606812,0.5706942677497864,1.214116451819791e-07,0.5992271304130554,0.5564250946044922,-0.018504027277231216,0.5522896647453308,0.5110295414924622,-0.029146332293748856,0.5227651000022888,0.4698265790939331,-0.0391007624566555,0.4912753701210022,0.4481370747089386,-0.04955655336380005,0.5666384100914001,0.39616525173187256,-0.016767334192991257,0.5421753525733948,0.32201579213142395,-0.032532744109630585,0.5286886692047119,0.2752498984336853,-0.047165460884571075,0.516507625579834,0.23447078466415405,-0.0585545189678669,0.5976791977882385,0.38077986240386963,-0.020316703245043755,0.5757534503936768,0.30016207695007324,-0.03372238203883171,0.5619840025901794,0.24835054576396942,-0.04723143205046654,0.5483598709106445,0.20313005149364471,-0.05759274959564209,0.6317154765129089,0.3833464980125427,-0.026688892394304276,0.6151244640350342,0.3081217408180237,-0.040426041930913925,0.6023178100585938,0.2611672580242157,-0.05279921367764473,0.5888972878456116,0.22075849771499634,-0.06152847036719322,0.6684693098068237,0.39761948585510254,-0.03496247157454491,0.6617956161499023,0.3370422124862671,-0.046728573739528656,0.6550748944282532,0.2977724075317383,-0.05361726135015488,0.64805006980896,0.2613268196582794,-0.05858117341995239,HELLO
HELLO,0.6583353281021118,0.572748064994812,1.1812023359425439e-07,0.5988848805427551,0.5589734315872192,-0.017554184421896935,0.5516936779022217,0.5124143958091736,-0.026805290952324867,0.5229846239089966,0.4702805280685425,-0.03562573343515396,0.492075651884079,0.44834625720977783,-0.04497464746236801,0.5659626722335815,0.39641037583351135,-0.013532489538192749,0.5414396524429321,0.3226523995399475,-0.02860107645392418,0.5277106761932373,0.27592360973358154,-0.043357741087675095,0.5154603719711304,0.23468945920467377,-0.05504337698221207,0.5975111126899719,0.38052091002464294,-0.017354100942611694,0.5754889249801636,0.3008544147014618,-0.029984408989548683,0.5616611242294312,0.2490108162164688,-0.043699607253074646,0.5477858185768127,0.20299363136291504,-0.05444823205471039,0.6316327452659607,0.3827098608016968,-0.024123670533299446,0.6148843169212341,0.30798378586769104,-0.037448715418577194,0.6018084287643433,0.2618430554866791,-0.050071682780981064,0.5879596471786499,0.22194136679172516,-0.059089384973049164,0.6681846380233765,0.39664965867996216,-0.03278719261288643,0.6612260341644287,0.3359050750732422,-0.044404398649930954,0.6544322967529297,0.2971341013908386,-0.05150168761610985,0.647577166557312,0.26078811287879944,-0.056710079312324524,HELLO
HELLO,0.6583353281021118,0.572748064994812,1.1812023359425439e-07,0.5988848805427551,0.5589734315872192,-0.017554184421896935,0.5516936779022217,0.5124143958091736,-0.026805290952324867,0.5229846239089966,0.4702805280685425,-0.03562573343515396,0.492075651884079,0.44834625720977783,-0.04497464746236801,0.5659626722335815,0.39641037583351135,-0.013532489538192749,0.5414396524429321,0.3226523995399475,-0.02860107645392418,0.5277106761932373,0.27592360973358154,-0.043357741087675095,0.5154603719711304,0.23468945920467377,-0.05504337698221207,0.5975111126899719,0.38052091002464294,-0.017354100942611694,0.5754889249801636,0.3008544147014618,-0.029984408989548683,0.5616611242294312,0.2490108162164688,-0.043699607253074646,0.5477858185768127,0.20299363136291504,-0.05444823205471039,0.6316327452659607,0.3827098608016968,-0.024123670533299446,0.6148843169212341,0.30798378586769104,-0.037448715418577194,0.6018084287643433,0.2618430554866791,-0.050071682780981064,0.5879596471786499,0.22194136679172516,-0.059089384973049164,0.6681846380233765,0.39664965867996216,-0.03278719261288643,0.6612260341644287,0.3359050750732422,-0.044404398649930954,0.6544322967529297,0.2971341013908386,-0.05150168761610985,0.647577166557312,0.26078811287879944,-0.056710079312324524,HELLO
HELLO,0.6583353281021118,0.572748064994812,1.1812023359425439e-07,0.5988848805427551,0.5589734315872192,-0.017554184421896935,0.5516936779022217,0.5124143958091736,-0.026805290952324867,0.5229846239089966,0.4702805280685425,-0.03562573343515396,0.492075651884079,0.44834625720977783,-0.04497464746236801,0.5659626722335815,0.39641037583351135,-0.013532489538192749,0.5414396524429321,0.3226523995399475,-0.02860107645392418,0.5277106761932373,0.27592360973358154,-0.043357741087675095,0.5154603719711304,0.23468945920467377,-0.05504337698221207,0.5975111126899719,0.38052091002464294,-0.017354100942611694,0.5754889249801636,0.3008544147014618,-0.029984408989548683,0.5616611242294312,0.2490108162164688,-0.043699607253074646,0.5477858185768127,0.20299363136291504,-0.05444823205471039,0.6316327452659607,0.3827098608016968,-0.024123670533299446,0.6148843169212341,0.30798378586769104,-0.037448715418577194,0.6018084287643433,0.2618430554866791,-0.050071682780981064,0.5879596471786499,0.22194136679172516,-0.059089384973049164,0.6681846380233765,0.39664965867996216,-0.03278719261288643,0.6612260341644287,0.3359050750732422,-0.044404398649930954,0.6544322967529297,0.2971341013908386,-0.05150168761610985,0.647577166557312,0.26078811287879944,-0.056710079312324524,HELLO
HELLO,0.6581282019615173,0.5749818682670593,9.464115180435329e-08,0.598347008228302,0.5593879222869873,-0.016562417149543762,0.5506579279899597,0.5113956332206726,-0.024683983996510506,0.522347092628479,0.469077467918396,-0.032533708959817886,0.491620272397995,0.4485408365726471,-0.040858928114175797,0.5663642287254333,0.3948323726654053,-0.01140399556607008,0.5427036285400391,0.32011741399765015,-0.025227533653378487,0.5294954776763916,0.27414605021476746,-0.03897646814584732,0.5172656774520874,0.23363928496837616,-0.050031889230012894,0.5975777506828308,0.3796587586402893,-0.015482555143535137,0.5757479667663574,0.297797292470932,-0.02722777985036373,0.5615085959434509,0.2458733767271042,-0.04010374844074249,0.5475980639457703,0.20020924508571625,-0.05031441152095795,0.6313742995262146,0.38279491662979126,-0.022521793842315674,0.6149716377258301,0.305992066860199,-0.03536377102136612,0.6014012694358826,0.25968241691589355,-0.04759877547621727,0.5873168706893921,0.21934965252876282,-0.05651093274354935,0.6680383682250977,0.3982780873775482,-0.0314333401620388,0.6623080372810364,0.3376782238483429,-0.04312761500477791,0.6558620929718018,0.2984638214111328,-0.05043241009116173,0.6490431427955627,0.2613804042339325,-0.05590958893299103,HELLO
HELLO,0.6581282019615173,0.5749818682670593,9.464115180435329e-08,0.598347008228302,0.5593879222869873,-0.016562417149543762,0.5506579279899597,0.5113956332206726,-0.024683983996510506,0.522347092628479,0.469077467918396,-0.032533708959817886,0.491620272397995,0.4485408365726471,-0.040858928114175797,0.5663642287254333,0.3948323726654053,-0.01140399556607008,0.5427036285400391,0.32011741399765015,-0.025227533653378487,0.5294954776763916,0.27414605021476746,-0.03897646814584732,0.5172656774520874,0.23363928496837616,-0.050031889230012894,0.5975777506828308,0.3796587586402893,-0.015482555143535137,0.5757479667663574,0.297797292470932,-0.02722777985036373,0.5615085959434509,0.2458733767271042,-0.04010374844074249,0.5475980639457703,0.20020924508571625,-0.05031441152095795,0.6313742995262146,0.38279491662979126,-0.022521793842315674,0.6149716377258301,0.305992066860199,-0.03536377102136612,0.6014012694358826,0.25968241691589355,-0.04759877547621727,0.5873168706893921,0.21934965252876282,-0.05651093274354935,0.6680383682250977,0.3982780873775482,-0.0314333401620388,0.6623080372810364,0.3376782238483429,-0.04312761500477791,0.6558620929718018,0.2984638214111328,-0.05043241009116173,0.6490431427955627,0.2613804042339325,-0.05590958893299103,HELLO
HELLO,0.6590328216552734,0.5718633532524109,1.207673818726107e-07,0.5991000533103943,0.5568158626556396,-0.017652902752161026,0.5517285466194153,0.5115339756011963,-0.02744126133620739,0.5235814452171326,0.4695611894130707,-0.03687776252627373,0.49344050884246826,0.44685375690460205,-0.04681847617030144,0.5676711797714233,0.3943251073360443,-0.013547077775001526,0.5438164472579956,0.3199036419391632,-0.028288708999753,0.5305370092391968,0.27421557903289795,-0.042664267122745514,0.518363356590271,0.23410561680793762,-0.054060667753219604,0.5994551181793213,0.37944188714027405,-0.017440790310502052,0.5779312252998352,0.297538161277771,-0.03018312342464924,0.5640627145767212,0.245730921626091,-0.04386822506785393,0.5505515336990356,0.20039737224578857,-0.05454469472169876,0.6335448026657104,0.38301658630371094,-0.024312542751431465,0.6170142292976379,0.3065202236175537,-0.037856101989746094,0.6034316420555115,0.260225385427475,-0.05054919049143791,0.5894578099250793,0.22050033509731293,-0.05963161587715149,0.6708129048347473,0.39891210198402405,-0.03306112810969353,0.6651474237442017,0.3376217484474182,-0.04489313066005707,0.6580463647842407,0.2983090877532959,-0.052229415625333786,0.6502818465232849,0.2612593472003937,-0.05763653293251991,HELLO
HELLO,0.6590328216552734,0.5718633532524109,1.207673818726107e-07,0.5991000533103943,0.5568158626556396,-0.017652902752161026,0.5517285466194153,0.5115339756011963,-0.02744126133620739,0.5235814452171326,0.4695611894130707,-0.03687776252627373,0.49344050884246826,0.44685375690460205,-0.04681847617030144,0.5676711797714233,0.3943251073360443,-0.013547077775001526,0.5438164472579956,0.3199036419391632,-0.028288708999753,0.5305370092391968,0.27421557903289795,-0.042664267122745514,0.518363356590271,0.23410561680793762,-0.054060667753219604,0.5994551181793213,0.37944188714027405,-0.017440790310502052,0.5779312252998352,0.297538161277771,-0.03018312342464924,0.5640627145767212,0.245730921626091,-0.04386822506785393,0.5505515336990356,0.20039737224578857,-0.05454469472169876,0.6335448026657104,0.38301658630371094,-0.024312542751431465,0.6170142292976379,0.3065202236175537,-0.037856101989746094,0.6034316420555115,0.260225385427475,-0.05054919049143791,0.5894578099250793,0.22050033509731293,-0.05963161587715149,0.6708129048347473,0.39891210198402405,-0.03306112810969353,0.6651474237442017,0.3376217484474182,-0.04489313066005707,0.6580463647842407,0.2983090877532959,-0.052229415625333786,0.6502818465232849,0.2612593472003937,-0.05763653293251991,HELLO
HELLO,0.6590328216552734,0.5718633532524109,1.207673818726107e-07,0.5991000533103943,0.5568158626556396,-0.017652902752161026,0.5517285466194153,0.5115339756011963,-0.02744126133620739,0.5235814452171326,0.4695611894130707,-0.03687776252627373,0.49344050884246826,0.44685375690460205,-0.04681847617030144,0.5676711797714233,0.3943251073360443,-0.013547077775001526,0.5438164472579956,0.3199036419391632,-0.028288708999753,0.5305370092391968,0.27421557903289795,-0.042664267122745514,0.518363356590271,0.23410561680793762,-0.054060667753219604,0.5994551181793213,0.37944188714027405,-0.017440790310502052,0.5779312252998352,0.297538161277771,-0.03018312342464924,0.5640627145767212,0.245730921626091,-0.04386822506785393,0.5505515336990356,0.20039737224578857,-0.05454469472169876,0.6335448026657104,0.38301658630371094,-0.024312542751431465,0.6170142292976379,0.3065202236175537,-0.037856101989746094,0.6034316420555115,0.260225385427475,-0.05054919049143791,0.5894578099250793,0.22050033509731293,-0.05963161587715149,0.6708129048347473,0.39891210198402405,-0.03306112810969353,0.6651474237442017,0.3376217484474182,-0.04489313066005707,0.6580463647842407,0.2983090877532959,-0.052229415625333786,0.6502818465232849,0.2612593472003937,-0.05763653293251991,HELLO
HELLO,0.6590328216552734,0.5718633532524109,1.207673818726107e-07,0.5991000533103943,0.5568158626556396,-0.017652902752161026,0.5517285466194153,0.5115339756011963,-0.02744126133620739,0.5235814452171326,0.4695611894130707,-0.03687776252627373,0.49344050884246826,0.44685375690460205,-0.04681847617030144,0.5676711797714233,0.3943251073360443,-0.013547077775001526,0.5438164472579956,0.3199036419391632,-0.028288708999753,0.5305370092391968,0.27421557903289795,-0.042664267122745514,0.518363356590271,0.23410561680793762,-0.054060667753219604,0.5994551181793213,0.37944188714027405,-0.017440790310502052,0.5779312252998352,0.297538161277771,-0.03018312342464924,0.5640627145767212,0.245730921626091,-0.04386822506785393,0.5505515336990356,0.20039737224578857,-0.05454469472169876,0.6335448026657104,0.38301658630371094,-0.024312542751431465,0.6170142292976379,0.3065202236175537,-0.037856101989746094,0.6034316420555115,0.260225385427475,-0.05054919049143791,0.5894578099250793,0.22050033509731293,-0.05963161587715149,0.6708129048347473,0.39891210198402405,-0.03306112810969353,0.6651474237442017,0.3376217484474182,-0.04489313066005707,0.6580463647842407,0.2983090877532959,-0.052229415625333786,0.6502818465232849,0.2612593472003937,-0.05763653293251991,HELLO
HELLO,0.6595907807350159,0.5738948583602905,1.2345859090601152e-07,0.6008718609809875,0.5584495067596436,-0.017739029601216316,0.5537124872207642,0.5117844343185425,-0.027057642117142677,0.5251560211181641,0.4698140621185303,-0.035819895565509796,0.4937576353549957,0.44932985305786133,-0.045108865946531296,0.5691837072372437,0.39583873748779297,-0.013757913373410702,0.5452178120613098,0.3208840489387512,-0.028309272602200508,0.5315194129943848,0.27375829219818115,-0.04255184158682823,0.5189301371574402,0.23259581625461578,-0.053895123302936554,0.6005268096923828,0.38084501028060913,-0.017553672194480896,0.5788105130195618,0.2993893623352051,-0.030162230134010315,0.5650076270103455,0.24612002074718475,-0.04366748034954071,0.5513189435005188,0.1998191475868225,-0.054228756576776505,0.6343106031417847,0.383923202753067,-0.024289453402161598,0.61850506067276,0.3087513744831085,-0.037920866161584854,0.6054986119270325,0.2620849311351776,-0.05065089464187622,0.5916022062301636,0.22187915444374084,-0.05970045179128647,0.6709486842155457,0.399018794298172,-0.032911695539951324,0.6657243967056274,0.3377741575241089,-0.04494507983326912,0.6594337224960327,0.2983405590057373,-0.05223974213004112,0.652445912361145,0.2615504264831543,-0.05762948468327522,HELLO
HELLO,0.6595907807350159,0.5738948583602905,1.2345859090601152e-07,0.6008718609809875,0.5584495067596436,-0.017739029601216316,0.5537124872207642,0.5117844343185425,-0.027057642117142677,0.5251560211181641,0.4698140621185303,-0.035819895565509796,0.4937576353549957,0.44932985305786133,-0.045108865946531296,0.5691837072372437,0.39583873748779297,-0.013757913373410702,0.5452178120613098,0.3208840489387512,-0.028309272602200508,0.5315194129943848,0.27375829219818115,-0.04255184158682823,0.5189301371574402,0.23259581625461578,-0.053895123302936554,0.6005268096923828,0.38084501028060913,-0.017553672194480896,0.5788105130195618,0.2993893623352051,-0.030162230134010315,0.5650076270103455,0.24612002074718475,-0.04366748034954071,0.5513189435005188,0.1998191475868225,-0.054228756576776505,0.6343106031417847,0.383923202753067,-0.024289453402161598,0.61850506067276,0.3087513744831085,-0.037920866161584854,0.6054986119270325,0.2620849311351776,-0.05065089464187622,0.5916022062301636,0.22187915444374084,-0.05970045179128647,0.6709486842155457,0.399018794298172,-0.032911695539951324,0.6657243967056274,0.3377741575241089,-0.04494507983326912,0.6594337224960327,0.2983405590057373,-0.05223974213004112,0.652445912361145,0.2615504264831543,-0.05762948468327522,HELLO
HELLO,0.6595907807350159,0.5738948583602905,1.2345859090601152e-07,0.6008718609809875,0.5584495067596436,-0.017739029601216316,0.5537124872207642,0.5117844343185425,-0.027057642117142677,0.5251560211181641,0.4698140621185303,-0.035819895565509796,0.4937576353549957,0.44932985305786133,-0.045108865946531296,0.5691837072372437,0.39583873748779297,-0.013757913373410702,0.5452178120613098,0.3208840489387512,-0.028309272602200508,0.5315194129943848,0.27375829219818115,-0.04255184158682823,0.5189301371574402,0.23259581625461578,-0.053895123302936554,0.6005268096923828,0.38084501028060913,-0.017553672194480896,0.5788105130195618,0.2993893623352051,-0.030162230134010315,0.5650076270103455,0.24612002074718475,-0.04366748034954071,0.5513189435005188,0.1998191475868225,-0.054228756576776505,0.6343106031417847,0.383923202753067,-0.024289453402161598,0.61850506067276,0.3087513744831085,-0.037920866161584854,0.6054986119270325,0.2620849311351776,-0.05065089464187622,0.5916022062301636,0.22187915444374084,-0.05970045179128647,0.6709486842155457,0.399018794298172,-0.032911695539951324,0.6657243967056274,0.3377741575241089,-0.04494507983326912,0.6594337224960327,0.2983405590057373,-0.05223974213004112,0.652445912361145,0.2615504264831543,-0.05762948468327522,HELLO
HELLO,0.6588972210884094,0.5720772743225098,1.1961127199811017e-07,0.6000438332557678,0.55698561668396,-0.01898662932217121,0.5533546209335327,0.5114233493804932,-0.029019372537732124,0.5252183675765991,0.46990135312080383,-0.0381866954267025,0.49475061893463135,0.44933658838272095,-0.047759320586919785,0.5689863562583923,0.39467188715934753,-0.014921900816261768,0.5451197624206543,0.32064005732536316,-0.029258256778120995,0.5322402715682983,0.27412325143814087,-0.04332534968852997,0.5207037925720215,0.2334470897912979,-0.05459653586149216,0.6006582975387573,0.3795855641365051,-0.018003061413764954,0.578869104385376,0.29882848262786865,-0.030135247856378555,0.5647993683815002,0.24713867902755737,-0.04313485696911812,0.551211953163147,0.2023574411869049,-0.05338608846068382,0.6347889304161072,0.3830811679363251,-0.024089017882943153,0.618837833404541,0.3076816499233246,-0.037190645933151245,0.6057435274124146,0.2609218657016754,-0.04940112307667732,0.5923646092414856,0.2201189547777176,-0.058241769671440125,0.6715319156646729,0.3987821638584137,-0.03218917176127434,0.6661229729652405,0.3376997113227844,-0.04400021955370903,0.659616231918335,0.29848513007164,-0.05109088495373726,0.6526421308517456,0.26124072074890137,-0.05633961036801338,HELLO
HELLO,0.6588972210884094,0.5720772743225098,1.1961127199811017e-07,0.6000438332557678,0.55698561668396,-0.01898662932217121,0.5533546209335327,0.5114233493804932,-0.029019372537732124,0.5252183675765991,0.46990135312080383,-0.0381866954267025,0.49475061893463135,0.44933658838272095,-0.047759320586919785,0.5689863562583923,0.39467188715934753,-0.014921900816261768,0.5451197624206543,0.32064005732536316,-0.029258256778120995,0.5322402715682983,0.27412325143814087,-0.04332534968852997,0.5207037925720215,0.2334470897912979,-0.05459653586149216,0.6006582975387573,0.3795855641365051,-0.018003061413764954,0.578869104385376,0.29882848262786865,-0.030135247856378555,0.5647993683815002,0.24713867902755737,-0.04313485696911812,0.551211953163147,0.2023574411869049,-0.05338608846068382,0.6347889304161072,0.3830811679363251,-0.024089017882943153,0.618837833404541,0.3076816499233246,-0.037190645933151245,0.6057435274124146,0.2609218657016754,-0.04940112307667732,0.5923646092414856,0.2201189547777176,-0.058241769671440125,0.6715319156646729,0.3987821638584137,-0.03218917176127434,0.6661229729652405,0.3376997113227844,-0.04400021955370903,0.659616231918335,0.29848513007164,-0.05109088495373726,0.6526421308517456,0.26124072074890137,-0.05633961036801338,HELLO
HELLO,0.6588972210884094,0.5720772743225098,1.1961127199811017e-07,0.6000438332557678,0.55698561668396,-0.01898662932217121,0.5533546209335327,0.5114233493804932,-0.029019372537732124,0.5252183675765991,0.46990135312080383,-0.0381866954267025,0.49475061893463135,0.44933658838272095,-0.047759320586919785,0.5689863562583923,0.39467188715934753,-0.014921900816261768,0.5451197624206543,0.32064005732536316,-0.029258256778120995,0.5322402715682983,0.27412325143814087,-0.04332534968852997,0.5207037925720215,0.2334470897912979,-0.05459653586149216,0.6006582975387573,0.3795855641365051,-0.018003061413764954,0.578869104385376,0.29882848262786865,-0.030135247856378555,0.5647993683815002,0.24713867902755737,-0.04313485696911812,0.551211953163147,0.2023574411869049,-0.05338608846068382,0.6347889304161072,0.3830811679363251,-0.024089017882943153,0.618837833404541,0.3076816499233246,-0.037190645933151245,0.6057435274124146,0.2609218657016754,-0.04940112307667732,0.5923646092414856,0.2201189547777176,-0.058241769671440125,0.6715319156646729,0.3987821638584137,-0.03218917176127434,0.6661229729652405,0.3376997113227844,-0.04400021955370903,0.659616231918335,0.29848513007164,-0.05109088495373726,0.6526421308517456,0.26124072074890137,-0.05633961036801338,HELLO
HELLO,0.6595762372016907,0.5733290314674377,1.0727862331805227e-07,0.6026719808578491,0.558106541633606,-0.018738795071840286,0.5561169981956482,0.5135384202003479,-0.028727233409881592,0.5279362201690674,0.47084444761276245,-0.03833143785595894,0.4971526265144348,0.4489073157310486,-0.04832615330815315,0.5703078508377075,0.3966147303581238,-0.013582268729805946,0.5462543964385986,0.32287847995758057,-0.028346948325634003,0.5325480103492737,0.2766883373260498,-0.04285600781440735,0.5206133723258972,0.2357444167137146,-0.05433783680200577,0.6008899807929993,0.38032448291778564,-0.016982704401016235,0.5790764093399048,0.29644545912742615,-0.029032526537775993,0.564814567565918,0.24489763379096985,-0.04158022999763489,0.551842212677002,0.20084811747074127,-0.05157814174890518,0.6343388557434082,0.38302093744277954,-0.02347775734961033,0.6185534596443176,0.3056078255176544,-0.03589651733636856,0.6059929132461548,0.2605797052383423,-0.04658474028110504,0.5934284329414368,0.22165203094482422,-0.054609689861536026,0.6708512902259827,0.39854493737220764,-0.032236430794000626,0.667104184627533,0.3366376757621765,-0.04255681857466698,0.6619038581848145,0.29802823066711426,-0.04803738370537758,0.6560852527618408,0.26156020164489746,-0.05237354710698128,HELLO
HELLO,0.6595762372016907,0.5733290314674377,1.0727862331805227e-07,0.6026719808578491,0.558106541633606,-0.018738795071840286,0.5561169981956482,0.5135384202003479,-0.028727233409881592,0.5279362201690674,0.47084444761276245,-0.03833143785595894,0.4971526265144348,0.4489073157310486,-0.04832615330815315,0.5703078508377075,0.3966147303581238,-0.013582268729805946,0.5462543964385986,0.32287847995758057,-0.028346948325634003,0.5325480103492737,0.2766883373260498,-0.04285600781440735,0.5206133723258972,0.2357444167137146,-0.05433783680200577,0.6008899807929993,0.38032448291778564,-0.016982704401016235,0.5790764093399048,0.29644545912742615,-0.029032526537775993,0.564814567565918,0.24489763379096985,-0.04158022999763489,0.551842212677002,0.20084811747074127,-0.05157814174890518,0.6343388557434082,0.38302093744277954,-0.02347775734961033,0.6185534596443176,0.3056078255176544,-0.03589651733636856,0.6059929132461548,0.2605797052383423,-0.04658474028110504,0.5934284329414368,0.22165203094482422,-0.054609689861536026,0.6708512902259827,0.39854493737220764,-0.032236430794000626,0.667104184627533,0.3366376757621765,-0.04255681857466698,0.6619038581848145,0.29802823066711426,-0.04803738370537758,0.6560852527618408,0.26156020164489746,-0.05237354710698128,HELLO
HELLO,0.6635611057281494,0.5753584504127502,9.085580643386493e-08,0.6046110987663269,0.5598846673965454,-0.018251175060868263,0.5570214986801147,0.5127855539321899,-0.0270391833037138,0.5273467898368835,0.46885353326797485,-0.03565555065870285,0.49587059020996094,0.446806401014328,-0.044709596782922745,0.5720856189727783,0.39737582206726074,-0.010689917020499706,0.5471792817115784,0.32245510816574097,-0.024512197822332382,0.5335026979446411,0.2762855291366577,-0.038532231003046036,0.5212957262992859,0.23528313636779785,-0.0498330220580101,0.6031253337860107,0.380797803401947,-0.013860926032066345,0.580419659614563,0.2967545688152313,-0.02553511969745159,0.5654504895210266,0.24504734575748444,-0.03846663236618042,0.5513721108436584,0.20066387951374054,-0.0488482341170311,0.6368522644042969,0.38321325182914734,-0.020261133089661598,0.6200318932533264,0.3063557744026184,-0.032377492636442184,0.6060594916343689,0.2597777843475342,-0.04408668726682663,0.5918309688568115,0.21975231170654297,-0.05293070897459984,0.6737661957740784,0.3986925184726715,-0.028885817155241966,0.6692265868186951,0.33719903230667114,-0.03902696445584297,0.6627660989761353,0.29746824502944946,-0.04548228159546852,0.6554833650588989,0.25981470942497253,-0.050715137273073196,HELLO
HELLO,0.6635611057281494,0.5753584504127502,9.085580643386493e-08,0.6046110987663269,0.5598846673965454,-0.018251175060868263,0.5570214986801147,0.5127855539321899,-0.0270391833037138,0.5273467898368835,0.46885353326797485,-0.03565555065870285,0.49587059020996094,0.446806401014328,-0.044709596782922745,0.5720856189727783,0.39737582206726074,-0.010689917020499706,0.5471792817115784,0.32245510816574097,-0.024512197822332382,0.5335026979446411,0.2762855291366577,-0.038532231003046036,0.5212957262992859,0.23528313636779785,-0.0498330220580101,0.6031253337860107,0.380797803401947,-0.013860926032066345,0.580419659614563,0.2967545688152313,-0.02553511969745159,0.5654504895210266,0.24504734575748444,-0.03846663236618042,0.5513721108436584,0.20066387951374054,-0.0488482341170311,0.6368522644042969,0.38321325182914734,-0.020261133089661598,0.6200318932533264,0.3063557744026184,-0.032377492636442184,0.6060594916343689,0.2597777843475342,-0.04408668726682663,0.5918309688568115,0.21975231170654297,-0.05293070897459984,0.6737661957740784,0.3986925184726715,-0.028885817155241966,0.6692265868186951,0.33719903230667114,-0.03902696445584297,0.6627660989761353,0.29746824502944946,-0.04548228159546852,0.6554833650588989,0.25981470942497253,-0.050715137273073196,HELLO
HELLO,0.6635611057281494,0.5753584504127502,9.085580643386493e-08,0.6046110987663269,0.5598846673965454,-0.018251175060868263,0.5570214986801147,0.5127855539321899,-0.0270391833037138,0.5273467898368835,0.46885353326797485,-0.03565555065870285,0.49587059020996094,0.446806401014328,-0.044709596782922745,0.5720856189727783,0.39737582206726074,-0.010689917020499706,0.5471792817115784,0.32245510816574097,-0.024512197822332382,0.5335026979446411,0.2762855291366577,-0.038532231003046036,0.5212957262992859,0.23528313636779785,-0.0498330220580101,0.6031253337860107,0.380797803401947,-0.013860926032066345,0.580419659614563,0.2967545688152313,-0.02553511969745159,0.5654504895210266,0.24504734575748444,-0.03846663236618042,0.5513721108436584,0.20066387951374054,-0.0488482341170311,0.6368522644042969,0.38321325182914734,-0.020261133089661598,0.6200318932533264,0.3063557744026184,-0.032377492636442184,0.6060594916343689,0.2597777843475342,-0.04408668726682663,0.5918309688568115,0.21975231170654297,-0.05293070897459984,0.6737661957740784,0.3986925184726715,-0.028885817155241966,0.6692265868186951,0.33719903230667114,-0.03902696445584297,0.6627660989761353,0.29746824502944946,-0.04548228159546852,0.6554833650588989,0.25981470942497253,-0.050715137273073196,HELLO
HELLO,0.6633023023605347,0.5721266269683838,1.1134287092318118e-07,0.6040657162666321,0.5576831102371216,-0.01794675923883915,0.5564659237861633,0.5124542713165283,-0.02757100947201252,0.5270965099334717,0.47023138403892517,-0.03676224127411842,0.4969330132007599,0.4480900466442108,-0.04636694863438606,0.5715489983558655,0.3962138593196869,-0.013683514669537544,0.547264039516449,0.3221258521080017,-0.028162866830825806,0.5339446663856506,0.27650129795074463,-0.0421825610101223,0.5221706032752991,0.23621709644794464,-0.05330563336610794,0.6031107306480408,0.3798297047615051,-0.01701211743056774,0.5810155272483826,0.2974870204925537,-0.029181428253650665,0.56668621301651,0.2458600103855133,-0.04205978289246559,0.553139865398407,0.20097070932388306,-0.052178919315338135,0.63718181848526,0.3822939395904541,-0.023301338776946068,0.6208034753799438,0.3067288100719452,-0.03596115857362747,0.6074744462966919,0.2603541910648346,-0.04800691455602646,0.5937799215316772,0.22033758461475372,-0.056812796741724014,0.6737511157989502,0.39733004570007324,-0.03156653791666031,0.6687286496162415,0.3371676802635193,-0.04263406619429588,0.6623373031616211,0.2980424165725708,-0.0496038943529129,0.6552324295043945,0.26099154353141785,-0.054825980216264725,HELLO
HELLO,0.6633023023605347,0.5721266269683838,1.1134287092318118e-07,0.6040657162666321,0.5576831102371216,-0.01794675923883915,0.5564659237861633,0.5124542713165283,-0.02757100947201252,0.5270965099334717,0.47023138403892517,-0.03676224127411842,0.4969330132007599,0.4480900466442108,-0.04636694863438606,0.5715489983558655,0.3962138593196869,-0.013683514669537544,0.547264039516449,0.3221258521080017,-0.028162866830825806,0.5339446663856506,0.27650129795074463,-0.0421825610101223,0.5221706032752991,0.23621709644794464,-0.05330563336610794,0.6031107306480408,0.3798297047615051,-0.01701211743056774,0.5810155272483826,0.2974870204925537,-0.029181428253650665,0.56668621301651,0.2458600103855133,-0.04205978289246559,0.553139865398407,0.20097070932388306,-0.052178919315338135,0.63718181848526,0.3822939395904541,-0.023301338776946068,0.6208034753799438,0.3067288100719452,-0.03596115857362747,0.6074744462966919,0.2603541910648346,-0.04800691455602646,0.5937799215316772,0.22033758461475372,-0.056812796741724014,0.6737511157989502,0.39733004570007324,-0.03156653791666031,0.6687286496162415,0.3371676802635193,-0.04263406619429588,0.6623373031616211,0.2980424165725708,-0.0496038943529129,0.6552324295043945,0.26099154353141785,-0.054825980216264725,HELLO
HELLO,0.6633023023605347,0.5721266269683838,1.1134287092318118e-07,0.6040657162666321,0.5576831102371216,-0.01794675923883915,0.5564659237861633,0.5124542713165283,-0.02757100947201252,0.5270965099334717,0.47023138403892517,-0.03676224127411842,0.4969330132007599,0.4480900466442108,-0.04636694863438606,0.5715489983558655,0.3962138593196869,-0.013683514669537544,0.547264039516449,0.3221258521080017,-0.028162866830825806,0.5339446663856506,0.27650129795074463,-0.0421825610101223,0.5221706032752991,0.23621709644794464,-0.05330563336610794,0.6031107306480408,0.3798297047615051,-0.01701211743056774,0.5810155272483826,0.2974870204925537,-0.029181428253650665,0.56668621301651,0.2458600103855133,-0.04205978289246559,0.553139865398407,0.20097070932388306,-0.052178919315338135,0.63718181848526,0.3822939395904541,-0.023301338776946068,0.6208034753799438,0.3067288100719452,-0.03596115857362747,0.6074744462966919,0.2603541910648346,-0.04800691455602646,0.5937799215316772,0.22033758461475372,-0.056812796741724014,0.6737511157989502,0.39733004570007324,-0.03156653791666031,0.6687286496162415,0.3371676802635193,-0.04263406619429588,0.6623373031616211,0.2980424165725708,-0.0496038943529129,0.6552324295043945,0.26099154353141785,-0.054825980216264725,HELLO
HELLO,0.6633023023605347,0.5721266269683838,1.1134287092318118e-07,0.6040657162666321,0.5576831102371216,-0.01794675923883915,0.5564659237861633,0.5124542713165283,-0.02757100947201252,0.5270965099334717,0.47023138403892517,-0.03676224127411842,0.4969330132007599,0.4480900466442108,-0.04636694863438606,0.5715489983558655,0.3962138593196869,-0.013683514669537544,0.547264039516449,0.3221258521080017,-0.028162866830825806,0.5339446663856506,0.27650129795074463,-0.0421825610101223,0.5221706032752991,0.23621709644794464,-0.05330563336610794,0.6031107306480408,0.3798297047615051,-0.01701211743056774,0.5810155272483826,0.2974870204925537,-0.029181428253650665,0.56668621301651,0.2458600103855133,-0.04205978289246559,0.553139865398407,0.20097070932388306,-0.052178919315338135,0.63718181848526,0.3822939395904541,-0.023301338776946068,0.6208034753799438,0.3067288100719452,-0.03596115857362747,0.6074744462966919,0.2603541910648346,-0.04800691455602646,0.5937799215316772,0.22033758461475372,-0.056812796741724014,0.6737511157989502,0.39733004570007324,-0.03156653791666031,0.6687286496162415,0.3371676802635193,-0.04263406619429588,0.6623373031616211,0.2980424165725708,-0.0496038943529129,0.6552324295043945,0.26099154353141785,-0.054825980216264725,HELLO
HELLO,0.6616374850273132,0.5724056959152222,9.598505812391522e-08,0.6038223505020142,0.5579514503479004,-0.018770048394799232,0.5561421513557434,0.5123732089996338,-0.028345609083771706,0.5275638699531555,0.4706476032733917,-0.037245120853185654,0.49763262271881104,0.4477900266647339,-0.04634154215455055,0.5710702538490295,0.3948751389980316,-0.0139424754306674,0.5465665459632874,0.3209942579269409,-0.02823205664753914,0.5334144234657288,0.27569326758384705,-0.042112987488508224,0.5215900540351868,0.23569048941135406,-0.05321524292230606,0.6024994850158691,0.37918248772621155,-0.01700812578201294,0.5794695615768433,0.29638129472732544,-0.028927261009812355,0.5658100247383118,0.24484868347644806,-0.04136131331324577,0.5532700419425964,0.20056062936782837,-0.05124446004629135,0.6365671157836914,0.3828331530094147,-0.023201383650302887,0.620360255241394,0.3068719506263733,-0.03639748692512512,0.608153223991394,0.26218274235725403,-0.04807737097144127,0.5956009030342102,0.22289927303791046,-0.056493815034627914,0.6738382577896118,0.3989805579185486,-0.03146122023463249,0.6693631410598755,0.3386639356613159,-0.04336567223072052,0.6629669070243835,0.30007898807525635,-0.05037326738238335,0.6556196808815002,0.2629334628582001,-0.055548667907714844,HELLO
HELLO,0.6616374850273132,0.5724056959152222,9.598505812391522e-08,0.6038223505020142,0.5579514503479004,-0.018770048394799232,0.5561421513557434,0.5123732089996338,-0.028345609083771706,0.5275638699531555,0.4706476032733917,-0.037245120853185654,0.49763262271881104,0.4477900266647339,-0.04634154215455055,0.5710702538490295,0.3948751389980316,-0.0139424754306674,0.5465665459632874,0.3209942579269409,-0.02823205664753914,0.5334144234657288,0.27569326758384705,-0.042112987488508224,0.5215900540351868,0.23569048941135406,-0.05321524292230606,0.6024994850158691,0.37918248772621155,-0.01700812578201294,0.5794695615768433,0.29638129472732544,-0.028927261009812355,0.5658100247383118,0.24484868347644806,-0.04136131331324577,0.5532700419425964,0.20056062936782837,-0.05124446004629135,0.6365671157836914,0.3828331530094147,-0.023201383650302887,0.620360255241394,0.3068719506263733,-0.03639748692512512,0.608153223991394,0.26218274235725403,-0.04807737097144127,0.5956009030342102,0.22289927303791046,-0.056493815034627914,0.6738382577896118,0.3989805579185486,-0.03146122023463249,0.6693631410598755,0.3386639356613159,-0.04336567223072052,0.6629669070243835,0.30007898807525635,-0.05037326738238335,0.6556196808815002,0.2629334628582001,-0.055548667907714844,HELLO
HELLO,0.6595649123191833,0.5742250680923462,8.15158074374267e-08,0.6006737351417542,0.5582268238067627,-0.01728546805679798,0.5544790029525757,0.5117074847221375,-0.02597537636756897,0.5269109010696411,0.4685746431350708,-0.03450619801878929,0.49652010202407837,0.4463520050048828,-0.04351012781262398,0.5710302591323853,0.3948438763618469,-0.010690544731914997,0.5475742220878601,0.3215349316596985,-0.024383943527936935,0.534389317035675,0.27728384733200073,-0.03825834020972252,0.5221877098083496,0.23776495456695557,-0.04941033944487572,0.6022612452507019,0.3788350224494934,-0.014501634053885937,0.5798425078392029,0.2961389422416687,-0.026146937161684036,0.565534770488739,0.24503450095653534,-0.03896849602460861,0.5520821809768677,0.2011995166540146,-0.04910019040107727,0.635978639125824,0.3820740580558777,-0.021441148594021797,0.6199876666069031,0.30549362301826477,-0.03417319431900978,0.6070526242256165,0.2594803273677826,-0.046127479523420334,0.5937501192092896,0.21924883127212524,-0.05484263598918915,0.6725903749465942,0.3982357680797577,-0.030366122722625732,0.6679039001464844,0.3371075391769409,-0.04138963669538498,0.661915123462677,0.2979723811149597,-0.04806597903370857,0.6552409529685974,0.26069799065589905,-0.05316682159900665,HELLO
HELLO,0.6595649123191833,0.5742250680923462,8.15158074374267e-08,0.6006737351417542,0.5582268238067627,-0.01728546805679798,0.5544790029525757,0.5117074847221375,-0.02597537636756897,0.5269109010696411,0.4685746431350708,-0.03450619801878929,0.49652010202407837,0.4463520050048828,-0.04351012781262398,0.5710302591323853,0.3948438763618469,-0.010690544731914997,0.5475742220878601,0.3215349316596985,-0.024383943527936935,0.534389317035675,0.27728384733200073,-0.03825834020972252,0.5221877098083496,0.23776495456695557,-0.04941033944487572,0.6022612452507019,0.3788350224494934,-0.014501634053885937,0.5798425078392029,0.2961389422416687,-0.026146937161684036,0.565534770488739,0.24503450095653534,-0.03896849602460861,0.5520821809768677,0.2011995166540146,-0.04910019040107727,0.635978639125824,0.3820740580558777,-0.021441148594021797,0.6199876666069031,0.30549362301826477,-0.03417319431900978,0.6070526242256165,0.2594803273677826,-0.046127479523420334,0.5937501192092896,0.21924883127212524,-0.05484263598918915,0.6725903749465942,0.3982357680797577,-0.030366122722625732,0.6679039001464844,0.3371075391769409,-0.04138963669538498,0.661915123462677,0.2979723811149597,-0.04806597903370857,0.6552409529685974,0.26069799065589905,-0.05316682159900665,HELLO
HELLO,0.6611323356628418,0.5755022168159485,8.230229298078484e-08,0.602028489112854,0.5591340661048889,-0.01684134639799595,0.5549899339675903,0.5114026069641113,-0.02481240965425968,0.5265178680419922,0.46714818477630615,-0.032729703933000565,0.4955400824546814,0.4465506374835968,-0.04099268466234207,0.5706367492675781,0.39477548003196716,-0.009141294285655022,0.545963704586029,0.3205181658267975,-0.022389601916074753,0.5320969223976135,0.27511778473854065,-0.035904496908187866,0.5197446346282959,0.23514050245285034,-0.04668798670172691,0.6017500758171082,0.3785147964954376,-0.012650873512029648,0.5789437890052795,0.2949218153953552,-0.023356318473815918,0.5645265579223633,0.24316295981407166,-0.03508944436907768,0.5513945817947388,0.20025645196437836,-0.044479016214609146,0.6356509923934937,0.38133755326271057,-0.019377784803509712,0.6190875172615051,0.3043377995491028,-0.03087921068072319,0.605359673500061,0.2585673928260803,-0.04176139831542969,0.5914917588233948,0.2199116051197052,-0.04987848177552223,0.6726070642471313,0.397063672542572,-0.028235899284482002,0.6687953472137451,0.3361741900444031,-0.038065385073423386,0.6628690361976624,0.2970273196697235,-0.044057976454496384,0.656196117401123,0.2602541744709015,-0.04878487065434456,HELLO
HELLO,0.6611323356628418,0.5755022168159485,8.230229298078484e-08,0.602028489112854,0.5591340661048889,-0.01684134639799595,0.5549899339675903,0.5114026069641113,-0.02481240965425968,0.5265178680419922,0.46714818477630615,-0.032729703933000565,0.4955400824546814,0.4465506374835968,-0.04099268466234207,0.5706367492675781,0.39477548003196716,-0.009141294285655022,0.545963704586029,0.3205181658267975,-0.022389601916074753,0.5320969223976135,0.27511778473854065,-0.035904496908187866,0.5197446346282959,0.23514050245285034,-0.04668798670172691,0.6017500758171082,0.3785147964954376,-0.012650873512029648,0.5789437890052795,0.2949218153953552,-0.023356318473815918,0.5645265579223633,0.24316295981407166,-0.03508944436907768,0.5513945817947388,0.20025645196437836,-0.044479016214609146,0.6356509923934937,0.38133755326271057,-0.019377784803509712,0.6190875172615051,0.3043377995491028,-0.03087921068072319,0.605359673500061,0.2585673928260803,-0.04176139831542969,0.5914917588233948,0.2199116051197052,-0.04987848177552223,0.6726070642471313,0.397063672542572,-0.028235899284482002,0.6687953472137451,0.3361741900444031,-0.038065385073423386,0.6628690361976624,0.2970273196697235,-0.044057976454496384,0.656196117401123,0.2602541744709015,-0.04878487065434456,HELLO
HELLO,0.6611323356628418,0.5755022168159485,8.230229298078484e-08,0.602028489112854,0.5591340661048889,-0.01684134639799595,0.5549899339675903,0.5114026069641113,-0.02481240965425968,0.5265178680419922,0.46714818477630615,-0.032729703933000565,0.4955400824546814,0.4465506374835968,-0.04099268466234207,0.5706367492675781,0.39477548003196716,-0.009141294285655022,0.545963704586029,0.3205181658267975,-0.022389601916074753,0.5320969223976135,0.27511778473854065,-0.035904496908187866,0.5197446346282959,0.23514050245285034,-0.04668798670172691,0.6017500758171082,0.3785147964954376,-0.012650873512029648,0.5789437890052795,0.2949218153953552,-0.023356318473815918,0.5645265579223633,0.24316295981407166,-0.03508944436907768,0.5513945817947388,0.20025645196437836,-0.044479016214609146,0.6356509923934937,0.38133755326271057,-0.019377784803509712,0.6190875172615051,0.3043377995491028,-0.03087921068072319,0.605359673500061,0.2585673928260803,-0.04176139831542969,0.5914917588233948,0.2199116051197052,-0.04987848177552223,0.6726070642471313,0.397063672542572,-0.028235899284482002,0.6687953472137451,0.3361741900444031,-0.038065385073423386,0.6628690361976624,0.2970273196697235,-0.044057976454496384,0.656196117401123,0.2602541744709015,-0.04878487065434456,HELLO
HELLO,0.6602420806884766,0.5708024501800537,9.807948231355113e-08,0.6002721190452576,0.556372880935669,-0.01725553721189499,0.553388237953186,0.508794903755188,-0.024163898080587387,0.5252410173416138,0.4661799967288971,-0.03062155656516552,0.4952208995819092,0.4464785158634186,-0.037331245839595795,0.5696538686752319,0.39386749267578125,-0.008845779113471508,0.5455345511436462,0.3196524679660797,-0.020769493654370308,0.532630443572998,0.273445725440979,-0.033262427896261215,0.5212143063545227,0.2334377020597458,-0.04346024990081787,0.6010025143623352,0.3779464662075043,-0.011612530797719955,0.5786225199699402,0.2951306700706482,-0.02145429700613022,0.564506471157074,0.24342577159404755,-0.03290745988488197,0.5514683127403259,0.20013292133808136,-0.042034514248371124,0.6347934007644653,0.3808687925338745,-0.017615895718336105,0.6188878417015076,0.30517956614494324,-0.02919677272439003,0.6057446002960205,0.26007840037345886,-0.040705326944589615,0.5926052927970886,0.22142115235328674,-0.048940714448690414,0.6721807718276978,0.3957326114177704,-0.025650396943092346,0.6679298281669617,0.3340989947319031,-0.036268286406993866,0.6612719893455505,0.2953953742980957,-0.04312369227409363,0.6538068056106567,0.25852590799331665,-0.04824260249733925,HELLO
HELLO,0.6602420806884766,0.5708024501800537,9.807948231355113e-08,0.6002721190452576,0.556372880935669,-0.01725553721189499,0.553388237953186,0.508794903755188,-0.024163898080587387,0.5252410173416138,0.4661799967288971,-0.03062155656516552,0.4952208995819092,0.4464785158634186,-0.037331245839595795,0.5696538686752319,0.39386749267578125,-0.008845779113471508,0.5455345511436462,0.3196524679660797,-0.020769493654370308,0.532630443572998,0.273445725440979,-0.033262427896261215,0.5212143063545227,0.2334377020597458,-0.04346024990081787,0.6010025143623352,0.3779464662075043,-0.011612530797719955,0.5786225199699402,0.2951306700706482,-0.02145429700613022,0.564506471157074,0.24342577159404755,-0.03290745988488197,0.5514683127403259,0.20013292133808136,-0.042034514248371124,0.6347934007644653,0.3808687925338745,-0.017615895718336105,0.6188878417015076,0.30517956614494324,-0.02919677272439003,0.6057446002960205,0.26007840037345886,-0.040705326944589615,0.5926052927970886,0.22142115235328674,-0.048940714448690414,0.6721807718276978,0.3957326114177704,-0.025650396943092346,0.6679298281669617,0.3340989947319031,-0.036268286406993866,0.6612719893455505,0.2953953742980957,-0.04312369227409363,0.6538068056106567,0.25852590799331665,-0.04824260249733925,HELLO
HELLO,0.6602420806884766,0.5708024501800537,9.807948231355113e-08,0.6002721190452576,0.556372880935669,-0.01725553721189499,0.553388237953186,0.508794903755188,-0.024163898080587387,0.5252410173416138,0.4661799967288971,-0.03062155656516552,0.4952208995819092,0.4464785158634186,-0.037331245839595795,0.5696538686752319,0.39386749267578125,-0.008845779113471508,0.5455345511436462,0.3196524679660797,-0.020769493654370308,0.532630443572998,0.273445725440979,-0.033262427896261215,0.5212143063545227,0.2334377020597458,-0.04346024990081787,0.6010025143623352,0.3779464662075043,-0.011612530797719955,0.5786225199699402,0.2951306700706482,-0.02145429700613022,0.564506471157074,0.24342577159404755,-0.03290745988488197,0.5514683127403259,0.20013292133808136,-0.042034514248371124,0.6347934007644653,0.3808687925338745,-0.017615895718336105,0.6188878417015076,0.30517956614494324,-0.02919677272439003,0.6057446002960205,0.26007840037345886,-0.040705326944589615,0.5926052927970886,0.22142115235328674,-0.048940714448690414,0.6721807718276978,0.3957326114177704,-0.025650396943092346,0.6679298281669617,0.3340989947319031,-0.036268286406993866,0.6612719893455505,0.2953953742980957,-0.04312369227409363,0.6538068056106567,0.25852590799331665,-0.04824260249733925,HELLO
HELLO,0.6624189615249634,0.5726338028907776,9.747932949721871e-08,0.6037244200706482,0.557309627532959,-0.01803797483444214,0.5557311177253723,0.5100692510604858,-0.026562683284282684,0.5257744193077087,0.46675196290016174,-0.03476927801966667,0.49379652738571167,0.44684940576553345,-0.04338414967060089,0.5713360905647278,0.39524200558662415,-0.010980430990457535,0.5462629199028015,0.32116833329200745,-0.024480395019054413,0.5328235626220703,0.2752019166946411,-0.038212910294532776,0.5209478139877319,0.23451310396194458,-0.04918123781681061,0.6023373007774353,0.37927407026290894,-0.014136926271021366,0.5799835920333862,0.29609352350234985,-0.025101426988840103,0.5656642317771912,0.2441549301147461,-0.03734169527888298,0.55244380235672,0.19999584555625916,-0.047122299671173096,0.6362121105194092,0.3817642033100128,-0.020489538088440895,0.6191607713699341,0.3057606816291809,-0.0322846919298172,0.6056370735168457,0.2598174810409546,-0.04370880872011185,0.5922225713729858,0.2202623188495636,-0.05212629213929176,0.6732341051101685,0.3963952362537384,-0.029038794338703156,0.6683493852615356,0.33502835035324097,-0.03889548406004906,0.6622348427772522,0.29574596881866455,-0.04493732005357742,0.655741810798645,0.2586609423160553,-0.049755360931158066,HELLO
HELLO,0.6624189615249634,0.5726338028907776,9.747932949721871e-08,0.6037244200706482,0.557309627532959,-0.01803797483444214,0.5557311177253723,0.5100692510604858,-0.026562683284282684,0.5257744193077087,0.46675196290016174,-0.03476927801966667,0.49379652738571167,0.44684940576553345,-0.04338414967060089,0.5713360905647278,0.39524200558662415,-0.010980430990457535,0.5462629199028015,0.32116833329200745,-0.024480395019054413,0.5328235626220703,0.2752019166946411,-0.038212910294532776,0.5209478139877319,0.23451310396194458,-0.04918123781681061,0.6023373007774353,0.37927407026290894,-0.014136926271021366,0.5799835920333862,0.29609352350234985,-0.025101426988840103,0.5656642317771912,0.2441549301147461,-0.03734169527888298,0.55244380235672,0.19999584555625916,-0.047122299671173096,0.6362121105194092,0.3817642033100128,-0.020489538088440895,0.6191607713699341,0.3057606816291809,-0.0322846919298172,0.6056370735168457,0.2598174810409546,-0.04370880872011185,0.5922225713729858,0.2202623188495636,-0.05212629213929176,0.6732341051101685,0.3963952362537384,-0.029038794338703156,0.6683493852615356,0.33502835035324097,-0.03889548406004906,0.6622348427772522,0.29574596881866455,-0.04493732005357742,0.655741810798645,0.2586609423160553,-0.049755360931158066,HELLO
HELLO,0.6627681255340576,0.5726273059844971,1.114151473302627e-07,0.6032593250274658,0.5575936436653137,-0.01832948997616768,0.5559979677200317,0.5112655758857727,-0.02723083458840847,0.527320384979248,0.46912094950675964,-0.03550250083208084,0.49673181772232056,0.447645366191864,-0.04397915303707123,0.5716309547424316,0.39430826902389526,-0.011859363876283169,0.5470362305641174,0.31967806816101074,-0.024984221905469894,0.5341106653213501,0.27419257164001465,-0.03819921985268593,0.5225832462310791,0.23424379527568817,-0.04874471202492714,0.6030461192131042,0.3787287473678589,-0.014736399985849857,0.5802333950996399,0.2972438931465149,-0.025633126497268677,0.5659264326095581,0.24554196000099182,-0.037857767194509506,0.5526955723762512,0.20112870633602142,-0.04741373658180237,0.6371675133705139,0.38198262453079224,-0.020764365792274475,0.6206842064857483,0.3080403506755829,-0.03295272961258888,0.6072039604187012,0.2624969482421875,-0.04469659924507141,0.5938311219215393,0.22252152860164642,-0.05303100869059563,0.6742732524871826,0.3971153199672699,-0.0288352370262146,0.6691296100616455,0.33654946088790894,-0.03946937993168831,0.6628015041351318,0.2978987693786621,-0.04590632766485214,0.6562434434890747,0.2606106996536255,-0.05064582824707031,HELLO
HELLO,0.6627681255340576,0.5726273059844971,1.114151473302627e-07,0.6032593250274658,0.5575936436653137,-0.01832948997616768,0.5559979677200317,0.5112655758857727,-0.02723083458840847,0.527320384979248,0.46912094950675964,-0.03550250083208084,0.49673181772232056,0.447645366191864,-0.04397915303707123,0.5716309547424316,0.39430826902389526,-0.011859363876283169,0.5470362305641174,0.31967806816101074,-0.024984221905469894,0.5341106653213501,0.27419257164001465,-0.03819921985268593,0.5225832462310791,0.23424379527568817,-0.04874471202492714,0.6030461192131042,0.3787287473678589,-0.014736399985849857,0.5802333950996399,0.2972438931465149,-0.025633126497268677,0.5659264326095581,0.24554196000099182,-0.037857767194509506,0.5526955723762512,0.20112870633602142,-0.04741373658180237,0.6371675133705139,0.38198262453079224,-0.020764365792274475,0.6206842064857483,0.3080403506755829,-0.03295272961258888,0.6072039604187012,0.2624969482421875,-0.04469659924507141,0.5938311219215393,0.22252152860164642,-0.05303100869059563,0.6742732524871826,0.3971153199672699,-0.0288352370262146,0.6691296100616455,0.33654946088790894,-0.03946937993168831,0.6628015041351318,0.2978987693786621,-0.04590632766485214,0.6562434434890747,0.2606106996536255,-0.05064582824707031,HELLO
HELLO,0.6627681255340576,0.5726273059844971,1.114151473302627e-07,0.6032593250274658,0.5575936436653137,-0.01832948997616768,0.5559979677200317,0.5112655758857727,-0.02723083458840847,0.527320384979248,0.46912094950675964,-0.03550250083208084,0.49673181772232056,0.447645366191864,-0.04397915303707123,0.5716309547424316,0.39430826902389526,-0.011859363876283169,0.5470362305641174,0.31967806816101074,-0.024984221905469894,0.5341106653213501,0.27419257164001465,-0.03819921985268593,0.5225832462310791,0.23424379527568817,-0.04874471202492714,0.6030461192131042,0.3787287473678589,-0.014736399985849857,0.5802333950996399,0.2972438931465149,-0.025633126497268677,0.5659264326095581,0.24554196000099182,-0.037857767194509506,0.5526955723762512,0.20112870633602142,-0.04741373658180237,0.6371675133705139,0.38198262453079224,-0.020764365792274475,0.6206842064857483,0.3080403506755829,-0.03295272961258888,0.6072039604187012,0.2624969482421875,-0.04469659924507141,0.5938311219215393,0.22252152860164642,-0.05303100869059563,0.6742732524871826,0.3971153199672699,-0.0288352370262146,0.6691296100616455,0.33654946088790894,-0.03946937993168831,0.6628015041351318,0.2978987693786621,-0.04590632766485214,0.6562434434890747,0.2606106996536255,-0.05064582824707031,HELLO
HELLO,0.6623128652572632,0.5714398622512817,1.2121259373998328e-07,0.6038450598716736,0.5565609335899353,-0.017975304275751114,0.5566707849502563,0.5107010006904602,-0.02766318805515766,0.5287001729011536,0.4690830111503601,-0.036871328949928284,0.4977163076400757,0.4486410915851593,-0.04649816080927849,0.5722241401672363,0.3951343595981598,-0.014206415973603725,0.548058032989502,0.32120656967163086,-0.028978677466511726,0.5347122550010681,0.2752377986907959,-0.043107520788908005,0.5229499936103821,0.23505669832229614,-0.05429033562541008,0.6038669943809509,0.3792617917060852,-0.017782192677259445,0.5811409950256348,0.29740920662879944,-0.030281439423561096,0.5667256712913513,0.2458348572254181,-0.043161068111658096,0.5532271265983582,0.20093636214733124,-0.05323868989944458,0.6380735635757446,0.38228681683540344,-0.024334965273737907,0.6219033598899841,0.3062046766281128,-0.03751215711236,0.6087399125099182,0.26018983125686646,-0.04947393760085106,0.5952292680740356,0.2203281968832016,-0.058148276060819626,0.6751257181167603,0.39791736006736755,-0.03285536170005798,0.6710689663887024,0.3371466398239136,-0.04444687440991402,0.6647793054580688,0.29816025495529175,-0.051467616111040115,0.6573978066444397,0.26133403182029724,-0.05667262151837349,HELLO
HELLO,0.6623128652572632,0.5714398622512817,1.2121259373998328e-07,0.6038450598716736,0.5565609335899353,-0.017975304275751114,0.5566707849502563,0.5107010006904602,-0.02766318805515766,0.5287001729011536,0.4690830111503601,-0.036871328949928284,0.4977163076400757,0.4486410915851593,-0.04649816080927849,0.5722241401672363,0.3951343595981598,-0.014206415973603725,0.548058032989502,0.32120656967163086,-0.028978677466511726,0.5347122550010681,0.2752377986907959,-0.043107520788908005,0.5229499936103821,0.23505669832229614,-0.05429033562541008,0.6038669943809509,0.3792617917060852,-0.017782192677259445,0.5811409950256348,0.29740920662879944,-0.030281439423561096,0.5667256712913513,0.2458348572254181,-0.043161068111658096,0.5532271265983582,0.20093636214733124,-0.05323868989944458,0.6380735635757446,0.38228681683540344,-0.024334965273737907,0.6219033598899841,0.3062046766281128,-0.03751215711236,0.6087399125099182,0.26018983125686646,-0.04947393760085106,0.5952292680740356,0.2203281968832016,-0.058148276060819626,0.6751257181167603,0.39791736006736755,-0.03285536170005798,0.6710689663887024,0.3371466398239136,-0.04444687440991402,0.6647793054580688,0.29816025495529175,-0.051467616111040115,0.6573978066444397,0.26133403182029724,-0.05667262151837349,HELLO
HELLO,0.6623128652572632,0.5714398622512817,1.2121259373998328e-07,0.6038450598716736,0.5565609335899353,-0.017975304275751114,0.5566707849502563,0.5107010006904602,-0.02766318805515766,0.5287001729011536,0.4690830111503601,-0.036871328949928284,0.4977163076400757,0.4486410915851593,-0.04649816080927849,0.5722241401672363,0.3951343595981598,-0.014206415973603725,0.548058032989502,0.32120656967163086,-0.028978677466511726,0.5347122550010681,0.2752377986907959,-0.043107520788908005,0.5229499936103821,0.23505669832229614,-0.05429033562541008,0.6038669943809509,0.3792617917060852,-0.017782192677259445,0.5811409950256348,0.29740920662879944,-0.030281439423561096,0.5667256712913513,0.2458348572254181,-0.043161068111658096,0.5532271265983582,0.20093636214733124,-0.05323868989944458,0.6380735635757446,0.38228681683540344,-0.024334965273737907,0.6219033598899841,0.3062046766281128,-0.03751215711236,0.6087399125099182,0.26018983125686646,-0.04947393760085106,0.5952292680740356,0.2203281968832016,-0.058148276060819626,0.6751257181167603,0.39791736006736755,-0.03285536170005798,0.6710689663887024,0.3371466398239136,-0.04444687440991402,0.6647793054580688,0.29816025495529175,-0.051467616111040115,0.6573978066444397,0.26133403182029724,-0.05667262151837349,HELLO
HELLO,0.6642484664916992,0.5725440382957458,9.151099078508196e-08,0.604090690612793,0.5574032068252563,-0.01704617775976658,0.5559329986572266,0.5102839469909668,-0.02575562708079815,0.5273551940917969,0.46727460622787476,-0.03426547721028328,0.4970141649246216,0.44643184542655945,-0.04324348270893097,0.5722851753234863,0.39461278915405273,-0.011963477358222008,0.5480733513832092,0.32118335366249084,-0.025639982894062996,0.5350593328475952,0.27716299891471863,-0.039174553006887436,0.5231003761291504,0.23813043534755707,-0.049985650926828384,0.6043809056282043,0.3783080279827118,-0.015645818784832954,0.581885576248169,0.2949487566947937,-0.02692112699151039,0.5674514174461365,0.2439040094614029,-0.03891729563474655,0.5540711879730225,0.20087848603725433,-0.04846392571926117,0.6390553712844849,0.38167932629585266,-0.022307265549898148,0.622239351272583,0.3035963177680969,-0.03420766443014145,0.608823835849762,0.25808054208755493,-0.045012492686510086,0.595340371131897,0.21920844912528992,-0.05309510603547096,0.6763436198234558,0.3981880843639374,-0.030987583100795746,0.671649694442749,0.33690202236175537,-0.04137271270155907,0.66541588306427,0.2974289059638977,-0.0474466010928154,0.6585039496421814,0.2603434920310974,-0.05211402848362923,HELLO
HELLO,0.6642484664916992,0.5725440382957458,9.151099078508196e-08,0.604090690612793,0.5574032068252563,-0.01704617775976658,0.5559329986572266,0.5102839469909668,-0.02575562708079815,0.5273551940917969,0.46727460622787476,-0.03426547721028328,0.4970141649246216,0.44643184542655945,-0.04324348270893097,0.5722851753234863,0.39461278915405273,-0.011963477358222008,0.5480733513832092,0.32118335366249084,-0.025639982894062996,0.5350593328475952,0.27716299891471863,-0.039174553006887436,0.5231003761291504,0.23813043534755707,-0.049985650926828384,0.6043809056282043,0.3783080279827118,-0.015645818784832954,0.581885576248169,0.2949487566947937,-0.02692112699151039,0.5674514174461365,0.2439040094614029,-0.03891729563474655,0.5540711879730225,0.20087848603725433,-0.04846392571926117,0.6390553712844849,0.38167932629585266,-0.022307265549898148,0.622239351272583,0.3035963177680969,-0.03420766443014145,0.608823835849762,0.25808054208755493,-0.045012492686510086,0.595340371131897,0.21920844912528992,-0.05309510603547096,0.6763436198234558,0.3981880843639374,-0.030987583100795746,0.671649694442749,0.33690202236175537,-0.04137271270155907,0.66541588306427,0.2974289059638977,-0.0474466010928154,0.6585039496421814,0.2603434920310974,-0.05211402848362923,HELLO
HELLO,0.6642484664916992,0.5725440382957458,9.151099078508196e-08,0.604090690612793,0.5574032068252563,-0.01704617775976658,0.5559329986572266,0.5102839469909668,-0.02575562708079815,0.5273551940917969,0.46727460622787476,-0.03426547721028328,0.4970141649246216,0.44643184542655945,-0.04324348270893097,0.5722851753234863,0.39461278915405273,-0.011963477358222008,0.5480733513832092,0.32118335366249084,-0.025639982894062996,0.5350593328475952,0.27716299891471863,-0.039174553006887436,0.5231003761291504,0.23813043534755707,-0.049985650926828384,0.6043809056282043,0.3783080279827118,-0.015645818784832954,0.581885576248169,0.2949487566947937,-0.02692112699151039,0.5674514174461365,0.2439040094614029,-0.03891729563474655,0.5540711879730225,0.20087848603725433,-0.04846392571926117,0.6390553712844849,0.38167932629585266,-0.022307265549898148,0.622239351272583,0.3035963177680969,-0.03420766443014145,0.608823835849762,0.25808054208755493,-0.045012492686510086,0.595340371131897,0.21920844912528992,-0.05309510603547096,0.6763436198234558,0.3981880843639374,-0.030987583100795746,0.671649694442749,0.33690202236175537,-0.04137271270155907,0.66541588306427,0.2974289059638977,-0.0474466010928154,0.6585039496421814,0.2603434920310974,-0.05211402848362923,HELLO
HELLO,0.6642484664916992,0.5725440382957458,9.151099078508196e-08,0.604090690612793,0.5574032068252563,-0.01704617775976658,0.5559329986572266,0.5102839469909668,-0.02575562708079815,0.5273551940917969,0.46727460622787476,-0.03426547721028328,0.4970141649246216,0.44643184542655945,-0.04324348270893097,0.5722851753234863,0.39461278915405273,-0.011963477358222008,0.5480733513832092,0.32118335366249084,-0.025639982894062996,0.5350593328475952,0.27716299891471863,-0.039174553006887436,0.5231003761291504,0.23813043534755707,-0.049985650926828384,0.6043809056282043,0.3783080279827118,-0.015645818784832954,0.581885576248169,0.2949487566947937,-0.02692112699151039,0.5674514174461365,0.2439040094614029,-0.03891729563474655,0.5540711879730225,0.20087848603725433,-0.04846392571926117,0.6390553712844849,0.38167932629585266,-0.022307265549898148,0.622239351272583,0.3035963177680969,-0.03420766443014145,0.608823835849762,0.25808054208755493,-0.045012492686510086,0.595340371131897,0.21920844912528992,-0.05309510603547096,0.6763436198234558,0.3981880843639374,-0.030987583100795746,0.671649694442749,0.33690202236175537,-0.04137271270155907,0.66541588306427,0.2974289059638977,-0.0474466010928154,0.6585039496421814,0.2603434920310974,-0.05211402848362923,HELLO
HELLO,0.6652567386627197,0.5733445882797241,1.1403089672512579e-07,0.6052374839782715,0.5589892864227295,-0.01825069449841976,0.55785071849823,0.5124660730361938,-0.027445940300822258,0.5294817686080933,0.46881791949272156,-0.03616999462246895,0.497554749250412,0.4481085538864136,-0.04534973204135895,0.5736506581306458,0.3959997892379761,-0.012836480513215065,0.5492871999740601,0.3212481141090393,-0.026871874928474426,0.5358592867851257,0.27515366673469543,-0.04069305583834648,0.523506224155426,0.23454773426055908,-0.05175001546740532,0.605180561542511,0.37970179319381714,-0.01612323708832264,0.5830495357513428,0.2967253625392914,-0.028086671605706215,0.5680686831474304,0.24486981332302094,-0.04105811193585396,0.5537365674972534,0.20003390312194824,-0.05120324343442917,0.639244556427002,0.3825063109397888,-0.02240097150206566,0.622779130935669,0.30616217851638794,-0.035077307373285294,0.6089717745780945,0.2603304386138916,-0.04682694002985954,0.5950863361358643,0.22067248821258545,-0.05537889897823334,0.6762377619743347,0.39803415536880493,-0.03072834573686123,0.6713474988937378,0.3372647762298584,-0.04151385650038719,0.6652118563652039,0.29811346530914307,-0.047935135662555695,0.6587294936180115,0.26103904843330383,-0.052785322070121765,HELLO
HELLO,0.6652567386627197,0.5733445882797241,1.1403089672512579e-07,0.6052374839782715,0.5589892864227295,-0.01825069449841976,0.55785071849823,0.5124660730361938,-0.027445940300822258,0.5294817686080933,0.46881791949272156,-0.03616999462246895,0.497554749250412,0.4481085538864136,-0.04534973204135895,0.5736506581306458,0.3959997892379761,-0.012836480513215065,0.5492871999740601,0.3212481141090393,-0.026871874928474426,0.5358592867851257,0.27515366673469543,-0.04069305583834648,0.523506224155426,0.23454773426055908,-0.05175001546740532,0.605180561542511,0.37970179319381714,-0.01612323708832264,0.5830495357513428,0.2967253625392914,-0.028086671605706215,0.5680686831474304,0.24486981332302094,-0.04105811193585396,0.5537365674972534,0.20003390312194824,-0.05120324343442917,0.639244556427002,0.3825063109397888,-0.02240097150206566,0.622779130935669,0.30616217851638794,-0.035077307373285294,0.6089717745780945,0.2603304386138916,-0.04682694002985954,0.5950863361358643,0.22067248821258545,-0.05537889897823334,0.6762377619743347,0.39803415536880493,-0.03072834573686123,0.6713474988937378,0.3372647762298584,-0.04151385650038719,0.6652118563652039,0.29811346530914307,-0.047935135662555695,0.6587294936180115,0.26103904843330383,-0.052785322070121765,HELLO
HELLO,0.6649879217147827,0.572312593460083,9.733469852335475e-08,0.6060708165168762,0.5572831630706787,-0.01808108016848564,0.5585784912109375,0.5104649066925049,-0.026393014937639236,0.5291050672531128,0.46754583716392517,-0.03415905684232712,0.4977418780326843,0.44737255573272705,-0.04224380850791931,0.572665274143219,0.3948173224925995,-0.0108658941462636,0.5486100316047668,0.320870041847229,-0.023923076689243317,0.5353888869285583,0.27563971281051636,-0.03711644932627678,0.5233838558197021,0.23620197176933289,-0.04772137477993965,0.6037309169769287,0.3785906434059143,-0.013553082942962646,0.5807064175605774,0.29565757513046265,-0.024078968912363052,0.5662785768508911,0.24454346299171448,-0.03557106480002403,0.5529110431671143,0.2011304497718811,-0.04474695026874542,0.6379384994506836,0.3816787898540497,-0.019470080733299255,0.6212878823280334,0.3050796687602997,-0.03119470365345478,0.6084615588188171,0.25916194915771484,-0.042228374630212784,0.5955125093460083,0.2192758023738861,-0.050386957824230194,0.6754010915756226,0.3976283371448517,-0.027501657605171204,0.6710662245750427,0.33700913190841675,-0.0380239374935627,0.6650101542472839,0.29827451705932617,-0.044395364820957184,0.658523440361023,0.2610601484775543,-0.0492844320833683,HELLO
HELLO,0.6649879217147827,0.572312593460083,9.733469852335475e-08,0.6060708165168762,0.5572831630706787,-0.01808108016848564,0.5585784912109375,0.5104649066925049,-0.026393014937639236,0.5291050672531128,0.46754583716392517,-0.03415905684232712,0.4977418780326843,0.44737255573272705,-0.04224380850791931,0.572665274143219,0.3948173224925995,-0.0108658941462636,0.5486100316047668,0.320870041847229,-0.023923076689243317,0.5353888869285583,0.27563971281051636,-0.03711644932627678,0.5233838558197021,0.23620197176933289,-0.04772137477993965,0.6037309169769287,0.3785906434059143,-0.013553082942962646,0.5807064175605774,0.29565757513046265,-0.024078968912363052,0.5662785768508911,0.24454346299171448,-0.03557106480002403,0.5529110431671143,0.2011304497718811,-0.04474695026874542,0.6379384994506836,0.3816787898540497,-0.019470080733299255,0.6212878823280334,0.3050796687602997,-0.03119470365345478,0.6084615588188171,0.25916194915771484,-0.042228374630212784,0.5955125093460083,0.2192758023738861,-0.050386957824230194,0.6754010915756226,0.3976283371448517,-0.027501657605171204,0.6710662245750427,0.33700913190841675,-0.0380239374935627,0.6650101542472839,0.29827451705932617,-0.044395364820957184,0.658523440361023,0.2610601484775543,-0.0492844320833683,HELLO
HELLO,0.6649879217147827,0.572312593460083,9.733469852335475e-08,0.6060708165168762,0.5572831630706787,-0.01808108016848564,0.5585784912109375,0.5104649066925049,-0.026393014937639236,0.5291050672531128,0.46754583716392517,-0.03415905684232712,0.4977418780326843,0.44737255573272705,-0.04224380850791931,0.572665274143219,0.3948173224925995,-0.0108658941462636,0.5486100316047668,0.320870041847229,-0.023923076689243317,0.5353888869285583,0.27563971281051636,-0.03711644932627678,0.5233838558197021,0.23620197176933289,-0.04772137477993965,0.6037309169769287,0.3785906434059143,-0.013553082942962646,0.5807064175605774,0.29565757513046265,-0.024078968912363052,0.5662785768508911,0.24454346299171448,-0.03557106480002403,0.5529110431671143,0.2011304497718811,-0.04474695026874542,0.6379384994506836,0.3816787898540497,-0.019470080733299255,0.6212878823280334,0.3050796687602997,-0.03119470365345478,0.6084615588188171,0.25916194915771484,-0.042228374630212784,0.5955125093460083,0.2192758023738861,-0.050386957824230194,0.6754010915756226,0.3976283371448517,-0.027501657605171204,0.6710662245750427,0.33700913190841675,-0.0380239374935627,0.6650101542472839,0.29827451705932617,-0.044395364820957184,0.658523440361023,0.2610601484775543,-0.0492844320833683,HELLO
HELLO,0.6637355089187622,0.5754936337471008,9.289139768497989e-08,0.6041426658630371,0.5600756406784058,-0.017794277518987656,0.5573309063911438,0.5122119188308716,-0.02696002461016178,0.5291397571563721,0.4683840870857239,-0.0359538272023201,0.4980354607105255,0.44823944568634033,-0.04562263935804367,0.5733290910720825,0.3972083032131195,-0.01271017175167799,0.5492849946022034,0.3226753771305084,-0.027300331741571426,0.5358105301856995,0.2771145701408386,-0.041453637182712555,0.5233048796653748,0.2368529886007309,-0.05260444059967995,0.6051978468894958,0.38128897547721863,-0.016345905140042305,0.5830439925193787,0.29900312423706055,-0.028954656794667244,0.568041205406189,0.24682849645614624,-0.04226956143975258,0.5539662837982178,0.20165026187896729,-0.05266112461686134,0.6396370530128479,0.3844718039035797,-0.023020360618829727,0.6232483983039856,0.30915623903274536,-0.03605598956346512,0.6096842885017395,0.26211637258529663,-0.04833919182419777,0.5960226058959961,0.22133934497833252,-0.05727079510688782,0.6766119003295898,0.40060392022132874,-0.03172008693218231,0.6724097728729248,0.3387029767036438,-0.0424661859869957,0.6671534180641174,0.299399197101593,-0.049122173339128494,0.6613503694534302,0.26222074031829834,-0.05428715795278549,HELLO
HELLO,0.667206346988678,0.5767884254455566,9.819978430414267e-08,0.6073407530784607,0.5613344311714172,-0.016193529590964317,0.5601827502250671,0.5132224559783936,-0.02390509843826294,0.531391978263855,0.4695499539375305,-0.03172696381807327,0.4999825656414032,0.44815927743911743,-0.039996832609176636,0.5750287175178528,0.3976869583129883,-0.008373644202947617,0.5510630011558533,0.323788046836853,-0.02169659174978733,0.5374365448951721,0.27861446142196655,-0.03534632548689842,0.5250298380851746,0.2385587841272354,-0.04625564441084862,0.6063463687896729,0.38010501861572266,-0.01234621275216341,0.5839542150497437,0.2974320650100708,-0.023050379008054733,0.569446325302124,0.2453453689813614,-0.035161446779966354,0.5558878183364868,0.20015496015548706,-0.04487608000636101,0.6403466463088989,0.3821183741092682,-0.019519707188010216,0.6242033839225769,0.30593958497047424,-0.03091035969555378,0.61187744140625,0.25949665904045105,-0.04215318337082863,0.5990613698959351,0.2192634642124176,-0.050590064376592636,0.6770581007003784,0.39738765358924866,-0.028740588575601578,0.6735033988952637,0.33713555335998535,-0.03836904838681221,0.6682608723640442,0.2982615530490875,-0.04447808489203453,0.6621856093406677,0.2609269618988037,-0.049364376813173294,HELLO
HELLO,0.667206346988678,0.5767884254455566,9.819978430414267e-08,0.6073407530784607,0.5613344311714172,-0.016193529590964317,0.5601827502250671,0.5132224559783936,-0.02390509843826294,0.531391978263855,0.4695499539375305,-0.03172696381807327,0.4999825656414032,0.44815927743911743,-0.039996832609176636,0.5750287175178528,0.3976869583129883,-0.008373644202947617,0.5510630011558533,0.323788046836853,-0.02169659174978733,0.5374365448951721,0.27861446142196655,-0.03534632548689842,0.5250298380851746,0.2385587841272354,-0.04625564441084862,0.6063463687896729,0.38010501861572266,-0.01234621275216341,0.5839542150497437,0.2974320650100708,-0.023050379008054733,0.569446325302124,0.2453453689813614,-0.035161446779966354,0.5558878183364868,0.20015496015548706,-0.04487608000636101,0.6403466463088989,0.3821183741092682,-0.019519707188010216,0.6242033839225769,0.30593958497047424,-0.03091035969555378,0.61187744140625,0.25949665904045105,-0.04215318337082863,0.5990613698959351,0.2192634642124176,-0.050590064376592636,0.6770581007003784,0.39738765358924866,-0.028740588575601578,0.6735033988952637,0.33713555335998535,-0.03836904838681221,0.6682608723640442,0.2982615530490875,-0.04447808489203453,0.6621856093406677,0.2609269618988037,-0.049364376813173294,HELLO
HELLO,0.6671431064605713,0.574236273765564,9.104284259819906e-08,0.606928825378418,0.560093879699707,-0.017720725387334824,0.5588850975036621,0.5133111476898193,-0.026127943769097328,0.5300201177597046,0.4687340259552002,-0.03441796451807022,0.4984910488128662,0.4473939836025238,-0.04313909262418747,0.5741683840751648,0.3962831199169159,-0.009660744108259678,0.5492925047874451,0.3218502998352051,-0.022874651476740837,0.5354430675506592,0.2766503095626831,-0.036593466997146606,0.5229403972625732,0.23646999895572662,-0.04763459414243698,0.6054694652557373,0.37943127751350403,-0.012876197695732117,0.5828004479408264,0.29567718505859375,-0.023449299857020378,0.568211019039154,0.24415479600429535,-0.03549158573150635,0.5549185276031494,0.19993625581264496,-0.04528987407684326,0.6395902037620544,0.38168835639953613,-0.019377660006284714,0.6228243112564087,0.30477872490882874,-0.03049500100314617,0.6098625063896179,0.2587897777557373,-0.041195306926965714,0.5970876216888428,0.21888206899166107,-0.049464959651231766,0.677006185054779,0.39698806405067444,-0.028145119547843933,0.6725764274597168,0.335335373878479,-0.037321627140045166,0.6670389771461487,0.29711005091667175,-0.04284389317035675,0.6611475944519043,0.26056578755378723,-0.047472722828388214,HELLO
HELLO,0.6671431064605713,0.574236273765564,9.104284259819906e-08,0.606928825378418,0.560093879699707,-0.017720725387334824,0.5588850975036621,0.5133111476898193,-0.026127943769097328,0.5300201177597046,0.4687340259552002,-0.03441796451807022,0.4984910488128662,0.4473939836025238,-0.04313909262418747,0.5741683840751648,0.3962831199169159,-0.009660744108259678,0.5492925047874451,0.3218502998352051,-0.022874651476740837,0.5354430675506592,0.2766503095626831,-0.036593466997146606,0.5229403972625732,0.23646999895572662,-0.04763459414243698,0.6054694652557373,0.37943127751350403,-0.012876197695732117,0.5828004479408264,0.29567718505859375,-0.023449299857020378,0.568211019039154,0.24415479600429535,-0.03549158573150635,0.5549185276031494,0.19993625581264496,-0.04528987407684326,0.6395902037620544,0.38168835639953613,-0.019377660006284714,0.6228243112564087,0.30477872490882874,-0.03049500100314617,0.6098625063896179,0.2587897777557373,-0.041195306926965714,0.5970876216888428,0.21888206899166107,-0.049464959651231766,0.677006185054779,0.39698806405067444,-0.028145119547843933,0.6725764274597168,0.335335373878479,-0.037321627140045166,0.6670389771461487,0.29711005091667175,-0.04284389317035675,0.6611475944519043,0.26056578755378723,-0.047472722828388214,HELLO
HELLO,0.6671431064605713,0.574236273765564,9.104284259819906e-08,0.606928825378418,0.560093879699707,-0.017720725387334824,0.5588850975036621,0.5133111476898193,-0.026127943769097328,0.5300201177597046,0.4687340259552002,-0.03441796451807022,0.4984910488128662,0.4473939836025238,-0.04313909262418747,0.5741683840751648,0.3962831199169159,-0.009660744108259678,0.5492925047874451,0.3218502998352051,-0.022874651476740837,0.5354430675506592,0.2766503095626831,-0.036593466997146606,0.5229403972625732,0.23646999895572662,-0.04763459414243698,0.6054694652557373,0.37943127751350403,-0.012876197695732117,0.5828004479408264,0.29567718505859375,-0.023449299857020378,0.568211019039154,0.24415479600429535,-0.03549158573150635,0.5549185276031494,0.19993625581264496,-0.04528987407684326,0.6395902037620544,0.38168835639953613,-0.019377660006284714,0.6228243112564087,0.30477872490882874,-0.03049500100314617,0.6098625063896179,0.2587897777557373,-0.041195306926965714,0.5970876216888428,0.21888206899166107,-0.049464959651231766,0.677006185054779,0.39698806405067444,-0.028145119547843933,0.6725764274597168,0.335335373878479,-0.037321627140045166,0.6670389771461487,0.29711005091667175,-0.04284389317035675,0.6611475944519043,0.26056578755378723,-0.047472722828388214,HELLO
HELLO,0.6610472798347473,0.5732332468032837,8.367661763486467e-08,0.6037776470184326,0.5580686926841736,-0.017433959990739822,0.5562751293182373,0.5114186406135559,-0.025810591876506805,0.5277342200279236,0.4699035584926605,-0.03390662372112274,0.49767380952835083,0.4489921033382416,-0.042482148855924606,0.5712496638298035,0.39404380321502686,-0.011443858966231346,0.5474592447280884,0.321056604385376,-0.025378843769431114,0.5336723327636719,0.2757801413536072,-0.039221473038196564,0.5210652351379395,0.23601175844669342,-0.050265926867723465,0.6023861169815063,0.3778407573699951,-0.01509682647883892,0.5800635814666748,0.29540500044822693,-0.02682052180171013,0.5654510855674744,0.2436458319425583,-0.039487216621637344,0.5520992875099182,0.19955426454544067,-0.04951124265789986,0.6364198327064514,0.38097870349884033,-0.021841565147042274,0.6204360127449036,0.30646634101867676,-0.03469553589820862,0.6076470613479614,0.26216575503349304,-0.046409692615270615,0.5947338342666626,0.22266793251037598,-0.054990869015455246,0.6731758117675781,0.39660394191741943,-0.030613331124186516,0.6702203154563904,0.3370121717453003,-0.04179979860782623,0.6651439666748047,0.2994108498096466,-0.04833463206887245,0.6593658924102783,0.26313114166259766,-0.05336710065603256,HELLO
HELLO,0.6610472798347473,0.5732332468032837,8.367661763486467e-08,0.6037776470184326,0.5580686926841736,-0.017433959990739822,0.5562751293182373,0.5114186406135559,-0.025810591876506805,0.5277342200279236,0.4699035584926605,-0.03390662372112274,0.49767380952835083,0.4489921033382416,-0.042482148855924606,0.5712496638298035,0.39404380321502686,-0.011443858966231346,0.5474592447280884,0.321056604385376,-0.025378843769431114,0.5336723327636719,0.2757801413536072,-0.039221473038196564,0.5210652351379395,0.23601175844669342,-0.050265926867723465,0.6023861169815063,0.3778407573699951,-0.01509682647883892,0.5800635814666748,0.29540500044822693,-0.02682052180171013,0.5654510855674744,0.2436458319425583,-0.039487216621637344,0.5520992875099182,0.19955426454544067,-0.04951124265789986,0.6364198327064514,0.38097870349884033,-0.021841565147042274,0.6204360127449036,0.30646634101867676,-0.03469553589820862,0.6076470613479614,0.26216575503349304,-0.046409692615270615,0.5947338342666626,0.22266793251037598,-0.054990869015455246,0.6731758117675781,0.39660394191741943,-0.030613331124186516,0.6702203154563904,0.3370121717453003,-0.04179979860782623,0.6651439666748047,0.2994108498096466,-0.04833463206887245,0.6593658924102783,0.26313114166259766,-0.05336710065603256,HELLO
HELLO,0.6610472798347473,0.5732332468032837,8.367661763486467e-08,0.6037776470184326,0.5580686926841736,-0.017433959990739822,0.5562751293182373,0.5114186406135559,-0.025810591876506805,0.5277342200279236,0.4699035584926605,-0.03390662372112274,0.49767380952835083,0.4489921033382416,-0.042482148855924606,0.5712496638298035,0.39404380321502686,-0.011443858966231346,0.5474592447280884,0.321056604385376,-0.025378843769431114,0.5336723327636719,0.2757801413536072,-0.039221473038196564,0.5210652351379395,0.23601175844669342,-0.050265926867723465,0.6023861169815063,0.3778407573699951,-0.01509682647883892,0.5800635814666748,0.29540500044822693,-0.02682052180171013,0.5654510855674744,0.2436458319425583,-0.039487216621637344,0.5520992875099182,0.19955426454544067,-0.04951124265789986,0.6364198327064514,0.38097870349884033,-0.021841565147042274,0.6204360127449036,0.30646634101867676,-0.03469553589820862,0.6076470613479614,0.26216575503349304,-0.046409692615270615,0.5947338342666626,0.22266793251037598,-0.054990869015455246,0.6731758117675781,0.39660394191741943,-0.030613331124186516,0.6702203154563904,0.3370121717453003,-0.04179979860782623,0.6651439666748047,0.2994108498096466,-0.04833463206887245,0.6593658924102783,0.26313114166259766,-0.05336710065603256,HELLO
HELLO,0.6601036787033081,0.5712429881095886,1.0140994533003322e-07,0.6020082831382751,0.5564678311347961,-0.01880940981209278,0.5551737546920776,0.510995626449585,-0.02875746786594391,0.5262154936790466,0.4689711034297943,-0.03833615034818649,0.49574995040893555,0.4468572437763214,-0.048155058175325394,0.5696877241134644,0.39395344257354736,-0.012576612643897533,0.5448237061500549,0.32161611318588257,-0.027755670249462128,0.5307066440582275,0.2769415080547333,-0.04267345741391182,0.5176661610603333,0.23728305101394653,-0.054335691034793854,0.601176381111145,0.3771865665912628,-0.01580759696662426,0.5779253840446472,0.2968336343765259,-0.028169821947813034,0.5632043480873108,0.2451743334531784,-0.04150279983878136,0.5493953227996826,0.2001636028289795,-0.05189879238605499,0.6352603435516357,0.3801083564758301,-0.02229083888232708,0.6188119649887085,0.30779993534088135,-0.035036150366067886,0.6054308414459229,0.26188570261001587,-0.04700998589396477,0.5917635560035706,0.22136586904525757,-0.0557171106338501,0.6719555854797363,0.396329790353775,-0.030953483656048775,0.6674063801765442,0.33740779757499695,-0.04167261719703674,0.6612839102745056,0.29966339468955994,-0.048009973019361496,0.6544502973556519,0.26374346017837524,-0.05278322100639343,HELLO
HELLO,0.6601036787033081,0.5712429881095886,1.0140994533003322e-07,0.6020082831382751,0.5564678311347961,-0.01880940981209278,0.5551737546920776,0.510995626449585,-0.02875746786594391,0.5262154936790466,0.4689711034297943,-0.03833615034818649,0.49574995040893555,0.4468572437763214,-0.048155058175325394,0.5696877241134644,0.39395344257354736,-0.012576612643897533,0.5448237061500549,0.32161611318588257,-0.027755670249462128,0.5307066440582275,0.2769415080547333,-0.04267345741391182,0.5176661610603333,0.23728305101394653,-0.054335691034793854,0.601176381111145,0.3771865665912628,-0.01580759696662426,0.5779253840446472,0.2968336343765259,-0.028169821947813034,0.5632043480873108,0.2451743334531784,-0.04150279983878136,0.5493953227996826,0.2001636028289795,-0.05189879238605499,0.6352603435516357,0.3801083564758301,-0.02229083888232708,0.6188119649887085,0.30779993534088135,-0.035036150366067886,0.6054308414459229,0.26188570261001587,-0.04700998589396477,0.5917635560035706,0.22136586904525757,-0.0557171106338501,0.6719555854797363,0.396329790353775,-0.030953483656048775,0.6674063801765442,0.33740779757499695,-0.04167261719703674,0.6612839102745056,0.29966339468955994,-0.048009973019361496,0.6544502973556519,0.26374346017837524,-0.05278322100639343,HELLO
HELLO,0.6601036787033081,0.5712429881095886,1.0140994533003322e-07,0.6020082831382751,0.5564678311347961,-0.01880940981209278,0.5551737546920776,0.510995626449585,-0.02875746786594391,0.5262154936790466,0.4689711034297943,-0.03833615034818649,0.49574995040893555,0.4468572437763214,-0.048155058175325394,0.5696877241134644,0.39395344257354736,-0.012576612643897533,0.5448237061500549,0.32161611318588257,-0.027755670249462128,0.5307066440582275,0.2769415080547333,-0.04267345741391182,0.5176661610603333,0.23728305101394653,-0.054335691034793854,0.601176381111145,0.3771865665912628,-0.01580759696662426,0.5779253840446472,0.2968336343765259,-0.028169821947813034,0.5632043480873108,0.2451743334531784,-0.04150279983878136,0.5493953227996826,0.2001636028289795,-0.05189879238605499,0.6352603435516357,0.3801083564758301,-0.02229083888232708,0.6188119649887085,0.30779993534088135,-0.035036150366067886,0.6054308414459229,0.26188570261001587,-0.04700998589396477,0.5917635560035706,0.22136586904525757,-0.0557171106338501,0.6719555854797363,0.396329790353775,-0.030953483656048775,0.6674063801765442,0.33740779757499695,-0.04167261719703674,0.6612839102745056,0.29966339468955994,-0.048009973019361496,0.6544502973556519,0.26374346017837524,-0.05278322100639343,HELLO
HELLO,0.6592629551887512,0.5700564384460449,8.815502638981343e-08,0.6009560227394104,0.5553121566772461,-0.017837895080447197,0.5536872148513794,0.5092439651489258,-0.02684692293405533,0.524935781955719,0.46746358275413513,-0.03548244759440422,0.49360230565071106,0.4469831883907318,-0.044492337852716446,0.5686509013175964,0.392411470413208,-0.012277149595320225,0.542796790599823,0.31941643357276917,-0.026548607274889946,0.5285295844078064,0.27445289492607117,-0.04058312624692917,0.5155490636825562,0.2349487990140915,-0.05162959545850754,0.5997260808944702,0.3760918080806732,-0.015520183369517326,0.575730562210083,0.2952389419078827,-0.0272599458694458,0.5607770681381226,0.2436896115541458,-0.03976428136229515,0.5470569729804993,0.19982367753982544,-0.04954368993639946,0.6337831616401672,0.37890613079071045,-0.02187875472009182,0.6159799098968506,0.3052337169647217,-0.03424180671572685,0.602226972579956,0.259943425655365,-0.04577004164457321,0.5886261463165283,0.22085906565189362,-0.054123856127262115,0.6712031960487366,0.39410901069641113,-0.030309870839118958,0.6660158038139343,0.33450061082839966,-0.04078347235918045,0.6595654487609863,0.2967492938041687,-0.04705093801021576,0.652523398399353,0.26153481006622314,-0.051783133298158646,HELLO
HELLO,0.6592629551887512,0.5700564384460449,8.815502638981343e-08,0.6009560227394104,0.5553121566772461,-0.017837895080447197,0.5536872148513794,0.5092439651489258,-0.02684692293405533,0.524935781955719,0.46746358275413513,-0.03548244759440422,0.49360230565071106,0.4469831883907318,-0.044492337852716446,0.5686509013175964,0.392411470413208,-0.012277149595320225,0.542796790599823,0.31941643357276917,-0.026548607274889946,0.5285295844078064,0.27445289492607117,-0.04058312624692917,0.5155490636825562,0.2349487990140915,-0.05162959545850754,0.5997260808944702,0.3760918080806732,-0.015520183369517326,0.575730562210083,0.2952389419078827,-0.0272599458694458,0.5607770681381226,0.2436896115541458,-0.03976428136229515,0.5470569729804993,0.19982367753982544,-0.04954368993639946,0.6337831616401672,0.37890613079071045,-0.02187875472009182,0.6159799098968506,0.3052337169647217,-0.03424180671572685,0.602226972579956,0.259943425655365,-0.04577004164457321,0.5886261463165283,0.22085906565189362,-0.054123856127262115,0.6712031960487366,0.39410901069641113,-0.030309870839118958,0.6660158038139343,0.33450061082839966,-0.04078347235918045,0.6595654487609863,0.2967492938041687,-0.04705093801021576,0.652523398399353,0.26153481006622314,-0.051783133298158646,HELLO
HELLO,0.6592629551887512,0.5700564384460449,8.815502638981343e-08,0.6009560227394104,0.5553121566772461,-0.017837895080447197,0.5536872148513794,0.5092439651489258,-0.02684692293405533,0.524935781955719,0.46746358275413513,-0.03548244759440422,0.49360230565071106,0.4469831883907318,-0.044492337852716446,0.5686509013175964,0.392411470413208,-0.012277149595320225,0.542796790599823,0.31941643357276917,-0.026548607274889946,0.5285295844078064,0.27445289492607117,-0.04058312624692917,0.5155490636825562,0.2349487990140915,-0.05162959545850754,0.5997260808944702,0.3760918080806732,-0.015520183369517326,0.575730562210083,0.2952389419078827,-0.0272599458694458,0.5607770681381226,0.2436896115541458,-0.03976428136229515,0.5470569729804993,0.19982367753982544,-0.04954368993639946,0.6337831616401672,0.37890613079071045,-0.02187875472009182,0.6159799098968506,0.3052337169647217,-0.03424180671572685,0.602226972579956,0.259943425655365,-0.04577004164457321,0.5886261463165283,0.22085906565189362,-0.054123856127262115,0.6712031960487366,0.39410901069641113,-0.030309870839118958,0.6660158038139343,0.33450061082839966,-0.04078347235918045,0.6595654487609863,0.2967492938041687,-0.04705093801021576,0.652523398399353,0.26153481006622314,-0.051783133298158646,HELLO
HELLO,0.6582662463188171,0.5670123100280762,1.1203511718349546e-07,0.5995556116104126,0.5528860092163086,-0.017986901104450226,0.5536035895347595,0.5084151029586792,-0.02784014120697975,0.5253739356994629,0.4671785831451416,-0.0374615453183651,0.4945787489414215,0.447767972946167,-0.047663815319538116,0.5670915842056274,0.3925397992134094,-0.013806983828544617,0.5417118668556213,0.31887221336364746,-0.028750812634825706,0.527407169342041,0.2739005386829376,-0.043184321373701096,0.513766348361969,0.23443593084812164,-0.05439716577529907,0.5989296436309814,0.3761746287345886,-0.017249053344130516,0.5761512517929077,0.29536348581314087,-0.029597444459795952,0.5606975555419922,0.24370332062244415,-0.0430937223136425,0.5455973148345947,0.1993137151002884,-0.0535736046731472,0.633567214012146,0.3789145052433014,-0.023620126768946648,0.6172610521316528,0.3050473928451538,-0.03611156344413757,0.6036714315414429,0.2592277526855469,-0.048480719327926636,0.5895460844039917,0.2199258655309677,-0.057430416345596313,0.6706990003585815,0.39415255188941956,-0.031970612704753876,0.6660588979721069,0.33459392189979553,-0.042328864336013794,0.65994793176651,0.29635632038116455,-0.04882058501243591,0.6530153751373291,0.26078692078590393,-0.05371403694152832,HELLO
HELLO,0.6582662463188171,0.5670123100280762,1.1203511718349546e-07,0.5995556116104126,0.5528860092163086,-0.017986901104450226,0.5536035895347595,0.5084151029586792,-0.02784014120697975,0.5253739356994629,0.4671785831451416,-0.0374615453183651,0.4945787489414215,0.447767972946167,-0.047663815319538116,0.5670915842056274,0.3925397992134094,-0.013806983828544617,0.5417118668556213,0.31887221336364746,-0.028750812634825706,0.527407169342041,0.2739005386829376,-0.043184321373701096,0.513766348361969,0.23443593084812164,-0.05439716577529907,0.5989296436309814,0.3761746287345886,-0.017249053344130516,0.5761512517929077,0.29536348581314087,-0.029597444459795952,0.5606975555419922,0.24370332062244415,-0.0430937223136425,0.5455973148345947,0.1993137151002884,-0.0535736046731472,0.633567214012146,0.3789145052433014,-0.023620126768946648,0.6172610521316528,0.3050473928451538,-0.03611156344413757,0.6036714315414429,0.2592277526855469,-0.048480719327926636,0.5895460844039917,0.2199258655309677,-0.057430416345596313,0.6706990003585815,0.39415255188941956,-0.031970612704753876,0.6660588979721069,0.33459392189979553,-0.042328864336013794,0.65994793176651,0.29635632038116455,-0.04882058501243591,0.6530153751373291,0.26078692078590393,-0.05371403694152832,HELLO
HELLO,0.6582662463188171,0.5670123100280762,1.1203511718349546e-07,0.5995556116104126,0.5528860092163086,-0.017986901104450226,0.5536035895347595,0.5084151029586792,-0.02784014120697975,0.5253739356994629,0.4671785831451416,-0.0374615453183651,0.4945787489414215,0.447767972946167,-0.047663815319538116,0.5670915842056274,0.3925397992134094,-0.013806983828544617,0.5417118668556213,0.31887221336364746,-0.028750812634825706,0.527407169342041,0.2739005386829376,-0.043184321373701096,0.513766348361969,0.23443593084812164,-0.05439716577529907,0.5989296436309814,0.3761746287345886,-0.017249053344130516,0.5761512517929077,0.29536348581314087,-0.029597444459795952,0.5606975555419922,0.24370332062244415,-0.0430937223136425,0.5455973148345947,0.1993137151002884,-0.0535736046731472,0.633567214012146,0.3789145052433014,-0.023620126768946648,0.6172610521316528,0.3050473928451538,-0.03611156344413757,0.6036714315414429,0.2592277526855469,-0.048480719327926636,0.5895460844039917,0.2199258655309677,-0.057430416345596313,0.6706990003585815,0.39415255188941956,-0.031970612704753876,0.6660588979721069,0.33459392189979553,-0.042328864336013794,0.65994793176651,0.29635632038116455,-0.04882058501243591,0.6530153751373291,0.26078692078590393,-0.05371403694152832,HELLO
HELLO,0.6599642038345337,0.566685140132904,1.2027648210732877e-07,0.5998959541320801,0.5530032515525818,-0.018800513818860054,0.5534525513648987,0.5090791583061218,-0.02994995191693306,0.525732696056366,0.46674755215644836,-0.04081016033887863,0.4943445324897766,0.4457762539386749,-0.052309200167655945,0.5678621530532837,0.3927696645259857,-0.016253910958766937,0.5425562858581543,0.3181595504283905,-0.031970150768756866,0.5279676914215088,0.2727797031402588,-0.047053463757038116,0.514125645160675,0.232537642121315,-0.058777131140232086,0.5995317697525024,0.3769259750843048,-0.01977023109793663,0.5762907862663269,0.296738862991333,-0.03289589285850525,0.5609555244445801,0.24484597146511078,-0.04717092216014862,0.5459679961204529,0.1999524086713791,-0.05840389430522919,0.6339442729949951,0.37944093346595764,-0.02617942914366722,0.6171336770057678,0.3055328130722046,-0.03913512080907822,0.604011595249176,0.2589455246925354,-0.05225193500518799,0.5900493264198303,0.21973925828933716,-0.06190388649702072,0.6709426641464233,0.3940197825431824,-0.03462987020611763,0.6658558249473572,0.3331439793109894,-0.045348700135946274,0.659881591796875,0.2940494120121002,-0.05247732996940613,0.6530597805976868,0.2583063244819641,-0.05798588693141937,HELLO
HELLO,0.6599642038345337,0.566685140132904,1.2027648210732877e-07,0.5998959541320801,0.5530032515525818,-0.018800513818860054,0.5534525513648987,0.5090791583061218,-0.02994995191693306,0.525732696056366,0.46674755215644836,-0.04081016033887863,0.4943445324897766,0.4457762539386749,-0.052309200167655945,0.5678621530532837,0.3927696645259857,-0.016253910958766937,0.5425562858581543,0.3181595504283905,-0.031970150768756866,0.5279676914215088,0.2727797031402588,-0.047053463757038116,0.514125645160675,0.232537642121315,-0.058777131140232086,0.5995317697525024,0.3769259750843048,-0.01977023109793663,0.5762907862663269,0.296738862991333,-0.03289589285850525,0.5609555244445801,0.24484597146511078,-0.04717092216014862,0.5459679961204529,0.1999524086713791,-0.05840389430522919,0.6339442729949951,0.37944093346595764,-0.02617942914366722,0.6171336770057678,0.3055328130722046,-0.03913512080907822,0.604011595249176,0.2589455246925354,-0.05225193500518799,0.5900493264198303,0.21973925828933716,-0.06190388649702072,0.6709426641464233,0.3940197825431824,-0.03462987020611763,0.6658558249473572,0.3331439793109894,-0.045348700135946274,0.659881591796875,0.2940494120121002,-0.05247732996940613,0.6530597805976868,0.2583063244819641,-0.05798588693141937,HELLO
HELLO,0.6599642038345337,0.566685140132904,1.2027648210732877e-07,0.5998959541320801,0.5530032515525818,-0.018800513818860054,0.5534525513648987,0.5090791583061218,-0.02994995191693306,0.525732696056366,0.46674755215644836,-0.04081016033887863,0.4943445324897766,0.4457762539386749,-0.052309200167655945,0.5678621530532837,0.3927696645259857,-0.016253910958766937,0.5425562858581543,0.3181595504283905,-0.031970150768756866,0.5279676914215088,0.2727797031402588,-0.047053463757038116,0.514125645160675,0.232537642121315,-0.058777131140232086,0.5995317697525024,0.3769259750843048,-0.01977023109793663,0.5762907862663269,0.296738862991333,-0.03289589285850525,0.5609555244445801,0.24484597146511078,-0.04717092216014862,0.5459679961204529,0.1999524086713791,-0.05840389430522919,0.6339442729949951,0.37944093346595764,-0.02617942914366722,0.6171336770057678,0.3055328130722046,-0.03913512080907822,0.604011595249176,0.2589455246925354,-0.05225193500518799,0.5900493264198303,0.21973925828933716,-0.06190388649702072,0.6709426641464233,0.3940197825431824,-0.03462987020611763,0.6658558249473572,0.3331439793109894,-0.045348700135946274,0.659881591796875,0.2940494120121002,-0.05247732996940613,0.6530597805976868,0.2583063244819641,-0.05798588693141937,HELLO
HELLO,0.6602031588554382,0.5693782567977905,1.0895752211581566e-07,0.6016673445701599,0.5545079708099365,-0.018796022981405258,0.5550140142440796,0.5089234113693237,-0.028576212003827095,0.5260173082351685,0.4667184054851532,-0.038006167858839035,0.4944879412651062,0.44665879011154175,-0.047862451523542404,0.5687460899353027,0.3922351896762848,-0.012805050238966942,0.5428586006164551,0.31819677352905273,-0.027764946222305298,0.5285233855247498,0.2725154757499695,-0.042510952800512314,0.5154786109924316,0.23246100544929504,-0.05394132807850838,0.6007656455039978,0.3757062256336212,-0.015776952728629112,0.5777149200439453,0.29510965943336487,-0.027989594265818596,0.5628643035888672,0.24283064901828766,-0.041399311274290085,0.548959493637085,0.19774258136749268,-0.051881831139326096,0.6351866126060486,0.37816300988197327,-0.02196069061756134,0.6187087297439575,0.30450934171676636,-0.03419426456093788,0.6054015159606934,0.25906383991241455,-0.046236757189035416,0.5918798446655273,0.2199847251176834,-0.055004216730594635,0.672309398651123,0.3932335376739502,-0.03033742867410183,0.6669438481330872,0.33289098739624023,-0.04054521769285202,0.6605479717254639,0.29469427466392517,-0.04697351157665253,0.6536916494369507,0.2588638961315155,-0.051846425980329514,HELLO
HELLO,0.6602031588554382,0.5693782567977905,1.0895752211581566e-07,0.6016673445701599,0.5545079708099365,-0.018796022981405258,0.5550140142440796,0.5089234113693237,-0.028576212003827095,0.5260173082351685,0.4667184054851532,-0.038006167858839035,0.4944879412651062,0.44665879011154175,-0.047862451523542404,0.5687460899353027,0.3922351896762848,-0.012805050238966942,0.5428586006164551,0.31819677352905273,-0.027764946222305298,0.5285233855247498,0.2725154757499695,-0.042510952800512314,0.5154786109924316,0.23246100544929504,-0.05394132807850838,0.6007656455039978,0.3757062256336212,-0.015776952728629112,0.5777149200439453,0.29510965943336487,-0.027989594265818596,0.5628643035888672,0.24283064901828766,-0.041399311274290085,0.548959493637085,0.19774258136749268,-0.051881831139326096,0.6351866126060486,0.37816300988197327,-0.02196069061756134,0.6187087297439575,0.30450934171676636,-0.03419426456093788,0.6054015159606934,0.25906383991241455,-0.046236757189035416,0.5918798446655273,0.2199847251176834,-0.055004216730594635,0.672309398651123,0.3932335376739502,-0.03033742867410183,0.6669438481330872,0.33289098739624023,-0.04054521769285202,0.6605479717254639,0.29469427466392517,-0.04697351157665253,0.6536916494369507,0.2588638961315155,-0.051846425980329514,HELLO
HELLO,0.660514235496521,0.5699040293693542,1.0708367170764177e-07,0.6013662815093994,0.5543048977851868,-0.017725400626659393,0.5547059178352356,0.5076690912246704,-0.026794428005814552,0.526854395866394,0.4658350944519043,-0.03531629219651222,0.4959228038787842,0.44581282138824463,-0.04422033578157425,0.5697901248931885,0.39067792892456055,-0.012180344201624393,0.5451680421829224,0.3178193271160126,-0.026114389300346375,0.5314769744873047,0.27221789956092834,-0.040177296847105026,0.5191691517829895,0.2325403392314911,-0.05141059309244156,0.6016790866851807,0.37441250681877136,-0.015577929094433784,0.5789746642112732,0.2943575978279114,-0.026712099090218544,0.5645466446876526,0.24332138895988464,-0.03908426687121391,0.5506311655044556,0.19985973834991455,-0.048938311636447906,0.6361884474754333,0.3774130642414093,-0.022056620568037033,0.6193367838859558,0.3024608790874481,-0.03392229229211807,0.6062291264533997,0.2567194402217865,-0.04539070650935173,0.5927729606628418,0.21725301444530487,-0.053920499980449677,0.673334538936615,0.3933459520339966,-0.030574165284633636,0.6685737371444702,0.3339087665081024,-0.04121886193752289,0.6623790264129639,0.29565033316612244,-0.0477050356566906,0.6557472348213196,0.2593676745891571,-0.05261137709021568,HELLO
HELLO,0.660514235496521,0.5699040293693542,1.0708367170764177e-07,0.6013662815093994,0.5543048977851868,-0.017725400626659393,0.5547059178352356,0.5076690912246704,-0.026794428005814552,0.526854395866394,0.4658350944519043,-0.03531629219651222,0.4959228038787842,0.44581282138824463,-0.04422033578157425,0.5697901248931885,0.39067792892456055,-0.012180344201624393,0.5451680421829224,0.3178193271160126,-0.026114389300346375,0.5314769744873047,0.27221789956092834,-0.040177296847105026,0.5191691517829895,0.2325403392314911,-0.05141059309244156,0.6016790866851807,0.37441250681877136,-0.015577929094433784,0.5789746642112732,0.2943575978279114,-0.026712099090218544,0.5645466446876526,0.24332138895988464,-0.03908426687121391,0.5506311655044556,0.19985973834991455,-0.048938311636447906,0.6361884474754333,0.3774130642414093,-0.022056620568037033,0.6193367838859558,0.3024608790874481,-0.03392229229211807,0.6062291264533997,0.2567194402217865,-0.04539070650935173,0.5927729606628418,0.21725301444530487,-0.053920499980449677,0.673334538936615,0.3933459520339966,-0.030574165284633636,0.6685737371444702,0.3339087665081024,-0.04121886193752289,0.6623790264129639,0.29565033316612244,-0.0477050356566906,0.6557472348213196,0.2593676745891571,-0.05261137709021568,HELLO
HELLO,0.6639099717140198,0.5743182897567749,4.888990190465847e-08,0.6044787168502808,0.5583246946334839,-0.017038390040397644,0.5569174289703369,0.5112782716751099,-0.02500348538160324,0.5278656482696533,0.4674186110496521,-0.03310960531234741,0.4971925914287567,0.4465455412864685,-0.04169684275984764,0.5735672116279602,0.3932180106639862,-0.009042507037520409,0.5476775169372559,0.3196432888507843,-0.022910267114639282,0.532934308052063,0.2741296589374542,-0.03722032532095909,0.5202158093452454,0.2334248572587967,-0.0485665537416935,0.6045894622802734,0.37603527307510376,-0.012650813907384872,0.5816675424575806,0.2924627959728241,-0.02349844202399254,0.5666324496269226,0.24150533974170685,-0.03541238605976105,0.5536065697669983,0.19850492477416992,-0.045037999749183655,0.6385292410850525,0.3785587549209595,-0.019510045647621155,0.6224064826965332,0.30195850133895874,-0.03073640540242195,0.6096543073654175,0.25792980194091797,-0.0406801663339138,0.5970569849014282,0.21990960836410522,-0.04820770025253296,0.6753794550895691,0.3944011628627777,-0.02869960479438305,0.6716420650482178,0.33262899518013,-0.03783164918422699,0.6660135984420776,0.2946467995643616,-0.04270562529563904,0.6597808599472046,0.25897687673568726,-0.04666677117347717,HELLO
YES,0.6689848899841309,0.3294113278388977,-4.891525691164134e-07,0.6230689883232117,0.3309970498085022,-0.030306855216622353,0.5796220898628235,0.3220258057117462,-0.05305973067879677,0.5505425930023193,0.3289327621459961,-0.07105832546949387,0.5309396386146545,0.3395983576774597,-0.08457143604755402,0.5878580212593079,0.2379305362701416,-0.0558757483959198,0.5680781602859497,0.3391103744506836,-0.08273373544216156,0.578007698059082,0.36442771553993225,-0.09315312653779984,0.5874062776565552,0.3433043658733368,-0.09997817873954773,0.6350836753845215,0.22706927359104156,-0.05480446666479111,0.6150534749031067,0.3522486686706543,-0.07768163830041885,0.6216410994529724,0.3674827814102173,-0.0781412124633789,0.62735515832901,0.33683860301971436,-0.07921082526445389,0.679354190826416,0.2335088849067688,-0.0555582270026207,0.658217191696167,0.3538700044155121,-0.07811824232339859,0.6615262627601624,0.36783450841903687,-0.06845003366470337,0.6651352643966675,0.33795350790023804,-0.061252132058143616,0.7180652022361755,0.24831029772758484,-0.05986243858933449,0.6991966962814331,0.3440094590187073,-0.07544291019439697,0.6946432590484619,0.3590061366558075,-0.07207464426755905,0.6942861080169678,0.3365946412086487,-0.06824423372745514,YES
YES,0.6627159714698792,0.3260650038719177,-5.348340437194565e-07,0.6165716052055359,0.3328248858451843,-0.03451818972826004,0.5701848268508911,0.32573390007019043,-0.059785038232803345,0.5436586141586304,0.3307965397834778,-0.07982853055000305,0.53581702709198,0.32695287466049194,-0.09504964202642441,0.5823357701301575,0.2287188172340393,-0.0625874251127243,0.5683534741401672,0.32939478754997253,-0.0910046398639679,0.5774669647216797,0.3563547134399414,-0.10129163414239883,0.5837319493293762,0.33560991287231445,-0.1081731989979744,0.6298017501831055,0.21645444631576538,-0.059655170887708664,0.6138343214988708,0.3420445919036865,-0.08484910428524017,0.6204054355621338,0.36175721883773804,-0.08466412127017975,0.6269075274467468,0.33479249477386475,-0.08548620343208313,0.6741755604743958,0.22192099690437317,-0.05874067172408104,0.656069815158844,0.341539204120636,-0.08363883942365646,0.6580953598022461,0.3602609634399414,-0.07360338419675827,0.6617301106452942,0.3321458101272583,-0.06628533452749252,0.7123062610626221,0.23591013252735138,-0.06162683293223381,0.6987714171409607,0.329292893409729,-0.07906948029994965,0.6928978562355042,0.3479723036289215,-0.0761837512254715,0.6927759051322937,0.3261657953262329,-0.07266851514577866,YES
YES,0.6536223292350769,0.31951406598091125,-4.616023261405644e-07,0.6113578677177429,0.32629406452178955,-0.03142524138092995,0.5684937238693237,0.31962117552757263,-0.05498829111456871,0.5443180799484253,0.3275834918022156,-0.07375573366880417,0.5362827777862549,0.3370031714439392,-0.08867114782333374,0.5794181227684021,0.2377229779958725,-0.05622563511133194,0.5662916898727417,0.3311537802219391,-0.08165741711854935,0.5763066411018372,0.358642578125,-0.09171026945114136,0.5843977928161621,0.34061598777770996,-0.09883585572242737,0.623831033706665,0.22892192006111145,-0.054009970277547836,0.6117119193077087,0.335592120885849,-0.07649645954370499,0.6172211766242981,0.35811296105384827,-0.07672955840826035,0.6232815980911255,0.33709242939949036,-0.07813140004873276,0.6648035049438477,0.23452457785606384,-0.05368329957127571,0.6523136496543884,0.33428969979286194,-0.07532206177711487,0.6522904634475708,0.35478320717811584,-0.06756778061389923,0.6545621752738953,0.3320543169975281,-0.06248520314693451,0.70057213306427,0.2472286820411682,-0.05675165355205536,0.6910450458526611,0.323691189289093,-0.06997045129537582,0.6853088140487671,0.3432096242904663,-0.06696375459432602,0.6846193671226501,0.32743364572525024,-0.06477529555559158,YES
YES,0.6403485536575317,0.401732861995697,-4.3984906028526893e-07,0.5930582880973816,0.3970176875591278,-0.030494360253214836,0.5465913414955139,0.36771270632743835,-0.050504859536886215,0.5236003994941711,0.34050923585891724,-0.06570135056972504,0.5275788903236389,0.30885908007621765,-0.0756237804889679,0.5672827363014221,0.2456694096326828,-0.03708355873823166,0.5531243085861206,0.29999202489852905,-0.058487795293331146,0.5609790086746216,0.3364131450653076,-0.0671125128865242,0.5701014995574951,0.3338184356689453,-0.07255206257104874,0.6057354211807251,0.23521317541599274,-0.03320467844605446,0.5928843021392822,0.30358654260635376,-0.05233846977353096,0.5947256684303284,0.34163355827331543,-0.05485908314585686,0.600385844707489,0.3333616852760315,-0.05636080726981163,0.6417101621627808,0.24246668815612793,-0.032355498522520065,0.6300813555717468,0.3093189299106598,-0.05269215628504753,0.6284062266349792,0.34526699781417847,-0.048466555774211884,0.6314563155174255,0.33695629239082336,-0.04444807395339012,0.674938440322876,0.2597556412220001,-0.03454485163092613,0.6656566858291626,0.3055168390274048,-0.04726652055978775,0.6581827998161316,0.3370636999607086,-0.0449325256049633,0.6562914848327637,0.33295780420303345,-0.04150084778666496,YES
YES,0.6484265327453613,0.4215508699417114,-4.2753288198582595e-07,0.6005939245223999,0.4172206521034241,-0.031501319259405136,0.5518335103988647,0.3886343240737915,-0.05205996334552765,0.5278700590133667,0.3565651774406433,-0.06743847578763962,0.5372823476791382,0.3236938714981079,-0.07689645141363144,0.5706018805503845,0.26637664437294006,-0.03740467131137848,0.5565850734710693,0.31752410531044006,-0.059483811259269714,0.5660086274147034,0.3542388081550598,-0.06750206649303436,0.5749021172523499,0.3483792543411255,-0.07283005863428116,0.6079335808753967,0.25319623947143555,-0.0333198718726635,0.5975570678710938,0.31909626722335815,-0.05405023321509361,0.5997008085250854,0.3574579358100891,-0.056051649153232574,0.6033924221992493,0.3459071218967438,-0.05672105401754379,0.6439343690872192,0.2600247859954834,-0.03254104033112526,0.635352373123169,0.3261861503124237,-0.05410848557949066,0.633998453617096,0.360864520072937,-0.048906709998846054,0.6363255977630615,0.3485686182975769,-0.04423205181956291,0.6771641373634338,0.2779727876186371,-0.03490813076496124,0.6693812012672424,0.3262163996696472,-0.04929414391517639,0.6652472019195557,0.35582491755485535,-0.047797832638025284,0.6662303805351257,0.3477335572242737,-0.04495063051581383,YES
YES,0.617110013961792,0.36442482471466064,-5.380222205531027e-07,0.5651772022247314,0.3803211748600006,-0.04199432581663132,0.511170506477356,0.374805212020874,-0.07281718403100967,0.48202645778656006,0.37892740964889526,-0.09659011662006378,0.48135921359062195,0.3675438165664673,-0.11471310257911682,0.5344928503036499,0.25825831294059753,-0.07945992052555084,0.5176700353622437,0.38559529185295105,-0.11217347532510757,0.5305300354957581,0.39675667881965637,-0.12525227665901184,0.542670726776123,0.3668922781944275,-0.13446491956710815,0.5885444283485413,0.24280031025409698,-0.07463103532791138,0.5722730159759521,0.39810001850128174,-0.10261756181716919,0.5787801146507263,0.3918055295944214,-0.10236876457929611,0.5844948291778564,0.3530755639076233,-0.10420504957437515,0.6386491656303406,0.24916142225265503,-0.07179096341133118,0.6203344464302063,0.3932473659515381,-0.10044292360544205,0.6211673021316528,0.3911442160606384,-0.08679492771625519,0.6246577501296997,0.3524681329727173,-0.07631777971982956,0.6815012693405151,0.266500324010849,-0.07395254075527191,0.6672303676605225,0.3776989281177521,-0.0983961969614029,0.6615877151489258,0.3800279498100281,-0.09682189673185349,0.6615663170814514,0.34598857164382935,-0.09281201660633087,YES
YES,0.6885538697242737,0.36283302307128906,-7.40667871923506e-07,0.6302934288978577,0.37617045640945435,-0.0343761220574379,0.5787827968597412,0.383932501077652,-0.06559157371520996,0.5541231632232666,0.40685921907424927,-0.09343045949935913,0.5478813648223877,0.42829060554504395,-0.11967200040817261,0.5965059995651245,0.26676106452941895,-0.06932897865772247,0.5901157855987549,0.3651251196861267,-0.09827060252428055,0.601524829864502,0.40865397453308105,-0.11312609910964966,0.6078611612319946,0.40722471475601196,-0.12389689683914185,0.6555638313293457,0.2532128393650055,-0.07135199010372162,0.6474635601043701,0.3634348511695862,-0.09639424085617065,0.6518661975860596,0.4147757887840271,-0.09902814775705338,0.6569312214851379,0.42193183302879333,-0.10286202281713486,0.7113445997238159,0.2585955858230591,-0.07448727637529373,0.7020782232284546,0.36321455240249634,-0.10109402239322662,0.7002388834953308,0.4117636978626251,-0.0932709276676178,0.7005048990249634,0.4163733720779419,-0.08761543035507202,0.7630634903907776,0.27271342277526855,-0.08103883266448975,0.7615945339202881,0.3510587215423584,-0.09604949504137039,0.7497152090072632,0.3956416845321655,-0.0874425545334816,0.7405102252960205,0.4079623818397522,-0.08082421123981476,YES
YES,0.7173332571983337,0.37985917925834656,-4.549317509372486e-07,0.6561552882194519,0.3989810049533844,-0.040391989052295685,0.5970181226730347,0.41365787386894226,-0.07696553319692612,0.5622578859329224,0.4363003969192505,-0.10654494911432266,0.5468581914901733,0.44497811794281006,-0.13078196346759796,0.6106795072555542,0.2989400029182434,-0.0966656506061554,0.5903519988059998,0.4528563618659973,-0.13423027098178864,0.6088122725486755,0.4632306694984436,-0.14613474905490875,0.6236063838005066,0.43127429485321045,-0.15398402512073517,0.6706507205963135,0.2859303951263428,-0.09533229470252991,0.6578599214553833,0.4646807909011841,-0.12847602367401123,0.6693389415740967,0.4560416340827942,-0.12493832409381866,0.6766728162765503,0.4077703356742859,-0.12434272468090057,0.7294902205467224,0.2913871705532074,-0.09493092447519302,0.7175183892250061,0.45583802461624146,-0.1273135393857956,0.7210232615470886,0.4490145742893219,-0.10852815210819244,0.723934531211853,0.40070295333862305,-0.09416551887989044,0.7829467058181763,0.30916354060173035,-0.09961047768592834,0.7739040851593018,0.4325503408908844,-0.12662959098815918,0.7680980563163757,0.43193167448043823,-0.12225369364023209,0.7675650119781494,0.3907596170902252,-0.1158042922616005,YES
YES,0.6973151564598083,0.32984891533851624,-4.1779401271924144e-07,0.6388382911682129,0.3540496230125427,-0.04257617145776749,0.5787477493286133,0.37882524728775024,-0.08313276618719101,0.5459042191505432,0.41222789883613586,-0.11670616269111633,0.5412607192993164,0.42305710911750793,-0.1459919512271881,0.5928943157196045,0.2836706042289734,-0.10669265687465668,0.5755751729011536,0.44421422481536865,-0.1498088389635086,0.5948678255081177,0.45315322279930115,-0.16705234348773956,0.6075497269630432,0.4185301661491394,-0.17825403809547424,0.6486998796463013,0.2801688313484192,-0.10441706329584122,0.6376696825027466,0.45370185375213623,-0.14090560376644135,0.6523220539093018,0.44780072569847107,-0.13923650979995728,0.6599757075309753,0.398837685585022,-0.1414208859205246,0.7054163813591003,0.28768572211265564,-0.1029435470700264,0.6948899626731873,0.4400939345359802,-0.13712623715400696,0.7023484706878662,0.43365293741226196,-0.1210494190454483,0.7054800391197205,0.38419175148010254,-0.10981673747301102,0.756452739238739,0.3041967451572418,-0.10625533759593964,0.7497117519378662,0.4145624041557312,-0.13186831772327423,0.7467507719993591,0.41116172075271606,-0.12719640135765076,0.747562825679779,0.3699614703655243,-0.12262453138828278,YES
YES,0.6892917156219482,0.34321147203445435,-3.800429624334356e-07,0.6266589760780334,0.3678479492664337,-0.04169275239109993,0.5641705989837646,0.3900585174560547,-0.081293985247612,0.5330855846405029,0.41837242245674133,-0.11341585218906403,0.5385413765907288,0.4238814115524292,-0.14133192598819733,0.580574095249176,0.2907429039478302,-0.109222911298275,0.5661552548408508,0.44007712602615356,-0.15067629516124725,0.5878271460533142,0.4393390417098999,-0.16646237671375275,0.6033421754837036,0.4037262797355652,-0.17705200612545013,0.6376615166664124,0.28292226791381836,-0.10564639419317245,0.6310116648674011,0.45520853996276855,-0.13893185555934906,0.64573734998703,0.4389626383781433,-0.1359403282403946,0.6545129418373108,0.3861936628818512,-0.13837392628192902,0.6954210996627808,0.2903684973716736,-0.10241017490625381,0.6879903674125671,0.4482972025871277,-0.13438862562179565,0.6921871900558472,0.4335772395133972,-0.11818575114011765,0.6944332122802734,0.38070356845855713,-0.10772194713354111,0.7464351654052734,0.308297336101532,-0.10399168729782104,0.7418340444564819,0.4288032054901123,-0.13152585923671722,0.7367847561836243,0.4202997088432312,-0.12973131239414215,0.7357242703437805,0.373718798160553,-0.12714871764183044,YES
YES,0.6790608167648315,0.36162638664245605,-4.310126087148092e-07,0.6269044876098633,0.3798810839653015,-0.04436507076025009,0.5678260326385498,0.39066562056541443,-0.08190709352493286,0.5354712605476379,0.41081464290618896,-0.11227627843618393,0.5479738712310791,0.4092288613319397,-0.1368006467819214,0.5837495923042297,0.28954678773880005,-0.10076594352722168,0.5636696815490723,0.4249608516693115,-0.14392408728599548,0.584316611289978,0.4319802224636078,-0.1598685085773468,0.5988005995750427,0.39866042137145996,-0.16964960098266602,0.6403299570083618,0.27857115864753723,-0.09604134410619736,0.6282080411911011,0.4490944743156433,-0.1323312371969223,0.6435224413871765,0.4417879581451416,-0.12987445294857025,0.6518893837928772,0.38950294256210327,-0.13047516345977783,0.6975054144859314,0.2859439253807068,-0.09313927590847015,0.686659574508667,0.44341835379600525,-0.12792839109897614,0.6911396980285645,0.43398624658584595,-0.11168117076158524,0.6936959028244019,0.3783026337623596,-0.09933515638113022,0.7484901547431946,0.3050118684768677,-0.09539185464382172,0.7415881156921387,0.4256304204463959,-0.12483992427587509,0.7349199056625366,0.421241819858551,-0.12326443940401077,0.732496976852417,0.37534841895103455,-0.11914664506912231,YES
YES,0.7006413340568542,0.31117069721221924,-3.772961179038248e-07,0.6314547657966614,0.3401694595813751,-0.03891054168343544,0.5692238211631775,0.37355589866638184,-0.07724488526582718,0.5370404720306396,0.41186994314193726,-0.11013070493936539,0.5431037545204163,0.4335389733314514,-0.14009211957454681,0.5892574787139893,0.28411152958869934,-0.10193491727113724,0.5760767459869385,0.4286034107208252,-0.14370127022266388,0.5983431339263916,0.4322395324707031,-0.161261647939682,0.6146456599235535,0.39644601941108704,-0.17362014949321747,0.6466819643974304,0.2760746479034424,-0.10083596408367157,0.6350963115692139,0.44662976264953613,-0.13265401124954224,0.6499148011207581,0.44079944491386414,-0.13067661225795746,0.6629793643951416,0.38689327239990234,-0.13539935648441315,0.703468918800354,0.28413692116737366,-0.10045438259840012,0.6925379037857056,0.44105762243270874,-0.13197049498558044,0.6950171589851379,0.42906486988067627,-0.11863258481025696,0.7001519203186035,0.3693384528160095,-0.11141093075275421,0.7536290884017944,0.30163562297821045,-0.10478262603282928,0.7452235221862793,0.4218277931213379,-0.1325782686471939,0.7400432825088501,0.41356298327445984,-0.13244947791099548,0.7396917939186096,0.36360296607017517,-0.1323922872543335,YES
YES,0.6829606890678406,0.3556689918041229,-5.157427267477033e-07,0.6235692501068115,0.3866823613643646,-0.03948749974370003,0.5707163214683533,0.40870246291160583,-0.07054528594017029,0.5413293838500977,0.4267880618572235,-0.09456201642751694,0.5268133878707886,0.4362478256225586,-0.11294380575418472,0.5870188474655151,0.2876615822315216,-0.07576488703489304,0.5710985064506531,0.42526304721832275,-0.10879889130592346,0.5941387414932251,0.4390762150287628,-0.12250399589538574,0.6062047481536865,0.4057411849498749,-0.13075242936611176,0.6410729885101318,0.27198007702827454,-0.07484281063079834,0.6176128387451172,0.4274361729621887,-0.10308527201414108,0.6372918486595154,0.42771345376968384,-0.10549139976501465,0.645063579082489,0.39061084389686584,-0.10872692614793777,0.6912335157394409,0.27746129035949707,-0.07588623464107513,0.6660023927688599,0.4249435067176819,-0.1035471186041832,0.6809262037277222,0.42525097727775574,-0.09568265080451965,0.6867091059684753,0.3905341625213623,-0.09016145020723343,0.7339574694633484,0.29663559794425964,-0.08098997175693512,0.7191809415817261,0.40947893261909485,-0.10104114562273026,0.7227944731712341,0.41468700766563416,-0.09867929667234421,0.7227572798728943,0.38779905438423157,-0.0958402156829834,YES
YES,0.6855625510215759,0.3644397556781769,-4.5485106170417566e-07,0.6220232248306274,0.3956393897533417,-0.05720411241054535,0.5577361583709717,0.41725867986679077,-0.1003858745098114,0.527808427810669,0.4294353723526001,-0.13298721611499786,0.5178205966949463,0.4345713257789612,-0.15935690701007843,0.596443772315979,0.28214162588119507,-0.10826841741800308,0.5837653279304504,0.4273453652858734,-0.14373841881752014,0.601260781288147,0.434012770652771,-0.1551710069179535,0.6133439540863037,0.39852777123451233,-0.16296592354774475,0.6452383995056152,0.2668919265270233,-0.09919857233762741,0.6300801634788513,0.43766748905181885,-0.13395296037197113,0.6401441097259521,0.4285510778427124,-0.1345738172531128,0.6474350094795227,0.38971370458602905,-0.13630205392837524,0.6917301416397095,0.27046579122543335,-0.09193257987499237,0.6738093495368958,0.43059659004211426,-0.12388919293880463,0.6820088624954224,0.4215485453605652,-0.11374020576477051,0.6859608292579651,0.3834335207939148,-0.10613498836755753,0.734046459197998,0.28972774744033813,-0.09050343185663223,0.7232048511505127,0.4084091782569885,-0.11327937245368958,0.7184975743293762,0.4128877520561218,-0.11081111431121826,0.7146788239479065,0.38648831844329834,-0.10750281065702438,YES
YES,0.6855625510215759,0.3644397556781769,-4.5485106170417566e-07,0.6220232248306274,0.3956393897533417,-0.05720411241054535,0.5577361583709717,0.41725867986679077,-0.1003858745098114,0.527808427810669,0.4294353723526001,-0.13298721611499786,0.5178205966949463,0.4345713257789612,-0.15935690701007843,0.596443772315979,0.28214162588119507,-0.10826841741800308,0.5837653279304504,0.4273453652858734,-0.14373841881752014,0.601260781288147,0.434012770652771,-0.1551710069179535,0.6133439540863037,0.39852777123451233,-0.16296592354774475,0.6452383995056152,0.2668919265270233,-0.09919857233762741,0.6300801634788513,0.43766748905181885,-0.13395296037197113,0.6401441097259521,0.4285510778427124,-0.1345738172531128,0.6474350094795227,0.38971370458602905,-0.13630205392837524,0.6917301416397095,0.27046579122543335,-0.09193257987499237,0.6738093495368958,0.43059659004211426,-0.12388919293880463,0.6820088624954224,0.4215485453605652,-0.11374020576477051,0.6859608292579651,0.3834335207939148,-0.10613498836755753,0.734046459197998,0.28972774744033813,-0.09050343185663223,0.7232048511505127,0.4084091782569885,-0.11327937245368958,0.7184975743293762,0.4128877520561218,-0.11081111431121826,0.7146788239479065,0.38648831844329834,-0.10750281065702438,YES
YES,0.6855625510215759,0.3644397556781769,-4.5485106170417566e-07,0.6220232248306274,0.3956393897533417,-0.05720411241054535,0.5577361583709717,0.41725867986679077,-0.1003858745098114,0.527808427810669,0.4294353723526001,-0.13298721611499786,0.5178205966949463,0.4345713257789612,-0.15935690701007843,0.596443772315979,0.28214162588119507,-0.10826841741800308,0.5837653279304504,0.4273453652858734,-0.14373841881752014,0.601260781288147,0.434012770652771,-0.1551710069179535,0.6133439540863037,0.39852777123451233,-0.16296592354774475,0.6452383995056152,0.2668919265270233,-0.09919857233762741,0.6300801634788513,0.43766748905181885,-0.13395296037197113,0.6401441097259521,0.4285510778427124,-0.1345738172531128,0.6474350094795227,0.38971370458602905,-0.13630205392837524,0.6917301416397095,0.27046579122543335,-0.09193257987499237,0.6738093495368958,0.43059659004211426,-0.12388919293880463,0.6820088624954224,0.4215485453605652,-0.11374020576477051,0.6859608292579651,0.3834335207939148,-0.10613498836755753,0.734046459197998,0.28972774744033813,-0.09050343185663223,0.7232048511505127,0.4084091782569885,-0.11327937245368958,0.7184975743293762,0.4128877520561218,-0.11081111431121826,0.7146788239479065,0.38648831844329834,-0.10750281065702438,YES
YES,0.666220486164093,0.373828649520874,-5.962120326330478e-07,0.6233199834823608,0.3858180046081543,-0.04809127748012543,0.5729821920394897,0.3972584307193756,-0.0845986008644104,0.5390965938568115,0.4133175015449524,-0.11211919039487839,0.5153788328170776,0.42153140902519226,-0.13504934310913086,0.6186686754226685,0.27481767535209656,-0.09540087729692459,0.6112244725227356,0.39575842022895813,-0.1233425885438919,0.6128256320953369,0.41318899393081665,-0.13243499398231506,0.6123847365379333,0.39090991020202637,-0.14040809869766235,0.6513507962226868,0.2641180157661438,-0.08840096741914749,0.635851263999939,0.40601542592048645,-0.11730825901031494,0.634040355682373,0.4152621626853943,-0.11736144125461578,0.634013831615448,0.39658278226852417,-0.11994873732328415,0.6809654831886292,0.27232128381729126,-0.0824468731880188,0.6628018021583557,0.41031908988952637,-0.10987585783004761,0.6610328555107117,0.4169372320175171,-0.1032327339053154,0.6601387858390808,0.39336249232292175,-0.09991908818483353,0.7067602276802063,0.2925628423690796,-0.08129508793354034,0.6952532529830933,0.3978005647659302,-0.10255349427461624,0.6829631328582764,0.4192940592765808,-0.10191304236650467,0.6727064847946167,0.41009387373924255,-0.10131160914897919,YES
YES,0.666220486164093,0.373828649520874,-5.962120326330478e-07,0.6233199834823608,0.3858180046081543,-0.04809127748012543,0.5729821920394897,0.3972584307193756,-0.0845986008644104,0.5390965938568115,0.4133175015449524,-0.11211919039487839,0.5153788328170776,0.42153140902519226,-0.13504934310913086,0.6186686754226685,0.27481767535209656,-0.09540087729692459,0.6112244725227356,0.39575842022895813,-0.1233425885438919,0.6128256320953369,0.41318899393081665,-0.13243499398231506,0.6123847365379333,0.39090991020202637,-0.14040809869766235,0.6513507962226868,0.2641180157661438,-0.08840096741914749,0.635851263999939,0.40601542592048645,-0.11730825901031494,0.634040355682373,0.4152621626853943,-0.11736144125461578,0.634013831615448,0.39658278226852417,-0.11994873732328415,0.6809654831886292,0.27232128381729126,-0.0824468731880188,0.6628018021583557,0.41031908988952637,-0.10987585783004761,0.6610328555107117,0.4169372320175171,-0.1032327339053154,0.6601387858390808,0.39336249232292175,-0.09991908818483353,0.7067602276802063,0.2925628423690796,-0.08129508793354034,0.6952532529830933,0.3978005647659302,-0.10255349427461624,0.6829631328582764,0.4192940592765808,-0.10191304236650467,0.6727064847946167,0.41009387373924255,-0.10131160914897919,YES
YES,0.666220486164093,0.373828649520874,-5.962120326330478e-07,0.6233199834823608,0.3858180046081543,-0.04809127748012543,0.5729821920394897,0.3972584307193756,-0.0845986008644104,0.5390965938568115,0.4133175015449524,-0.11211919039487839,0.5153788328170776,0.42153140902519226,-0.13504934310913086,0.6186686754226685,0.27481767535209656,-0.09540087729692459,0.6112244725227356,0.39575842022895813,-0.1233425885438919,0.6128256320953369,0.41318899393081665,-0.13243499398231506,0.6123847365379333,0.39090991020202637,-0.14040809869766235,0.6513507962226868,0.2641180157661438,-0.08840096741914749,0.635851263999939,0.40601542592048645,-0.11730825901031494,0.634040355682373,0.4152621626853943,-0.11736144125461578,0.634013831615448,0.39658278226852417,-0.11994873732328415,0.6809654831886292,0.27232128381729126,-0.0824468731880188,0.6628018021583557,0.41031908988952637,-0.10987585783004761,0.6610328555107117,0.4169372320175171,-0.1032327339053154,0.6601387858390808,0.39336249232292175,-0.09991908818483353,0.7067602276802063,0.2925628423690796,-0.08129508793354034,0.6952532529830933,0.3978005647659302,-0.10255349427461624,0.6829631328582764,0.4192940592765808,-0.10191304236650467,0.6727064847946167,0.41009387373924255,-0.10131160914897919,YES
YES,0.6431303024291992,0.33354058861732483,-7.851884902265738e-07,0.5873847007751465,0.37043002247810364,-0.021703485399484634,0.5435245037078857,0.39585328102111816,-0.04548773542046547,0.5166426301002502,0.4147607088088989,-0.06857860088348389,0.5004404187202454,0.4376771152019501,-0.09306374937295914,0.5649054050445557,0.28073450922966003,-0.04392381012439728,0.5492594838142395,0.33088812232017517,-0.07360228151082993,0.538114070892334,0.3875529170036316,-0.09966952353715897,0.5369349718093872,0.42635464668273926,-0.11683561652898788,0.6172503232955933,0.2665105164051056,-0.05118132755160332,0.60007643699646,0.33073946833610535,-0.0745118036866188,0.5909767746925354,0.3962944746017456,-0.08799230307340622,0.5939738750457764,0.4385083019733429,-0.10002896934747696,0.6662908792495728,0.2665785849094391,-0.059599827975034714,0.6527183055877686,0.32851308584213257,-0.08538413792848587,0.6458594799041748,0.3878099322319031,-0.08579780161380768,0.6467039585113525,0.42892760038375854,-0.08577436208724976,0.7118318676948547,0.27539676427841187,-0.06967773288488388,0.7058945894241333,0.32411953806877136,-0.08994417637586594,0.7010468244552612,0.3656823933124542,-0.0849706158041954,0.6988256573677063,0.3972175717353821,-0.0801866352558136,YES
YES,0.6431303024291992,0.33354058861732483,-7.851884902265738e-07,0.5873847007751465,0.37043002247810364,-0.021703485399484634,0.5435245037078857,0.39585328102111816,-0.04548773542046547,0.5166426301002502,0.4147607088088989,-0.06857860088348389,0.5004404187202454,0.4376771152019501,-0.09306374937295914,0.5649054050445557,0.28073450922966003,-0.04392381012439728,0.5492594838142395,0.33088812232017517,-0.07360228151082993,0.538114070892334,0.3875529170036316,-0.09966952353715897,0.5369349718093872,0.42635464668273926,-0.11683561652898788,0.6172503232955933,0.2665105164051056,-0.05118132755160332,0.60007643699646,0.33073946833610535,-0.0745118036866188,0.5909767746925354,0.3962944746017456,-0.08799230307340622,0.5939738750457764,0.4385083019733429,-0.10002896934747696,0.6662908792495728,0.2665785849094391,-0.059599827975034714,0.6527183055877686,0.32851308584213257,-0.08538413792848587,0.6458594799041748,0.3878099322319031,-0.08579780161380768,0.6467039585113525,0.42892760038375854,-0.08577436208724976,0.7118318676948547,0.27539676427841187,-0.06967773288488388,0.7058945894241333,0.32411953806877136,-0.08994417637586594,0.7010468244552612,0.3656823933124542,-0.0849706158041954,0.6988256573677063,0.3972175717353821,-0.0801866352558136,YES
YES,0.6431303024291992,0.33354058861732483,-7.851884902265738e-07,0.5873847007751465,0.37043002247810364,-0.021703485399484634,0.5435245037078857,0.39585328102111816,-0.04548773542046547,0.5166426301002502,0.4147607088088989,-0.06857860088348389,0.5004404187202454,0.4376771152019501,-0.09306374937295914,0.5649054050445557,0.28073450922966003,-0.04392381012439728,0.5492594838142395,0.33088812232017517,-0.07360228151082993,0.538114070892334,0.3875529170036316,-0.09966952353715897,0.5369349718093872,0.42635464668273926,-0.11683561652898788,0.6172503232955933,0.2665105164051056,-0.05118132755160332,0.60007643699646,0.33073946833610535,-0.0745118036866188,0.5909767746925354,0.3962944746017456,-0.08799230307340622,0.5939738750457764,0.4385083019733429,-0.10002896934747696,0.6662908792495728,0.2665785849094391,-0.059599827975034714,0.6527183055877686,0.32851308584213257,-0.08538413792848587,0.6458594799041748,0.3878099322319031,-0.08579780161380768,0.6467039585113525,0.42892760038375854,-0.08577436208724976,0.7118318676948547,0.27539676427841187,-0.06967773288488388,0.7058945894241333,0.32411953806877136,-0.08994417637586594,0.7010468244552612,0.3656823933124542,-0.0849706158041954,0.6988256573677063,0.3972175717353821,-0.0801866352558136,YES
YES,0.6431303024291992,0.33354058861732483,-7.851884902265738e-07,0.5873847007751465,0.37043002247810364,-0.021703485399484634,0.5435245037078857,0.39585328102111816,-0.04548773542046547,0.5166426301002502,0.4147607088088989,-0.06857860088348389,0.5004404187202454,0.4376771152019501,-0.09306374937295914,0.5649054050445557,0.28073450922966003,-0.04392381012439728,0.5492594838142395,0.33088812232017517,-0.07360228151082993,0.538114070892334,0.3875529170036316,-0.09966952353715897,0.5369349718093872,0.42635464668273926,-0.11683561652898788,0.6172503232955933,0.2665105164051056,-0.05118132755160332,0.60007643699646,0.33073946833610535,-0.0745118036866188,0.5909767746925354,0.3962944746017456,-0.08799230307340622,0.5939738750457764,0.4385083019733429,-0.10002896934747696,0.6662908792495728,0.2665785849094391,-0.059599827975034714,0.6527183055877686,0.32851308584213257,-0.08538413792848587,0.6458594799041748,0.3878099322319031,-0.08579780161380768,0.6467039585113525,0.42892760038375854,-0.08577436208724976,0.7118318676948547,0.27539676427841187,-0.06967773288488388,0.7058945894241333,0.32411953806877136,-0.08994417637586594,0.7010468244552612,0.3656823933124542,-0.0849706158041954,0.6988256573677063,0.3972175717353821,-0.0801866352558136,YES
YES,0.599818766117096,0.3725997805595398,-3.3803453902692127e-07,0.5502775311470032,0.3880491256713867,-0.035101357847452164,0.5099610090255737,0.405836284160614,-0.06789039820432663,0.49590104818344116,0.42716819047927856,-0.09543800354003906,0.49119696021080017,0.4359436631202698,-0.11922918260097504,0.5240792632102966,0.30214744806289673,-0.07584074884653091,0.5193225145339966,0.4251539707183838,-0.10750166326761246,0.5331338047981262,0.4309994578361511,-0.1225072368979454,0.5426803827285767,0.40384969115257263,-0.1336938887834549,0.566483199596405,0.29804739356040955,-0.07481379061937332,0.5625524520874023,0.43267154693603516,-0.10143078863620758,0.5729742646217346,0.42659705877304077,-0.10286223143339157,0.5799683332443237,0.3917144536972046,-0.10748656839132309,0.6085615754127502,0.30553457140922546,-0.07533041387796402,0.6058913469314575,0.4283849596977234,-0.10230197757482529,0.6085195541381836,0.4210132360458374,-0.09480265527963638,0.6099015474319458,0.3812258839607239,-0.09017505496740341,0.6466562151908875,0.3219858407974243,-0.07991842925548553,0.6468464136123657,0.4091596007347107,-0.10149669647216797,0.6451206803321838,0.4016760587692261,-0.10192463546991348,0.6478138566017151,0.36575019359588623,-0.10171981155872345,YES
YES,0.599818766117096,0.3725997805595398,-3.3803453902692127e-07,0.5502775311470032,0.3880491256713867,-0.035101357847452164,0.5099610090255737,0.405836284160614,-0.06789039820432663,0.49590104818344116,0.42716819047927856,-0.09543800354003906,0.49119696021080017,0.4359436631202698,-0.11922918260097504,0.5240792632102966,0.30214744806289673,-0.07584074884653091,0.5193225145339966,0.4251539707183838,-0.10750166326761246,0.5331338047981262,0.4309994578361511,-0.1225072368979454,0.5426803827285767,0.40384969115257263,-0.1336938887834549,0.566483199596405,0.29804739356040955,-0.07481379061937332,0.5625524520874023,0.43267154693603516,-0.10143078863620758,0.5729742646217346,0.42659705877304077,-0.10286223143339157,0.5799683332443237,0.3917144536972046,-0.10748656839132309,0.6085615754127502,0.30553457140922546,-0.07533041387796402,0.6058913469314575,0.4283849596977234,-0.10230197757482529,0.6085195541381836,0.4210132360458374,-0.09480265527963638,0.6099015474319458,0.3812258839607239,-0.09017505496740341,0.6466562151908875,0.3219858407974243,-0.07991842925548553,0.6468464136123657,0.4091596007347107,-0.10149669647216797,0.6451206803321838,0.4016760587692261,-0.10192463546991348,0.6478138566017151,0.36575019359588623,-0.10171981155872345,YES
YES,0.599818766117096,0.3725997805595398,-3.3803453902692127e-07,0.5502775311470032,0.3880491256713867,-0.035101357847452164,0.5099610090255737,0.405836284160614,-0.06789039820432663,0.49590104818344116,0.42716819047927856,-0.09543800354003906,0.49119696021080017,0.4359436631202698,-0.11922918260097504,0.5240792632102966,0.30214744806289673,-0.07584074884653091,0.5193225145339966,0.4251539707183838,-0.10750166326761246,0.5331338047981262,0.4309994578361511,-0.1225072368979454,0.5426803827285767,0.40384969115257263,-0.1336938887834549,0.566483199596405,0.29804739356040955,-0.07481379061937332,0.5625524520874023,0.43267154693603516,-0.10143078863620758,0.5729742646217346,0.42659705877304077,-0.10286223143339157,0.5799683332443237,0.3917144536972046,-0.10748656839132309,0.6085615754127502,0.30553457140922546,-0.07533041387796402,0.6058913469314575,0.4283849596977234,-0.10230197757482529,0.6085195541381836,0.4210132360458374,-0.09480265527963638,0.6099015474319458,0.3812258839607239,-0.09017505496740341,0.6466562151908875,0.3219858407974243,-0.07991842925548553,0.6468464136123657,0.4091596007347107,-0.10149669647216797,0.6451206803321838,0.4016760587692261,-0.10192463546991348,0.6478138566017151,0.36575019359588623,-0.10171981155872345,YES
YES,0.5890701413154602,0.382243275642395,-3.3364415230607847e-07,0.5435934662818909,0.40229034423828125,-0.03404314070940018,0.4954390525817871,0.4197523891925812,-0.0629778727889061,0.4708448052406311,0.43813735246658325,-0.08636992424726486,0.4706880748271942,0.43505266308784485,-0.10605986416339874,0.5095818042755127,0.31670981645584106,-0.07277382165193558,0.5043302178382874,0.43001294136047363,-0.10318503528833389,0.5133607983589172,0.425872802734375,-0.11823824048042297,0.5187034606933594,0.39698323607444763,-0.12904833257198334,0.5580043196678162,0.30354854464530945,-0.0695924237370491,0.5571033358573914,0.4411638379096985,-0.09423822164535522,0.560914158821106,0.42358526587486267,-0.09622307121753693,0.5612055063247681,0.38364917039871216,-0.1003212034702301,0.6044358015060425,0.30488961935043335,-0.06752137094736099,0.6021735072135925,0.4337289333343506,-0.0919429287314415,0.602077305316925,0.41710808873176575,-0.08279682695865631,0.5998400449752808,0.37392741441726685,-0.07597159594297409,0.6450096368789673,0.3154929578304291,-0.06963427364826202,0.6430398225784302,0.4117794632911682,-0.09288803488016129,0.6391661763191223,0.4010779857635498,-0.09360060095787048,0.6375332474708557,0.36254623532295227,-0.09124233573675156,YES
YES,0.5890701413154602,0.382243275642395,-3.3364415230607847e-07,0.5435934662818909,0.40229034423828125,-0.03404314070940018,0.4954390525817871,0.4197523891925812,-0.0629778727889061,0.4708448052406311,0.43813735246658325,-0.08636992424726486,0.4706880748271942,0.43505266308784485,-0.10605986416339874,0.5095818042755127,0.31670981645584106,-0.07277382165193558,0.5043302178382874,0.43001294136047363,-0.10318503528833389,0.5133607983589172,0.425872802734375,-0.11823824048042297,0.5187034606933594,0.39698323607444763,-0.12904833257198334,0.5580043196678162,0.30354854464530945,-0.0695924237370491,0.5571033358573914,0.4411638379096985,-0.09423822164535522,0.560914158821106,0.42358526587486267,-0.09622307121753693,0.5612055063247681,0.38364917039871216,-0.1003212034702301,0.6044358015060425,0.30488961935043335,-0.06752137094736099,0.6021735072135925,0.4337289333343506,-0.0919429287314415,0.602077305316925,0.41710808873176575,-0.08279682695865631,0.5998400449752808,0.37392741441726685,-0.07597159594297409,0.6450096368789673,0.3154929578304291,-0.06963427364826202,0.6430398225784302,0.4117794632911682,-0.09288803488016129,0.6391661763191223,0.4010779857635498,-0.09360060095787048,0.6375332474708557,0.36254623532295227,-0.09124233573675156,YES
YES,0.5890701413154602,0.382243275642395,-3.3364415230607847e-07,0.5435934662818909,0.40229034423828125,-0.03404314070940018,0.4954390525817871,0.4197523891925812,-0.0629778727889061,0.4708448052406311,0.43813735246658325,-0.08636992424726486,0.4706880748271942,0.43505266308784485,-0.10605986416339874,0.5095818042755127,0.31670981645584106,-0.07277382165193558,0.5043302178382874,0.43001294136047363,-0.10318503528833389,0.5133607983589172,0.425872802734375,-0.11823824048042297,0.5187034606933594,0.39698323607444763,-0.12904833257198334,0.5580043196678162,0.30354854464530945,-0.0695924237370491,0.5571033358573914,0.4411638379096985,-0.09423822164535522,0.560914158821106,0.42358526587486267,-0.09622307121753693,0.5612055063247681,0.38364917039871216,-0.1003212034702301,0.6044358015060425,0.30488961935043335,-0.06752137094736099,0.6021735072135925,0.4337289333343506,-0.0919429287314415,0.602077305316925,0.41710808873176575,-0.08279682695865631,0.5998400449752808,0.37392741441726685,-0.07597159594297409,0.6450096368789673,0.3154929578304291,-0.06963427364826202,0.6430398225784302,0.4117794632911682,-0.09288803488016129,0.6391661763191223,0.4010779857635498,-0.09360060095787048,0.6375332474708557,0.36254623532295227,-0.09124233573675156,YES
YES,0.59786456823349,0.39550071954727173,-4.686607155690581e-07,0.5548428297042847,0.4162414073944092,-0.032762255519628525,0.5055138468742371,0.42753052711486816,-0.059793099761009216,0.4812125563621521,0.4413488507270813,-0.08159133791923523,0.4880254864692688,0.43474289774894714,-0.09882576018571854,0.5118377208709717,0.3261999785900116,-0.06990813463926315,0.5064665079116821,0.43767887353897095,-0.09906180202960968,0.5168432593345642,0.44913020730018616,-0.11012173444032669,0.5197518467903137,0.421934574842453,-0.11791691929101944,0.5576296448707581,0.30771613121032715,-0.06733901053667068,0.5594558715820312,0.44526687264442444,-0.09204909205436707,0.564876139163971,0.442683607339859,-0.09137070924043655,0.563691258430481,0.40327638387680054,-0.09305492788553238,0.6044973134994507,0.30562305450439453,-0.06591243296861649,0.605545163154602,0.4335073232650757,-0.09076007455587387,0.6060653328895569,0.4303189218044281,-0.07911337167024612,0.6025794744491577,0.38830113410949707,-0.07070526480674744,0.6461045145988464,0.31369590759277344,-0.06833397597074509,0.6470776200294495,0.41044777631759644,-0.09012183547019958,0.6453185677528381,0.4120100736618042,-0.08848749846220016,0.6446670889854431,0.3777788281440735,-0.08480963110923767,YES
YES,0.59786456823349,0.39550071954727173,-4.686607155690581e-07,0.5548428297042847,0.4162414073944092,-0.032762255519628525,0.5055138468742371,0.42753052711486816,-0.059793099761009216,0.4812125563621521,0.4413488507270813,-0.08159133791923523,0.4880254864692688,0.43474289774894714,-0.09882576018571854,0.5118377208709717,0.3261999785900116,-0.06990813463926315,0.5064665079116821,0.43767887353897095,-0.09906180202960968,0.5168432593345642,0.44913020730018616,-0.11012173444032669,0.5197518467903137,0.421934574842453,-0.11791691929101944,0.5576296448707581,0.30771613121032715,-0.06733901053667068,0.5594558715820312,0.44526687264442444,-0.09204909205436707,0.564876139163971,0.442683607339859,-0.09137070924043655,0.563691258430481,0.40327638387680054,-0.09305492788553238,0.6044973134994507,0.30562305450439453,-0.06591243296861649,0.605545163154602,0.4335073232650757,-0.09076007455587387,0.6060653328895569,0.4303189218044281,-0.07911337167024612,0.6025794744491577,0.38830113410949707,-0.07070526480674744,0.6461045145988464,0.31369590759277344,-0.06833397597074509,0.6470776200294495,0.41044777631759644,-0.09012183547019958,0.6453185677528381,0.4120100736618042,-0.08848749846220016,0.6446670889854431,0.3777788281440735,-0.08480963110923767,YES
YES,0.59786456823349,0.39550071954727173,-4.686607155690581e-07,0.5548428297042847,0.4162414073944092,-0.032762255519628525,0.5055138468742371,0.42753052711486816,-0.059793099761009216,0.4812125563621521,0.4413488507270813,-0.08159133791923523,0.4880254864692688,0.43474289774894714,-0.09882576018571854,0.5118377208709717,0.3261999785900116,-0.06990813463926315,0.5064665079116821,0.43767887353897095,-0.09906180202960968,0.5168432593345642,0.44913020730018616,-0.11012173444032669,0.5197518467903137,0.421934574842453,-0.11791691929101944,0.5576296448707581,0.30771613121032715,-0.06733901053667068,0.5594558715820312,0.44526687264442444,-0.09204909205436707,0.564876139163971,0.442683607339859,-0.09137070924043655,0.563691258430481,0.40327638387680054,-0.09305492788553238,0.6044973134994507,0.30562305450439453,-0.06591243296861649,0.605545163154602,0.4335073232650757,-0.09076007455587387,0.6060653328895569,0.4303189218044281,-0.07911337167024612,0.6025794744491577,0.38830113410949707,-0.07070526480674744,0.6461045145988464,0.31369590759277344,-0.06833397597074509,0.6470776200294495,0.41044777631759644,-0.09012183547019958,0.6453185677528381,0.4120100736618042,-0.08848749846220016,0.6446670889854431,0.3777788281440735,-0.08480963110923767,YES
YES,0.6008332371711731,0.4115391671657562,-4.4432582058107073e-07,0.5591753125190735,0.4297105669975281,-0.03463564068078995,0.5063016414642334,0.4345157742500305,-0.06096695736050606,0.47921013832092285,0.44198766350746155,-0.08188814669847488,0.4870661199092865,0.4337496757507324,-0.09748797118663788,0.5130615830421448,0.3326674699783325,-0.06442679464817047,0.5034438371658325,0.43547359108924866,-0.09241532534360886,0.5162898898124695,0.4487106204032898,-0.10255099087953568,0.5230021476745605,0.42297419905662537,-0.10947944223880768,0.5576967597007751,0.3119674026966095,-0.060810934752225876,0.5557736158370972,0.44402292370796204,-0.0846874788403511,0.5648095607757568,0.44506359100341797,-0.08437248319387436,0.5666439533233643,0.4082094728946686,-0.08572336286306381,0.6028176546096802,0.30953630805015564,-0.05905423313379288,0.6014636158943176,0.433220773935318,-0.08384770900011063,0.6046555042266846,0.4347686767578125,-0.07390421628952026,0.6032370924949646,0.3964588940143585,-0.06609054654836655,0.6434176564216614,0.31856146454811096,-0.0612654946744442,0.6428922414779663,0.410770982503891,-0.08132189512252808,0.6422433853149414,0.4166089594364166,-0.079750195145607,0.6421797275543213,0.38698118925094604,-0.07616626471281052,YES
YES,0.6008332371711731,0.4115391671657562,-4.4432582058107073e-07,0.5591753125190735,0.4297105669975281,-0.03463564068078995,0.5063016414642334,0.4345157742500305,-0.06096695736050606,0.47921013832092285,0.44198766350746155,-0.08188814669847488,0.4870661199092865,0.4337496757507324,-0.09748797118663788,0.5130615830421448,0.3326674699783325,-0.06442679464817047,0.5034438371658325,0.43547359108924866,-0.09241532534360886,0.5162898898124695,0.4487106204032898,-0.10255099087953568,0.5230021476745605,0.42297419905662537,-0.10947944223880768,0.5576967597007751,0.3119674026966095,-0.060810934752225876,0.5557736158370972,0.44402292370796204,-0.0846874788403511,0.5648095607757568,0.44506359100341797,-0.08437248319387436,0.5666439533233643,0.4082094728946686,-0.08572336286306381,0.6028176546096802,0.30953630805015564,-0.05905423313379288,0.6014636158943176,0.433220773935318,-0.08384770900011063,0.6046555042266846,0.4347686767578125,-0.07390421628952026,0.6032370924949646,0.3964588940143585,-0.06609054654836655,0.6434176564216614,0.31856146454811096,-0.0612654946744442,0.6428922414779663,0.410770982503891,-0.08132189512252808,0.6422433853149414,0.4166089594364166,-0.079750195145607,0.6421797275543213,0.38698118925094604,-0.07616626471281052,YES
YES,0.6008332371711731,0.4115391671657562,-4.4432582058107073e-07,0.5591753125190735,0.4297105669975281,-0.03463564068078995,0.5063016414642334,0.4345157742500305,-0.06096695736050606,0.47921013832092285,0.44198766350746155,-0.08188814669847488,0.4870661199092865,0.4337496757507324,-0.09748797118663788,0.5130615830421448,0.3326674699783325,-0.06442679464817047,0.5034438371658325,0.43547359108924866,-0.09241532534360886,0.5162898898124695,0.4487106204032898,-0.10255099087953568,0.5230021476745605,0.42297419905662537,-0.10947944223880768,0.5576967597007751,0.3119674026966095,-0.060810934752225876,0.5557736158370972,0.44402292370796204,-0.0846874788403511,0.5648095607757568,0.44506359100341797,-0.08437248319387436,0.5666439533233643,0.4082094728946686,-0.08572336286306381,0.6028176546096802,0.30953630805015564,-0.05905423313379288,0.6014636158943176,0.433220773935318,-0.08384770900011063,0.6046555042266846,0.4347686767578125,-0.07390421628952026,0.6032370924949646,0.3964588940143585,-0.06609054654836655,0.6434176564216614,0.31856146454811096,-0.0612654946744442,0.6428922414779663,0.410770982503891,-0.08132189512252808,0.6422433853149414,0.4166089594364166,-0.079750195145607,0.6421797275543213,0.38698118925094604,-0.07616626471281052,YES
YES,0.6034777164459229,0.4079948663711548,-4.536551045930537e-07,0.5623480677604675,0.4234977066516876,-0.030931813642382622,0.5126616954803467,0.4261634647846222,-0.05620206892490387,0.4853229224681854,0.4372178912162781,-0.07673876732587814,0.4833313226699829,0.4359472095966339,-0.09231317043304443,0.5143634676933289,0.33236467838287354,-0.06207892298698425,0.507526159286499,0.4335516095161438,-0.09072209149599075,0.5239026546478271,0.4543018937110901,-0.10082083940505981,0.5324498414993286,0.43118858337402344,-0.10745109617710114,0.5564103722572327,0.31129565834999084,-0.06079225614666939,0.555644154548645,0.43816351890563965,-0.08524292707443237,0.5682448148727417,0.4497740864753723,-0.08477284759283066,0.5708563923835754,0.4189862608909607,-0.08589348942041397,0.5996397733688354,0.30750802159309387,-0.06119004637002945,0.5989855527877808,0.4280027747154236,-0.08532295376062393,0.6051666140556335,0.4387243986129761,-0.07506010681390762,0.6039811968803406,0.40668198466300964,-0.06775625795125961,0.6403229832649231,0.31419119238853455,-0.06522248685359955,0.6382921934127808,0.40673449635505676,-0.08326991647481918,0.6382683515548706,0.4213624894618988,-0.08074840158224106,0.6364308595657349,0.39775392413139343,-0.07738377898931503,YES
YES,0.6034777164459229,0.4079948663711548,-4.536551045930537e-07,0.5623480677604675,0.4234977066516876,-0.030931813642382622,0.5126616954803467,0.4261634647846222,-0.05620206892490387,0.4853229224681854,0.4372178912162781,-0.07673876732587814,0.4833313226699829,0.4359472095966339,-0.09231317043304443,0.5143634676933289,0.33236467838287354,-0.06207892298698425,0.507526159286499,0.4335516095161438,-0.09072209149599075,0.5239026546478271,0.4543018937110901,-0.10082083940505981,0.5324498414993286,0.43118858337402344,-0.10745109617710114,0.5564103722572327,0.31129565834999084,-0.06079225614666939,0.555644154548645,0.43816351890563965,-0.08524292707443237,0.5682448148727417,0.4497740864753723,-0.08477284759283066,0.5708563923835754,0.4189862608909607,-0.08589348942041397,0.5996397733688354,0.30750802159309387,-0.06119004637002945,0.5989855527877808,0.4280027747154236,-0.08532295376062393,0.6051666140556335,0.4387243986129761,-0.07506010681390762,0.6039811968803406,0.40668198466300964,-0.06775625795125961,0.6403229832649231,0.31419119238853455,-0.06522248685359955,0.6382921934127808,0.40673449635505676,-0.08326991647481918,0.6382683515548706,0.4213624894618988,-0.08074840158224106,0.6364308595657349,0.39775392413139343,-0.07738377898931503,YES
YES,0.6034777164459229,0.4079948663711548,-4.536551045930537e-07,0.5623480677604675,0.4234977066516876,-0.030931813642382622,0.5126616954803467,0.4261634647846222,-0.05620206892490387,0.4853229224681854,0.4372178912162781,-0.07673876732587814,0.4833313226699829,0.4359472095966339,-0.09231317043304443,0.5143634676933289,0.33236467838287354,-0.06207892298698425,0.507526159286499,0.4335516095161438,-0.09072209149599075,0.5239026546478271,0.4543018937110901,-0.10082083940505981,0.5324498414993286,0.43118858337402344,-0.10745109617710114,0.5564103722572327,0.31129565834999084,-0.06079225614666939,0.555644154548645,0.43816351890563965,-0.08524292707443237,0.5682448148727417,0.4497740864753723,-0.08477284759283066,0.5708563923835754,0.4189862608909607,-0.08589348942041397,0.5996397733688354,0.30750802159309387,-0.06119004637002945,0.5989855527877808,0.4280027747154236,-0.08532295376062393,0.6051666140556335,0.4387243986129761,-0.07506010681390762,0.6039811968803406,0.40668198466300964,-0.06775625795125961,0.6403229832649231,0.31419119238853455,-0.06522248685359955,0.6382921934127808,0.40673449635505676,-0.08326991647481918,0.6382683515548706,0.4213624894618988,-0.08074840158224106,0.6364308595657349,0.39775392413139343,-0.07738377898931503,YES
YES,0.6034100651741028,0.4028016924858093,-4.1016912177838094e-07,0.5620579123497009,0.42037850618362427,-0.03169936686754227,0.5111387968063354,0.42328357696533203,-0.05571403354406357,0.4832291603088379,0.43465495109558105,-0.07441161572933197,0.484993577003479,0.4348965287208557,-0.08750436455011368,0.5161621570587158,0.3292498290538788,-0.06326291710138321,0.5071625113487244,0.4317055344581604,-0.09084104001522064,0.5215749740600586,0.4472964406013489,-0.09891758859157562,0.5296865105628967,0.42259931564331055,-0.10386566072702408,0.559880793094635,0.307792991399765,-0.06020934134721756,0.5582151412963867,0.44297027587890625,-0.08372138440608978,0.5685541033744812,0.44081777334213257,-0.08036116510629654,0.5698804259300232,0.4023156464099884,-0.07856696099042892,0.6039513349533081,0.30704909563064575,-0.05901797488331795,0.602412223815918,0.4321497082710266,-0.08340644836425781,0.6051572561264038,0.4311814308166504,-0.06999709457159042,0.6023033261299133,0.3937230706214905,-0.05879457667469978,0.6439793109893799,0.3176623284816742,-0.06165410578250885,0.6425407528877258,0.41172298789024353,-0.08322127163410187,0.640493631362915,0.4156982898712158,-0.08171121031045914,0.6377137899398804,0.3861296772956848,-0.07688771188259125,YES
YES,0.6034100651741028,0.4028016924858093,-4.1016912177838094e-07,0.5620579123497009,0.42037850618362427,-0.03169936686754227,0.5111387968063354,0.42328357696533203,-0.05571403354406357,0.4832291603088379,0.43465495109558105,-0.07441161572933197,0.484993577003479,0.4348965287208557,-0.08750436455011368,0.5161621570587158,0.3292498290538788,-0.06326291710138321,0.5071625113487244,0.4317055344581604,-0.09084104001522064,0.5215749740600586,0.4472964406013489,-0.09891758859157562,0.5296865105628967,0.42259931564331055,-0.10386566072702408,0.559880793094635,0.307792991399765,-0.06020934134721756,0.5582151412963867,0.44297027587890625,-0.08372138440608978,0.5685541033744812,0.44081777334213257,-0.08036116510629654,0.5698804259300232,0.4023156464099884,-0.07856696099042892,0.6039513349533081,0.30704909563064575,-0.05901797488331795,0.602412223815918,0.4321497082710266,-0.08340644836425781,0.6051572561264038,0.4311814308166504,-0.06999709457159042,0.6023033261299133,0.3937230706214905,-0.05879457667469978,0.6439793109893799,0.3176623284816742,-0.06165410578250885,0.6425407528877258,0.41172298789024353,-0.08322127163410187,0.640493631362915,0.4156982898712158,-0.08171121031045914,0.6377137899398804,0.3861296772956848,-0.07688771188259125,YES
YES,0.6034100651741028,0.4028016924858093,-4.1016912177838094e-07,0.5620579123497009,0.42037850618362427,-0.03169936686754227,0.5111387968063354,0.42328357696533203,-0.05571403354406357,0.4832291603088379,0.43465495109558105,-0.07441161572933197,0.484993577003479,0.4348965287208557,-0.08750436455011368,0.5161621570587158,0.3292498290538788,-0.06326291710138321,0.5071625113487244,0.4317055344581604,-0.09084104001522064,0.5215749740600586,0.4472964406013489,-0.09891758859157562,0.5296865105628967,0.42259931564331055,-0.10386566072702408,0.559880793094635,0.307792991399765,-0.06020934134721756,0.5582151412963867,0.44297027587890625,-0.08372138440608978,0.5685541033744812,0.44081777334213257,-0.08036116510629654,0.5698804259300232,0.4023156464099884,-0.07856696099042892,0.6039513349533081,0.30704909563064575,-0.05901797488331795,0.602412223815918,0.4321497082710266,-0.08340644836425781,0.6051572561264038,0.4311814308166504,-0.06999709457159042,0.6023033261299133,0.3937230706214905,-0.05879457667469978,0.6439793109893799,0.3176623284816742,-0.06165410578250885,0.6425407528877258,0.41172298789024353,-0.08322127163410187,0.640493631362915,0.4156982898712158,-0.08171121031045914,0.6377137899398804,0.3861296772956848,-0.07688771188259125,YES
YES,0.6054109334945679,0.406597375869751,-4.2466891159165243e-07,0.5628790259361267,0.424800843000412,-0.03147464618086815,0.513672947883606,0.4302849769592285,-0.05621527507901192,0.48537030816078186,0.43719300627708435,-0.07576950639486313,0.4829239249229431,0.4375326633453369,-0.09004434198141098,0.5161659717559814,0.3319818675518036,-0.060005176812410355,0.5074459910392761,0.4341241121292114,-0.08603669703006744,0.5240983963012695,0.4526418447494507,-0.0941440761089325,0.5350010991096497,0.4316261410713196,-0.09914081543684006,0.5582413673400879,0.31253552436828613,-0.05749029293656349,0.5563791990280151,0.437237024307251,-0.0804879441857338,0.5671530961990356,0.4418245553970337,-0.07963576167821884,0.5701655149459839,0.4122418761253357,-0.07959895581007004,0.6008020639419556,0.30900582671165466,-0.05661631003022194,0.5992269515991211,0.42670315504074097,-0.08007274568080902,0.60511314868927,0.43021535873413086,-0.0699838325381279,0.6052184104919434,0.3977888226509094,-0.061626289039850235,0.6401767730712891,0.3163299560546875,-0.059269338846206665,0.6373677253723145,0.4052248001098633,-0.07674898952245712,0.6378400325775146,0.4137793779373169,-0.0741552785038948,0.6370823979377747,0.388202428817749,-0.06982169300317764,YES
YES,0.6054109334945679,0.406597375869751,-4.2466891159165243e-07,0.5628790259361267,0.424800843000412,-0.03147464618086815,0.513672947883606,0.4302849769592285,-0.05621527507901192,0.48537030816078186,0.43719300627708435,-0.07576950639486313,0.4829239249229431,0.4375326633453369,-0.09004434198141098,0.5161659717559814,0.3319818675518036,-0.060005176812410355,0.5074459910392761,0.4341241121292114,-0.08603669703006744,0.5240983963012695,0.4526418447494507,-0.0941440761089325,0.5350010991096497,0.4316261410713196,-0.09914081543684006,0.5582413673400879,0.31253552436828613,-0.05749029293656349,0.5563791990280151,0.437237024307251,-0.0804879441857338,0.5671530961990356,0.4418245553970337,-0.07963576167821884,0.5701655149459839,0.4122418761253357,-0.07959895581007004,0.6008020639419556,0.30900582671165466,-0.05661631003022194,0.5992269515991211,0.42670315504074097,-0.08007274568080902,0.60511314868927,0.43021535873413086,-0.0699838325381279,0.6052184104919434,0.3977888226509094,-0.061626289039850235,0.6401767730712891,0.3163299560546875,-0.059269338846206665,0.6373677253723145,0.4052248001098633,-0.07674898952245712,0.6378400325775146,0.4137793779373169,-0.0741552785038948,0.6370823979377747,0.388202428817749,-0.06982169300317764,YES
YES,0.6066321730613708,0.41027823090553284,-3.802562673627108e-07,0.5668268203735352,0.42760714888572693,-0.032496485859155655,0.5156386494636536,0.4320283532142639,-0.056766804307699203,0.48589473962783813,0.4395560324192047,-0.0754145160317421,0.47906404733657837,0.43316537141799927,-0.08811433613300323,0.5138500332832336,0.3309994637966156,-0.06280148029327393,0.5032037496566772,0.433645635843277,-0.09039827436208725,0.5204312205314636,0.4464956521987915,-0.0983564555644989,0.5307166576385498,0.42267757654190063,-0.10287885367870331,0.5563474893569946,0.3096295893192291,-0.059029269963502884,0.5546658039093018,0.44184911251068115,-0.08249519765377045,0.5677816867828369,0.44045060873031616,-0.0789455994963646,0.5711221098899841,0.4057125151157379,-0.07672253996133804,0.6001172065734863,0.306957483291626,-0.05725081264972687,0.59931480884552,0.4307404160499573,-0.08135921508073807,0.605270504951477,0.4291101098060608,-0.06807394325733185,0.6048741936683655,0.3911728262901306,-0.056862279772758484,0.6407788395881653,0.31635570526123047,-0.05934591218829155,0.6395153403282166,0.408115953207016,-0.07916221022605896,0.6402084231376648,0.4117358326911926,-0.07666280120611191,0.6406709551811218,0.38078758120536804,-0.071382537484169,YES
YES,0.6066321730613708,0.41027823090553284,-3.802562673627108e-07,0.5668268203735352,0.42760714888572693,-0.032496485859155655,0.5156386494636536,0.4320283532142639,-0.056766804307699203,0.48589473962783813,0.4395560324192047,-0.0754145160317421,0.47906404733657837,0.43316537141799927,-0.08811433613300323,0.5138500332832336,0.3309994637966156,-0.06280148029327393,0.5032037496566772,0.433645635843277,-0.09039827436208725,0.5204312205314636,0.4464956521987915,-0.0983564555644989,0.5307166576385498,0.42267757654190063,-0.10287885367870331,0.5563474893569946,0.3096295893192291,-0.059029269963502884,0.5546658039093018,0.44184911251068115,-0.08249519765377045,0.5677816867828369,0.44045060873031616,-0.0789455994963646,0.5711221098899841,0.4057125151157379,-0.07672253996133804,0.6001172065734863,0.306957483291626,-0.05725081264972687,0.59931480884552,0.4307404160499573,-0.08135921508073807,0.605270504951477,0.4291101098060608,-0.06807394325733185,0.6048741936683655,0.3911728262901306,-0.056862279772758484,0.6407788395881653,0.31635570526123047,-0.05934591218829155,0.6395153403282166,0.408115953207016,-0.07916221022605896,0.6402084231376648,0.4117358326911926,-0.07666280120611191,0.6406709551811218,0.38078758120536804,-0.071382537484169,YES
YES,0.6066321730613708,0.41027823090553284,-3.802562673627108e-07,0.5668268203735352,0.42760714888572693,-0.032496485859155655,0.5156386494636536,0.4320283532142639,-0.056766804307699203,0.48589473962783813,0.4395560324192047,-0.0754145160317421,0.47906404733657837,0.43316537141799927,-0.08811433613300323,0.5138500332832336,0.3309994637966156,-0.06280148029327393,0.5032037496566772,0.433645635843277,-0.09039827436208725,0.5204312205314636,0.4464956521987915,-0.0983564555644989,0.5307166576385498,0.42267757654190063,-0.10287885367870331,0.5563474893569946,0.3096295893192291,-0.059029269963502884,0.5546658039093018,0.44184911251068115,-0.08249519765377045,0.5677816867828369,0.44045060873031616,-0.0789455994963646,0.5711221098899841,0.4057125151157379,-0.07672253996133804,0.6001172065734863,0.306957483291626,-0.05725081264972687,0.59931480884552,0.4307404160499573,-0.08135921508073807,0.605270504951477,0.4291101098060608,-0.06807394325733185,0.6048741936683655,0.3911728262901306,-0.056862279772758484,0.6407788395881653,0.31635570526123047,-0.05934591218829155,0.6395153403282166,0.408115953207016,-0.07916221022605896,0.6402084231376648,0.4117358326911926,-0.07666280120611191,0.6406709551811218,0.38078758120536804,-0.071382537484169,YES
YES,0.6034136414527893,0.4054012894630432,-4.3634778990053746e-07,0.5600137114524841,0.4205167889595032,-0.03104412369430065,0.5096694231033325,0.4272843897342682,-0.05659791827201843,0.4829774498939514,0.44149941205978394,-0.07733671367168427,0.47417163848876953,0.44212770462036133,-0.09316008538007736,0.5112840533256531,0.32810676097869873,-0.06390760838985443,0.5008283853530884,0.43375083804130554,-0.09180834889411926,0.5147419571876526,0.45195627212524414,-0.10036260634660721,0.5222700834274292,0.4277574419975281,-0.10585934668779373,0.5553733110427856,0.30941107869148254,-0.06245480850338936,0.5516131520271301,0.4403311610221863,-0.08653872460126877,0.5624685287475586,0.4501713514328003,-0.0840190052986145,0.5648477077484131,0.41861963272094727,-0.08314702659845352,0.6002091765403748,0.30727359652519226,-0.06257487833499908,0.5959951281547546,0.43177008628845215,-0.08686032146215439,0.6028795838356018,0.43830472230911255,-0.07464689761400223,0.6032071709632874,0.4024752080440521,-0.06528511643409729,0.6417017579078674,0.3151869475841522,-0.06634323298931122,0.6368100643157959,0.40953660011291504,-0.08542747795581818,0.636833906173706,0.42128923535346985,-0.08204329758882523,0.6371045112609863,0.394865483045578,-0.07719167321920395,YES
YES,0.6034136414527893,0.4054012894630432,-4.3634778990053746e-07,0.5600137114524841,0.4205167889595032,-0.03104412369430065,0.5096694231033325,0.4272843897342682,-0.05659791827201843,0.4829774498939514,0.44149941205978394,-0.07733671367168427,0.47417163848876953,0.44212770462036133,-0.09316008538007736,0.5112840533256531,0.32810676097869873,-0.06390760838985443,0.5008283853530884,0.43375083804130554,-0.09180834889411926,0.5147419571876526,0.45195627212524414,-0.10036260634660721,0.5222700834274292,0.4277574419975281,-0.10585934668779373,0.5553733110427856,0.30941107869148254,-0.06245480850338936,0.5516131520271301,0.4403311610221863,-0.08653872460126877,0.5624685287475586,0.4501713514328003,-0.0840190052986145,0.5648477077484131,0.41861963272094727,-0.08314702659845352,0.6002091765403748,0.30727359652519226,-0.06257487833499908,0.5959951281547546,0.43177008628845215,-0.08686032146215439,0.6028795838356018,0.43830472230911255,-0.07464689761400223,0.6032071709632874,0.4024752080440521,-0.06528511643409729,0.6417017579078674,0.3151869475841522,-0.06634323298931122,0.6368100643157959,0.40953660011291504,-0.08542747795581818,0.636833906173706,0.42128923535346985,-0.08204329758882523,0.6371045112609863,0.394865483045578,-0.07719167321920395,YES
YES,0.5938361287117004,0.4144894480705261,-4.855766064792988e-07,0.5452691316604614,0.4385411739349365,-0.041884858161211014,0.4906401038169861,0.4496029019355774,-0.07347524911165237,0.4645593762397766,0.46128028631210327,-0.09807302802801132,0.4760412275791168,0.4481697082519531,-0.1166103184223175,0.5029686093330383,0.33499854803085327,-0.07840438932180405,0.49363112449645996,0.46418917179107666,-0.11052336543798447,0.5058485269546509,0.4807889759540558,-0.1218770369887352,0.5137807726860046,0.45319879055023193,-0.12965834140777588,0.5517528653144836,0.3169128894805908,-0.07243726402521133,0.548382043838501,0.46796754002571106,-0.10112886130809784,0.5552970767021179,0.4683018624782562,-0.10035920143127441,0.5569137930870056,0.4287993907928467,-0.10114965587854385,0.5999699831008911,0.3162360191345215,-0.06855934113264084,0.5961374640464783,0.4555744230747223,-0.0982733815908432,0.5970080494880676,0.4540994465351105,-0.08608503639698029,0.5942240357398987,0.41133832931518555,-0.07611183077096939,0.6424102187156677,0.32711362838745117,-0.06919383257627487,0.6407979726791382,0.43096503615379333,-0.09392783790826797,0.6367827653884888,0.4332217574119568,-0.09289605915546417,0.6337124705314636,0.39746206998825073,-0.08890607208013535,YES
YES,0.5929782390594482,0.3889537453651428,-4.39675460484068e-07,0.5346667170524597,0.41567111015319824,-0.040082789957523346,0.47952359914779663,0.43785560131073,-0.07198230922222137,0.4533546566963196,0.456550657749176,-0.09701960533857346,0.4613957405090332,0.4522036910057068,-0.1177414208650589,0.5000970363616943,0.3333928883075714,-0.08659535646438599,0.4918458163738251,0.4646339416503906,-0.12091375142335892,0.5046776533126831,0.45509254932403564,-0.1353369951248169,0.5140864253044128,0.41944199800491333,-0.14532464742660522,0.5582765340805054,0.3178735375404358,-0.08158580958843231,0.5549798011779785,0.47949928045272827,-0.10979536175727844,0.5607600808143616,0.45543137192726135,-0.10881903767585754,0.5648247003555298,0.4084767699241638,-0.11065861582756042,0.6132673621177673,0.31924018263816833,-0.07757303863763809,0.6092739105224609,0.4687946140766144,-0.10699748247861862,0.6072402000427246,0.44652605056762695,-0.09250696748495102,0.6066461801528931,0.3954313397407532,-0.08092072606086731,0.6598213911056519,0.33118733763694763,-0.07838397473096848,0.6574041247367859,0.4451516270637512,-0.10703109949827194,0.6522650122642517,0.4299252927303314,-0.10641615837812424,0.6515668630599976,0.3817939758300781,-0.10181190818548203,YES
YES,0.6111640930175781,0.2857946455478668,-3.6489004173745343e-07,0.5453111529350281,0.3249695301055908,-0.03256005048751831,0.48424968123435974,0.379782110452652,-0.07216452062129974,0.4552689790725708,0.4296046495437622,-0.10959435254335403,0.4510037302970886,0.46362122893333435,-0.14745840430259705,0.499387264251709,0.3179391324520111,-0.08734907954931259,0.48943161964416504,0.43768543004989624,-0.12472618371248245,0.5067906379699707,0.4409486949443817,-0.14821337163448334,0.5180242657661438,0.4131438136100769,-0.16601824760437012,0.5513036847114563,0.31630825996398926,-0.09095018357038498,0.5445048213005066,0.4520632028579712,-0.11752065271139145,0.5564747452735901,0.44679468870162964,-0.12296327203512192,0.5666720867156982,0.4050559401512146,-0.1348632425069809,0.6038142442703247,0.3205659091472626,-0.09466100484132767,0.599543035030365,0.45076024532318115,-0.12052217870950699,0.6030673384666443,0.4375741481781006,-0.11420703679323196,0.6064194440841675,0.3869236707687378,-0.11377783864736557,0.6524788737297058,0.3305509686470032,-0.10253018140792847,0.6513803005218506,0.4329966902732849,-0.11968568712472916,0.6482282876968384,0.4254993200302124,-0.11543387174606323,0.6473389267921448,0.3849566876888275,-0.11567732691764832,YES
YES,0.6111640930175781,0.2857946455478668,-3.6489004173745343e-07,0.5453111529350281,0.3249695301055908,-0.03256005048751831,0.48424968123435974,0.379782110452652,-0.07216452062129974,0.4552689790725708,0.4296046495437622,-0.10959435254335403,0.4510037302970886,0.46362122893333435,-0.14745840430259705,0.499387264251709,0.3179391324520111,-0.08734907954931259,0.48943161964416504,0.43768543004989624,-0.12472618371248245,0.5067906379699707,0.4409486949443817,-0.14821337163448334,0.5180242657661438,0.4131438136100769,-0.16601824760437012,0.5513036847114563,0.31630825996398926,-0.09095018357038498,0.5445048213005066,0.4520632028579712,-0.11752065271139145,0.5564747452735901,0.44679468870162964,-0.12296327203512192,0.5666720867156982,0.4050559401512146,-0.1348632425069809,0.6038142442703247,0.3205659091472626,-0.09466100484132767,0.599543035030365,0.45076024532318115,-0.12052217870950699,0.6030673384666443,0.4375741481781006,-0.11420703679323196,0.6064194440841675,0.3869236707687378,-0.11377783864736557,0.6524788737297058,0.3305509686470032,-0.10253018140792847,0.6513803005218506,0.4329966902732849,-0.11968568712472916,0.6482282876968384,0.4254993200302124,-0.11543387174606323,0.6473389267921448,0.3849566876888275,-0.11567732691764832,YES
YES,0.5927423238754272,0.40058398246765137,-4.352213807123917e-07,0.5440529584884644,0.4189724326133728,-0.03615853190422058,0.4924406111240387,0.4279184937477112,-0.06636426597833633,0.46104663610458374,0.43802621960639954,-0.0905124619603157,0.45733821392059326,0.44160518050193787,-0.1102481484413147,0.4904410243034363,0.31739097833633423,-0.07032345980405807,0.4849701225757599,0.43447285890579224,-0.09712303429841995,0.5012009739875793,0.4467390179634094,-0.10805518925189972,0.5114337801933289,0.42324769496917725,-0.11588963866233826,0.5409237742424011,0.3004080653190613,-0.06736260652542114,0.5380330085754395,0.4399191737174988,-0.08933089673519135,0.5488079786300659,0.44297242164611816,-0.08991281688213348,0.5561586022377014,0.4186241030693054,-0.09261319041252136,0.5908082723617554,0.3005255460739136,-0.0655394122004509,0.5873945951461792,0.4306187629699707,-0.08789699524641037,0.5940155982971191,0.4325096011161804,-0.07885650545358658,0.5986254215240479,0.40307748317718506,-0.07266822457313538,0.6357977390289307,0.3108022212982178,-0.0677204579114914,0.6346021294593811,0.40580493211746216,-0.08411399275064468,0.6362055540084839,0.41170385479927063,-0.08102893084287643,0.6398216485977173,0.38602134585380554,-0.07733731716871262,YES
YES,0.5927423238754272,0.40058398246765137,-4.352213807123917e-07,0.5440529584884644,0.4189724326133728,-0.03615853190422058,0.4924406111240387,0.4279184937477112,-0.06636426597833633,0.46104663610458374,0.43802621960639954,-0.0905124619603157,0.45733821392059326,0.44160518050193787,-0.1102481484413147,0.4904410243034363,0.31739097833633423,-0.07032345980405807,0.4849701225757599,0.43447285890579224,-0.09712303429841995,0.5012009739875793,0.4467390179634094,-0.10805518925189972,0.5114337801933289,0.42324769496917725,-0.11588963866233826,0.5409237742424011,0.3004080653190613,-0.06736260652542114,0.5380330085754395,0.4399191737174988,-0.08933089673519135,0.5488079786300659,0.44297242164611816,-0.08991281688213348,0.5561586022377014,0.4186241030693054,-0.09261319041252136,0.5908082723617554,0.3005255460739136,-0.0655394122004509,0.5873945951461792,0.4306187629699707,-0.08789699524641037,0.5940155982971191,0.4325096011161804,-0.07885650545358658,0.5986254215240479,0.40307748317718506,-0.07266822457313538,0.6357977390289307,0.3108022212982178,-0.0677204579114914,0.6346021294593811,0.40580493211746216,-0.08411399275064468,0.6362055540084839,0.41170385479927063,-0.08102893084287643,0.6398216485977173,0.38602134585380554,-0.07733731716871262,YES
YES,0.5927423238754272,0.40058398246765137,-4.352213807123917e-07,0.5440529584884644,0.4189724326133728,-0.03615853190422058,0.4924406111240387,0.4279184937477112,-0.06636426597833633,0.46104663610458374,0.43802621960639954,-0.0905124619603157,0.45733821392059326,0.44160518050193787,-0.1102481484413147,0.4904410243034363,0.31739097833633423,-0.07032345980405807,0.4849701225757599,0.43447285890579224,-0.09712303429841995,0.5012009739875793,0.4467390179634094,-0.10805518925189972,0.5114337801933289,0.42324769496917725,-0.11588963866233826,0.5409237742424011,0.3004080653190613,-0.06736260652542114,0.5380330085754395,0.4399191737174988,-0.08933089673519135,0.5488079786300659,0.44297242164611816,-0.08991281688213348,0.5561586022377014,0.4186241030693054,-0.09261319041252136,0.5908082723617554,0.3005255460739136,-0.0655394122004509,0.5873945951461792,0.4306187629699707,-0.08789699524641037,0.5940155982971191,0.4325096011161804,-0.07885650545358658,0.5986254215240479,0.40307748317718506,-0.07266822457313538,0.6357977390289307,0.3108022212982178,-0.0677204579114914,0.6346021294593811,0.40580493211746216,-0.08411399275064468,0.6362055540084839,0.41170385479927063,-0.08102893084287643,0.6398216485977173,0.38602134585380554,-0.07733731716871262,YES
YES,0.5768762230873108,0.40434980392456055,-5.196574761612283e-07,0.5323675274848938,0.42190712690353394,-0.03510301187634468,0.4839138388633728,0.4235351085662842,-0.06237788498401642,0.45874208211898804,0.43189483880996704,-0.08425621688365936,0.4583590626716614,0.42999395728111267,-0.10165109485387802,0.48909488320350647,0.31866225600242615,-0.0655738040804863,0.4866955578327179,0.4248087406158447,-0.09123244881629944,0.4972490966320038,0.45193490386009216,-0.09946409612894058,0.5016644597053528,0.433272123336792,-0.1054750606417656,0.5377939343452454,0.30194586515426636,-0.06300897896289825,0.5355644822120667,0.42723339796066284,-0.08609449863433838,0.5453771352767944,0.44685977697372437,-0.08597858250141144,0.5513265132904053,0.42669224739074707,-0.08765676617622375,0.584220290184021,0.30141592025756836,-0.0618722103536129,0.5817461013793945,0.4197099208831787,-0.086269810795784,0.5864928364753723,0.4371548295021057,-0.07881417125463486,0.5881758332252502,0.41149288415908813,-0.0735136941075325,0.6253332495689392,0.3088301420211792,-0.06431782245635986,0.6261719465255737,0.39757227897644043,-0.08131188154220581,0.6250505447387695,0.41870206594467163,-0.07840380817651749,0.62538743019104,0.40353843569755554,-0.07497601956129074,YES
YES,0.5768762230873108,0.40434980392456055,-5.196574761612283e-07,0.5323675274848938,0.42190712690353394,-0.03510301187634468,0.4839138388633728,0.4235351085662842,-0.06237788498401642,0.45874208211898804,0.43189483880996704,-0.08425621688365936,0.4583590626716614,0.42999395728111267,-0.10165109485387802,0.48909488320350647,0.31866225600242615,-0.0655738040804863,0.4866955578327179,0.4248087406158447,-0.09123244881629944,0.4972490966320038,0.45193490386009216,-0.09946409612894058,0.5016644597053528,0.433272123336792,-0.1054750606417656,0.5377939343452454,0.30194586515426636,-0.06300897896289825,0.5355644822120667,0.42723339796066284,-0.08609449863433838,0.5453771352767944,0.44685977697372437,-0.08597858250141144,0.5513265132904053,0.42669224739074707,-0.08765676617622375,0.584220290184021,0.30141592025756836,-0.0618722103536129,0.5817461013793945,0.4197099208831787,-0.086269810795784,0.5864928364753723,0.4371548295021057,-0.07881417125463486,0.5881758332252502,0.41149288415908813,-0.0735136941075325,0.6253332495689392,0.3088301420211792,-0.06431782245635986,0.6261719465255737,0.39757227897644043,-0.08131188154220581,0.6250505447387695,0.41870206594467163,-0.07840380817651749,0.62538743019104,0.40353843569755554,-0.07497601956129074,YES
YES,0.5768762230873108,0.40434980392456055,-5.196574761612283e-07,0.5323675274848938,0.42190712690353394,-0.03510301187634468,0.4839138388633728,0.4235351085662842,-0.06237788498401642,0.45874208211898804,0.43189483880996704,-0.08425621688365936,0.4583590626716614,0.42999395728111267,-0.10165109485387802,0.48909488320350647,0.31866225600242615,-0.0655738040804863,0.4866955578327179,0.4248087406158447,-0.09123244881629944,0.4972490966320038,0.45193490386009216,-0.09946409612894058,0.5016644597053528,0.433272123336792,-0.1054750606417656,0.5377939343452454,0.30194586515426636,-0.06300897896289825,0.5355644822120667,0.42723339796066284,-0.08609449863433838,0.5453771352767944,0.44685977697372437,-0.08597858250141144,0.5513265132904053,0.42669224739074707,-0.08765676617622375,0.584220290184021,0.30141592025756836,-0.0618722103536129,0.5817461013793945,0.4197099208831787,-0.086269810795784,0.5864928364753723,0.4371548295021057,-0.07881417125463486,0.5881758332252502,0.41149288415908813,-0.0735136941075325,0.6253332495689392,0.3088301420211792,-0.06431782245635986,0.6261719465255737,0.39757227897644043,-0.08131188154220581,0.6250505447387695,0.41870206594467163,-0.07840380817651749,0.62538743019104,0.40353843569755554,-0.07497601956129074,YES
YES,0.5702135562896729,0.40800702571868896,-4.4408318444766337e-07,0.5257566571235657,0.4288249611854553,-0.03118302673101425,0.47958171367645264,0.4333611726760864,-0.056026216596364975,0.4512913227081299,0.43515828251838684,-0.07591626793146133,0.43353724479675293,0.4215039610862732,-0.09175334125757217,0.4721587598323822,0.3193401098251343,-0.057658880949020386,0.46525490283966064,0.4185090959072113,-0.08399917185306549,0.4789550006389618,0.43776845932006836,-0.09616430103778839,0.48643606901168823,0.41754838824272156,-0.10417979955673218,0.5153233408927917,0.3030581474304199,-0.055990107357501984,0.5079127550125122,0.41813862323760986,-0.0782577395439148,0.5194907188415527,0.4337932765483856,-0.08122771978378296,0.526757538318634,0.4146857261657715,-0.0848117396235466,0.5583884119987488,0.3031422793865204,-0.055798113346099854,0.5509161353111267,0.4118401110172272,-0.07938611507415771,0.5597070455551147,0.4287141263484955,-0.07416386902332306,0.564386785030365,0.4080045223236084,-0.07023733109235764,0.5968257784843445,0.31252521276474,-0.058700937777757645,0.5941903591156006,0.3974396586418152,-0.07551330327987671,0.5990488529205322,0.41390693187713623,-0.07363119721412659,0.6037354469299316,0.39661750197410583,-0.07058408856391907,YES
YES,0.5702135562896729,0.40800702571868896,-4.4408318444766337e-07,0.5257566571235657,0.4288249611854553,-0.03118302673101425,0.47958171367645264,0.4333611726760864,-0.056026216596364975,0.4512913227081299,0.43515828251838684,-0.07591626793146133,0.43353724479675293,0.4215039610862732,-0.09175334125757217,0.4721587598323822,0.3193401098251343,-0.057658880949020386,0.46525490283966064,0.4185090959072113,-0.08399917185306549,0.4789550006389618,0.43776845932006836,-0.09616430103778839,0.48643606901168823,0.41754838824272156,-0.10417979955673218,0.5153233408927917,0.3030581474304199,-0.055990107357501984,0.5079127550125122,0.41813862323760986,-0.0782577395439148,0.5194907188415527,0.4337932765483856,-0.08122771978378296,0.526757538318634,0.4146857261657715,-0.0848117396235466,0.5583884119987488,0.3031422793865204,-0.055798113346099854,0.5509161353111267,0.4118401110172272,-0.07938611507415771,0.5597070455551147,0.4287141263484955,-0.07416386902332306,0.564386785030365,0.4080045223236084,-0.07023733109235764,0.5968257784843445,0.31252521276474,-0.058700937777757645,0.5941903591156006,0.3974396586418152,-0.07551330327987671,0.5990488529205322,0.41390693187713623,-0.07363119721412659,0.6037354469299316,0.39661750197410583,-0.07058408856391907,YES
YES,0.5702135562896729,0.40800702571868896,-4.4408318444766337e-07,0.5257566571235657,0.4288249611854553,-0.03118302673101425,0.47958171367645264,0.4333611726760864,-0.056026216596364975,0.4512913227081299,0.43515828251838684,-0.07591626793146133,0.43353724479675293,0.4215039610862732,-0.09175334125757217,0.4721587598323822,0.3193401098251343,-0.057658880949020386,0.46525490283966064,0.4185090959072113,-0.08399917185306549,0.4789550006389618,0.43776845932006836,-0.09616430103778839,0.48643606901168823,0.41754838824272156,-0.10417979955673218,0.5153233408927917,0.3030581474304199,-0.055990107357501984,0.5079127550125122,0.41813862323760986,-0.0782577395439148,0.5194907188415527,0.4337932765483856,-0.08122771978378296,0.526757538318634,0.4146857261657715,-0.0848117396235466,0.5583884119987488,0.3031422793865204,-0.055798113346099854,0.5509161353111267,0.4118401110172272,-0.07938611507415771,0.5597070455551147,0.4287141263484955,-0.07416386902332306,0.564386785030365,0.4080045223236084,-0.07023733109235764,0.5968257784843445,0.31252521276474,-0.058700937777757645,0.5941903591156006,0.3974396586418152,-0.07551330327987671,0.5990488529205322,0.41390693187713623,-0.07363119721412659,0.6037354469299316,0.39661750197410583,-0.07058408856391907,YES
YES,0.5614848136901855,0.3969185948371887,-5.771078122052131e-07,0.5166425108909607,0.42262622714042664,-0.01658709906041622,0.4742538630962372,0.43247443437576294,-0.03293586149811745,0.44311949610710144,0.43728935718536377,-0.04784593731164932,0.4143916964530945,0.4473983645439148,-0.062493108212947845,0.463253915309906,0.3389919400215149,-0.036995694041252136,0.4519874155521393,0.3943672180175781,-0.06107746437191963,0.45520153641700745,0.4249834418296814,-0.07817554473876953,0.4594374895095825,0.4375036954879761,-0.08844570070505142,0.4946902096271515,0.322724312543869,-0.04114923253655434,0.4845302700996399,0.3999139666557312,-0.05960575491189957,0.4914625287055969,0.43236786127090454,-0.06712167710065842,0.4999801218509674,0.44137346744537354,-0.07324150204658508,0.5298126339912415,0.32142096757888794,-0.04616687819361687,0.5213205814361572,0.3940301239490509,-0.06471429765224457,0.527444064617157,0.42350879311561584,-0.062402743846178055,0.5333355665206909,0.43417975306510925,-0.06022119149565697,0.5645016431808472,0.3290060758590698,-0.05270751193165779,0.5581420660018921,0.3776194453239441,-0.06770684570074081,0.5593904852867126,0.40224429965019226,-0.06420484185218811,0.5609200596809387,0.4131946563720703,-0.059580378234386444,YES
YES,0.5614848136901855,0.3969185948371887,-5.771078122052131e-07,0.5166425108909607,0.42262622714042664,-0.01658709906041622,0.4742538630962372,0.43247443437576294,-0.03293586149811745,0.44311949610710144,0.43728935718536377,-0.04784593731164932,0.4143916964530945,0.4473983645439148,-0.062493108212947845,0.463253915309906,0.3389919400215149,-0.036995694041252136,0.4519874155521393,0.3943672180175781,-0.06107746437191963,0.45520153641700745,0.4249834418296814,-0.07817554473876953,0.4594374895095825,0.4375036954879761,-0.08844570070505142,0.4946902096271515,0.322724312543869,-0.04114923253655434,0.4845302700996399,0.3999139666557312,-0.05960575491189957,0.4914625287055969,0.43236786127090454,-0.06712167710065842,0.4999801218509674,0.44137346744537354,-0.07324150204658508,0.5298126339912415,0.32142096757888794,-0.04616687819361687,0.5213205814361572,0.3940301239490509,-0.06471429765224457,0.527444064617157,0.42350879311561584,-0.062402743846178055,0.5333355665206909,0.43417975306510925,-0.06022119149565697,0.5645016431808472,0.3290060758590698,-0.05270751193165779,0.5581420660018921,0.3776194453239441,-0.06770684570074081,0.5593904852867126,0.40224429965019226,-0.06420484185218811,0.5609200596809387,0.4131946563720703,-0.059580378234386444,YES
YES,0.5614848136901855,0.3969185948371887,-5.771078122052131e-07,0.5166425108909607,0.42262622714042664,-0.01658709906041622,0.4742538630962372,0.43247443437576294,-0.03293586149811745,0.44311949610710144,0.43728935718536377,-0.04784593731164932,0.4143916964530945,0.4473983645439148,-0.062493108212947845,0.463253915309906,0.3389919400215149,-0.036995694041252136,0.4519874155521393,0.3943672180175781,-0.06107746437191963,0.45520153641700745,0.4249834418296814,-0.07817554473876953,0.4594374895095825,0.4375036954879761,-0.08844570070505142,0.4946902096271515,0.322724312543869,-0.04114923253655434,0.4845302700996399,0.3999139666557312,-0.05960575491189957,0.4914625287055969,0.43236786127090454,-0.06712167710065842,0.4999801218509674,0.44137346744537354,-0.07324150204658508,0.5298126339912415,0.32142096757888794,-0.04616687819361687,0.5213205814361572,0.3940301239490509,-0.06471429765224457,0.527444064617157,0.42350879311561584,-0.062402743846178055,0.5333355665206909,0.43417975306510925,-0.06022119149565697,0.5645016431808472,0.3290060758590698,-0.05270751193165779,0.5581420660018921,0.3776194453239441,-0.06770684570074081,0.5593904852867126,0.40224429965019226,-0.06420484185218811,0.5609200596809387,0.4131946563720703,-0.059580378234386444,YES
YES,0.5226733088493347,0.454479843378067,-4.751792062052118e-07,0.4502106010913849,0.48430901765823364,-0.012679388746619225,0.3885749280452728,0.4842671751976013,-0.025114960968494415,0.34699711203575134,0.4832179546356201,-0.038397327065467834,0.3112589120864868,0.483274906873703,-0.047050315886735916,0.35268688201904297,0.37048372626304626,-0.008803836070001125,0.33520808815956116,0.46952396631240845,-0.0367906354367733,0.36182406544685364,0.48484957218170166,-0.0553198866546154,0.3748835623264313,0.45960572361946106,-0.06538764387369156,0.38228437304496765,0.35364943742752075,-0.01698257215321064,0.36832866072654724,0.475736141204834,-0.04108080267906189,0.39634883403778076,0.48429667949676514,-0.048121608793735504,0.40587663650512695,0.4550442099571228,-0.050074510276317596,0.41989535093307495,0.3515826165676117,-0.028724469244480133,0.40629419684410095,0.46542486548423767,-0.04922855645418167,0.4329763650894165,0.47310730814933777,-0.04230698570609093,0.4410449266433716,0.44584351778030396,-0.03489459678530693,0.45965108275413513,0.36056211590766907,-0.04314618930220604,0.448476105928421,0.44708001613616943,-0.05393701419234276,0.4638611078262329,0.451504647731781,-0.04726327955722809,0.4718303680419922,0.42458003759384155,-0.03887856379151344,YES
YES,0.5226733088493347,0.454479843378067,-4.751792062052118e-07,0.4502106010913849,0.48430901765823364,-0.012679388746619225,0.3885749280452728,0.4842671751976013,-0.025114960968494415,0.34699711203575134,0.4832179546356201,-0.038397327065467834,0.3112589120864868,0.483274906873703,-0.047050315886735916,0.35268688201904297,0.37048372626304626,-0.008803836070001125,0.33520808815956116,0.46952396631240845,-0.0367906354367733,0.36182406544685364,0.48484957218170166,-0.0553198866546154,0.3748835623264313,0.45960572361946106,-0.06538764387369156,0.38228437304496765,0.35364943742752075,-0.01698257215321064,0.36832866072654724,0.475736141204834,-0.04108080267906189,0.39634883403778076,0.48429667949676514,-0.048121608793735504,0.40587663650512695,0.4550442099571228,-0.050074510276317596,0.41989535093307495,0.3515826165676117,-0.028724469244480133,0.40629419684410095,0.46542486548423767,-0.04922855645418167,0.4329763650894165,0.47310730814933777,-0.04230698570609093,0.4410449266433716,0.44584351778030396,-0.03489459678530693,0.45965108275413513,0.36056211590766907,-0.04314618930220604,0.448476105928421,0.44708001613616943,-0.05393701419234276,0.4638611078262329,0.451504647731781,-0.04726327955722809,0.4718303680419922,0.42458003759384155,-0.03887856379151344,YES
YES,0.5226733088493347,0.454479843378067,-4.751792062052118e-07,0.4502106010913849,0.48430901765823364,-0.012679388746619225,0.3885749280452728,0.4842671751976013,-0.025114960968494415,0.34699711203575134,0.4832179546356201,-0.038397327065467834,0.3112589120864868,0.483274906873703,-0.047050315886735916,0.35268688201904297,0.37048372626304626,-0.008803836070001125,0.33520808815956116,0.46952396631240845,-0.0367906354367733,0.36182406544685364,0.48484957218170166,-0.0553198866546154,0.3748835623264313,0.45960572361946106,-0.06538764387369156,0.38228437304496765,0.35364943742752075,-0.01698257215321064,0.36832866072654724,0.475736141204834,-0.04108080267906189,0.39634883403778076,0.48429667949676514,-0.048121608793735504,0.40587663650512695,0.4550442099571228,-0.050074510276317596,0.41989535093307495,0.3515826165676117,-0.028724469244480133,0.40629419684410095,0.46542486548423767,-0.04922855645418167,0.4329763650894165,0.47310730814933777,-0.04230698570609093,0.4410449266433716,0.44584351778030396,-0.03489459678530693,0.45965108275413513,0.36056211590766907,-0.04314618930220604,0.448476105928421,0.44708001613616943,-0.05393701419234276,0.4638611078262329,0.451504647731781,-0.04726327955722809,0.4718303680419922,0.42458003759384155,-0.03887856379151344,YES
YES,0.46712011098861694,0.4537726044654846,-3.7286812926140556e-07,0.4153570830821991,0.47887733578681946,-0.020743319764733315,0.36267122626304626,0.47879984974861145,-0.03714771196246147,0.3272663354873657,0.47584396600723267,-0.05179120600223541,0.299940288066864,0.47066742181777954,-0.06226940080523491,0.3425317704677582,0.3687531352043152,-0.025136249139904976,0.3245426416397095,0.46297818422317505,-0.0508853904902935,0.34807032346725464,0.48014867305755615,-0.06666942685842514,0.3627314269542694,0.45831647515296936,-0.07541351020336151,0.3745536506175995,0.349484920501709,-0.027877863496541977,0.3580597937107086,0.4561080038547516,-0.047205086797475815,0.384836882352829,0.46797823905944824,-0.050748225301504135,0.3989904224872589,0.4470342993736267,-0.051902808248996735,0.4101390540599823,0.34568148851394653,-0.03364579752087593,0.3939782679080963,0.4468178451061249,-0.051146361976861954,0.4195118844509125,0.4592096209526062,-0.044403888285160065,0.4321383237838745,0.4364013671875,-0.038197074085474014,0.44590818881988525,0.35234755277633667,-0.04243503510951996,0.4335229992866516,0.43139293789863586,-0.0511651486158371,0.4483163058757782,0.4428735673427582,-0.04514847323298454,0.4597429037094116,0.42235299944877625,-0.038433510810136795,YES
YES,0.46712011098861694,0.4537726044654846,-3.7286812926140556e-07,0.4153570830821991,0.47887733578681946,-0.020743319764733315,0.36267122626304626,0.47879984974861145,-0.03714771196246147,0.3272663354873657,0.47584396600723267,-0.05179120600223541,0.299940288066864,0.47066742181777954,-0.06226940080523491,0.3425317704677582,0.3687531352043152,-0.025136249139904976,0.3245426416397095,0.46297818422317505,-0.0508853904902935,0.34807032346725464,0.48014867305755615,-0.06666942685842514,0.3627314269542694,0.45831647515296936,-0.07541351020336151,0.3745536506175995,0.349484920501709,-0.027877863496541977,0.3580597937107086,0.4561080038547516,-0.047205086797475815,0.384836882352829,0.46797823905944824,-0.050748225301504135,0.3989904224872589,0.4470342993736267,-0.051902808248996735,0.4101390540599823,0.34568148851394653,-0.03364579752087593,0.3939782679080963,0.4468178451061249,-0.051146361976861954,0.4195118844509125,0.4592096209526062,-0.044403888285160065,0.4321383237838745,0.4364013671875,-0.038197074085474014,0.44590818881988525,0.35234755277633667,-0.04243503510951996,0.4335229992866516,0.43139293789863586,-0.0511651486158371,0.4483163058757782,0.4428735673427582,-0.04514847323298454,0.4597429037094116,0.42235299944877625,-0.038433510810136795,YES
YES,0.46712011098861694,0.4537726044654846,-3.7286812926140556e-07,0.4153570830821991,0.47887733578681946,-0.020743319764733315,0.36267122626304626,0.47879984974861145,-0.03714771196246147,0.3272663354873657,0.47584396600723267,-0.05179120600223541,0.299940288066864,0.47066742181777954,-0.06226940080523491,0.3425317704677582,0.3687531352043152,-0.025136249139904976,0.3245426416397095,0.46297818422317505,-0.0508853904902935,0.34807032346725464,0.48014867305755615,-0.06666942685842514,0.3627314269542694,0.45831647515296936,-0.07541351020336151,0.3745536506175995,0.349484920501709,-0.027877863496541977,0.3580597937107086,0.4561080038547516,-0.047205086797475815,0.384836882352829,0.46797823905944824,-0.050748225301504135,0.3989904224872589,0.4470342993736267,-0.051902808248996735,0.4101390540599823,0.34568148851394653,-0.03364579752087593,0.3939782679080963,0.4468178451061249,-0.051146361976861954,0.4195118844509125,0.4592096209526062,-0.044403888285160065,0.4321383237838745,0.4364013671875,-0.038197074085474014,0.44590818881988525,0.35234755277633667,-0.04243503510951996,0.4335229992866516,0.43139293789863586,-0.0511651486158371,0.4483163058757782,0.4428735673427582,-0.04514847323298454,0.4597429037094116,0.42235299944877625,-0.038433510810136795,YES
YES,0.458798885345459,0.4585522413253784,-3.6054012753083953e-07,0.4159965515136719,0.48693734407424927,-0.03178353235125542,0.3601490557193756,0.4903218448162079,-0.05223008990287781,0.3210655748844147,0.4893695116043091,-0.06763295829296112,0.29568618535995483,0.47483280301094055,-0.07702779024839401,0.34442320466041565,0.3663095235824585,-0.03897137567400932,0.3259836435317993,0.4716673493385315,-0.06395268440246582,0.35220080614089966,0.4878069758415222,-0.07547641545534134,0.3696243166923523,0.4636615812778473,-0.081495001912117,0.3744021952152252,0.34598132967948914,-0.035920191556215286,0.35362666845321655,0.4644112288951874,-0.05718290060758591,0.3819615840911865,0.477158784866333,-0.05855312570929527,0.39881664514541626,0.45683544874191284,-0.05798708647489548,0.4065496027469635,0.34216368198394775,-0.036340150982141495,0.38539251685142517,0.453043133020401,-0.055843811482191086,0.411940336227417,0.46636927127838135,-0.04876866564154625,0.42568328976631165,0.44423049688339233,-0.04240930452942848,0.43957623839378357,0.3518880307674408,-0.040606122463941574,0.42286550998687744,0.4336242079734802,-0.0521584078669548,0.4376414120197296,0.44765013456344604,-0.047815896570682526,0.44900113344192505,0.42856231331825256,-0.04218485578894615,YES
YES,0.458798885345459,0.4585522413253784,-3.6054012753083953e-07,0.4159965515136719,0.48693734407424927,-0.03178353235125542,0.3601490557193756,0.4903218448162079,-0.05223008990287781,0.3210655748844147,0.4893695116043091,-0.06763295829296112,0.29568618535995483,0.47483280301094055,-0.07702779024839401,0.34442320466041565,0.3663095235824585,-0.03897137567400932,0.3259836435317993,0.4716673493385315,-0.06395268440246582,0.35220080614089966,0.4878069758415222,-0.07547641545534134,0.3696243166923523,0.4636615812778473,-0.081495001912117,0.3744021952152252,0.34598132967948914,-0.035920191556215286,0.35362666845321655,0.4644112288951874,-0.05718290060758591,0.3819615840911865,0.477158784866333,-0.05855312570929527,0.39881664514541626,0.45683544874191284,-0.05798708647489548,0.4065496027469635,0.34216368198394775,-0.036340150982141495,0.38539251685142517,0.453043133020401,-0.055843811482191086,0.411940336227417,0.46636927127838135,-0.04876866564154625,0.42568328976631165,0.44423049688339233,-0.04240930452942848,0.43957623839378357,0.3518880307674408,-0.040606122463941574,0.42286550998687744,0.4336242079734802,-0.0521584078669548,0.4376414120197296,0.44765013456344604,-0.047815896570682526,0.44900113344192505,0.42856231331825256,-0.04218485578894615,YES
YES,0.458798885345459,0.4585522413253784,-3.6054012753083953e-07,0.4159965515136719,0.48693734407424927,-0.03178353235125542,0.3601490557193756,0.4903218448162079,-0.05223008990287781,0.3210655748844147,0.4893695116043091,-0.06763295829296112,0.29568618535995483,0.47483280301094055,-0.07702779024839401,0.34442320466041565,0.3663095235824585,-0.03897137567400932,0.3259836435317993,0.4716673493385315,-0.06395268440246582,0.35220080614089966,0.4878069758415222,-0.07547641545534134,0.3696243166923523,0.4636615812778473,-0.081495001912117,0.3744021952152252,0.34598132967948914,-0.035920191556215286,0.35362666845321655,0.4644112288951874,-0.05718290060758591,0.3819615840911865,0.477158784866333,-0.05855312570929527,0.39881664514541626,0.45683544874191284,-0.05798708647489548,0.4065496027469635,0.34216368198394775,-0.036340150982141495,0.38539251685142517,0.453043133020401,-0.055843811482191086,0.411940336227417,0.46636927127838135,-0.04876866564154625,0.42568328976631165,0.44423049688339233,-0.04240930452942848,0.43957623839378357,0.3518880307674408,-0.040606122463941574,0.42286550998687744,0.4336242079734802,-0.0521584078669548,0.4376414120197296,0.44765013456344604,-0.047815896570682526,0.44900113344192505,0.42856231331825256,-0.04218485578894615,YES
YES,0.48355191946029663,0.4412705898284912,-4.508654569690407e-07,0.4236493408679962,0.4703133702278137,-0.01757841557264328,0.37194323539733887,0.47549986839294434,-0.031925346702337265,0.33624112606048584,0.47582799196243286,-0.04554331675171852,0.3061453700065613,0.47664934396743774,-0.05566437914967537,0.34920647740364075,0.36628204584121704,-0.018210843205451965,0.33002397418022156,0.46005111932754517,-0.04480741545557976,0.3529350459575653,0.4795362949371338,-0.06324490159749985,0.3660724461078644,0.4596062898635864,-0.07346193492412567,0.37983205914497375,0.3471599519252777,-0.022632570937275887,0.3635837137699127,0.46668627858161926,-0.04199058189988136,0.3896150588989258,0.47520968317985535,-0.04746302589774132,0.40033504366874695,0.4492110013961792,-0.04942283779382706,0.4165213406085968,0.3450380563735962,-0.030167417600750923,0.3998480439186096,0.4577217698097229,-0.04655908793210983,0.42257124185562134,0.46394050121307373,-0.03908694535493851,0.4305151700973511,0.43783822655677795,-0.032056599855422974,0.45310625433921814,0.3545677065849304,-0.04058224707841873,0.43988388776779175,0.44303613901138306,-0.049383439123630524,0.4512753188610077,0.448020339012146,-0.04220664128661156,0.45793935656547546,0.4236563742160797,-0.033764809370040894,YES
YES,0.48355191946029663,0.4412705898284912,-4.508654569690407e-07,0.4236493408679962,0.4703133702278137,-0.01757841557264328,0.37194323539733887,0.47549986839294434,-0.031925346702337265,0.33624112606048584,0.47582799196243286,-0.04554331675171852,0.3061453700065613,0.47664934396743774,-0.05566437914967537,0.34920647740364075,0.36628204584121704,-0.018210843205451965,0.33002397418022156,0.46005111932754517,-0.04480741545557976,0.3529350459575653,0.4795362949371338,-0.06324490159749985,0.3660724461078644,0.4596062898635864,-0.07346193492412567,0.37983205914497375,0.3471599519252777,-0.022632570937275887,0.3635837137699127,0.46668627858161926,-0.04199058189988136,0.3896150588989258,0.47520968317985535,-0.04746302589774132,0.40033504366874695,0.4492110013961792,-0.04942283779382706,0.4165213406085968,0.3450380563735962,-0.030167417600750923,0.3998480439186096,0.4577217698097229,-0.04655908793210983,0.42257124185562134,0.46394050121307373,-0.03908694535493851,0.4305151700973511,0.43783822655677795,-0.032056599855422974,0.45310625433921814,0.3545677065849304,-0.04058224707841873,0.43988388776779175,0.44303613901138306,-0.049383439123630524,0.4512753188610077,0.448020339012146,-0.04220664128661156,0.45793935656547546,0.4236563742160797,-0.033764809370040894,YES
YES,0.5046942234039307,0.4123510420322418,-5.655996346831671e-07,0.4433198571205139,0.424267053604126,-0.016242723912000656,0.39140409231185913,0.43070515990257263,-0.03614349290728569,0.3538900911808014,0.4468165636062622,-0.055375177413225174,0.3262070417404175,0.4637480676174164,-0.07637140154838562,0.4006010591983795,0.3271133005619049,-0.040052786469459534,0.36641398072242737,0.37069904804229736,-0.07068552076816559,0.34908318519592285,0.4151598811149597,-0.09669899940490723,0.33591222763061523,0.4484645128250122,-0.1126922070980072,0.4331185817718506,0.3313249349594116,-0.0472770556807518,0.39323490858078003,0.38635045289993286,-0.07059356570243835,0.3690831661224365,0.43193358182907104,-0.08610327541828156,0.35376808047294617,0.4655649960041046,-0.09825346618890762,0.4644800126552582,0.3506723940372467,-0.05545348301529884,0.4270284175872803,0.4103928804397583,-0.07623711228370667,0.40177351236343384,0.4484662115573883,-0.08112411201000214,0.38317182660102844,0.4754590094089508,-0.08454148471355438,0.4916014075279236,0.38039839267730713,-0.06483125686645508,0.4600723385810852,0.4325476884841919,-0.08168713748455048,0.43669524788856506,0.4620133638381958,-0.08035998046398163,0.4167029857635498,0.4836457371711731,-0.07781528681516647,YES
YES,0.5046942234039307,0.4123510420322418,-5.655996346831671e-07,0.4433198571205139,0.424267053604126,-0.016242723912000656,0.39140409231185913,0.43070515990257263,-0.03614349290728569,0.3538900911808014,0.4468165636062622,-0.055375177413225174,0.3262070417404175,0.4637480676174164,-0.07637140154838562,0.4006010591983795,0.3271133005619049,-0.040052786469459534,0.36641398072242737,0.37069904804229736,-0.07068552076816559,0.34908318519592285,0.4151598811149597,-0.09669899940490723,0.33591222763061523,0.4484645128250122,-0.1126922070980072,0.4331185817718506,0.3313249349594116,-0.0472770556807518,0.39323490858078003,0.38635045289993286,-0.07059356570243835,0.3690831661224365,0.43193358182907104,-0.08610327541828156,0.35376808047294617,0.4655649960041046,-0.09825346618890762,0.4644800126552582,0.3506723940372467,-0.05545348301529884,0.4270284175872803,0.4103928804397583,-0.07623711228370667,0.40177351236343384,0.4484662115573883,-0.08112411201000214,0.38317182660102844,0.4754590094089508,-0.08454148471355438,0.4916014075279236,0.38039839267730713,-0.06483125686645508,0.4600723385810852,0.4325476884841919,-0.08168713748455048,0.43669524788856506,0.4620133638381958,-0.08035998046398163,0.4167029857635498,0.4836457371711731,-0.07781528681516647,YES
YES,0.5046942234039307,0.4123510420322418,-5.655996346831671e-07,0.4433198571205139,0.424267053604126,-0.016242723912000656,0.39140409231185913,0.43070515990257263,-0.03614349290728569,0.3538900911808014,0.4468165636062622,-0.055375177413225174,0.3262070417404175,0.4637480676174164,-0.07637140154838562,0.4006010591983795,0.3271133005619049,-0.040052786469459534,0.36641398072242737,0.37069904804229736,-0.07068552076816559,0.34908318519592285,0.4151598811149597,-0.09669899940490723,0.33591222763061523,0.4484645128250122,-0.1126922070980072,0.4331185817718506,0.3313249349594116,-0.0472770556807518,0.39323490858078003,0.38635045289993286,-0.07059356570243835,0.3690831661224365,0.43193358182907104,-0.08610327541828156,0.35376808047294617,0.4655649960041046,-0.09825346618890762,0.4644800126552582,0.3506723940372467,-0.05545348301529884,0.4270284175872803,0.4103928804397583,-0.07623711228370667,0.40177351236343384,0.4484662115573883,-0.08112411201000214,0.38317182660102844,0.4754590094089508,-0.08454148471355438,0.4916014075279236,0.38039839267730713,-0.06483125686645508,0.4600723385810852,0.4325476884841919,-0.08168713748455048,0.43669524788856506,0.4620133638381958,-0.08035998046398163,0.4167029857635498,0.4836457371711731,-0.07781528681516647,YES
YES,0.31447523832321167,0.45529186725616455,-3.615161148218249e-08,0.31953665614128113,0.4071238040924072,-0.02789876237511635,0.3409183621406555,0.36986738443374634,-0.04663766920566559,0.37096357345581055,0.3585960268974304,-0.05901512876152992,0.40115559101104736,0.3536967635154724,-0.06923654675483704,0.3614954650402069,0.427123099565506,-0.05840428173542023,0.4122926592826843,0.41241270303726196,-0.07909394800662994,0.4399871528148651,0.38401761651039124,-0.08763086050748825,0.4555452764034271,0.3599834144115448,-0.09132484346628189,0.3721172511577606,0.4561465084552765,-0.05011027678847313,0.42489922046661377,0.4355427920818329,-0.0674356073141098,0.4512658715248108,0.405891090631485,-0.06892368197441101,0.46335843205451965,0.38058406114578247,-0.0691104382276535,0.38011637330055237,0.4725034534931183,-0.04248262196779251,0.42962411046028137,0.4533573091030121,-0.05699481442570686,0.4528934955596924,0.42427927255630493,-0.05541091412305832,0.4638087749481201,0.3970043659210205,-0.0525691844522953,0.38645607233047485,0.4782559275627136,-0.0363677442073822,0.42582863569259644,0.4609643220901489,-0.04901062697172165,0.44765761494636536,0.438684344291687,-0.050453342497348785,0.45986130833625793,0.415044903755188,-0.04927261546254158,YES
YES,0.31447523832321167,0.45529186725616455,-3.615161148218249e-08,0.31953665614128113,0.4071238040924072,-0.02789876237511635,0.3409183621406555,0.36986738443374634,-0.04663766920566559,0.37096357345581055,0.3585960268974304,-0.05901512876152992,0.40115559101104736,0.3536967635154724,-0.06923654675483704,0.3614954650402069,0.427123099565506,-0.05840428173542023,0.4122926592826843,0.41241270303726196,-0.07909394800662994,0.4399871528148651,0.38401761651039124,-0.08763086050748825,0.4555452764034271,0.3599834144115448,-0.09132484346628189,0.3721172511577606,0.4561465084552765,-0.05011027678847313,0.42489922046661377,0.4355427920818329,-0.0674356073141098,0.4512658715248108,0.405891090631485,-0.06892368197441101,0.46335843205451965,0.38058406114578247,-0.0691104382276535,0.38011637330055237,0.4725034534931183,-0.04248262196779251,0.42962411046028137,0.4533573091030121,-0.05699481442570686,0.4528934955596924,0.42427927255630493,-0.05541091412305832,0.4638087749481201,0.3970043659210205,-0.0525691844522953,0.38645607233047485,0.4782559275627136,-0.0363677442073822,0.42582863569259644,0.4609643220901489,-0.04901062697172165,0.44765761494636536,0.438684344291687,-0.050453342497348785,0.45986130833625793,0.415044903755188,-0.04927261546254158,YES
YES,0.31447523832321167,0.45529186725616455,-3.615161148218249e-08,0.31953665614128113,0.4071238040924072,-0.02789876237511635,0.3409183621406555,0.36986738443374634,-0.04663766920566559,0.37096357345581055,0.3585960268974304,-0.05901512876152992,0.40115559101104736,0.3536967635154724,-0.06923654675483704,0.3614954650402069,0.427123099565506,-0.05840428173542023,0.4122926592826843,0.41241270303726196,-0.07909394800662994,0.4399871528148651,0.38401761651039124,-0.08763086050748825,0.4555452764034271,0.3599834144115448,-0.09132484346628189,0.3721172511577606,0.4561465084552765,-0.05011027678847313,0.42489922046661377,0.4355427920818329,-0.0674356073141098,0.4512658715248108,0.405891090631485,-0.06892368197441101,0.46335843205451965,0.38058406114578247,-0.0691104382276535,0.38011637330055237,0.4725034534931183,-0.04248262196779251,0.42962411046028137,0.4533573091030121,-0.05699481442570686,0.4528934955596924,0.42427927255630493,-0.05541091412305832,0.4638087749481201,0.3970043659210205,-0.0525691844522953,0.38645607233047485,0.4782559275627136,-0.0363677442073822,0.42582863569259644,0.4609643220901489,-0.04901062697172165,0.44765761494636536,0.438684344291687,-0.050453342497348785,0.45986130833625793,0.415044903755188,-0.04927261546254158,YES
YES,0.6331395506858826,0.4111092686653137,-7.018385304036201e-07,0.5778135657310486,0.42464184761047363,-0.04098840057849884,0.5210459232330322,0.4184271991252899,-0.07259129732847214,0.49879133701324463,0.40882939100265503,-0.09765227884054184,0.5063285231590271,0.37941110134124756,-0.11677800118923187,0.5380702018737793,0.28492510318756104,-0.07515744119882584,0.5389288663864136,0.3846486806869507,-0.10599309951066971,0.5521707534790039,0.42548465728759766,-0.11540734022855759,0.5549348592758179,0.40368086099624634,-0.12229060381650925,0.5892484188079834,0.26690706610679626,-0.07070610672235489,0.5906217098236084,0.3885197341442108,-0.09725869446992874,0.5983542799949646,0.4333280920982361,-0.09608271718025208,0.6002437472343445,0.4113847613334656,-0.09842968732118607,0.6394139528274536,0.26762253046035767,-0.0681690126657486,0.6368879079818726,0.3838886022567749,-0.09517893195152283,0.6366012096405029,0.4267955422401428,-0.08572614938020706,0.6342061161994934,0.40337073802948,-0.08111453056335449,0.6834537982940674,0.27747201919555664,-0.0696328729391098,0.6826823949813843,0.3705894947052002,-0.08819327503442764,0.6750288605690002,0.40927088260650635,-0.08522071689367294,0.6693010330200195,0.39540740847587585,-0.08320830762386322,YES
YES,0.6331395506858826,0.4111092686653137,-7.018385304036201e-07,0.5778135657310486,0.42464184761047363,-0.04098840057849884,0.5210459232330322,0.4184271991252899,-0.07259129732847214,0.49879133701324463,0.40882939100265503,-0.09765227884054184,0.5063285231590271,0.37941110134124756,-0.11677800118923187,0.5380702018737793,0.28492510318756104,-0.07515744119882584,0.5389288663864136,0.3846486806869507,-0.10599309951066971,0.5521707534790039,0.42548465728759766,-0.11540734022855759,0.5549348592758179,0.40368086099624634,-0.12229060381650925,0.5892484188079834,0.26690706610679626,-0.07070610672235489,0.5906217098236084,0.3885197341442108,-0.09725869446992874,0.5983542799949646,0.4333280920982361,-0.09608271718025208,0.6002437472343445,0.4113847613334656,-0.09842968732118607,0.6394139528274536,0.26762253046035767,-0.0681690126657486,0.6368879079818726,0.3838886022567749,-0.09517893195152283,0.6366012096405029,0.4267955422401428,-0.08572614938020706,0.6342061161994934,0.40337073802948,-0.08111453056335449,0.6834537982940674,0.27747201919555664,-0.0696328729391098,0.6826823949813843,0.3705894947052002,-0.08819327503442764,0.6750288605690002,0.40927088260650635,-0.08522071689367294,0.6693010330200195,0.39540740847587585,-0.08320830762386322,YES
YES,0.6331395506858826,0.4111092686653137,-7.018385304036201e-07,0.5778135657310486,0.42464184761047363,-0.04098840057849884,0.5210459232330322,0.4184271991252899,-0.07259129732847214,0.49879133701324463,0.40882939100265503,-0.09765227884054184,0.5063285231590271,0.37941110134124756,-0.11677800118923187,0.5380702018737793,0.28492510318756104,-0.07515744119882584,0.5389288663864136,0.3846486806869507,-0.10599309951066971,0.5521707534790039,0.42548465728759766,-0.11540734022855759,0.5549348592758179,0.40368086099624634,-0.12229060381650925,0.5892484188079834,0.26690706610679626,-0.07070610672235489,0.5906217098236084,0.3885197341442108,-0.09725869446992874,0.5983542799949646,0.4333280920982361,-0.09608271718025208,0.6002437472343445,0.4113847613334656,-0.09842968732118607,0.6394139528274536,0.26762253046035767,-0.0681690126657486,0.6368879079818726,0.3838886022567749,-0.09517893195152283,0.6366012096405029,0.4267955422401428,-0.08572614938020706,0.6342061161994934,0.40337073802948,-0.08111453056335449,0.6834537982940674,0.27747201919555664,-0.0696328729391098,0.6826823949813843,0.3705894947052002,-0.08819327503442764,0.6750288605690002,0.40927088260650635,-0.08522071689367294,0.6693010330200195,0.39540740847587585,-0.08320830762386322,YES
YES,0.6314058303833008,0.41045498847961426,-7.522325518038997e-07,0.5714054703712463,0.42460867762565613,-0.04075857251882553,0.5162183046340942,0.4202623963356018,-0.07387471199035645,0.4962460398674011,0.4140040874481201,-0.10133461654186249,0.5016283392906189,0.39752262830734253,-0.12318630516529083,0.5362889170646667,0.2808411419391632,-0.07215434312820435,0.5362392663955688,0.3982994556427002,-0.10240982472896576,0.5455188751220703,0.4400787651538849,-0.11244911700487137,0.5478482842445374,0.41581034660339355,-0.12050123512744904,0.5886118412017822,0.26569217443466187,-0.07005316764116287,0.5904600024223328,0.4025965631008148,-0.09781212359666824,0.5936807990074158,0.44276273250579834,-0.09766551852226257,0.5938493609428406,0.41576915979385376,-0.10032074898481369,0.6394999623298645,0.2683602273464203,-0.07000424712896347,0.637834906578064,0.3968927562236786,-0.0979861319065094,0.6346065998077393,0.43594691157341003,-0.08793924003839493,0.6306270956993103,0.40850287675857544,-0.08240878582000732,0.6838843822479248,0.28009575605392456,-0.07427103072404861,0.6851227283477783,0.377841591835022,-0.09204966574907303,0.6758618354797363,0.4143769145011902,-0.0874350443482399,0.6687194108963013,0.39770716428756714,-0.08418815582990646,YES
YES,0.6314058303833008,0.41045498847961426,-7.522325518038997e-07,0.5714054703712463,0.42460867762565613,-0.04075857251882553,0.5162183046340942,0.4202623963356018,-0.07387471199035645,0.4962460398674011,0.4140040874481201,-0.10133461654186249,0.5016283392906189,0.39752262830734253,-0.12318630516529083,0.5362889170646667,0.2808411419391632,-0.07215434312820435,0.5362392663955688,0.3982994556427002,-0.10240982472896576,0.5455188751220703,0.4400787651538849,-0.11244911700487137,0.5478482842445374,0.41581034660339355,-0.12050123512744904,0.5886118412017822,0.26569217443466187,-0.07005316764116287,0.5904600024223328,0.4025965631008148,-0.09781212359666824,0.5936807990074158,0.44276273250579834,-0.09766551852226257,0.5938493609428406,0.41576915979385376,-0.10032074898481369,0.6394999623298645,0.2683602273464203,-0.07000424712896347,0.637834906578064,0.3968927562236786,-0.0979861319065094,0.6346065998077393,0.43594691157341003,-0.08793924003839493,0.6306270956993103,0.40850287675857544,-0.08240878582000732,0.6838843822479248,0.28009575605392456,-0.07427103072404861,0.6851227283477783,0.377841591835022,-0.09204966574907303,0.6758618354797363,0.4143769145011902,-0.0874350443482399,0.6687194108963013,0.39770716428756714,-0.08418815582990646,YES
YES,0.6829941272735596,0.2420450747013092,-2.7012364967049507e-07,0.6069486141204834,0.27978137135505676,-0.03485327214002609,0.5341878533363342,0.34193870425224304,-0.08137807995080948,0.5035631656646729,0.3905642330646515,-0.12536673247814178,0.49326252937316895,0.424358069896698,-0.17014305293560028,0.5429112315177917,0.2881918251514435,-0.106390580534935,0.5360860824584961,0.4237942695617676,-0.15544748306274414,0.5571300983428955,0.42039090394973755,-0.18648844957351685,0.5668739080429077,0.3828911781311035,-0.20870642364025116,0.596485435962677,0.279834121465683,-0.11044556647539139,0.5891532897949219,0.43028998374938965,-0.1435335874557495,0.6071629524230957,0.4207618236541748,-0.14757466316223145,0.6176666617393494,0.37807342410087585,-0.15955570340156555,0.6524593234062195,0.2851766049861908,-0.11458621174097061,0.6441311240196228,0.4282852113246918,-0.14313796162605286,0.6545743942260742,0.4120585322380066,-0.13304732739925385,0.6627126932144165,0.3648986220359802,-0.13103406131267548,0.7067492008209229,0.3002076745033264,-0.12339460104703903,0.6962417960166931,0.4127189815044403,-0.14328499138355255,0.6978440284729004,0.4008312225341797,-0.1394703984260559,0.7016462087631226,0.3589094579219818,-0.1407458335161209,YES
YES,0.6829941272735596,0.2420450747013092,-2.7012364967049507e-07,0.6069486141204834,0.27978137135505676,-0.03485327214002609,0.5341878533363342,0.34193870425224304,-0.08137807995080948,0.5035631656646729,0.3905642330646515,-0.12536673247814178,0.49326252937316895,0.424358069896698,-0.17014305293560028,0.5429112315177917,0.2881918251514435,-0.106390580534935,0.5360860824584961,0.4237942695617676,-0.15544748306274414,0.5571300983428955,0.42039090394973755,-0.18648844957351685,0.5668739080429077,0.3828911781311035,-0.20870642364025116,0.596485435962677,0.279834121465683,-0.11044556647539139,0.5891532897949219,0.43028998374938965,-0.1435335874557495,0.6071629524230957,0.4207618236541748,-0.14757466316223145,0.6176666617393494,0.37807342410087585,-0.15955570340156555,0.6524593234062195,0.2851766049861908,-0.11458621174097061,0.6441311240196228,0.4282852113246918,-0.14313796162605286,0.6545743942260742,0.4120585322380066,-0.13304732739925385,0.6627126932144165,0.3648986220359802,-0.13103406131267548,0.7067492008209229,0.3002076745033264,-0.12339460104703903,0.6962417960166931,0.4127189815044403,-0.14328499138355255,0.6978440284729004,0.4008312225341797,-0.1394703984260559,0.7016462087631226,0.3589094579219818,-0.1407458335161209,YES
YES,0.6829941272735596,0.2420450747013092,-2.7012364967049507e-07,0.6069486141204834,0.27978137135505676,-0.03485327214002609,0.5341878533363342,0.34193870425224304,-0.08137807995080948,0.5035631656646729,0.3905642330646515,-0.12536673247814178,0.49326252937316895,0.424358069896698,-0.17014305293560028,0.5429112315177917,0.2881918251514435,-0.106390580534935,0.5360860824584961,0.4237942695617676,-0.15544748306274414,0.5571300983428955,0.42039090394973755,-0.18648844957351685,0.5668739080429077,0.3828911781311035,-0.20870642364025116,0.596485435962677,0.279834121465683,-0.11044556647539139,0.5891532897949219,0.43028998374938965,-0.1435335874557495,0.6071629524230957,0.4207618236541748,-0.14757466316223145,0.6176666617393494,0.37807342410087585,-0.15955570340156555,0.6524593234062195,0.2851766049861908,-0.11458621174097061,0.6441311240196228,0.4282852113246918,-0.14313796162605286,0.6545743942260742,0.4120585322380066,-0.13304732739925385,0.6627126932144165,0.3648986220359802,-0.13103406131267548,0.7067492008209229,0.3002076745033264,-0.12339460104703903,0.6962417960166931,0.4127189815044403,-0.14328499138355255,0.6978440284729004,0.4008312225341797,-0.1394703984260559,0.7016462087631226,0.3589094579219818,-0.1407458335161209,YES
YES,0.6829941272735596,0.2420450747013092,-2.7012364967049507e-07,0.6069486141204834,0.27978137135505676,-0.03485327214002609,0.5341878533363342,0.34193870425224304,-0.08137807995080948,0.5035631656646729,0.3905642330646515,-0.12536673247814178,0.49326252937316895,0.424358069896698,-0.17014305293560028,0.5429112315177917,0.2881918251514435,-0.106390580534935,0.5360860824584961,0.4237942695617676,-0.15544748306274414,0.5571300983428955,0.42039090394973755,-0.18648844957351685,0.5668739080429077,0.3828911781311035,-0.20870642364025116,0.596485435962677,0.279834121465683,-0.11044556647539139,0.5891532897949219,0.43028998374938965,-0.1435335874557495,0.6071629524230957,0.4207618236541748,-0.14757466316223145,0.6176666617393494,0.37807342410087585,-0.15955570340156555,0.6524593234062195,0.2851766049861908,-0.11458621174097061,0.6441311240196228,0.4282852113246918,-0.14313796162605286,0.6545743942260742,0.4120585322380066,-0.13304732739925385,0.6627126932144165,0.3648986220359802,-0.13103406131267548,0.7067492008209229,0.3002076745033264,-0.12339460104703903,0.6962417960166931,0.4127189815044403,-0.14328499138355255,0.6978440284729004,0.4008312225341797,-0.1394703984260559,0.7016462087631226,0.3589094579219818,-0.1407458335161209,YES
YES,0.7056978940963745,0.2767924964427948,-1.2341385513536807e-07,0.6404134035110474,0.3152102530002594,-0.025594079867005348,0.5794298648834229,0.3614516258239746,-0.06485958397388458,0.5397971272468567,0.411040723323822,-0.10446934401988983,0.5296298861503601,0.43782252073287964,-0.1458178609609604,0.6034954786300659,0.2923973798751831,-0.09926149249076843,0.5919687747955322,0.34786659479141235,-0.1359245777130127,0.6056728363037109,0.40570664405822754,-0.15239982306957245,0.6139096617698669,0.43196332454681396,-0.16364850103855133,0.6529520153999329,0.27688902616500854,-0.10625184327363968,0.6539307236671448,0.35831236839294434,-0.13403135538101196,0.6554063558578491,0.42835813760757446,-0.1368192583322525,0.6542074084281921,0.44961875677108765,-0.1460130661725998,0.705258846282959,0.28348320722579956,-0.11146888136863708,0.7061336040496826,0.3688037693500519,-0.13467523455619812,0.6980041265487671,0.428701251745224,-0.12769651412963867,0.683891773223877,0.4369797110557556,-0.1272973269224167,0.7560627460479736,0.30083224177360535,-0.11937396973371506,0.7615472078323364,0.3845802843570709,-0.12962433695793152,0.7520604133605957,0.42901352047920227,-0.12093143165111542,0.7356616258621216,0.4345618188381195,-0.11884964257478714,YES
YES,0.7056978940963745,0.2767924964427948,-1.2341385513536807e-07,0.6404134035110474,0.3152102530002594,-0.025594079867005348,0.5794298648834229,0.3614516258239746,-0.06485958397388458,0.5397971272468567,0.411040723323822,-0.10446934401988983,0.5296298861503601,0.43782252073287964,-0.1458178609609604,0.6034954786300659,0.2923973798751831,-0.09926149249076843,0.5919687747955322,0.34786659479141235,-0.1359245777130127,0.6056728363037109,0.40570664405822754,-0.15239982306957245,0.6139096617698669,0.43196332454681396,-0.16364850103855133,0.6529520153999329,0.27688902616500854,-0.10625184327363968,0.6539307236671448,0.35831236839294434,-0.13403135538101196,0.6554063558578491,0.42835813760757446,-0.1368192583322525,0.6542074084281921,0.44961875677108765,-0.1460130661725998,0.705258846282959,0.28348320722579956,-0.11146888136863708,0.7061336040496826,0.3688037693500519,-0.13467523455619812,0.6980041265487671,0.428701251745224,-0.12769651412963867,0.683891773223877,0.4369797110557556,-0.1272973269224167,0.7560627460479736,0.30083224177360535,-0.11937396973371506,0.7615472078323364,0.3845802843570709,-0.12962433695793152,0.7520604133605957,0.42901352047920227,-0.12093143165111542,0.7356616258621216,0.4345618188381195,-0.11884964257478714,YES
YES,0.6395788788795471,0.4021346867084503,-6.958821927582903e-07,0.5777489542961121,0.41345158219337463,-0.04356147721409798,0.5221556425094604,0.3980098366737366,-0.0754183754324913,0.5026633143424988,0.3867173194885254,-0.1007276177406311,0.5224456787109375,0.36852437257766724,-0.11988987028598785,0.558063268661499,0.2634314000606537,-0.07369232922792435,0.5609806776046753,0.36398816108703613,-0.10516109317541122,0.5638877749443054,0.4097128212451935,-0.1131257712841034,0.5632979273796082,0.3935224413871765,-0.11892624199390411,0.6115649938583374,0.24631550908088684,-0.06837104260921478,0.6151015162467957,0.37043479084968567,-0.0960807055234909,0.6102302074432373,0.4224224090576172,-0.09410253167152405,0.611024022102356,0.4030556082725525,-0.09559227526187897,0.6621999740600586,0.2512654960155487,-0.06590554118156433,0.6628925800323486,0.3723434805870056,-0.09547636657953262,0.6493760347366333,0.41803285479545593,-0.08659927546977997,0.6444576978683472,0.39463844895362854,-0.081764355301857,0.7069644331932068,0.26730120182037354,-0.06776159256696701,0.7079665064811707,0.36463165283203125,-0.08979243040084839,0.6901054382324219,0.4033099412918091,-0.08920639753341675,0.6802414655685425,0.3851528763771057,-0.08835167437791824,YES
YES,0.6400699019432068,0.4023423492908478,-6.738445677001437e-07,0.5766143798828125,0.4120197892189026,-0.04293486475944519,0.5212501287460327,0.3974684476852417,-0.07565096020698547,0.5046990513801575,0.3875911235809326,-0.10166279971599579,0.5247001647949219,0.37100785970687866,-0.12173967063426971,0.5584656000137329,0.2648266553878784,-0.07512672990560532,0.5594386458396912,0.36690467596054077,-0.10640110820531845,0.5626267790794373,0.41330277919769287,-0.11437856405973434,0.562599241733551,0.39606773853302,-0.1202053502202034,0.6128218173980713,0.24668215215206146,-0.06990335136651993,0.613034725189209,0.3754783868789673,-0.09772144258022308,0.6079785227775574,0.43000417947769165,-0.09649937599897385,0.6084864735603333,0.4095279574394226,-0.0981859639286995,0.6633086800575256,0.25023624300956726,-0.06706613302230835,0.6611272692680359,0.3757493495941162,-0.09712058305740356,0.6492670774459839,0.4225367605686188,-0.08936848491430283,0.6444493532180786,0.3982967734336853,-0.08482332527637482,0.7069856524467468,0.26507118344306946,-0.068165123462677,0.7056496143341064,0.3656919002532959,-0.09049763530492783,0.6893702745437622,0.4059669077396393,-0.08999388664960861,0.6794964075088501,0.3866649270057678,-0.08865412324666977,YES
YES,0.6400699019432068,0.4023423492908478,-6.738445677001437e-07,0.5766143798828125,0.4120197892189026,-0.04293486475944519,0.5212501287460327,0.3974684476852417,-0.07565096020698547,0.5046990513801575,0.3875911235809326,-0.10166279971599579,0.5247001647949219,0.37100785970687866,-0.12173967063426971,0.5584656000137329,0.2648266553878784,-0.07512672990560532,0.5594386458396912,0.36690467596054077,-0.10640110820531845,0.5626267790794373,0.41330277919769287,-0.11437856405973434,0.562599241733551,0.39606773853302,-0.1202053502202034,0.6128218173980713,0.24668215215206146,-0.06990335136651993,0.613034725189209,0.3754783868789673,-0.09772144258022308,0.6079785227775574,0.43000417947769165,-0.09649937599897385,0.6084864735603333,0.4095279574394226,-0.0981859639286995,0.6633086800575256,0.25023624300956726,-0.06706613302230835,0.6611272692680359,0.3757493495941162,-0.09712058305740356,0.6492670774459839,0.4225367605686188,-0.08936848491430283,0.6444493532180786,0.3982967734336853,-0.08482332527637482,0.7069856524467468,0.26507118344306946,-0.068165123462677,0.7056496143341064,0.3656919002532959,-0.09049763530492783,0.6893702745437622,0.4059669077396393,-0.08999388664960861,0.6794964075088501,0.3866649270057678,-0.08865412324666977,YES
YES,0.6400699019432068,0.4023423492908478,-6.738445677001437e-07,0.5766143798828125,0.4120197892189026,-0.04293486475944519,0.5212501287460327,0.3974684476852417,-0.07565096020698547,0.5046990513801575,0.3875911235809326,-0.10166279971599579,0.5247001647949219,0.37100785970687866,-0.12173967063426971,0.5584656000137329,0.2648266553878784,-0.07512672990560532,0.5594386458396912,0.36690467596054077,-0.10640110820531845,0.5626267790794373,0.41330277919769287,-0.11437856405973434,0.562599241733551,0.39606773853302,-0.1202053502202034,0.6128218173980713,0.24668215215206146,-0.06990335136651993,0.613034725189209,0.3754783868789673,-0.09772144258022308,0.6079785227775574,0.43000417947769165,-0.09649937599897385,0.6084864735603333,0.4095279574394226,-0.0981859639286995,0.6633086800575256,0.25023624300956726,-0.06706613302230835,0.6611272692680359,0.3757493495941162,-0.09712058305740356,0.6492670774459839,0.4225367605686188,-0.08936848491430283,0.6444493532180786,0.3982967734336853,-0.08482332527637482,0.7069856524467468,0.26507118344306946,-0.068165123462677,0.7056496143341064,0.3656919002532959,-0.09049763530492783,0.6893702745437622,0.4059669077396393,-0.08999388664960861,0.6794964075088501,0.3866649270057678,-0.08865412324666977,YES
YES,0.6463021636009216,0.40281832218170166,-6.318415444184211e-07,0.5826970338821411,0.4101048409938812,-0.044134411960840225,0.5260307788848877,0.3956456184387207,-0.07762832194566727,0.5078599452972412,0.3902881145477295,-0.10412537306547165,0.5272845029830933,0.38010114431381226,-0.1250114142894745,0.5638518333435059,0.26631733775138855,-0.07693883776664734,0.5622557401657104,0.37620866298675537,-0.10816238075494766,0.567571759223938,0.4240593910217285,-0.116947241127491,0.5680499076843262,0.4079611897468567,-0.12335248291492462,0.61916184425354,0.25059273838996887,-0.07108835130929947,0.6129079461097717,0.3805709481239319,-0.0986190214753151,0.611016035079956,0.4315028488636017,-0.09784197807312012,0.6126161813735962,0.4103861451148987,-0.09996048361063004,0.6702623963356018,0.2551623284816742,-0.06754310429096222,0.6604718565940857,0.37815237045288086,-0.0961420089006424,0.6522183418273926,0.4227789044380188,-0.08851579576730728,0.649380624294281,0.40000152587890625,-0.084238700568676,0.7139888405799866,0.2701992988586426,-0.06818332523107529,0.7062676548957825,0.36676234006881714,-0.08895283192396164,0.6926048994064331,0.40502801537513733,-0.08819282799959183,0.6848772764205933,0.3877243399620056,-0.08681055158376694,YES
YES,0.6286616325378418,0.3873019218444824,-6.90909075728996e-07,0.5656448006629944,0.3876342177391052,-0.03850385919213295,0.5204406380653381,0.370965838432312,-0.07019922882318497,0.5103737115859985,0.3720715641975403,-0.09776762872934341,0.5271347165107727,0.3799629509449005,-0.12085149437189102,0.5705216526985168,0.25789692997932434,-0.07004750519990921,0.5774298906326294,0.35984933376312256,-0.10316675156354904,0.573137640953064,0.4061869978904724,-0.11188527196645737,0.5693963170051575,0.3848345875740051,-0.11795354634523392,0.6211426258087158,0.24305802583694458,-0.06850770860910416,0.6291738152503967,0.3707438111305237,-0.09649444371461868,0.616050124168396,0.42795947194099426,-0.09452357888221741,0.6148025989532471,0.40115293860435486,-0.0960240587592125,0.6674161553382874,0.2510486841201782,-0.06973732262849808,0.674342155456543,0.37020987272262573,-0.10253432393074036,0.6541467905044556,0.4216899871826172,-0.09475702792406082,0.6460437178611755,0.39452195167541504,-0.08910141885280609,0.7060629725456238,0.2704572081565857,-0.07437009364366531,0.7143607139587402,0.3616834878921509,-0.09686045348644257,0.6937117576599121,0.4008859395980835,-0.09438331425189972,0.6823544502258301,0.382163941860199,-0.0918925553560257,YES
YES,0.6484087705612183,0.3959980607032776,-7.635845236109162e-07,0.5835376977920532,0.4025232195854187,-0.04244038462638855,0.5256543159484863,0.38753822445869446,-0.07587084919214249,0.508682131767273,0.3850712180137634,-0.1041700690984726,0.5327984094619751,0.3779171109199524,-0.1269190013408661,0.5687598586082458,0.26352012157440186,-0.07435980439186096,0.5750116109848022,0.3628888726234436,-0.10763439536094666,0.5763483643531799,0.40858209133148193,-0.1156783476471901,0.5736274123191833,0.3873351216316223,-0.12156952172517776,0.6225888729095459,0.24716562032699585,-0.0711686760187149,0.6266840100288391,0.3683355450630188,-0.10027533024549484,0.6217579245567322,0.4258391559123993,-0.09766872972249985,0.6230360865592957,0.4005955159664154,-0.09872360527515411,0.6727498173713684,0.2516053318977356,-0.0708906352519989,0.6758506298065186,0.3647972345352173,-0.10406443476676941,0.6631509065628052,0.4178742468357086,-0.09442830085754395,0.6562368273735046,0.3931621313095093,-0.08803094178438187,0.7160482406616211,0.26649945974349976,-0.07456731796264648,0.7216933965682983,0.3557729721069336,-0.09861142188310623,0.7037255167961121,0.3987845480442047,-0.09594748169183731,0.69045090675354,0.3833616375923157,-0.0931934341788292,YES
YES,0.6460153460502625,0.3831017017364502,-7.548057965323096e-07,0.5803039073944092,0.39588505029678345,-0.04508647695183754,0.5246224403381348,0.38743820786476135,-0.07926065474748611,0.5079644918441772,0.3848421573638916,-0.10751226544380188,0.5326907634735107,0.37497156858444214,-0.13022883236408234,0.5681479573249817,0.2639990448951721,-0.0780610740184784,0.5722859501838684,0.3673914670944214,-0.11001141369342804,0.5728029012680054,0.4134112000465393,-0.11755558103322983,0.5699352622032166,0.3930434286594391,-0.12337160855531693,0.6223025918006897,0.24791033565998077,-0.07280491292476654,0.6238337755203247,0.37585246562957764,-0.10020794719457626,0.6178723573684692,0.4296843409538269,-0.09786868095397949,0.6184249520301819,0.4040728509426117,-0.09975635260343552,0.6731218099594116,0.25168418884277344,-0.07018004357814789,0.6723529100418091,0.37167680263519287,-0.10061003267765045,0.6584930419921875,0.4188210666179657,-0.09118055552244186,0.6518315672874451,0.3918374180793762,-0.08600033074617386,0.7162281274795532,0.26453548669815063,-0.07184586673974991,0.7176312208175659,0.35846614837646484,-0.09399010986089706,0.700897753238678,0.39679455757141113,-0.09161289781332016,0.6904757022857666,0.3782917857170105,-0.08957798033952713,YES
YES,0.6460153460502625,0.3831017017364502,-7.548057965323096e-07,0.5803039073944092,0.39588505029678345,-0.04508647695183754,0.5246224403381348,0.38743820786476135,-0.07926065474748611,0.5079644918441772,0.3848421573638916,-0.10751226544380188,0.5326907634735107,0.37497156858444214,-0.13022883236408234,0.5681479573249817,0.2639990448951721,-0.0780610740184784,0.5722859501838684,0.3673914670944214,-0.11001141369342804,0.5728029012680054,0.4134112000465393,-0.11755558103322983,0.5699352622032166,0.3930434286594391,-0.12337160855531693,0.6223025918006897,0.24791033565998077,-0.07280491292476654,0.6238337755203247,0.37585246562957764,-0.10020794719457626,0.6178723573684692,0.4296843409538269,-0.09786868095397949,0.6184249520301819,0.4040728509426117,-0.09975635260343552,0.6731218099594116,0.25168418884277344,-0.07018004357814789,0.6723529100418091,0.37167680263519287,-0.10061003267765045,0.6584930419921875,0.4188210666179657,-0.09118055552244186,0.6518315672874451,0.3918374180793762,-0.08600033074617386,0.7162281274795532,0.26453548669815063,-0.07184586673974991,0.7176312208175659,0.35846614837646484,-0.09399010986089706,0.700897753238678,0.39679455757141113,-0.09161289781332016,0.6904757022857666,0.3782917857170105,-0.08957798033952713,YES
YES,0.6460153460502625,0.3831017017364502,-7.548057965323096e-07,0.5803039073944092,0.39588505029678345,-0.04508647695183754,0.5246224403381348,0.38743820786476135,-0.07926065474748611,0.5079644918441772,0.3848421573638916,-0.10751226544380188,0.5326907634735107,0.37497156858444214,-0.13022883236408234,0.5681479573249817,0.2639990448951721,-0.0780610740184784,0.5722859501838684,0.3673914670944214,-0.11001141369342804,0.5728029012680054,0.4134112000465393,-0.11755558103322983,0.5699352622032166,0.3930434286594391,-0.12337160855531693,0.6223025918006897,0.24791033565998077,-0.07280491292476654,0.6238337755203247,0.37585246562957764,-0.10020794719457626,0.6178723573684692,0.4296843409538269,-0.09786868095397949,0.6184249520301819,0.4040728509426117,-0.09975635260343552,0.6731218099594116,0.25168418884277344,-0.07018004357814789,0.6723529100418091,0.37167680263519287,-0.10061003267765045,0.6584930419921875,0.4188210666179657,-0.09118055552244186,0.6518315672874451,0.3918374180793762,-0.08600033074617386,0.7162281274795532,0.26453548669815063,-0.07184586673974991,0.7176312208175659,0.35846614837646484,-0.09399010986089706,0.700897753238678,0.39679455757141113,-0.09161289781332016,0.6904757022857666,0.3782917857170105,-0.08957798033952713,YES
YES,0.6481775641441345,0.3804033100605011,-7.674561288695259e-07,0.582722008228302,0.39051371812820435,-0.03980295732617378,0.5279504060745239,0.3823397755622864,-0.07347477972507477,0.5086549520492554,0.3855988681316376,-0.10219688713550568,0.5269670486450195,0.37990209460258484,-0.1258925199508667,0.5671176314353943,0.2624489367008209,-0.07904334366321564,0.5759968161582947,0.36294981837272644,-0.1107330322265625,0.5786531567573547,0.40867841243743896,-0.11675150692462921,0.5751357078552246,0.38741812109947205,-0.12170800566673279,0.6200911402702332,0.24413004517555237,-0.07748677581548691,0.6284068822860718,0.3645048141479492,-0.10494755208492279,0.6237094402313232,0.4236842393875122,-0.10151160508394241,0.6208711862564087,0.40059179067611694,-0.10320736467838287,0.6695175170898438,0.2463645040988922,-0.07781178504228592,0.6760472059249878,0.35925912857055664,-0.10969685018062592,0.6622774004936218,0.4160894751548767,-0.09944377094507217,0.650720477104187,0.3941586911678314,-0.09360135346651077,0.7111941576004028,0.2601097524166107,-0.08165683597326279,0.7198618054389954,0.35202574729919434,-0.10430583357810974,0.7023556232452393,0.3967696726322174,-0.100636325776577,0.6867116689682007,0.38243603706359863,-0.0980820581316948,YES
YES,0.6481775641441345,0.3804033100605011,-7.674561288695259e-07,0.582722008228302,0.39051371812820435,-0.03980295732617378,0.5279504060745239,0.3823397755622864,-0.07347477972507477,0.5086549520492554,0.3855988681316376,-0.10219688713550568,0.5269670486450195,0.37990209460258484,-0.1258925199508667,0.5671176314353943,0.2624489367008209,-0.07904334366321564,0.5759968161582947,0.36294981837272644,-0.1107330322265625,0.5786531567573547,0.40867841243743896,-0.11675150692462921,0.5751357078552246,0.38741812109947205,-0.12170800566673279,0.6200911402702332,0.24413004517555237,-0.07748677581548691,0.6284068822860718,0.3645048141479492,-0.10494755208492279,0.6237094402313232,0.4236842393875122,-0.10151160508394241,0.6208711862564087,0.40059179067611694,-0.10320736467838287,0.6695175170898438,0.2463645040988922,-0.07781178504228592,0.6760472059249878,0.35925912857055664,-0.10969685018062592,0.6622774004936218,0.4160894751548767,-0.09944377094507217,0.650720477104187,0.3941586911678314,-0.09360135346651077,0.7111941576004028,0.2601097524166107,-0.08165683597326279,0.7198618054389954,0.35202574729919434,-0.10430583357810974,0.7023556232452393,0.3967696726322174,-0.100636325776577,0.6867116689682007,0.38243603706359863,-0.0980820581316948,YES
YES,0.6481775641441345,0.3804033100605011,-7.674561288695259e-07,0.582722008228302,0.39051371812820435,-0.03980295732617378,0.5279504060745239,0.3823397755622864,-0.07347477972507477,0.5086549520492554,0.3855988681316376,-0.10219688713550568,0.5269670486450195,0.37990209460258484,-0.1258925199508667,0.5671176314353943,0.2624489367008209,-0.07904334366321564,0.5759968161582947,0.36294981837272644,-0.1107330322265625,0.5786531567573547,0.40867841243743896,-0.11675150692462921,0.5751357078552246,0.38741812109947205,-0.12170800566673279,0.6200911402702332,0.24413004517555237,-0.07748677581548691,0.6284068822860718,0.3645048141479492,-0.10494755208492279,0.6237094402313232,0.4236842393875122,-0.10151160508394241,0.6208711862564087,0.40059179067611694,-0.10320736467838287,0.6695175170898438,0.2463645040988922,-0.07781178504228592,0.6760472059249878,0.35925912857055664,-0.10969685018062592,0.6622774004936218,0.4160894751548767,-0.09944377094507217,0.650720477104187,0.3941586911678314,-0.09360135346651077,0.7111941576004028,0.2601097524166107,-0.08165683597326279,0.7198618054389954,0.35202574729919434,-0.10430583357810974,0.7023556232452393,0.3967696726322174,-0.100636325776577,0.6867116689682007,0.38243603706359863,-0.0980820581316948,YES
YES,0.6360045075416565,0.36449989676475525,-6.660752660536673e-07,0.5733533501625061,0.37063777446746826,-0.04118804261088371,0.524303138256073,0.36232224106788635,-0.07726144790649414,0.5093281269073486,0.37045538425445557,-0.10880867391824722,0.5232682824134827,0.38303840160369873,-0.1364120990037918,0.5722830295562744,0.2572493255138397,-0.08323506265878677,0.5816755294799805,0.3626896142959595,-0.11770203709602356,0.5806109309196472,0.4127424657344818,-0.1267394870519638,0.577696681022644,0.3950756788253784,-0.1333456039428711,0.6231887936592102,0.24427852034568787,-0.08125832676887512,0.6315500140190125,0.36962395906448364,-0.10963615030050278,0.620120108127594,0.4289010167121887,-0.10678686201572418,0.6182568669319153,0.40590715408325195,-0.1089438870549202,0.6702319979667664,0.25148236751556396,-0.08129444718360901,0.6761767864227295,0.36604341864585876,-0.11340481042861938,0.6569452285766602,0.4194744825363159,-0.10361286252737045,0.6487442255020142,0.3964790105819702,-0.09779727458953857,0.7107572555541992,0.2689358592033386,-0.08497511595487595,0.7149185538291931,0.3579230010509491,-0.1056157723069191,0.6955421566963196,0.39841902256011963,-0.10070887953042984,0.6847705245018005,0.3839707374572754,-0.09771580994129181,YES
YES,0.6437468528747559,0.395256906747818,-7.284493790393753e-07,0.5778287649154663,0.40025758743286133,-0.04411376640200615,0.524815559387207,0.38367339968681335,-0.07789594680070877,0.5121634006500244,0.3828861117362976,-0.10609856992959976,0.5355020761489868,0.37871015071868896,-0.1287427395582199,0.5721274018287659,0.2615029513835907,-0.07731033116579056,0.5763126015663147,0.364044189453125,-0.11261443793773651,0.5779727101325989,0.4161781072616577,-0.12268856912851334,0.5765464901924133,0.3985289931297302,-0.1296013742685318,0.625694990158081,0.2460889220237732,-0.07291729748249054,0.6276828646659851,0.37307804822921753,-0.10223639011383057,0.6209282279014587,0.432832807302475,-0.10049842298030853,0.6213738918304443,0.4083833396434784,-0.1024145632982254,0.6749066114425659,0.2531863749027252,-0.07157685607671738,0.6761835217475891,0.3702154755592346,-0.10430898517370224,0.6620458364486694,0.4227020740509033,-0.09569492191076279,0.6557341814041138,0.3970699906349182,-0.09024457633495331,0.7167980670928955,0.27066484093666077,-0.07427442818880081,0.7203148603439331,0.36267971992492676,-0.09800460934638977,0.703127384185791,0.40304306149482727,-0.09621834009885788,0.692419171333313,0.3848171830177307,-0.0941334143280983,YES
YES,0.23266001045703888,0.4779953360557556,-1.1952703005135845e-07,0.2948879897594452,0.491489052772522,-0.02402288094162941,0.3354340195655823,0.4856348931789398,-0.04327479749917984,0.3513732850551605,0.4567817151546478,-0.05962827801704407,0.34378501772880554,0.4243529438972473,-0.07361999899148941,0.3239463269710541,0.3681381344795227,-0.04183892160654068,0.3050815761089325,0.42684927582740784,-0.06797284632921219,0.29893821477890015,0.4540044069290161,-0.08662839978933334,0.29800790548324585,0.4550408124923706,-0.09946782886981964,0.2810545265674591,0.3542877435684204,-0.04329748824238777,0.2606881558895111,0.4484451711177826,-0.06360616534948349,0.2610372304916382,0.46992430090904236,-0.07116539776325226,0.2650042176246643,0.4587034583091736,-0.07993096113204956,0.24060946702957153,0.36101657152175903,-0.04652484506368637,0.22279256582260132,0.453259140253067,-0.06618735939264297,0.22777236998081207,0.46764427423477173,-0.06435640156269073,0.2350676953792572,0.45288071036338806,-0.06473317742347717,0.20731210708618164,0.3774228096008301,-0.05258011445403099,0.19025199115276337,0.4465407133102417,-0.06732117384672165,0.19411413371562958,0.45667970180511475,-0.06675004214048386,0.19975285232067108,0.44214701652526855,-0.06655272841453552,YES
YES,0.25832509994506836,0.4376651346683502,-1.2635129564841918e-07,0.3140478730201721,0.46864357590675354,-0.0265389122068882,0.354879766702652,0.47453856468200684,-0.049258407205343246,0.3771919012069702,0.4540160894393921,-0.06855174154043198,0.37876516580581665,0.4173057973384857,-0.08669797331094742,0.3478582501411438,0.36777544021606445,-0.05544928088784218,0.3452627956867218,0.42543473839759827,-0.08332451432943344,0.3328898847103119,0.4519858956336975,-0.10086698085069656,0.32409173250198364,0.4472748637199402,-0.11259389668703079,0.30817660689353943,0.35330143570899963,-0.05640897899866104,0.30359554290771484,0.44127804040908813,-0.07757674157619476,0.29450294375419617,0.4666648805141449,-0.08332759141921997,0.29270005226135254,0.4557534158229828,-0.09118719398975372,0.27134788036346436,0.3590224087238312,-0.05853523313999176,0.2665886878967285,0.44341886043548584,-0.07861010730266571,0.26371991634368896,0.4655478000640869,-0.07398439198732376,0.2641909420490265,0.45525962114334106,-0.07343524694442749,0.2414427399635315,0.37219470739364624,-0.06318601965904236,0.232542023062706,0.43629488348960876,-0.07876738160848618,0.23085293173789978,0.45332029461860657,-0.07532887160778046,0.23095469176769257,0.4455573856830597,-0.07365340739488602,YES
YES,0.2692933678627014,0.4523090124130249,-1.519400001370741e-07,0.3236137628555298,0.47435423731803894,-0.024806786328554153,0.36151832342147827,0.4796977639198303,-0.04723168537020683,0.3802919089794159,0.45583999156951904,-0.06645812839269638,0.3781364858150482,0.4190406799316406,-0.08351831138134003,0.35140758752822876,0.3753185570240021,-0.052255745977163315,0.3375946581363678,0.445639044046402,-0.0794544368982315,0.3306449353694916,0.46524733304977417,-0.09482909739017487,0.32957005500793457,0.44976019859313965,-0.10525158047676086,0.31032922863960266,0.359098881483078,-0.054375287145376205,0.29754236340522766,0.455534964799881,-0.0758582279086113,0.29381126165390015,0.47250646352767944,-0.07986446470022202,0.29996925592422485,0.4463539719581604,-0.08642907440662384,0.27293145656585693,0.3628222942352295,-0.05770612880587578,0.26057806611061096,0.4537956118583679,-0.0788964033126831,0.26271724700927734,0.4662301540374756,-0.07284659892320633,0.26918748021125793,0.4411092698574066,-0.07098653167486191,0.24217787384986877,0.37420469522476196,-0.0636439248919487,0.22776763141155243,0.43834105134010315,-0.0807868167757988,0.23036615550518036,0.4478569030761719,-0.07881370186805725,0.23422998189926147,0.42928189039230347,-0.07793454825878143,YES
YES,0.2648543417453766,0.47679954767227173,-2.3016816896870296e-07,0.31533655524253845,0.4942391514778137,-0.030139844864606857,0.35812750458717346,0.4888434112071991,-0.05197121575474739,0.3757152557373047,0.4603431522846222,-0.07000678777694702,0.38128340244293213,0.41885560750961304,-0.08505874872207642,0.3552783727645874,0.37199097871780396,-0.051216140389442444,0.33359453082084656,0.4417307376861572,-0.08405590802431107,0.3257262408733368,0.47159671783447266,-0.10366586595773697,0.3319631516933441,0.4599888026714325,-0.11614919453859329,0.31206226348876953,0.3546076714992523,-0.05091916024684906,0.2923615574836731,0.45505475997924805,-0.0775805190205574,0.2893691658973694,0.4798215627670288,-0.08474619686603546,0.2999473810195923,0.45374467968940735,-0.09231352806091309,0.27203071117401123,0.35805633664131165,-0.05332766845822334,0.2561238408088684,0.4494609534740448,-0.08000294864177704,0.25686144828796387,0.4699189066886902,-0.07623248547315598,0.2671796679496765,0.4453270435333252,-0.07436173409223557,0.23840273916721344,0.36921319365501404,-0.058739542961120605,0.22395877540111542,0.43344929814338684,-0.07860539853572845,0.22560064494609833,0.4484744966030121,-0.07842808216810226,0.23117361962795258,0.43215301632881165,-0.0778602585196495,YES
YES,0.25519075989723206,0.4640202224254608,-1.3323169412160496e-07,0.3160380423069,0.4820638597011566,-0.028277765959501266,0.35690146684646606,0.4808765649795532,-0.050074007362127304,0.37586984038352966,0.45676928758621216,-0.0681714341044426,0.3776456117630005,0.422016441822052,-0.08341295272111893,0.34839871525764465,0.36385786533355713,-0.04726473242044449,0.3372128903865814,0.4490571618080139,-0.07481961697340012,0.33111193776130676,0.466298907995224,-0.09277596324682236,0.32956400513648987,0.4450763463973999,-0.10519654303789139,0.3064306080341339,0.3521309494972229,-0.04706127569079399,0.2947360575199127,0.46057063341140747,-0.06856957823038101,0.29338333010673523,0.4739066958427429,-0.07413704693317413,0.2966400980949402,0.4470798969268799,-0.08173438906669617,0.26756441593170166,0.36094391345977783,-0.04925178363919258,0.25829556584358215,0.4619249701499939,-0.0706067755818367,0.26129117608070374,0.47152280807495117,-0.06728821992874146,0.2653828263282776,0.4451610743999481,-0.06663954257965088,0.2354941964149475,0.37844985723495483,-0.05455710366368294,0.22615666687488556,0.4544278383255005,-0.07187290489673615,0.22862252593040466,0.4592689871788025,-0.07233070582151413,0.2305237352848053,0.4348912239074707,-0.07291068136692047,YES
YES,0.2579108774662018,0.4764760732650757,-1.394853654801409e-07,0.3165636658668518,0.4866040349006653,-0.023606939241290092,0.35857558250427246,0.4799308478832245,-0.042454227805137634,0.37600085139274597,0.4536111056804657,-0.05834793671965599,0.3735405206680298,0.4206182360649109,-0.07178813219070435,0.34670573472976685,0.3657763600349426,-0.043982189148664474,0.33532533049583435,0.4254611134529114,-0.07008001208305359,0.3315987288951874,0.45589303970336914,-0.08663418889045715,0.33249059319496155,0.4556390941143036,-0.09758932143449783,0.30519914627075195,0.3543493151664734,-0.045169293880462646,0.2930532395839691,0.4428938031196594,-0.06587571650743484,0.29294708371162415,0.468905508518219,-0.07177659869194031,0.29766175150871277,0.45593732595443726,-0.07923892140388489,0.265863299369812,0.36348333954811096,-0.048007186502218246,0.25517982244491577,0.44658875465393066,-0.0688013806939125,0.25905081629753113,0.4638582468032837,-0.06625097244977951,0.265632301568985,0.44655269384384155,-0.06611305475234985,0.2337643802165985,0.3804588317871094,-0.05324758216738701,0.22113914787769318,0.44244056940078735,-0.06913808733224869,0.2257799208164215,0.4537074565887451,-0.0690750703215599,0.23199230432510376,0.43813133239746094,-0.06937837600708008,YES
YES,0.26260262727737427,0.4850669503211975,-1.6427944160568586e-07,0.3202122747898102,0.49724724888801575,-0.030575817450881004,0.35980722308158875,0.4846256673336029,-0.05353562906384468,0.37631893157958984,0.45645570755004883,-0.07242555916309357,0.38074401021003723,0.42007583379745483,-0.08779224008321762,0.35127049684524536,0.36612075567245483,-0.05300600454211235,0.3338312804698944,0.4232535660266876,-0.0832323208451271,0.3273206055164337,0.45632120966911316,-0.09878741949796677,0.3289791941642761,0.4532429575920105,-0.10774518549442291,0.3081686496734619,0.35309141874313354,-0.05141761898994446,0.29235994815826416,0.4455450475215912,-0.07732707262039185,0.28926992416381836,0.47553160786628723,-0.08156251162290573,0.2965920567512512,0.4555722177028656,-0.08585277199745178,0.26948800683021545,0.36132511496543884,-0.052276916801929474,0.255884051322937,0.44741418957710266,-0.0782885029911995,0.2574305832386017,0.4691832363605499,-0.07289174199104309,0.2641984820365906,0.4480045437812805,-0.06905209273099899,0.23826776444911957,0.3759736120700836,-0.056047480553388596,0.2248281091451645,0.43813827633857727,-0.07619863748550415,0.226468026638031,0.45260924100875854,-0.07547058910131454,0.2302107959985733,0.4349466562271118,-0.0735996887087822,YES
YES,0.2675362825393677,0.47853878140449524,-2.0493257579801138e-07,0.3221288025379181,0.4902547597885132,-0.025216205045580864,0.36379027366638184,0.4820537567138672,-0.045004382729530334,0.3825385570526123,0.453551709651947,-0.06172137334942818,0.38077878952026367,0.41797277331352234,-0.07562965154647827,0.3512660264968872,0.3677405118942261,-0.043747130781412125,0.3424686789512634,0.42536622285842896,-0.07095351070165634,0.33414456248283386,0.4559673070907593,-0.08738239109516144,0.3352643847465515,0.44943419098854065,-0.09826797246932983,0.30997270345687866,0.35532715916633606,-0.04465072229504585,0.3009781837463379,0.44634586572647095,-0.06755626201629639,0.29780614376068115,0.4729115664958954,-0.07429207861423492,0.3033473491668701,0.45246654748916626,-0.08170658349990845,0.2727678716182709,0.36225438117980957,-0.047634635120630264,0.26526349782943726,0.44998013973236084,-0.07033649832010269,0.26566851139068604,0.46871793270111084,-0.06778213381767273,0.2712107300758362,0.44628721475601196,-0.06738604605197906,0.24329859018325806,0.375796914100647,-0.05312694236636162,0.23200443387031555,0.4391961693763733,-0.07005669921636581,0.23222655057907104,0.451629102230072,-0.07020251452922821,0.23474828898906708,0.4334096908569336,-0.07047034054994583,YES
YES,0.26425349712371826,0.4990091323852539,-1.6252052148502116e-07,0.324368953704834,0.49983346462249756,-0.025991227477788925,0.3665046989917755,0.48313042521476746,-0.04707111418247223,0.38358739018440247,0.454905241727829,-0.06508234143257141,0.3831106126308441,0.4202924370765686,-0.08082421123981476,0.3596133887767792,0.3710673749446869,-0.05069141834974289,0.3482631742954254,0.40426674485206604,-0.07856297492980957,0.33841007947921753,0.44934970140457153,-0.09306991845369339,0.33767834305763245,0.46325111389160156,-0.10125916451215744,0.31782102584838867,0.36046838760375977,-0.05098592862486839,0.3032318651676178,0.4193440079689026,-0.0744551569223404,0.30054470896720886,0.46287646889686584,-0.07953467965126038,0.3060319721698761,0.4654552638530731,-0.0851268321275711,0.2783128023147583,0.3691231608390808,-0.05274749919772148,0.26426273584365845,0.42295193672180176,-0.07595369219779968,0.2668864130973816,0.4561767578125,-0.0732407420873642,0.2748332619667053,0.4553155303001404,-0.07200418412685394,0.2462673783302307,0.382868230342865,-0.056638095527887344,0.2296103835105896,0.4157339632511139,-0.0717390775680542,0.23363658785820007,0.440272718667984,-0.06964319944381714,0.24087762832641602,0.44466152787208557,-0.06815668195486069,YES
YES,0.2735736668109894,0.4838765561580658,-1.0868261313135008e-07,0.3294069766998291,0.4957807958126068,-0.030577654018998146,0.37006711959838867,0.48527148365974426,-0.05244824290275574,0.38529208302497864,0.4579371213912964,-0.06993023306131363,0.38337719440460205,0.42190879583358765,-0.08448828011751175,0.35227352380752563,0.3706972599029541,-0.053171753883361816,0.33860278129577637,0.43808287382125854,-0.0826580747961998,0.33911263942718506,0.465154230594635,-0.09944571554660797,0.34423828125,0.45748358964920044,-0.1101665049791336,0.30977728962898254,0.3565007746219635,-0.05168340727686882,0.2969683110713959,0.45263931155204773,-0.07698945701122284,0.30217865109443665,0.47622326016426086,-0.08282405883073807,0.30973097681999207,0.4562086760997772,-0.0893842875957489,0.27135613560676575,0.3630731701850891,-0.052531834691762924,0.26136353611946106,0.45063525438308716,-0.07740258425474167,0.26834923028945923,0.4684770405292511,-0.074337437748909,0.2772192358970642,0.44874244928359985,-0.07292423397302628,0.24077951908111572,0.3773706257343292,-0.05640982836484909,0.22960007190704346,0.43964481353759766,-0.07563342899084091,0.23524990677833557,0.4526994228363037,-0.07704401016235352,0.2415362149477005,0.4385221302509308,-0.07786483317613602,YES
YES,0.2697157859802246,0.4904744029045105,-2.3418304806455126e-07,0.3273930549621582,0.49829399585723877,-0.02697734907269478,0.3714500069618225,0.48710209131240845,-0.04707669839262962,0.3891774117946625,0.458598792552948,-0.06337480992078781,0.38187292218208313,0.423525869846344,-0.07660536468029022,0.35378047823905945,0.3685523569583893,-0.04990874603390694,0.3428395986557007,0.44168150424957275,-0.07805296778678894,0.33496156334877014,0.4728025197982788,-0.09330400824546814,0.3357253968715668,0.45978593826293945,-0.10308342427015305,0.3103462755680084,0.35693618655204773,-0.04994899407029152,0.30043333768844604,0.4569597840309143,-0.07377142459154129,0.29750800132751465,0.48474904894828796,-0.07858830690383911,0.3020108640193939,0.4624435305595398,-0.0846405103802681,0.27148759365081787,0.36427003145217896,-0.05193396285176277,0.26452431082725525,0.45521634817123413,-0.07624001055955887,0.26612141728401184,0.47659069299697876,-0.07322627305984497,0.270868718624115,0.45344918966293335,-0.07192102074623108,0.240477055311203,0.37974101305007935,-0.056452710181474686,0.2329619824886322,0.441663533449173,-0.07507354766130447,0.23598304390907288,0.45607033371925354,-0.07594592124223709,0.23898017406463623,0.43819108605384827,-0.07640378177165985,YES
YES,0.2754144072532654,0.4046425223350525,-1.4375389412180084e-07,0.32582175731658936,0.43662601709365845,-0.023278839886188507,0.35466670989990234,0.47334158420562744,-0.04439283907413483,0.3622644543647766,0.4986771047115326,-0.06267707049846649,0.33591127395629883,0.5004451870918274,-0.08115048706531525,0.31629812717437744,0.39687228202819824,-0.059536706656217575,0.29698646068573,0.5065301656723022,-0.08536721020936966,0.3005125820636749,0.5130913257598877,-0.10406056046485901,0.3021373152732849,0.4880725145339966,-0.11818259209394455,0.2662859559059143,0.3869103789329529,-0.06336923688650131,0.2504960298538208,0.5207400918006897,-0.07940732687711716,0.2599624693393707,0.5194432735443115,-0.08042013645172119,0.26771390438079834,0.4836422801017761,-0.08796422183513641,0.22582870721817017,0.3911130428314209,-0.06742974370718002,0.21261465549468994,0.5147663950920105,-0.08239138871431351,0.22555245459079742,0.5119367241859436,-0.07266747206449509,0.2352345734834671,0.48189887404441833,-0.06994207948446274,0.1956268548965454,0.40228351950645447,-0.07527171075344086,0.18203993141651154,0.4982115924358368,-0.08915857970714569,0.19090113043785095,0.497702956199646,-0.0850200355052948,0.19567136466503143,0.4738079607486725,-0.08422905951738358,YES
YES,0.2628868520259857,0.4537956416606903,-7.604874241451398e-08,0.3187849819660187,0.466327965259552,-0.022582802921533585,0.35748207569122314,0.47915980219841003,-0.047304119914770126,0.3737947940826416,0.4845731556415558,-0.07047376781702042,0.360118567943573,0.47959914803504944,-0.09396550059318542,0.33315593004226685,0.39104899764060974,-0.059656303375959396,0.32969772815704346,0.4151468873023987,-0.09076453000307083,0.3292856812477112,0.4587603807449341,-0.11060569435358047,0.321421355009079,0.4872390031814575,-0.12153857201337814,0.2871405780315399,0.3892590403556824,-0.06423510611057281,0.2844211459159851,0.43679967522621155,-0.08638632297515869,0.2926488518714905,0.4743354320526123,-0.08770236372947693,0.2901574373245239,0.49341922998428345,-0.09078792482614517,0.24629700183868408,0.3996572494506836,-0.07000517845153809,0.2431279718875885,0.44560205936431885,-0.0891878753900528,0.2582704424858093,0.47278693318367004,-0.07916807383298874,0.2612881064414978,0.48938435316085815,-0.07235900312662125,0.21446174383163452,0.4152679145336151,-0.07862924784421921,0.21071256697177887,0.44844767451286316,-0.0912325382232666,0.22462551295757294,0.46778813004493713,-0.08271307498216629,0.2308308333158493,0.4793694317340851,-0.07610800862312317,YES
YES,0.27534019947052,0.43246081471443176,-9.885744134408014e-08,0.33179816603660583,0.4561881422996521,-0.02304835617542267,0.3636985421180725,0.47997385263442993,-0.04510236531496048,0.374838650226593,0.4872109293937683,-0.06402122974395752,0.36027413606643677,0.4729384779930115,-0.08205952495336533,0.3336664140224457,0.3964160084724426,-0.05924355238676071,0.3241803050041199,0.4815153479576111,-0.08397412300109863,0.3242967128753662,0.4840792417526245,-0.09949337691068649,0.3207768499851227,0.46130508184432983,-0.11037252098321915,0.28606799244880676,0.38847821950912476,-0.06212500110268593,0.2782641053199768,0.49325111508369446,-0.0792202278971672,0.2866865396499634,0.48753151297569275,-0.08036245405673981,0.2892282009124756,0.458694726228714,-0.08627593517303467,0.24506798386573792,0.39516040682792664,-0.06513170897960663,0.23831534385681152,0.4891873598098755,-0.08074543625116348,0.251630574464798,0.47904157638549805,-0.07164573669433594,0.25740355253219604,0.45294710993766785,-0.06807323545217514,0.21405166387557983,0.40784862637519836,-0.07134339213371277,0.20626026391983032,0.4747040867805481,-0.08556166291236877,0.2165423482656479,0.46549147367477417,-0.08183971792459488,0.22003667056560516,0.4400278627872467,-0.07999945431947708,YES
YES,0.2674577236175537,0.45627808570861816,-9.89954216379374e-08,0.327515184879303,0.4750334620475769,-0.025248026475310326,0.365628719329834,0.48863524198532104,-0.044127386063337326,0.3794645667076111,0.4831690788269043,-0.059972263872623444,0.3659568428993225,0.4650663435459137,-0.07458039373159409,0.3411945104598999,0.3809329569339752,-0.0480978898704052,0.32691246271133423,0.49540096521377563,-0.07567685842514038,0.325131356716156,0.5034383535385132,-0.09520294517278671,0.32340002059936523,0.4753642678260803,-0.10901598632335663,0.2923833429813385,0.3699803054332733,-0.04931482672691345,0.28012359142303467,0.5033444166183472,-0.0687759518623352,0.28615641593933105,0.5061967372894287,-0.07423786073923111,0.29187506437301636,0.4721018671989441,-0.08311604708433151,0.24996788799762726,0.3785895109176636,-0.052170004695653915,0.2412969022989273,0.49626877903938293,-0.07228466868400574,0.2501089572906494,0.4976247549057007,-0.06871716678142548,0.25675901770591736,0.46699395775794983,-0.06817005574703217,0.2164052426815033,0.39594513177871704,-0.058320704847574234,0.20753221213817596,0.48005929589271545,-0.07686114311218262,0.21553978323936462,0.4807368516921997,-0.07808438688516617,0.21893541514873505,0.45636147260665894,-0.07915550470352173,YES
NO,0.8388426899909973,0.6050098538398743,6.017032205818396e-08,0.7770400643348694,0.5455794334411621,-0.036685410887002945,0.7440338730812073,0.45867079496383667,-0.044838692992925644,0.7502052187919617,0.36976268887519836,-0.05171569064259529,0.7483184337615967,0.31334879994392395,-0.055476654320955276,0.6870669722557068,0.3909924626350403,0.004014746751636267,0.6550202965736389,0.32655349373817444,-0.033713486045598984,0.6768026351928711,0.2962329685688019,-0.06207893043756485,0.7073259353637695,0.2937866747379303,-0.07486265897750854,0.7423055768013,0.3590788245201111,0.00804112944751978,0.717277467250824,0.254679411649704,-0.037151336669921875,0.7260427474975586,0.24462296068668365,-0.06161098927259445,0.7319210171699524,0.2616279125213623,-0.06548339128494263,0.8016315698623657,0.34756168723106384,0.0037461163010448217,0.8011978268623352,0.2816883623600006,-0.056862231343984604,0.8118448257446289,0.3645890951156616,-0.06971649080514908,0.8154844641685486,0.44645729660987854,-0.057086579501628876,0.8583813309669495,0.3518203794956207,-0.0029215675313025713,0.850623607635498,0.29024049639701843,-0.05157295614480972,0.8481358289718628,0.34993776679039,-0.05814101919531822,0.8448666334152222,0.41466787457466125,-0.0487024262547493,NO
NO,0.8002574443817139,0.6272798776626587,1.2560240847392379e-08,0.7424572110176086,0.5791414976119995,-0.04024447873234749,0.6982308626174927,0.5106255412101746,-0.0591869093477726,0.688075065612793,0.42869681119918823,-0.07709160447120667,0.6789158582687378,0.3591732978820801,-0.09054911881685257,0.6365227103233337,0.41150033473968506,-0.011707920581102371,0.5875580310821533,0.34711381793022156,-0.05417143180966377,0.60188889503479,0.32101303339004517,-0.08053901046514511,0.6280873417854309,0.332063227891922,-0.09004345536231995,0.6875619888305664,0.376080721616745,-0.008092747069895267,0.6502012014389038,0.28654003143310547,-0.050341393798589706,0.6589194536209106,0.28500714898109436,-0.06802614778280258,0.6664618253707886,0.3058142066001892,-0.06868019700050354,0.7446280717849731,0.3618721067905426,-0.012746994383633137,0.7346101403236389,0.3032732307910919,-0.06707870960235596,0.7484864592552185,0.38602256774902344,-0.06955096125602722,0.7575359344482422,0.461718887090683,-0.05294619873166084,0.8032641410827637,0.36662057042121887,-0.020515238866209984,0.792017936706543,0.311779260635376,-0.06292960792779922,0.7932898998260498,0.36931470036506653,-0.06246760115027428,0.7937904596328735,0.4297330975532532,-0.049092527478933334,NO
NO,0.7623446583747864,0.6368440985679626,-1.8487899922092765e-07,0.7013034224510193,0.5922672748565674,-0.046346064656972885,0.6534592509269714,0.5214335322380066,-0.07279308885335922,0.6286277770996094,0.43642154335975647,-0.09846290200948715,0.5962789058685303,0.3782065510749817,-0.11991589516401291,0.6193752884864807,0.40745916962623596,-0.0166169460862875,0.5748105049133301,0.3220668137073517,-0.06006154417991638,0.5774033665657043,0.31884220242500305,-0.08588225394487381,0.5906311273574829,0.3456684350967407,-0.09538409858942032,0.6690759062767029,0.3831790089607239,-0.010463051497936249,0.6566377878189087,0.30869728326797485,-0.06792496144771576,0.6781206130981445,0.3939571976661682,-0.09061375260353088,0.6910627484321594,0.4774087965488434,-0.08884493261575699,0.7196515798568726,0.3715011775493622,-0.012505654245615005,0.7080321311950684,0.31733012199401855,-0.07146987318992615,0.7165459990501404,0.405712753534317,-0.07956564426422119,0.7248548269271851,0.4856031537055969,-0.06571226567029953,0.7695786356925964,0.36819779872894287,-0.017660025507211685,0.7576678395271301,0.31467166543006897,-0.057623762637376785,0.7552099227905273,0.3672572076320648,-0.06046520173549652,0.7563209533691406,0.4264206290245056,-0.050130803138017654,NO
NO,0.7498512864112854,0.6269000768661499,-1.2202724519738695e-07,0.6969927549362183,0.586624264717102,-0.04717499017715454,0.6492066979408264,0.529010534286499,-0.07161253690719604,0.6276419162750244,0.45249176025390625,-0.0951075330376625,0.6017532348632812,0.3863222002983093,-0.11566709727048874,0.6031943559646606,0.41715359687805176,-0.011001050472259521,0.5553377270698547,0.35339435935020447,-0.04960770532488823,0.5437574982643127,0.33407631516456604,-0.07587546110153198,0.5484128594398499,0.3436216115951538,-0.0875871330499649,0.6506782174110413,0.38630804419517517,-0.005066493526101112,0.6107468605041504,0.29749226570129395,-0.043835386633872986,0.6048902273178101,0.3088212013244629,-0.06273342669010162,0.6044763922691345,0.3360157012939453,-0.06644199043512344,0.704193651676178,0.3748469948768616,-0.008358610793948174,0.6849631667137146,0.31510165333747864,-0.060971759259700775,0.692584216594696,0.38998451828956604,-0.07169120758771896,0.703458309173584,0.46673405170440674,-0.06341471523046494,0.7607934474945068,0.3750776946544647,-0.015280140563845634,0.7424426674842834,0.3176251947879791,-0.05806926637887955,0.7380384802818298,0.3716745376586914,-0.06470181792974472,0.7392074465751648,0.4341399073600769,-0.058855459094047546,NO
NO,0.7568495869636536,0.619478166103363,-6.023188348081021e-08,0.7010211944580078,0.5802146792411804,-0.037909843027591705,0.6555425524711609,0.518314003944397,-0.05584205687046051,0.6354935765266418,0.44330283999443054,-0.07372007519006729,0.6101271510124207,0.38430044054985046,-0.08825385570526123,0.6015244722366333,0.4161955416202545,-0.005072006490081549,0.5604299306869507,0.35352620482444763,-0.041782304644584656,0.5591655969619751,0.3291091322898865,-0.06623591482639313,0.5722424387931824,0.33533811569213867,-0.07672394812107086,0.6504217982292175,0.38254350423812866,-0.0029955869540572166,0.6128737926483154,0.2977176308631897,-0.040013451129198074,0.6123045682907104,0.2980062961578369,-0.05631902813911438,0.6152374148368835,0.3159620761871338,-0.05810299888253212,0.7058424353599548,0.36898931860923767,-0.009363153949379921,0.692420482635498,0.3105244040489197,-0.061460744589567184,0.7023634910583496,0.38733887672424316,-0.06707072257995605,0.7118622064590454,0.4634856879711151,-0.0544896200299263,0.7641699314117432,0.3712882995605469,-0.01879713498055935,0.7481361031532288,0.32275912165641785,-0.0637771338224411,0.7468274235725403,0.3782763183116913,-0.06840378046035767,0.7485165596008301,0.43931978940963745,-0.059621550142765045,NO
NO,0.7628860473632812,0.6157528758049011,-6.882828529342078e-08,0.708966851234436,0.570361852645874,-0.0374569408595562,0.6680964231491089,0.5090502500534058,-0.056775566190481186,0.6486350893974304,0.42788025736808777,-0.07650008797645569,0.6198523640632629,0.36965012550354004,-0.09280628710985184,0.6186055541038513,0.4081442058086395,-0.003257647156715393,0.5830665826797485,0.3392368257045746,-0.0366060808300972,0.5815077424049377,0.3203504979610443,-0.05779547244310379,0.5923059582710266,0.3310803771018982,-0.06640272587537766,0.6684709191322327,0.37869197130203247,-0.00024093312094919384,0.6364700794219971,0.2906038165092468,-0.03439875692129135,0.6389442682266235,0.30267179012298584,-0.04850396513938904,0.6435378789901733,0.32857146859169006,-0.0492180772125721,0.7218974232673645,0.36811771988868713,-0.005387626122683287,0.7108967900276184,0.31000640988349915,-0.05330037698149681,0.7178833484649658,0.385804682970047,-0.057230960577726364,0.7258051633834839,0.4610464870929718,-0.04468599334359169,0.7787925004959106,0.37121453881263733,-0.01360006257891655,0.7649269700050354,0.31868189573287964,-0.05176398158073425,0.7624576091766357,0.3728305995464325,-0.05365719646215439,0.763558030128479,0.43347400426864624,-0.04442144185304642,NO
NO,0.7357158660888672,0.6289854049682617,-2.255464579548061e-07,0.6875112652778625,0.5838357210159302,-0.03800870478153229,0.6432693600654602,0.5189197659492493,-0.0553896389901638,0.6227102875709534,0.4436241388320923,-0.07181696593761444,0.6010156273841858,0.3930538594722748,-0.0851171687245369,0.6053683161735535,0.41589486598968506,-0.00644309027120471,0.5665756464004517,0.35978400707244873,-0.04065569490194321,0.5617380142211914,0.3475845456123352,-0.06488804519176483,0.5681279301643372,0.36176931858062744,-0.0758301392197609,0.6496582627296448,0.3895924687385559,-0.0026517154183238745,0.6150797009468079,0.30340462923049927,-0.03597133606672287,0.610916793346405,0.31707102060317993,-0.05096188932657242,0.6096580028533936,0.3481619358062744,-0.05295978859066963,0.6979907155036926,0.38316580653190613,-0.006937562022358179,0.6865561604499817,0.332173228263855,-0.052992936223745346,0.6928669810295105,0.3986750841140747,-0.06160024181008339,0.6979923248291016,0.46062320470809937,-0.053791698068380356,0.7481839060783386,0.38996586203575134,-0.014013909734785557,0.7376897931098938,0.33791273832321167,-0.04998369142413139,0.7332795858383179,0.3902927041053772,-0.05384562909603119,0.7315691113471985,0.4429630637168884,-0.04773969203233719,NO
NO,0.7506589889526367,0.6312706470489502,-1.0430451169440857e-07,0.6975558996200562,0.5860903859138489,-0.037463195621967316,0.6566887497901917,0.5287516713142395,-0.053548481315374374,0.6406280994415283,0.4488932192325592,-0.06755044311285019,0.6315464973449707,0.3812485337257385,-0.07592485845088959,0.6070361137390137,0.41472819447517395,-0.009959210641682148,0.5663996338844299,0.35121604800224304,-0.039397019892930984,0.576626181602478,0.3343122601509094,-0.05236169323325157,0.5963463187217712,0.3526986241340637,-0.05473128333687782,0.6602728962898254,0.38659676909446716,-0.003841991303488612,0.6198319792747498,0.2998698353767395,-0.03343537449836731,0.6296837329864502,0.30922433733940125,-0.04019962251186371,0.6385408639907837,0.3286774158477783,-0.03635234385728836,0.7148013710975647,0.37645959854125977,-0.0054230596870183945,0.703683614730835,0.32657966017723083,-0.04930392652750015,0.7150288820266724,0.4064350128173828,-0.04769904911518097,0.7212568521499634,0.47854411602020264,-0.0322631374001503,0.7724605798721313,0.3802337348461151,-0.010096169076859951,0.7592834830284119,0.3276529312133789,-0.0502476692199707,0.7599324584007263,0.38654184341430664,-0.05290417745709419,0.7583422660827637,0.4454384744167328,-0.0436222106218338,NO
NO,0.7580664753913879,0.63289475440979,-3.806471582379345e-08,0.7053672075271606,0.5838816165924072,-0.03651163727045059,0.6664085388183594,0.5226396918296814,-0.05663256347179413,0.6487540006637573,0.4414980113506317,-0.07796211540699005,0.6194338798522949,0.3858550488948822,-0.0958971157670021,0.6159182786941528,0.4183552861213684,-0.003563236678019166,0.5802586078643799,0.34257546067237854,-0.03633498400449753,0.5826057195663452,0.3249201476573944,-0.05524047091603279,0.5963782668113708,0.3395644724369049,-0.06181931495666504,0.6667905449867249,0.39098480343818665,-0.00105957908090204,0.6363123059272766,0.3008894622325897,-0.034531112760305405,0.6394991278648376,0.3081691265106201,-0.047329388558864594,0.6440661549568176,0.3310258090496063,-0.04739253222942352,0.7205772995948792,0.38184037804603577,-0.006900419481098652,0.7111880779266357,0.3219722509384155,-0.053719017654657364,0.7177222967147827,0.3986421525478363,-0.05828830227255821,0.7246431112289429,0.4749050736427307,-0.04650728777050972,0.7768576741218567,0.3847253918647766,-0.015810152515769005,0.764030396938324,0.32967615127563477,-0.05287635698914528,0.7610570192337036,0.38304999470710754,-0.05577382072806358,0.7623915076255798,0.4436430037021637,-0.047686655074357986,NO
NO,0.7567947506904602,0.6331808567047119,-6.73088393909893e-08,0.7035107612609863,0.584283709526062,-0.03656928986310959,0.6661154627799988,0.5206034779548645,-0.055722277611494064,0.6525835394859314,0.43835189938545227,-0.0754772275686264,0.6260340213775635,0.3820505142211914,-0.09226948767900467,0.6144116520881653,0.42038410902023315,-0.0036050050985068083,0.5743257999420166,0.3476197421550751,-0.035803038626909256,0.580044150352478,0.3317950367927551,-0.05466046929359436,0.5975430011749268,0.34113624691963196,-0.06170732155442238,0.6663680076599121,0.3939925730228424,-3.670581281767227e-05,0.6399378180503845,0.30648118257522583,-0.03653712570667267,0.6476141810417175,0.3315587341785431,-0.05086654797196388,0.6551969647407532,0.3635829985141754,-0.050629835575819016,0.7201629877090454,0.3854003846645355,-0.00425288500264287,0.7107599377632141,0.32209768891334534,-0.05338137224316597,0.7156336903572083,0.39945149421691895,-0.05974883958697319,0.7225427627563477,0.47589659690856934,-0.04825403168797493,0.775077223777771,0.388838529586792,-0.011071878485381603,0.7641279697418213,0.33158621191978455,-0.04959910735487938,0.7598255276679993,0.38207557797431946,-0.05379327014088631,0.7604147791862488,0.4421177804470062,-0.04619421437382698,NO
NO,0.7497334480285645,0.6290878653526306,-8.161839559761574e-08,0.6976425647735596,0.5864695310592651,-0.03355449065566063,0.65697181224823,0.5326254963874817,-0.04679069295525551,0.6420873403549194,0.4550780653953552,-0.059301890432834625,0.6292290687561035,0.39147627353668213,-0.06732865422964096,0.605194091796875,0.41924530267715454,-0.002177925081923604,0.5642189979553223,0.3479575514793396,-0.0320623442530632,0.5742324590682983,0.3296099901199341,-0.047878414392471313,0.5944856405258179,0.34843429923057556,-0.05140428990125656,0.6579108238220215,0.38922399282455444,0.0015184228541329503,0.6207736730575562,0.29086318612098694,-0.02803877927362919,0.6282852292060852,0.2975013256072998,-0.03714241087436676,0.635094165802002,0.32097965478897095,-0.0333140604197979,0.713110089302063,0.37800830602645874,-0.0023752914275974035,0.7041836977005005,0.32578855752944946,-0.04748113080859184,0.7123650908470154,0.4027263820171356,-0.0495794415473938,0.7167684435844421,0.4719122648239136,-0.03489372879266739,0.7700629234313965,0.3815515339374542,-0.008644357323646545,0.7593532800674438,0.3274754285812378,-0.04657813906669617,0.7579323053359985,0.38240107893943787,-0.04741201549768448,0.7548968195915222,0.43949928879737854,-0.03631383180618286,NO
NO,0.7421454191207886,0.6328389048576355,-1.3369107421112858e-07,0.6960817575454712,0.5913500785827637,-0.04396688938140869,0.6542212963104248,0.5455410480499268,-0.06586667895317078,0.6362900137901306,0.47538572549819946,-0.08542405068874359,0.6256402730941772,0.4078860580921173,-0.10017633438110352,0.6000982522964478,0.42144906520843506,-0.018295718356966972,0.5562326312065125,0.35816019773483276,-0.05724654346704483,0.5622037649154663,0.3405209183692932,-0.08016403764486313,0.5791581273078918,0.36104080080986023,-0.08809950202703476,0.6505244374275208,0.39241600036621094,-0.012917166575789452,0.610605776309967,0.2872075140476227,-0.05226636305451393,0.6211121082305908,0.30510497093200684,-0.06658227741718292,0.6297200918197632,0.3474401831626892,-0.06542153656482697,0.7048271298408508,0.38287055492401123,-0.015866054221987724,0.6943277716636658,0.33133170008659363,-0.06827273219823837,0.7059652209281921,0.4047587215900421,-0.07563752681016922,0.711574912071228,0.47377073764801025,-0.06437123566865921,0.7628554701805115,0.3876425325870514,-0.02179206721484661,0.7499883770942688,0.3340017795562744,-0.06430751085281372,0.7502244114875793,0.39123693108558655,-0.06905390322208405,0.7474184632301331,0.44933369755744934,-0.06132093444466591,NO
NO,0.7383853793144226,0.6318237781524658,-1.5350565263361204e-07,0.6898178458213806,0.5919265747070312,-0.04529982805252075,0.648368239402771,0.5485333800315857,-0.06568171083927155,0.6284235119819641,0.479345440864563,-0.08283653855323792,0.616661012172699,0.4145447015762329,-0.09395007789134979,0.5932849645614624,0.42370039224624634,-0.017324024811387062,0.5543874502182007,0.35512906312942505,-0.05012938007712364,0.5572793483734131,0.340148001909256,-0.06672374159097672,0.5697482228279114,0.3689888119697571,-0.07125002145767212,0.6465321779251099,0.3959132134914398,-0.009070944041013718,0.6079441905021667,0.2937787175178528,-0.04456913843750954,0.6167066097259521,0.31436169147491455,-0.05817767605185509,0.6242088079452515,0.35576319694519043,-0.05797766521573067,0.7007641196250916,0.3865668773651123,-0.008901948109269142,0.6866332292556763,0.33801424503326416,-0.05541099235415459,0.6974964737892151,0.4078742563724518,-0.06189170479774475,0.7040058970451355,0.47488653659820557,-0.05229669809341431,0.7596874833106995,0.3904038667678833,-0.0119416369125247,0.7442231178283691,0.33617860078811646,-0.05045704543590546,0.7436038255691528,0.3899621069431305,-0.05648818612098694,0.740881621837616,0.446601927280426,-0.05127675086259842,NO
NO,0.7411092519760132,0.6381748914718628,-1.4215228816283343e-07,0.6906362175941467,0.5941064953804016,-0.04298439249396324,0.6463563442230225,0.5434415340423584,-0.06462649255990982,0.6264488101005554,0.4715076982975006,-0.08492058515548706,0.6103512048721313,0.4042114317417145,-0.10059267282485962,0.5939491391181946,0.424450546503067,-0.016903741285204887,0.551193118095398,0.34938156604766846,-0.055915553122758865,0.5547841191291809,0.33786144852638245,-0.07796670496463776,0.5700673460960388,0.3714725375175476,-0.08451851457357407,0.6437512040138245,0.39705076813697815,-0.011217856779694557,0.6063936948776245,0.2948288917541504,-0.05121896043419838,0.6135193705558777,0.31073328852653503,-0.0671435296535492,0.6208645105361938,0.35402581095695496,-0.06736210733652115,0.6983547210693359,0.38766229152679443,-0.013880318962037563,0.6845362186431885,0.33524832129478455,-0.06457812339067459,0.6955565214157104,0.407518208026886,-0.07366842776536942,0.703437089920044,0.48031678795814514,-0.06437618285417557,0.7555361986160278,0.39158162474632263,-0.01959342509508133,0.7417200803756714,0.333718478679657,-0.060736507177352905,0.7404676079750061,0.3872358500957489,-0.06673257052898407,0.7398148775100708,0.44801047444343567,-0.0604776106774807,NO
NO,0.740277886390686,0.6395349502563477,-1.4540430015586026e-07,0.6898145079612732,0.5983991622924805,-0.046584032475948334,0.6462010145187378,0.5484429597854614,-0.07088262587785721,0.6254748702049255,0.4763546884059906,-0.09284989535808563,0.6069329977035522,0.4105224311351776,-0.109706811606884,0.5884863138198853,0.42389145493507385,-0.021480588242411613,0.5468747019767761,0.34665361046791077,-0.05846787244081497,0.5526602864265442,0.34031885862350464,-0.07800298929214478,0.5689546465873718,0.3785657286643982,-0.08366628736257553,0.6398680806159973,0.39584070444107056,-0.014424720779061317,0.601709246635437,0.29487156867980957,-0.05136489123106003,0.6106632351875305,0.32123881578445435,-0.06611303240060806,0.6182541251182556,0.36424344778060913,-0.06681407988071442,0.6949911117553711,0.38590919971466064,-0.01553252711892128,0.6827443242073059,0.33565554022789,-0.06460455805063248,0.6942263245582581,0.4091236889362335,-0.07412487268447876,0.7014606595039368,0.4806067943572998,-0.06662408262491226,0.753856360912323,0.39032644033432007,-0.01981845311820507,0.740157425403595,0.33727288246154785,-0.06084499508142471,0.7399440407752991,0.3939247727394104,-0.06786616146564484,0.7390143871307373,0.45522239804267883,-0.06313972175121307,NO
NO,0.7378293871879578,0.6383700966835022,-1.645038310016389e-07,0.6883746385574341,0.5978005528450012,-0.04478656128048897,0.6446057558059692,0.5484703183174133,-0.06722252070903778,0.6266396641731262,0.4762728810310364,-0.08799462765455246,0.6092928647994995,0.4096887707710266,-0.10433196276426315,0.5902979969978333,0.425356388092041,-0.01464658509939909,0.5483230352401733,0.3570137917995453,-0.05175577476620674,0.5454327464103699,0.34695836901664734,-0.07346753031015396,0.5545639991760254,0.3763054609298706,-0.08063636720180511,0.6402267217636108,0.3965030908584595,-0.008244436234235764,0.6015905141830444,0.2993868589401245,-0.04528141766786575,0.6043448448181152,0.3161928057670593,-0.06067190319299698,0.6093682646751404,0.35436922311782837,-0.061587292701005936,0.6947712302207947,0.3868445158004761,-0.010501866228878498,0.6804810166358948,0.3375035226345062,-0.06080236658453941,0.689814031124115,0.41254717111587524,-0.07074519246816635,0.6978590488433838,0.4850873649120331,-0.062398068606853485,0.7530212998390198,0.3897712826728821,-0.015842223539948463,0.7385276556015015,0.3359698951244354,-0.05725005641579628,0.7369298934936523,0.3927791714668274,-0.06383322179317474,0.7369906306266785,0.4531369209289551,-0.05823059752583504,NO
NO,0.7374495267868042,0.643056333065033,-1.6406922043188388e-07,0.6872202157974243,0.6022589206695557,-0.04473161697387695,0.640261709690094,0.5482285022735596,-0.06835394352674484,0.6210812926292419,0.47696375846862793,-0.09120257943868637,0.6013752222061157,0.4122348427772522,-0.11012772470712662,0.5919371843338013,0.42383667826652527,-0.011664804071187973,0.5498349070549011,0.3613528907299042,-0.05264521762728691,0.5434380769729614,0.35044533014297485,-0.07831482589244843,0.5509123802185059,0.37726345658302307,-0.08793731778860092,0.6405656933784485,0.3949659466743469,-0.006949916016310453,0.6005383729934692,0.30332034826278687,-0.047562919557094574,0.6007946133613586,0.32169222831726074,-0.06412409245967865,0.6062448620796204,0.36052045226097107,-0.06492920964956284,0.6949656009674072,0.3875674903392792,-0.011635520495474339,0.6791631579399109,0.34001120924949646,-0.0663096234202385,0.6882357001304626,0.4191991090774536,-0.07568581402301788,0.6983351707458496,0.4940597712993622,-0.0654645785689354,0.7533916234970093,0.39330434799194336,-0.019438834860920906,0.7374905943870544,0.3402150571346283,-0.06283452361822128,0.7344493865966797,0.39916715025901794,-0.06813350319862366,0.7354248762130737,0.4602886438369751,-0.06083708256483078,NO
NO,0.7301774024963379,0.6425552368164062,-2.8293254672462353e-07,0.6790554523468018,0.600306510925293,-0.03769896179437637,0.6312391757965088,0.5435343980789185,-0.0572962686419487,0.6091733574867249,0.47262218594551086,-0.07713891565799713,0.5897879600524902,0.4160992503166199,-0.09298684448003769,0.5919215083122253,0.41698557138442993,-0.007422234397381544,0.5587547421455383,0.3429197072982788,-0.04390204697847366,0.549156129360199,0.3429208993911743,-0.06672446429729462,0.5520704984664917,0.37858960032463074,-0.07471026480197906,0.6381903290748596,0.392772376537323,-0.004867976065725088,0.6029833555221558,0.3050505518913269,-0.04098137468099594,0.6005085110664368,0.3257214426994324,-0.05569427087903023,0.6024260520935059,0.3650779724121094,-0.05622006580233574,0.6907325983047485,0.3872430622577667,-0.010845602490007877,0.6781261563301086,0.34680718183517456,-0.060591693967580795,0.6882665753364563,0.42486727237701416,-0.07045172899961472,0.6981761455535889,0.4956550598144531,-0.06202150136232376,0.7468472123146057,0.3932899534702301,-0.01935330592095852,0.7356442213058472,0.34267333149909973,-0.057916589081287384,0.7323049902915955,0.3997269570827484,-0.06176328659057617,0.7327352166175842,0.45690473914146423,-0.05456200987100601,NO
NO,0.727048397064209,0.6429527997970581,-4.868554697168292e-07,0.6701446175575256,0.6109108924865723,-0.03373844921588898,0.6249374747276306,0.5409427881240845,-0.05082821473479271,0.6025198698043823,0.46662530303001404,-0.06898804754018784,0.5757855176925659,0.42744725942611694,-0.08078137785196304,0.6027029752731323,0.41159743070602417,-0.005322600714862347,0.5826030373573303,0.30393850803375244,-0.04300850257277489,0.5778903365135193,0.32737746834754944,-0.06255839020013809,0.5810486078262329,0.3781144917011261,-0.06743203103542328,0.6481144428253174,0.4038553833961487,-0.0022583412937819958,0.6393848061561584,0.34635061025619507,-0.04519219323992729,0.6510637402534485,0.42767658829689026,-0.05663463845849037,0.6598781943321228,0.4820120930671692,-0.051786523312330246,0.6934422850608826,0.4032169282436371,-0.007412227801978588,0.6852146983146667,0.3580036163330078,-0.04908960685133934,0.6908347010612488,0.433882474899292,-0.04702088609337807,0.6955974698066711,0.4858090281486511,-0.032583024352788925,0.7389994859695435,0.405026376247406,-0.015947386622428894,0.729172945022583,0.35812124609947205,-0.04290267080068588,0.7244327068328857,0.40788522362709045,-0.04000900685787201,0.7242968082427979,0.44860023260116577,-0.029102211818099022,NO
NO,0.7135804891586304,0.6612937450408936,-6.527202458528336e-07,0.6580706834793091,0.630806565284729,-0.02655279077589512,0.6105555295944214,0.5563308596611023,-0.038824841380119324,0.588739275932312,0.4799420237541199,-0.05299896374344826,0.5615829229354858,0.4402592182159424,-0.06379915028810501,0.579679548740387,0.43148332834243774,-0.00454349722713232,0.5442638397216797,0.3372496962547302,-0.03834426775574684,0.5268632173538208,0.3702075183391571,-0.05836623162031174,0.5240519642829895,0.4170224964618683,-0.06635195016860962,0.6230953931808472,0.40984225273132324,-0.006199182942509651,0.5826065540313721,0.3174048066139221,-0.03685463219881058,0.5705838203430176,0.3730465769767761,-0.04485350847244263,0.5687801241874695,0.4163888692855835,-0.042498085647821426,0.6727956533432007,0.4064200520515442,-0.01486782357096672,0.6501279473304749,0.355419784784317,-0.051864150911569595,0.6510624289512634,0.43581250309944153,-0.05057402700185776,0.6610824465751648,0.4846862554550171,-0.03984857350587845,0.7250834703445435,0.41378548741340637,-0.025959163904190063,0.7042094469070435,0.3645772635936737,-0.05221973732113838,0.6978768110275269,0.423862099647522,-0.048538122326135635,0.7036239504814148,0.46449947357177734,-0.03981827199459076,NO
NO,0.6900355219841003,0.6574009656906128,-7.036319402686786e-07,0.633501410484314,0.6278362274169922,-0.025027655065059662,0.585591733455658,0.5533243417739868,-0.03716564178466797,0.5618804693222046,0.4830823242664337,-0.05224107205867767,0.5318663120269775,0.44852110743522644,-0.06508075445890427,0.5637828707695007,0.4310893416404724,-0.00186405167914927,0.525154173374176,0.35667040944099426,-0.038907360285520554,0.49362778663635254,0.38513562083244324,-0.06303470581769943,0.47895094752311707,0.4330581724643707,-0.07265523821115494,0.6034801006317139,0.4109232723712921,-0.005967150907963514,0.5584794878959656,0.3317602574825287,-0.04091097041964531,0.5355386137962341,0.3763625919818878,-0.05250971019268036,0.5302574634552002,0.4225418269634247,-0.05090349540114403,0.6500884294509888,0.40840771794319153,-0.017237316817045212,0.6244951486587524,0.3688812255859375,-0.057976577430963516,0.6232913732528687,0.4413607716560364,-0.0597827322781086,0.6377278566360474,0.4924238622188568,-0.04932297393679619,0.7016068696975708,0.41534796357154846,-0.030736353248357773,0.6804320812225342,0.37110140919685364,-0.057250313460826874,0.6716689467430115,0.4289120137691498,-0.05255501717329025,0.6797710657119751,0.4723502993583679,-0.04227263107895851,NO
NO,0.6821475625038147,0.6794634461402893,-8.016324386517226e-07,0.6197715997695923,0.657038152217865,-0.022646499797701836,0.5674431324005127,0.5859150886535645,-0.033610548824071884,0.5410847663879395,0.5165468454360962,-0.04863625764846802,0.5101936459541321,0.471604585647583,-0.06059630960226059,0.54520183801651,0.4555991590023041,-0.00040063122287392616,0.5009173154830933,0.3617035746574402,-0.03832635655999184,0.46821534633636475,0.40742960572242737,-0.06367890536785126,0.4531809687614441,0.4652864336967468,-0.07353968918323517,0.5865641832351685,0.4366447329521179,-0.004160753451287746,0.5363209843635559,0.35495710372924805,-0.037610799074172974,0.5175180435180664,0.40701019763946533,-0.051115598529577255,0.5158118009567261,0.45034459233283997,-0.05252429097890854,0.6335614919662476,0.43204107880592346,-0.014724453911185265,0.6013820767402649,0.3821057677268982,-0.05075157806277275,0.6013110876083374,0.46155840158462524,-0.051767267286777496,0.6166669726371765,0.517516016960144,-0.04275619983673096,0.6843358874320984,0.4357967674732208,-0.02767697349190712,0.6563769578933716,0.39193040132522583,-0.050900451838970184,0.647714376449585,0.44987356662750244,-0.046334847807884216,0.6559063792228699,0.4963448941707611,-0.0368785560131073,NO
NO,0.6613924503326416,0.6941419839859009,-7.984496619428683e-07,0.5993238091468811,0.6714266538619995,-0.02329424023628235,0.5480197668075562,0.603027880191803,-0.03721447288990021,0.5211055874824524,0.5356035232543945,-0.05569097399711609,0.48601263761520386,0.4994896352291107,-0.07067602127790451,0.5242979526519775,0.4781190752983093,-0.006071869283914566,0.47971367835998535,0.37883487343788147,-0.04851807653903961,0.44534289836883545,0.42457789182662964,-0.07570239156484604,0.4286572337150574,0.48328667879104614,-0.0850401446223259,0.5645123720169067,0.4630786180496216,-0.010043445974588394,0.5103184580802917,0.3946347236633301,-0.04865386337041855,0.4989640414714813,0.4445560574531555,-0.06312959641218185,0.5024476647377014,0.48924320936203003,-0.06340523809194565,0.6103270053863525,0.4553306996822357,-0.02077198028564453,0.5760782957077026,0.41527748107910156,-0.05975152179598808,0.5798255205154419,0.4933720827102661,-0.06004557013511658,0.5962082743644714,0.5554178357124329,-0.04820990562438965,0.6622449159622192,0.4497489631175995,-0.03409499675035477,0.6329935789108276,0.4063241481781006,-0.05709734559059143,0.6205213069915771,0.4642620086669922,-0.050378937274217606,0.6242098212242126,0.5173314213752747,-0.03772183507680893,NO
NO,0.6432601809501648,0.6915268898010254,-8.12823145679431e-07,0.5830885767936707,0.6868283748626709,-0.026671575382351875,0.5179646015167236,0.6077743768692017,-0.039727091789245605,0.482278048992157,0.5406087636947632,-0.05540208891034126,0.4436439275741577,0.5216261148452759,-0.06994449347257614,0.4970511794090271,0.49008023738861084,-0.009756861254572868,0.4411093294620514,0.4171583950519562,-0.04980012774467468,0.4049832224845886,0.4624124765396118,-0.07502996176481247,0.3925095796585083,0.5174546837806702,-0.08466853201389313,0.5349151492118835,0.4686209559440613,-0.015510566532611847,0.4703754782676697,0.3792303204536438,-0.05768180266022682,0.4421231150627136,0.429328590631485,-0.07381711900234222,0.4354604184627533,0.4823506772518158,-0.07251179963350296,0.5821804404258728,0.45947402715682983,-0.02750341221690178,0.5417448282241821,0.4252761900424957,-0.07493871450424194,0.5457598567008972,0.5136585831642151,-0.07952296733856201,0.5653685331344604,0.574205219745636,-0.06778065860271454,0.6364133358001709,0.4570270776748657,-0.041312165558338165,0.597858190536499,0.41318821907043457,-0.0711192637681961,0.5922425389289856,0.4818483293056488,-0.06493221968412399,0.6030369997024536,0.5340348482131958,-0.052092019468545914,NO
NO,0.6273722052574158,0.713973343372345,-8.059383844738477e-07,0.5574345588684082,0.6952170133590698,-0.018050121143460274,0.4927774667739868,0.6214742660522461,-0.03032298944890499,0.45563870668411255,0.560866117477417,-0.047884128987789154,0.41350579261779785,0.5469326376914978,-0.06533019989728928,0.47393351793289185,0.5057860016822815,-0.002287917071953416,0.41472452878952026,0.4495566189289093,-0.043543823063373566,0.3790164887905121,0.49839818477630615,-0.07304149866104126,0.36348390579223633,0.555518388748169,-0.08550124615430832,0.5128253698348999,0.4830852150917053,-0.01400241069495678,0.4454919993877411,0.39672791957855225,-0.05859455093741417,0.4192884564399719,0.4385031759738922,-0.07957372814416885,0.41088131070137024,0.494643896818161,-0.08124439418315887,0.5615156888961792,0.4707997739315033,-0.031005874276161194,0.5223777890205383,0.43713659048080444,-0.0787876769900322,0.5333516001701355,0.5307759642601013,-0.0847100168466568,0.553143322467804,0.6006876230239868,-0.07352618128061295,0.6171323657035828,0.4686838686466217,-0.04944523423910141,0.579788863658905,0.42638176679611206,-0.0774843692779541,0.5725129246711731,0.5009022355079651,-0.06839635223150253,0.5779126286506653,0.56221604347229,-0.0534064956009388,NO
NO,0.6109527349472046,0.7170541882514954,-7.053708372950496e-07,0.5418952703475952,0.6947261095046997,-0.026677876710891724,0.4674357771873474,0.6293410062789917,-0.049288734793663025,0.4166839122772217,0.5844273567199707,-0.07623637467622757,0.3760790228843689,0.5633051991462708,-0.1030934676527977,0.45561254024505615,0.5121293067932129,-0.016574669629335403,0.3928475081920624,0.4712659418582916,-0.06859879195690155,0.3581621050834656,0.5209278464317322,-0.10492260754108429,0.33972474932670593,0.5780251026153564,-0.12056448310613632,0.4948863089084625,0.4883410632610321,-0.026347534731030464,0.4254172146320343,0.4101766347885132,-0.07985299825668335,0.401380717754364,0.4540483057498932,-0.10454855859279633,0.3919757306575775,0.5107489228248596,-0.1076374426484108,0.5447487831115723,0.4735504388809204,-0.04206958785653114,0.49824461340904236,0.45057106018066406,-0.09753645211458206,0.512130618095398,0.5551295876502991,-0.10286910086870193,0.532530665397644,0.6303644180297852,-0.08932267129421234,0.6016159057617188,0.4702923595905304,-0.059811633080244064,0.5599547028541565,0.438117116689682,-0.09358717501163483,0.5549958944320679,0.5193845629692078,-0.08415152877569199,0.5605246424674988,0.5827404856681824,-0.06709779798984528,NO
NO,0.615138590335846,0.719061017036438,-7.32363446331874e-07,0.545991837978363,0.7021636366844177,-0.026065213605761528,0.4694494605064392,0.6394524574279785,-0.04681023582816124,0.41965681314468384,0.5906693339347839,-0.07169070839881897,0.37622442841529846,0.5610123872756958,-0.09598951786756516,0.45171189308166504,0.517187237739563,-0.012710276059806347,0.3877386450767517,0.4719648063182831,-0.06398768723011017,0.35847944021224976,0.5176674127578735,-0.1001429408788681,0.3467411994934082,0.5734775066375732,-0.11577977240085602,0.4903692603111267,0.4895770847797394,-0.02226034738123417,0.41705405712127686,0.4128715395927429,-0.07525882869958878,0.3930467367172241,0.45828479528427124,-0.09987834095954895,0.3847816586494446,0.5173543095588684,-0.1028762236237526,0.5396813750267029,0.472016304731369,-0.03805502876639366,0.48822852969169617,0.45191776752471924,-0.09393768757581711,0.5073012113571167,0.5583732724189758,-0.09868758916854858,0.5337164402008057,0.6350158452987671,-0.08468696475028992,0.5962123274803162,0.46607422828674316,-0.055877357721328735,0.5470154285430908,0.44170767068862915,-0.09087694436311722,0.5453723073005676,0.5236085057258606,-0.08213001489639282,0.5561298727989197,0.5854805111885071,-0.06540674716234207,NO
NO,0.6132574677467346,0.713781476020813,-7.239727892738301e-07,0.5438618659973145,0.6962888240814209,-0.024420976638793945,0.46704766154289246,0.6354947090148926,-0.04622220620512962,0.4179209768772125,0.5886993408203125,-0.07240990549325943,0.37281525135040283,0.5622596740722656,-0.09888113290071487,0.45241740345954895,0.5153781771659851,-0.01239685993641615,0.3908175528049469,0.473021000623703,-0.06290001422166824,0.3604334592819214,0.5139521360397339,-0.0999218001961708,0.3446858525276184,0.5664510726928711,-0.11723198741674423,0.4904696047306061,0.48692870140075684,-0.023757530376315117,0.419590562582016,0.4142330288887024,-0.07649489492177963,0.3935162425041199,0.4629504978656769,-0.10168089717626572,0.3835604786872864,0.5246850848197937,-0.10581191629171371,0.5396517515182495,0.4700986444950104,-0.041087061166763306,0.48904210329055786,0.4503118097782135,-0.0955338403582573,0.507149338722229,0.5542118549346924,-0.09959568083286285,0.5317184329032898,0.6280925869941711,-0.0863952562212944,0.597332775592804,0.4655890166759491,-0.06044774129986763,0.5487589240074158,0.44191691279411316,-0.0950661227107048,0.5473951697349548,0.5254324674606323,-0.08593833446502686,0.5575101971626282,0.587582528591156,-0.06969032436609268,NO
NO,0.6173697113990784,0.711083173751831,-6.624323987125535e-07,0.547368586063385,0.6916934251785278,-0.028197994455695152,0.4711666703224182,0.6290587782859802,-0.051755983382463455,0.4207850992679596,0.5840975642204285,-0.07905851304531097,0.37811264395713806,0.5638941526412964,-0.10630040615797043,0.45811158418655396,0.5111804008483887,-0.019030647352337837,0.39559459686279297,0.4726924002170563,-0.07203230261802673,0.3614298701286316,0.5176750421524048,-0.10923901945352554,0.34231966733932495,0.569645345211029,-0.12568071484565735,0.49774035811424255,0.4862822890281677,-0.02843361347913742,0.42803046107292175,0.4085659682750702,-0.08190053701400757,0.4027021825313568,0.44903260469436646,-0.10619048774242401,0.3912765383720398,0.5004777908325195,-0.10958553850650787,0.5483999252319336,0.47163230180740356,-0.043901775032281876,0.5017533898353577,0.4455663561820984,-0.09907979518175125,0.5162227153778076,0.5504636764526367,-0.10343685746192932,0.5373820662498474,0.6253281235694885,-0.08970457315444946,0.6060906052589417,0.4694547951221466,-0.06164834648370743,0.5641544461250305,0.43623125553131104,-0.09534450620412827,0.5601575970649719,0.515514075756073,-0.08576253801584244,0.5675324201583862,0.577189564704895,-0.06893506646156311,NO
NO,0.6244949698448181,0.7058192491531372,-7.964618475853058e-07,0.5588431358337402,0.6896040439605713,-0.01756608858704567,0.49426180124282837,0.6223410367965698,-0.03270888328552246,0.4559647738933563,0.5706983208656311,-0.05329658463597298,0.41255927085876465,0.556758463382721,-0.07424003630876541,0.47496330738067627,0.4979138970375061,-0.0057653035037219524,0.4179580509662628,0.44534066319465637,-0.05068046227097511,0.38423624634742737,0.49425411224365234,-0.08299218863248825,0.3676612973213196,0.5522388219833374,-0.09713944792747498,0.5134189128875732,0.47928550839424133,-0.01860799640417099,0.4453059136867523,0.39942070841789246,-0.06583186239004135,0.4202530086040497,0.44301024079322815,-0.08815629035234451,0.4107916057109833,0.49692782759666443,-0.09117824584245682,0.5624018907546997,0.47003528475761414,-0.036785535514354706,0.5178940892219543,0.4371192455291748,-0.08706021308898926,0.5312638282775879,0.5338351130485535,-0.09256751090288162,0.5534983277320862,0.6054932475090027,-0.0812918096780777,0.6188550591468811,0.4688175320625305,-0.05619068816304207,0.5752426385879517,0.4283478856086731,-0.08729622513055801,0.5700225234031677,0.5052344799041748,-0.07873795926570892,0.578973650932312,0.5664114952087402,-0.06390427052974701,NO
NO,0.6430628895759583,0.6939767599105835,-6.462801138695795e-07,0.5807791352272034,0.6901980042457581,-0.030215086415410042,0.5159759521484375,0.6239587068557739,-0.049856506288051605,0.4824284017086029,0.5621887445449829,-0.07183212786912918,0.4394738972187042,0.5308383703231812,-0.09246543794870377,0.4876585304737091,0.5008699297904968,-0.017003046348690987,0.43360841274261475,0.4399021863937378,-0.06540899723768234,0.40212541818618774,0.4799525737762451,-0.09831510484218597,0.38936764001846313,0.53444504737854,-0.1119549423456192,0.5262202024459839,0.4743623733520508,-0.023890700191259384,0.4609718322753906,0.38855886459350586,-0.07406138628721237,0.4367254972457886,0.42605656385421753,-0.09554999321699142,0.43100935220718384,0.4780602753162384,-0.09672724455595016,0.5740479230880737,0.46209582686424255,-0.0373239628970623,0.5364159345626831,0.4325045049190521,-0.09091191738843918,0.5478726625442505,0.5280032157897949,-0.09475196152925491,0.5683680772781372,0.5986489057540894,-0.08091994374990463,0.6299085021018982,0.4602542221546173,-0.05314389616250992,0.5931604504585266,0.4240012764930725,-0.08606380969285965,0.5861814022064209,0.49779051542282104,-0.0775783509016037,0.5915108323097229,0.5574491620063782,-0.06195470690727234,NO
NO,0.6547112464904785,0.6916211843490601,-6.950269835215295e-07,0.5899064540863037,0.6761746406555176,-0.02517116442322731,0.524298369884491,0.6085554957389832,-0.04265030473470688,0.48976945877075195,0.5476582646369934,-0.06343407928943634,0.4572809338569641,0.5201480388641357,-0.0832257941365242,0.4905189275741577,0.4933035373687744,-0.010630902834236622,0.4347485303878784,0.4348403811454773,-0.05696461722254753,0.4079384207725525,0.46957826614379883,-0.08895469456911087,0.4001197814941406,0.5232095122337341,-0.10236246138811111,0.5319483280181885,0.4645889401435852,-0.01943470723927021,0.47182634472846985,0.3816666305065155,-0.06807620078325272,0.44966256618499756,0.4246092140674591,-0.0884590893983841,0.44345778226852417,0.4869982600212097,-0.08902493119239807,0.5838140249252319,0.45153969526290894,-0.03456228971481323,0.5512721538543701,0.4228677451610565,-0.08832579106092453,0.5615896582603455,0.5162231922149658,-0.09275618940591812,0.5809531211853027,0.5898200273513794,-0.07920054346323013,0.6429321765899658,0.4507315158843994,-0.05155143514275551,0.6102162003517151,0.4147949516773224,-0.08670549839735031,0.6041991114616394,0.4872291684150696,-0.08007259666919708,0.6094743609428406,0.5479006767272949,-0.06539261341094971,NO
NO,0.6668111681938171,0.6915961503982544,-6.96778329256631e-07,0.6034967303276062,0.6709601283073425,-0.025037521496415138,0.5483148097991943,0.6024744510650635,-0.04101729393005371,0.5227017402648926,0.5393941402435303,-0.06064079329371452,0.485177606344223,0.5080066919326782,-0.07847956568002701,0.5141863822937012,0.48060065507888794,-0.009182152338325977,0.46729227900505066,0.3974304497241974,-0.05128809064626694,0.43651121854782104,0.4295434057712555,-0.07967503368854523,0.42296308279037476,0.4856799244880676,-0.09045954793691635,0.5550435781478882,0.45900893211364746,-0.015745727345347404,0.4949839115142822,0.3782268166542053,-0.055295463651418686,0.4721079468727112,0.40618643164634705,-0.07383540272712708,0.46491360664367676,0.4501163065433502,-0.07716507464647293,0.6048316359519958,0.4501423239707947,-0.028787722811102867,0.5706093907356262,0.4131550192832947,-0.07379717379808426,0.5780291557312012,0.4926689565181732,-0.08042129874229431,0.5963438153266907,0.5619598627090454,-0.07223331183195114,0.6619305610656738,0.44887426495552063,-0.04385785385966301,0.6287658214569092,0.40619829297065735,-0.07416047900915146,0.6194421648979187,0.4728076159954071,-0.06991315633058548,0.6244646906852722,0.5361232161521912,-0.059084802865982056,NO
NO,0.6814494132995605,0.6801695823669434,-6.778791998840461e-07,0.6172869205474854,0.6623594760894775,-0.023101668804883957,0.5591604709625244,0.5971971750259399,-0.037380754947662354,0.5300352573394775,0.5327027440071106,-0.05516502633690834,0.49303731322288513,0.494385302066803,-0.07137547433376312,0.5285269021987915,0.4752465486526489,-0.008088985458016396,0.478537380695343,0.3954029083251953,-0.04935504123568535,0.44767099618911743,0.4272368550300598,-0.07463204860687256,0.43568241596221924,0.48209649324417114,-0.08318263292312622,0.5694345235824585,0.45026102662086487,-0.015313665382564068,0.5104586482048035,0.3525539040565491,-0.05828341469168663,0.49286437034606934,0.39145034551620483,-0.07353246212005615,0.49139469861984253,0.4501813054084778,-0.07175863534212112,0.6190618872642517,0.43930914998054504,-0.028840092942118645,0.5854501724243164,0.39863163232803345,-0.07875902950763702,0.5941009521484375,0.48426252603530884,-0.08365370333194733,0.6124381422996521,0.5544965267181396,-0.07194838672876358,0.6761800050735474,0.4372367560863495,-0.043723203241825104,0.6430474519729614,0.39257916808128357,-0.07752367109060287,0.6361851096153259,0.4621603786945343,-0.07306831330060959,0.6422075033187866,0.524307131767273,-0.06084129214286804,NO
NO,0.6937004327774048,0.6786220073699951,-6.661735483248776e-07,0.6271969079971313,0.651369571685791,-0.01920541189610958,0.571340024471283,0.5822332501411438,-0.02912919968366623,0.5428305268287659,0.5129994750022888,-0.04402594640851021,0.5059530735015869,0.4766731858253479,-0.056520503014326096,0.5477911233901978,0.46595242619514465,0.0038291935343295336,0.5025687217712402,0.3744865953922272,-0.03567728027701378,0.4783371388912201,0.4047945737838745,-0.06077567860484123,0.4687769412994385,0.4611971974372864,-0.0686032846570015,0.5887191891670227,0.4452650249004364,-0.003352637868374586,0.5351871252059937,0.35768765211105347,-0.04077513515949249,0.5157922506332397,0.3899306058883667,-0.05440547317266464,0.5088193416595459,0.43950334191322327,-0.05253589525818825,0.6369591355323792,0.43857908248901367,-0.017629822716116905,0.6067628264427185,0.39189213514328003,-0.06171983480453491,0.6119301915168762,0.47292402386665344,-0.06251911073923111,0.6267157793045044,0.5433317422866821,-0.04849438741803169,0.6907922625541687,0.43967461585998535,-0.0338631235063076,0.6663625240325928,0.38994336128234863,-0.06444879621267319,0.6570085287094116,0.4501286447048187,-0.05925825238227844,0.6601633429527283,0.5068824887275696,-0.04606424272060394,NO
NO,0.6996989846229553,0.6689868569374084,-6.855263450233906e-07,0.6389395594596863,0.6400390863418579,-0.018951093778014183,0.5861178636550903,0.5722768902778625,-0.029568471014499664,0.5650680065155029,0.5045853853225708,-0.04567680135369301,0.5334464311599731,0.4644037187099457,-0.06025329977273941,0.5613061785697937,0.4432922601699829,0.007565742824226618,0.5177473425865173,0.3663201332092285,-0.029563602060079575,0.4908120334148407,0.39887285232543945,-0.0554768368601799,0.4795328378677368,0.44924643635749817,-0.06535091996192932,0.6019262671470642,0.4242161810398102,-0.000849642907269299,0.5502581000328064,0.3397630453109741,-0.03760816901922226,0.5302695631980896,0.3730129599571228,-0.054235413670539856,0.522075891494751,0.41649842262268066,-0.05552443116903305,0.6493850350379944,0.4207007586956024,-0.01614833064377308,0.6199815273284912,0.38001278042793274,-0.06248937174677849,0.6267662644386292,0.46457943320274353,-0.06857991963624954,0.6418957114219666,0.5331894755363464,-0.05824120715260506,0.7022943496704102,0.4257398247718811,-0.032821174710989,0.6786683797836304,0.376327246427536,-0.06477433443069458,0.6717628836631775,0.4402051866054535,-0.061113663017749786,0.6763984560966492,0.49724337458610535,-0.04950529709458351,NO
NO,0.7124069929122925,0.6639811992645264,-6.656509299318714e-07,0.6522179841995239,0.6410555243492126,-0.02132989652454853,0.597880482673645,0.568568766117096,-0.029548294842243195,0.5715832710266113,0.4939446449279785,-0.04132508486509323,0.5387188792228699,0.45523589849472046,-0.05030825361609459,0.5654923915863037,0.4487597346305847,0.0025778599083423615,0.5224557518959045,0.3571659326553345,-0.03420278802514076,0.5029101371765137,0.38871443271636963,-0.05512913316488266,0.5009769201278687,0.4453742504119873,-0.06054002419114113,0.6081988215446472,0.425662100315094,-0.0014991251518949866,0.5609920620918274,0.3313170075416565,-0.035670891404151917,0.5500101447105408,0.37321555614471436,-0.043241582810878754,0.5525510907173157,0.42323651909828186,-0.03742044046521187,0.6583959460258484,0.41929733753204346,-0.013002116233110428,0.6347509622573853,0.36948099732398987,-0.0584135539829731,0.6386533975601196,0.4566957950592041,-0.056850578635931015,0.6536071300506592,0.5244116187095642,-0.04095738008618355,0.7142550945281982,0.42193737626075745,-0.02615048922598362,0.6949476599693298,0.36549147963523865,-0.06149885058403015,0.6856635212898254,0.4308001399040222,-0.05773283541202545,0.6893697381019592,0.4885355830192566,-0.04491042345762253,NO
NO,0.7177204489707947,0.6652544736862183,-5.457462748381658e-07,0.6604387760162354,0.6340603232383728,-0.025249695405364037,0.612051784992218,0.5604002475738525,-0.037045326083898544,0.587091326713562,0.48544931411743164,-0.05188370123505592,0.552115797996521,0.45028722286224365,-0.06370890885591507,0.5743402242660522,0.43842941522598267,-0.003426975104957819,0.5338422060012817,0.34097909927368164,-0.040853820741176605,0.5174658894538879,0.36603087186813354,-0.06112784892320633,0.5193220376968384,0.4187341332435608,-0.06636665761470795,0.6177941560745239,0.41658294200897217,-0.0064780572429299355,0.5718620419502258,0.3206748962402344,-0.04096988961100578,0.5620918273925781,0.3627229332923889,-0.04709688574075699,0.5646886229515076,0.4125947952270508,-0.040429167449474335,0.6682274341583252,0.4120559096336365,-0.017370840534567833,0.647304892539978,0.3623364269733429,-0.06290186941623688,0.6520341634750366,0.4497821033000946,-0.060959622263908386,0.665205180644989,0.5208210945129395,-0.04488873481750488,0.7239742875099182,0.4171884059906006,-0.030492976307868958,0.7042058110237122,0.3636755347251892,-0.06648926436901093,0.6980668306350708,0.4241207540035248,-0.06454306840896606,0.7028953433036804,0.47876033186912537,-0.05292185768485069,NO
NO,0.78281569480896,0.5885787010192871,-2.924191448983038e-07,0.7304191589355469,0.518601655960083,-0.02132200263440609,0.6959050893783569,0.44466355443000793,-0.032713040709495544,0.7026472687721252,0.38619300723075867,-0.045357607305049896,0.7461923956871033,0.39476948976516724,-0.05390968918800354,0.7663876414299011,0.38342219591140747,0.014333182014524937,0.7606079578399658,0.33669984340667725,-0.0023507592268288136,0.7401232719421387,0.3623347282409668,-0.016755670309066772,0.7339969873428345,0.38816046714782715,-0.024285024031996727,0.7926022410392761,0.40423598885536194,0.016315869987010956,0.7741539478302002,0.3803586959838867,-0.0005411279853433371,0.754136860370636,0.41026556491851807,-0.0107882060110569,0.7515231966972351,0.43624821305274963,-0.01323695294559002,0.8094238042831421,0.4312700033187866,0.012229325249791145,0.7842298746109009,0.4248121678829193,-0.0007421136251650751,0.7669071555137634,0.44963714480400085,-0.003483219537883997,0.7642890214920044,0.4679310917854309,-0.0008548549376428127,0.8207300901412964,0.4656127393245697,0.005112365819513798,0.793735682964325,0.4653087556362152,0.005367960315197706,0.7796412110328674,0.4793775975704193,0.008452322334051132,0.7754610776901245,0.4908861219882965,0.012649355456233025,NO
NO,0.7223575115203857,0.6009905338287354,-2.41176167037338e-07,0.6805514693260193,0.5544651746749878,-0.01484593003988266,0.6503331661224365,0.49385714530944824,-0.02151177078485489,0.653555691242218,0.43797242641448975,-0.02985193580389023,0.6837473511695862,0.4345336854457855,-0.03470036759972572,0.6653891801834106,0.4521870017051697,0.010371738113462925,0.6650589108467102,0.40423280000686646,-0.00820961408317089,0.6692585945129395,0.4400489032268524,-0.019835282117128372,0.6772000193595886,0.4645526707172394,-0.0242399163544178,0.6915689706802368,0.454992413520813,0.010117925703525543,0.6943415999412537,0.4189150035381317,-0.01242299098521471,0.6995218992233276,0.4651510715484619,-0.021576613187789917,0.7024559378623962,0.49382245540618896,-0.020950311794877052,0.7167956829071045,0.4613211154937744,0.00516456738114357,0.7199991345405579,0.43333953619003296,-0.018508007749915123,0.7205572724342346,0.47828352451324463,-0.020391663536429405,0.7192572355270386,0.5094168186187744,-0.013126698322594166,0.7403417229652405,0.47302597761154175,-0.001208257395774126,0.7414419651031494,0.44228431582450867,-0.014670931734144688,0.7382605671882629,0.47444429993629456,-0.012915540486574173,0.7352270483970642,0.5043321251869202,-0.006389284040778875,NO
NO,0.7128100395202637,0.5996901988983154,-2.6462438995622506e-07,0.6732809543609619,0.5604793429374695,-0.017094334587454796,0.643879234790802,0.4998529553413391,-0.027348708361387253,0.6480004787445068,0.44319969415664673,-0.037951525300741196,0.6816026568412781,0.4370409846305847,-0.04514751955866814,0.6580669283866882,0.46319064497947693,-0.005954021122306585,0.6605530977249146,0.4139828085899353,-0.026408109813928604,0.6665058135986328,0.4448661208152771,-0.038512542843818665,0.6736884117126465,0.47392815351486206,-0.04402478411793709,0.6868187785148621,0.4652976393699646,-0.005596221890300512,0.6943758130073547,0.4263755977153778,-0.030232053250074387,0.6991432905197144,0.4726198613643646,-0.038807425647974014,0.7000539898872375,0.5079196691513062,-0.038838472217321396,0.7122258543968201,0.468989759683609,-0.008841254748404026,0.717314600944519,0.43518292903900146,-0.033402685075998306,0.7180834412574768,0.48040369153022766,-0.03294724225997925,0.7156239151954651,0.515754759311676,-0.025335881859064102,0.7343726754188538,0.4774324893951416,-0.013540053740143776,0.734426736831665,0.4465615749359131,-0.029704881832003593,0.7317955493927002,0.4784669578075409,-0.028292415663599968,0.7284923791885376,0.508523166179657,-0.022635653614997864,NO
NO,0.7033556699752808,0.5978969931602478,-2.3815559302420297e-07,0.6664743423461914,0.5575259923934937,-0.014425981789827347,0.641692042350769,0.4988345503807068,-0.021120280027389526,0.6457273364067078,0.4498327374458313,-0.02884197235107422,0.675569474697113,0.4460371732711792,-0.034118857234716415,0.6583067774772644,0.4613620340824127,0.0030553468968719244,0.6613612174987793,0.41256237030029297,-0.010830971412360668,0.6643518209457397,0.4328424334526062,-0.018922578543424606,0.6695897579193115,0.45820945501327515,-0.021910805255174637,0.6854315996170044,0.4644622206687927,0.0036787015851587057,0.6904265284538269,0.4320862889289856,-0.01675732620060444,0.6945909261703491,0.4760192036628723,-0.025908589363098145,0.6968650817871094,0.5120456218719482,-0.026104187592864037,0.7095077037811279,0.4706133008003235,0.0009322287514805794,0.7108234167098999,0.442102313041687,-0.022286463528871536,0.7123366594314575,0.4853033125400543,-0.0267481692135334,0.7119201421737671,0.5216764807701111,-0.02206391654908657,0.7312922477722168,0.48071855306625366,-0.002544308779761195,0.7286821603775024,0.44656357169151306,-0.01871941238641739,0.7278040647506714,0.47687840461730957,-0.01956801488995552,0.7272250652313232,0.5093371868133545,-0.015072044916450977,NO
NO,0.7142632603645325,0.6073074340820312,-1.0525274518613514e-07,0.6805416941642761,0.5751131772994995,-0.017703233286738396,0.6584520936012268,0.5281696319580078,-0.02706708200275898,0.6612472534179688,0.47707220911979675,-0.03676948323845863,0.6814665794372559,0.4553075432777405,-0.04427775740623474,0.6505475044250488,0.4799498915672302,-0.0037125826347619295,0.6449975967407227,0.43233323097229004,-0.023624036461114883,0.657974123954773,0.43704432249069214,-0.03698344901204109,0.6730736494064331,0.45204824209213257,-0.043788157403469086,0.6774848699569702,0.47347354888916016,-0.002936730859801173,0.6822548508644104,0.43165382742881775,-0.02873999811708927,0.692606508731842,0.46967613697052,-0.039951521903276443,0.6963074803352356,0.5042216181755066,-0.04099374637007713,0.7032729387283325,0.473420113325119,-0.005562509875744581,0.7074825167655945,0.4417170584201813,-0.03288298845291138,0.7113452553749084,0.4874028265476227,-0.03421131893992424,0.7101709842681885,0.5245991945266724,-0.026470348238945007,0.7261624336242676,0.4805591106414795,-0.009579387493431568,0.7280153632164001,0.4483028054237366,-0.028547171503305435,0.7289942502975464,0.4798364043235779,-0.02753484435379505,0.7274273633956909,0.5108010768890381,-0.021035058423876762,NO
NO,0.7124266028404236,0.608971118927002,-1.1959025414398639e-07,0.6788972616195679,0.5796979665756226,-0.020612873136997223,0.6547029614448547,0.5327606201171875,-0.03219689801335335,0.6560584306716919,0.47951415181159973,-0.043503887951374054,0.6793903708457947,0.45367637276649475,-0.052403274923563004,0.648159384727478,0.4825250804424286,-0.01156243123114109,0.640822172164917,0.43439316749572754,-0.03446347266435623,0.6532840728759766,0.4446849822998047,-0.0487532876431942,0.6685441136360168,0.463043749332428,-0.0558401457965374,0.6762351989746094,0.4743750989437103,-0.01010082196444273,0.6784268617630005,0.4326770305633545,-0.03859057277441025,0.6885201930999756,0.4728943407535553,-0.05004853010177612,0.6928693056106567,0.5083571076393127,-0.051184091717004776,0.7030118703842163,0.4731782078742981,-0.01207711361348629,0.7052997946739197,0.4428778290748596,-0.042321525514125824,0.7093623876571655,0.4919666051864624,-0.04370848089456558,0.7088553309440613,0.5305957794189453,-0.03570617735385895,0.7262631058692932,0.47927677631378174,-0.015520719811320305,0.726183295249939,0.4500390887260437,-0.03781391680240631,0.7270783185958862,0.484774649143219,-0.03791700676083565,0.7261727452278137,0.5166192054748535,-0.03171968832612038,NO
NO,0.7129066586494446,0.616695761680603,-9.117758281718125e-08,0.683542788028717,0.5849669575691223,-0.019529541954398155,0.664230227470398,0.5425113439559937,-0.027772091329097748,0.6676976084709167,0.49593767523765564,-0.03548962622880936,0.680911660194397,0.4667443633079529,-0.04091094806790352,0.6474692225456238,0.4865785241127014,-0.006544528994709253,0.6379410028457642,0.44081923365592957,-0.027061542496085167,0.6530082821846008,0.44467562437057495,-0.04116862267255783,0.6702320575714111,0.46039536595344543,-0.047857895493507385,0.6747609972953796,0.4778434932231903,-0.004489765502512455,0.6743496656417847,0.4303892254829407,-0.02744545228779316,0.6850717663764954,0.45965340733528137,-0.038458921015262604,0.6891298890113831,0.49182748794555664,-0.04021219164133072,0.7022346258163452,0.477119117975235,-0.0059838369488716125,0.7053566575050354,0.4458142817020416,-0.03205157443881035,0.709679365158081,0.49206656217575073,-0.03463330119848251,0.7082361578941345,0.5304927229881287,-0.02816481702029705,0.7266800403594971,0.4859287440776825,-0.009028594940900803,0.7281932830810547,0.45264768600463867,-0.028557172045111656,0.7283674478530884,0.48585689067840576,-0.028135081753134727,0.7253729701042175,0.518915593624115,-0.021951638162136078,NO
NO,0.71455979347229,0.6168907284736633,-6.581555567208852e-08,0.6867479085922241,0.5852370262145996,-0.016126157715916634,0.6689562201499939,0.54208904504776,-0.020220870152115822,0.6724766492843628,0.497221440076828,-0.023792117834091187,0.677534818649292,0.4669860899448395,-0.025244824588298798,0.6451424360275269,0.4905080497264862,-0.003284132806584239,0.6324878334999084,0.445198118686676,-0.023010428994894028,0.6494685411453247,0.4462595283985138,-0.03684614226222038,0.6685463190078735,0.4583837389945984,-0.043343670666217804,0.6722100973129272,0.48043686151504517,-0.0022492497228085995,0.6682429313659668,0.42826250195503235,-0.02445305325090885,0.6802393198013306,0.4474220871925354,-0.03560320660471916,0.6851838827133179,0.47084105014801025,-0.03755992278456688,0.7002377510070801,0.4781675934791565,-0.004608019720762968,0.7046095132827759,0.44675007462501526,-0.03137517720460892,0.711024820804596,0.4939561188220978,-0.03521132841706276,0.7107495665550232,0.532633364200592,-0.029053477570414543,0.7259396314620972,0.48447299003601074,-0.008207792416214943,0.7264701128005981,0.4542003273963928,-0.02990802377462387,0.727489709854126,0.48728930950164795,-0.0314612090587616,0.7256129384040833,0.5186922550201416,-0.02630574069917202,NO
NO,0.7141572833061218,0.6189641952514648,-1.166774765692935e-07,0.6850085854530334,0.5875992178916931,-0.016763383522629738,0.665807843208313,0.5451100468635559,-0.02563968114554882,0.6671240925788879,0.4982200562953949,-0.03427692502737045,0.678804337978363,0.46961137652397156,-0.040883611887693405,0.6464981436729431,0.4887065589427948,-0.008791587315499783,0.6356621384620667,0.4457627534866333,-0.0310496985912323,0.6509101390838623,0.4497165083885193,-0.04670136049389839,0.6683951616287231,0.4626728594303131,-0.05466414988040924,0.6738362908363342,0.4788755476474762,-0.008556702174246311,0.676859974861145,0.4354572892189026,-0.03283846005797386,0.6889787316322327,0.47482243180274963,-0.043094851076602936,0.6920403242111206,0.5107024312019348,-0.04428403824567795,0.7021632790565491,0.47733622789382935,-0.011375315487384796,0.7085643410682678,0.44739094376564026,-0.03751654177904129,0.7126089930534363,0.49702709913253784,-0.03735924884676933,0.7097185850143433,0.5351977944374084,-0.029330259189009666,0.7276788353919983,0.48485347628593445,-0.015516341663897038,0.7307019233703613,0.4541662633419037,-0.034389425069093704,0.7312306761741638,0.489677757024765,-0.03186824545264244,0.7279033660888672,0.521721363067627,-0.024397894740104675,NO
NO,0.7226442694664001,0.6313552856445312,-1.4453436847361445e-07,0.6918192505836487,0.5993143320083618,-0.018432440236210823,0.6710522174835205,0.5523780584335327,-0.025458848103880882,0.6733973026275635,0.5055546164512634,-0.03172746300697327,0.6817985773086548,0.47927868366241455,-0.03561219200491905,0.6475226283073425,0.49653202295303345,-0.010928304865956306,0.6300317049026489,0.45141834020614624,-0.033473554998636246,0.6449139714241028,0.45606958866119385,-0.0479714497923851,0.6630913615226746,0.47251006960868835,-0.05463087186217308,0.6784143447875977,0.48282089829444885,-0.01004741620272398,0.6676665544509888,0.42843207716941833,-0.03310813754796982,0.6797405481338501,0.4517718553543091,-0.0418473444879055,0.6865283250808716,0.47977250814437866,-0.04277326911687851,0.7103560566902161,0.4797464907169342,-0.012754973955452442,0.708387017250061,0.4499344825744629,-0.040645815432071686,0.714942216873169,0.5010102391242981,-0.04239729046821594,0.7163926362991333,0.5427590608596802,-0.03549528494477272,0.741060733795166,0.48712682723999023,-0.01691463589668274,0.7385039925575256,0.45636457204818726,-0.03904164582490921,0.7375484704971313,0.493164986371994,-0.039177704602479935,0.7353329062461853,0.5271440148353577,-0.033515844494104385,NO
NO,0.7273911237716675,0.6353654861450195,-1.4887935151364218e-07,0.6949461698532104,0.6053162813186646,-0.019064968451857567,0.6717656254768372,0.5636259317398071,-0.02880803868174553,0.6722044348716736,0.5193553566932678,-0.03874298557639122,0.6783509850502014,0.485721617937088,-0.04681145027279854,0.65086430311203,0.49897944927215576,-0.009999156929552555,0.6316173672676086,0.4546811282634735,-0.03363683819770813,0.6409789323806763,0.4564848244190216,-0.04879443719983101,0.6551928520202637,0.4732949733734131,-0.0555335134267807,0.6821233630180359,0.4847622513771057,-0.01058883871883154,0.6680862903594971,0.42475977540016174,-0.0336315780878067,0.6770641207695007,0.44251444935798645,-0.042331989854574203,0.6836429238319397,0.47034111618995667,-0.0431550070643425,0.714910089969635,0.4833044409751892,-0.015146066434681416,0.7106531858444214,0.45056891441345215,-0.04388071969151497,0.7158639430999756,0.5010942220687866,-0.04567699879407883,0.7172977328300476,0.5425284504890442,-0.03863551467657089,0.7469062805175781,0.492678701877594,-0.021181367337703705,0.7423750758171082,0.45908719301223755,-0.04372047632932663,0.7405205965042114,0.4961051940917969,-0.04337022826075554,0.738138735294342,0.5300388932228088,-0.03738744184374809,NO
NO,0.7346758246421814,0.6403018832206726,-2.1621154644435592e-07,0.6960118412971497,0.6130213737487793,-0.01565595716238022,0.6686834692955017,0.5678461790084839,-0.024148637428879738,0.6719411611557007,0.5233144760131836,-0.033912744373083115,0.6871927380561829,0.49414876103401184,-0.04148009419441223,0.649726390838623,0.5027124881744385,-0.003176900092512369,0.6360478401184082,0.4530998766422272,-0.028594719246029854,0.644956648349762,0.4634779691696167,-0.045119039714336395,0.655340313911438,0.4915633797645569,-0.051482729613780975,0.6811708807945251,0.4880819618701935,-0.005672449711710215,0.6674438118934631,0.42263758182525635,-0.027959905564785004,0.6772403120994568,0.44252991676330566,-0.03683505207300186,0.6845895648002625,0.47142115235328674,-0.03724425286054611,0.7154668569564819,0.48655229806900024,-0.012411532923579216,0.7139339447021484,0.455862432718277,-0.04050192981958389,0.7203064560890198,0.5072348713874817,-0.04197751358151436,0.7220830321311951,0.5485139489173889,-0.03429204225540161,0.7499216794967651,0.495886892080307,-0.02039177715778351,0.7460721135139465,0.46123582124710083,-0.040636271238327026,0.7450069785118103,0.49954017996788025,-0.03799626603722572,0.7429440021514893,0.5349506139755249,-0.030426638200879097,NO
NO,0.7384083867073059,0.6551450490951538,-2.5289105565207137e-07,0.7000212669372559,0.6235985159873962,-0.01768123358488083,0.6755489110946655,0.5773766040802002,-0.02545107714831829,0.6773235201835632,0.5295441746711731,-0.03361175209283829,0.6832970380783081,0.4941207468509674,-0.038499705493450165,0.6484329700469971,0.5099035501480103,-0.0009732219623401761,0.634048342704773,0.45884600281715393,-0.027814075350761414,0.6464208960533142,0.47154664993286133,-0.045369673520326614,0.6578583717346191,0.502533495426178,-0.05195092037320137,0.6821141242980957,0.4946838319301605,-0.002378889126703143,0.6688820719718933,0.42461854219436646,-0.027631409466266632,0.6823596358299255,0.4590587913990021,-0.03729495778679848,0.6895753145217896,0.49743807315826416,-0.03641032427549362,0.7177724838256836,0.492910236120224,-0.008375989273190498,0.7163543105125427,0.459512323141098,-0.037303436547517776,0.7227785587310791,0.5142521262168884,-0.036720968782901764,0.7222239971160889,0.5536890029907227,-0.02675982005894184,0.754065990447998,0.5039430260658264,-0.015821252018213272,0.7510480284690857,0.4644258916378021,-0.0339040644466877,0.7500748038291931,0.5018082857131958,-0.028316639363765717,0.7453396916389465,0.5352529287338257,-0.01850075088441372,NO
NO,0.7467511296272278,0.6622348427772522,-2.874389224416518e-07,0.7051776051521301,0.6425713896751404,-0.023040303960442543,0.6782324910163879,0.5973218679428101,-0.03492528945207596,0.6812039613723755,0.5510711073875427,-0.04604046419262886,0.6887103319168091,0.5128352642059326,-0.05392242595553398,0.6499154567718506,0.5182778239250183,-0.01608370803296566,0.6307377815246582,0.46429958939552307,-0.04628749191761017,0.6449013352394104,0.47491246461868286,-0.06457624584436417,0.6597732901573181,0.5048775672912598,-0.07124094665050507,0.6848796010017395,0.4998593032360077,-0.016574449837207794,0.6673009395599365,0.4274587035179138,-0.04437042400240898,0.6815688014030457,0.45985153317451477,-0.053763631731271744,0.6911399960517883,0.500964879989624,-0.052787236869335175,0.7219923138618469,0.4961480498313904,-0.0214853473007679,0.7218910455703735,0.463440865278244,-0.05335907265543938,0.7292688488960266,0.5230955481529236,-0.052865393459796906,0.7298184037208557,0.5679532885551453,-0.04292229935526848,0.75971519947052,0.5055310726165771,-0.02808224782347679,0.7549939155578613,0.4673514664173126,-0.05020052567124367,0.7554545998573303,0.5091894865036011,-0.04561036080121994,0.7532669305801392,0.5472235679626465,-0.036057136952877045,NO
NO,0.7498379349708557,0.6705912947654724,-3.4186169273198175e-07,0.70456463098526,0.6456148624420166,-0.021545210853219032,0.6771015524864197,0.5937445759773254,-0.034697115421295166,0.6801934838294983,0.538891077041626,-0.04764191433787346,0.6879165768623352,0.4959001839160919,-0.0575096532702446,0.6473498344421387,0.5180580615997314,-0.017732840031385422,0.6336544752120972,0.47275510430336,-0.04824230074882507,0.6517900824546814,0.501025915145874,-0.06557357311248779,0.667973518371582,0.5408574342727661,-0.0717710554599762,0.6843004822731018,0.5002871155738831,-0.01912933960556984,0.6718944907188416,0.43646878004074097,-0.04783881455659866,0.6861535906791687,0.4801599979400635,-0.0564243420958519,0.6962669491767883,0.5273334383964539,-0.05538433417677879,0.7238178849220276,0.49666011333465576,-0.024490319192409515,0.7252342700958252,0.4677431881427765,-0.05595163628458977,0.7309808731079102,0.5320999622344971,-0.05283541977405548,0.7323640584945679,0.5798925161361694,-0.04179780185222626,0.7632765173912048,0.5051419138908386,-0.03153404965996742,0.7598954439163208,0.4725552499294281,-0.0519094355404377,0.7585898637771606,0.517599880695343,-0.044892240315675735,0.7568256855010986,0.555641233921051,-0.03419108688831329,NO
NO,0.7529353499412537,0.6820902824401855,-3.3676505495350284e-07,0.7093449234962463,0.655566930770874,-0.021331937983632088,0.6816337704658508,0.6077003479003906,-0.034858688712120056,0.6876890659332275,0.5549285411834717,-0.04892222210764885,0.7002949714660645,0.5122615098953247,-0.0592770017683506,0.6530212163925171,0.5247877240180969,-0.010139144025743008,0.6347706913948059,0.47240474820137024,-0.04312770068645477,0.6495146751403809,0.5013942122459412,-0.06394246965646744,0.6624851226806641,0.5421956777572632,-0.0716995969414711,0.6894093751907349,0.5077691078186035,-0.012295801192522049,0.6744035482406616,0.4399588108062744,-0.042858436703681946,0.6891968250274658,0.4864950478076935,-0.053468137979507446,0.6984312534332275,0.5332464575767517,-0.052607208490371704,0.7284596562385559,0.5052327513694763,-0.01923932321369648,0.7285012602806091,0.47325950860977173,-0.052049458026885986,0.7335847020149231,0.5376265048980713,-0.04921718314290047,0.7323801517486572,0.5827958583831787,-0.03729451820254326,0.7677707076072693,0.5154638886451721,-0.027929656207561493,0.7653364539146423,0.4790668785572052,-0.047137487679719925,0.763262927532196,0.5243988633155823,-0.03879263997077942,0.7592639327049255,0.5619722008705139,-0.026668427512049675,NO
NO,0.7603058815002441,0.6902855634689331,-3.39341880817301e-07,0.7133550643920898,0.670623779296875,-0.029372164979577065,0.683280348777771,0.6188341975212097,-0.04665731266140938,0.686896026134491,0.5633887648582458,-0.0627579540014267,0.6978204250335693,0.5169999599456787,-0.07524760812520981,0.6544061899185181,0.5323169827461243,-0.0250990092754364,0.6359343528747559,0.4786090552806854,-0.06098785623908043,0.6518669128417969,0.5088338851928711,-0.08185120671987534,0.6665249466896057,0.5532519817352295,-0.08933644741773605,0.6930217742919922,0.5113992094993591,-0.02415185607969761,0.6756151914596558,0.43897417187690735,-0.0586174838244915,0.6897733211517334,0.4836563766002655,-0.06942114233970642,0.7003198862075806,0.5352563261985779,-0.06835491955280304,0.7335419058799744,0.5063608884811401,-0.028137406334280968,0.7331212759017944,0.47956645488739014,-0.06537928432226181,0.7382137775421143,0.5470437407493591,-0.06393662840127945,0.7382901906967163,0.5982872247695923,-0.05223875492811203,0.7738714814186096,0.5132673978805542,-0.0343448705971241,0.7702170610427856,0.4814654290676117,-0.05782750993967056,0.7674648761749268,0.5293044447898865,-0.051400355994701385,0.7634084820747375,0.5709453225135803,-0.04023122787475586,NO
NO,0.2149040699005127,0.6761248707771301,2.6016298448894304e-08,0.2625678777694702,0.6468069553375244,-0.028614824637770653,0.2852031886577606,0.5890878438949585,-0.042575739324092865,0.29429343342781067,0.5290321111679077,-0.05848358944058418,0.3108077347278595,0.4788696765899658,-0.07189324498176575,0.31687837839126587,0.5141456127166748,0.005304781254380941,0.3329998254776001,0.45047199726104736,-0.0252493005245924,0.3239007890224457,0.4418022334575653,-0.051054030656814575,0.3093271851539612,0.4615402817726135,-0.06510048359632492,0.2824644446372986,0.49866539239883423,0.004431018140166998,0.29880473017692566,0.4237195551395416,-0.02840827964246273,0.2893323004245758,0.43397557735443115,-0.053898125886917114,0.2848609685897827,0.45575928688049316,-0.06579931825399399,0.24521926045417786,0.49770238995552063,-0.0034375626128166914,0.24969500303268433,0.4447227120399475,-0.041545331478118896,0.24769431352615356,0.4925505816936493,-0.059189002960920334,0.24575288593769073,0.5443955063819885,-0.06211923435330391,0.20633241534233093,0.5100022554397583,-0.013632278889417648,0.2127729058265686,0.4791165888309479,-0.04256182163953781,0.21848934888839722,0.5123848915100098,-0.05375998467206955,0.22532545030117035,0.5519109964370728,-0.05670127645134926,NO
NO,0.27274441719055176,0.7100892663002014,4.950517507040786e-08,0.32190999388694763,0.6828449368476868,-0.02110026217997074,0.3480069935321808,0.6300052404403687,-0.03400970995426178,0.35937026143074036,0.5727750658988953,-0.04954485595226288,0.3763182461261749,0.5260628461837769,-0.062469374388456345,0.3712025284767151,0.5507500171661377,-0.0008159161661751568,0.3994586169719696,0.48942267894744873,-0.0290227048099041,0.4017195403575897,0.4778495728969574,-0.04917323589324951,0.39427894353866577,0.49540168046951294,-0.05815254896879196,0.3374395966529846,0.538145124912262,-0.004278954584151506,0.35759201645851135,0.46427327394485474,-0.03488115593791008,0.35662180185317993,0.4783213138580322,-0.04919682443141937,0.35368812084198,0.507002592086792,-0.05175108090043068,0.3011750280857086,0.5397037267684937,-0.013124886900186539,0.31251245737075806,0.4937921166419983,-0.04751819744706154,0.31048184633255005,0.5458293557167053,-0.04938766360282898,0.3060382902622223,0.5943011045455933,-0.040682993829250336,0.26356664299964905,0.5511510968208313,-0.0241011343896389,0.2762918174266815,0.5187103748321533,-0.04832104220986366,0.28341537714004517,0.5558565258979797,-0.047156922519207,0.28849756717681885,0.5928629040718079,-0.039670877158641815,NO
NO,0.27214890718460083,0.7111666202545166,9.602982942169547e-08,0.32002219557762146,0.6894387006759644,-0.02752752974629402,0.3457494378089905,0.636335551738739,-0.04391010105609894,0.35819604992866516,0.5790066123008728,-0.061856165528297424,0.37835967540740967,0.533033013343811,-0.07714178413152695,0.3723558187484741,0.5553672313690186,-0.005446663126349449,0.39967069029808044,0.49654844403266907,-0.035952478647232056,0.4047979712486267,0.4804244935512543,-0.0577666200697422,0.397532194852829,0.49408113956451416,-0.06781943887472153,0.3387746214866638,0.5415363907814026,-0.006836750078946352,0.3614479601383209,0.46498459577560425,-0.039662256836891174,0.3604661822319031,0.48134222626686096,-0.05524498224258423,0.3565312325954437,0.5104296803474426,-0.05801567807793617,0.3026176989078522,0.5425992608070374,-0.014327142387628555,0.3153708279132843,0.4941449761390686,-0.05142631381750107,0.31227627396583557,0.5463632941246033,-0.05484895780682564,0.3061053156852722,0.5934117436408997,-0.046471092849969864,0.2644622027873993,0.5536280870437622,-0.024418797343969345,0.27788618206977844,0.5174965858459473,-0.05082377418875694,0.2835923433303833,0.554818332195282,-0.0512157566845417,0.2865138053894043,0.5925238728523254,-0.04466358944773674,NO
NO,0.2696510851383209,0.7174235582351685,3.1019117829877985e-10,0.3210119903087616,0.6840118169784546,-0.019587961956858635,0.3454507887363434,0.6288912296295166,-0.03157854080200195,0.3578829765319824,0.571235716342926,-0.04642825946211815,0.37541720271110535,0.5246310234069824,-0.0584285631775856,0.36816421151161194,0.5529087781906128,0.0031912021804600954,0.39103174209594727,0.4893411695957184,-0.025059564039111137,0.3863455355167389,0.4840666949748993,-0.0465911403298378,0.37349703907966614,0.5068875551223755,-0.05667094141244888,0.33491209149360657,0.5405629873275757,-0.0006901316810399294,0.3545488119125366,0.46632513403892517,-0.028344567865133286,0.35406792163848877,0.4766179323196411,-0.04324581101536751,0.3519047796726227,0.5010040998458862,-0.048169318586587906,0.29859042167663574,0.5422144532203674,-0.010325226001441479,0.309573769569397,0.4948974549770355,-0.04232671111822128,0.30842700600624084,0.5441831350326538,-0.04569973424077034,0.3041926324367523,0.5922481417655945,-0.03960302472114563,0.26045599579811096,0.5531181693077087,-0.022136280313134193,0.272543340921402,0.5190832018852234,-0.044724415987730026,0.2803727686405182,0.5536298155784607,-0.04473191499710083,0.28641724586486816,0.590068519115448,-0.03934434801340103,NO
NO,0.26411375403404236,0.7135574817657471,-3.647421920049965e-08,0.3169022500514984,0.6856770515441895,-0.01952565461397171,0.34158769249916077,0.6293289065361023,-0.031039828434586525,0.3522542715072632,0.5703518390655518,-0.04536474868655205,0.3709382116794586,0.5261034965515137,-0.05674288421869278,0.3685251772403717,0.5540468096733093,0.0013010138645768166,0.39379048347473145,0.48531994223594666,-0.029080990701913834,0.38408106565475464,0.4773752689361572,-0.0511193685233593,0.36617061495780945,0.501623272895813,-0.060502730309963226,0.3335292339324951,0.5404474139213562,-0.0028190927114337683,0.35437944531440735,0.46006155014038086,-0.03203726187348366,0.3507823348045349,0.47004029154777527,-0.04657609760761261,0.3466393053531647,0.49738767743110657,-0.049910835921764374,0.295280396938324,0.540704071521759,-0.012631760910153389,0.3076130747795105,0.49128228425979614,-0.04613186791539192,0.3017585277557373,0.5424752831459045,-0.04781533405184746,0.29469457268714905,0.5893865823745728,-0.039364274591207504,0.25503987073898315,0.550046980381012,-0.024491922929883003,0.270629346370697,0.5114126205444336,-0.047326844185590744,0.2720164656639099,0.5478802919387817,-0.044125769287347794,0.2712485194206238,0.5840932726860046,-0.03558775410056114,NO
NO,0.2587863802909851,0.7144659757614136,2.314416747140058e-08,0.3124050498008728,0.6825585961341858,-0.01997477002441883,0.33593010902404785,0.6263507604598999,-0.03164024278521538,0.3468707203865051,0.5649908185005188,-0.04673211649060249,0.36609217524528503,0.5180149674415588,-0.05945178121328354,0.3600749373435974,0.5512489080429077,0.006306834053248167,0.38480791449546814,0.4844391942024231,-0.02265353314578533,0.3834795355796814,0.4787112772464752,-0.0458197295665741,0.3715689480304718,0.5040253400802612,-0.056766439229249954,0.3260042667388916,0.5374305248260498,0.002776145003736019,0.344023197889328,0.458632230758667,-0.025241505354642868,0.3458075225353241,0.4700036346912384,-0.04263819009065628,0.34631776809692383,0.4960871934890747,-0.04954728111624718,0.2888832092285156,0.5374360680580139,-0.006907277274876833,0.30187761783599854,0.48407840728759766,-0.040238358080387115,0.3004550635814667,0.5341067910194397,-0.04680538922548294,0.2936161458492279,0.5842129588127136,-0.04278382286429405,0.24937254190444946,0.5471542477607727,-0.018694967031478882,0.2645016312599182,0.5097583532333374,-0.04354464262723923,0.2703772783279419,0.5465298295021057,-0.046038348227739334,0.2717691659927368,0.5856065154075623,-0.042329300194978714,NO
NO,0.24702401459217072,0.7171006798744202,7.391642498077999e-08,0.30411115288734436,0.685073733329773,-0.022408857941627502,0.3281112611293793,0.6272324323654175,-0.03456316143274307,0.3373970687389374,0.5622273683547974,-0.04985307902097702,0.35630369186401367,0.5102052688598633,-0.062433358281850815,0.35300755500793457,0.5464458465576172,0.0066346158273518085,0.3803243339061737,0.4782610535621643,-0.023284364491701126,0.3845119774341583,0.471661239862442,-0.04660416767001152,0.3779631555080414,0.4962606132030487,-0.05721041560173035,0.3172769546508789,0.5315969586372375,0.0038120627868920565,0.33561503887176514,0.44885751605033875,-0.026782365515828133,0.3390720784664154,0.46036508679389954,-0.04487350955605507,0.3423263430595398,0.4862348735332489,-0.05072527378797531,0.27840372920036316,0.5315254926681519,-0.005514676216989756,0.2928791344165802,0.48161056637763977,-0.04261745139956474,0.2907257378101349,0.5351947546005249,-0.04917386546730995,0.2850531339645386,0.5856427550315857,-0.043073948472738266,0.23703190684318542,0.5420702695846558,-0.01702323742210865,0.2524840533733368,0.503487229347229,-0.04367182403802872,0.26007333397865295,0.5424458980560303,-0.04529006406664848,0.26438742876052856,0.5832261443138123,-0.039698440581560135,NO
NO,0.24702401459217072,0.7171006798744202,7.391642498077999e-08,0.30411115288734436,0.685073733329773,-0.022408857941627502,0.3281112611293793,0.6272324323654175,-0.03456316143274307,0.3373970687389374,0.5622273683547974,-0.04985307902097702,0.35630369186401367,0.5102052688598633,-0.062433358281850815,0.35300755500793457,0.5464458465576172,0.0066346158273518085,0.3803243339061737,0.4782610535621643,-0.023284364491701126,0.3845119774341583,0.471661239862442,-0.04660416767001152,0.3779631555080414,0.4962606132030487,-0.05721041560173035,0.3172769546508789,0.5315969586372375,0.0038120627868920565,0.33561503887176514,0.44885751605033875,-0.026782365515828133,0.3390720784664154,0.46036508679389954,-0.04487350955605507,0.3423263430595398,0.4862348735332489,-0.05072527378797531,0.27840372920036316,0.5315254926681519,-0.005514676216989756,0.2928791344165802,0.48161056637763977,-0.04261745139956474,0.2907257378101349,0.5351947546005249,-0.04917386546730995,0.2850531339645386,0.5856427550315857,-0.043073948472738266,0.23703190684318542,0.5420702695846558,-0.01702323742210865,0.2524840533733368,0.503487229347229,-0.04367182403802872,0.26007333397865295,0.5424458980560303,-0.04529006406664848,0.26438742876052856,0.5832261443138123,-0.039698440581560135,NO
NO,0.2380041480064392,0.716170608997345,7.852237615679769e-08,0.2933011054992676,0.6850833296775818,-0.025944719091057777,0.31774571537971497,0.6262839436531067,-0.03947129473090172,0.3285166919231415,0.5601547360420227,-0.055802930146455765,0.3497670590877533,0.509396493434906,-0.06958029419183731,0.3467937409877777,0.5505985021591187,0.009123342111706734,0.3739195764064789,0.48450106382369995,-0.022108135744929314,0.3748287558555603,0.46782422065734863,-0.04950546845793724,0.3607899248600006,0.4855501353740692,-0.06376347690820694,0.31048959493637085,0.5320575833320618,0.00722309947013855,0.33086907863616943,0.44652342796325684,-0.02347986027598381,0.33107760548591614,0.45699024200439453,-0.04777677729725838,0.3296523988246918,0.483463317155838,-0.05957607179880142,0.27080535888671875,0.5293158292770386,-0.0016611783066764474,0.2853579819202423,0.47319549322128296,-0.037230294197797775,0.28651541471481323,0.5173290967941284,-0.05106853321194649,0.279649943113327,0.5643056631088257,-0.052365854382514954,0.2280295491218567,0.5380035638809204,-0.013052109628915787,0.24391168355941772,0.5000962615013123,-0.039609506726264954,0.2509928345680237,0.5333034992218018,-0.04685983061790466,0.2529180645942688,0.5717015862464905,-0.0472785159945488,NO
NO,0.22815284132957458,0.7134021520614624,7.302980264967118e-08,0.28461340069770813,0.6806067824363708,-0.025446275249123573,0.30985355377197266,0.6208953261375427,-0.040710583329200745,0.3213639259338379,0.5534161329269409,-0.058882858604192734,0.34313517808914185,0.5047289729118347,-0.07410050928592682,0.3390845060348511,0.5424317121505737,0.007250996306538582,0.36456313729286194,0.47130492329597473,-0.024918843060731888,0.36401012539863586,0.46023425459861755,-0.04970903694629669,0.34959128499031067,0.4824715852737427,-0.06170455738902092,0.302530974149704,0.5255265235900879,0.004536322318017483,0.32574138045310974,0.4438466429710388,-0.02802017703652382,0.3189961910247803,0.46442195773124695,-0.04664134979248047,0.31428179144859314,0.4949439764022827,-0.052228961139917374,0.2627289295196533,0.5233080387115479,-0.005304355639964342,0.2759886384010315,0.4679723083972931,-0.04327111691236496,0.269328773021698,0.5163572430610657,-0.048845987766981125,0.26170605421066284,0.5601386427879333,-0.042793337255716324,0.21949702501296997,0.5324444770812988,-0.017717817798256874,0.23063895106315613,0.5000613927841187,-0.0455133430659771,0.23388424515724182,0.5384157299995422,-0.04763813689351082,0.2366151362657547,0.574061930179596,-0.04282543063163757,NO
NO,0.22345109283924103,0.7106719017028809,-6.260152396464491e-09,0.27809178829193115,0.679938018321991,-0.02999137155711651,0.30465221405029297,0.614256739616394,-0.04725775122642517,0.3125962018966675,0.5473129153251648,-0.06667068600654602,0.33562853932380676,0.49914640188217163,-0.08309634029865265,0.33123302459716797,0.5258697271347046,-0.003639626782387495,0.3537186086177826,0.4474216103553772,-0.03994179517030716,0.3509148359298706,0.44824695587158203,-0.06826895475387573,0.3346599340438843,0.48165833950042725,-0.08199824392795563,0.29276785254478455,0.512827455997467,-0.005864356644451618,0.31200066208839417,0.4210597574710846,-0.03982170298695564,0.3086794316768646,0.44241946935653687,-0.061091795563697815,0.30385300517082214,0.47719845175743103,-0.06966452300548553,0.25150060653686523,0.5154379606246948,-0.015306040644645691,0.26035478711128235,0.4573296308517456,-0.05435214564204216,0.2574225962162018,0.5125958323478699,-0.06313242018222809,0.25154510140419006,0.5633758306503296,-0.059983447194099426,0.20812064409255981,0.5293512940406799,-0.027533214539289474,0.21710105240345,0.4879583716392517,-0.05605591461062431,0.22111713886260986,0.5294420719146729,-0.059025175869464874,0.22269679605960846,0.5695115923881531,-0.05557494983077049,NO
NO,0.20642118155956268,0.7158647179603577,7.03432476711896e-08,0.26396292448043823,0.6843245029449463,-0.031030358746647835,0.29252564907073975,0.6210806965827942,-0.04852966591715813,0.301667183637619,0.5520142316818237,-0.0679997056722641,0.319186806678772,0.49604904651641846,-0.08436953276395798,0.3189930021762848,0.5271772742271423,-0.0033244367223232985,0.33937716484069824,0.4495497941970825,-0.04137285053730011,0.33933523297309875,0.44356030225753784,-0.0700450986623764,0.32707491517066956,0.4714006185531616,-0.08357872813940048,0.2802062928676605,0.5113210082054138,-0.005303398706018925,0.30069881677627563,0.42039960622787476,-0.04226542264223099,0.30018094182014465,0.4357967674732208,-0.06310055404901505,0.29687342047691345,0.46819037199020386,-0.06997182965278625,0.23771463334560394,0.5129164457321167,-0.014895095489919186,0.24981486797332764,0.4512922763824463,-0.05811759829521179,0.24761486053466797,0.5070268511772156,-0.0652378648519516,0.24093113839626312,0.5632664561271667,-0.05873088911175728,0.19164922833442688,0.526563286781311,-0.027355507016181946,0.20433418452739716,0.48413434624671936,-0.06022142991423607,0.21133513748645782,0.5262041091918945,-0.06317546218633652,0.214584082365036,0.5704405307769775,-0.057629939168691635,NO
NO,0.19763995707035065,0.7195642590522766,1.33513566424881e-07,0.2551843822002411,0.6786774396896362,-0.02611270733177662,0.2821226716041565,0.6128426194190979,-0.043543342500925064,0.2916754186153412,0.5467624068260193,-0.06417331099510193,0.30716097354888916,0.4931405186653137,-0.08142960071563721,0.3082140386104584,0.5172708034515381,0.0021484510507434607,0.33078595995903015,0.4396892786026001,-0.034042466431856155,0.33451735973358154,0.4378165602684021,-0.060775790363550186,0.32204562425613403,0.4722920358181,-0.07285386323928833,0.2673895061016083,0.5022743344306946,-0.0021003223955631256,0.29086148738861084,0.40978020429611206,-0.03806798905134201,0.28871750831604004,0.44034668803215027,-0.05633416399359703,0.28406715393066406,0.4797753393650055,-0.06038587540388107,0.2238035649061203,0.5045205950737,-0.013592544943094254,0.23748043179512024,0.4468051493167877,-0.05490454286336899,0.2370937466621399,0.5087474584579468,-0.05933898314833641,0.23108482360839844,0.561577558517456,-0.05102767050266266,0.17682108283042908,0.5197222828865051,-0.027590801939368248,0.1917209029197693,0.4848100543022156,-0.05744228884577751,0.20188263058662415,0.5307304859161377,-0.0582386776804924,0.2074887454509735,0.5725827217102051,-0.05149175599217415,NO
NO,0.18967431783676147,0.7222632765769958,1.1819983569694159e-07,0.2457524836063385,0.6828396320343018,-0.02677972801029682,0.270986407995224,0.6157483458518982,-0.04510660842061043,0.2779732346534729,0.5466794371604919,-0.06680267304182053,0.29499930143356323,0.49319371581077576,-0.08505631983280182,0.3000105023384094,0.5177858471870422,0.0017589698545634747,0.32438841462135315,0.4419002830982208,-0.03587554767727852,0.3278930187225342,0.43597549200057983,-0.06279324740171432,0.3143565058708191,0.47050923109054565,-0.07444965094327927,0.2575647830963135,0.5017529129981995,-0.0026223959866911173,0.28155675530433655,0.41008734703063965,-0.040041450411081314,0.27785593271255493,0.4360813498497009,-0.058505963534116745,0.27312758564949036,0.4732646048069,-0.06194141134619713,0.2121829390525818,0.5043696165084839,-0.014371701516211033,0.22254721820354462,0.44583654403686523,-0.05546320602297783,0.2226426750421524,0.5099789500236511,-0.058298565447330475,0.21977442502975464,0.5660666823387146,-0.0484253391623497,0.16314178705215454,0.5218379497528076,-0.02880658023059368,0.17445391416549683,0.47867321968078613,-0.057027366012334824,0.18513070046901703,0.5263598561286926,-0.05560130625963211,0.19349753856658936,0.5737785696983337,-0.04702727496623993,NO
NO,0.18547379970550537,0.7303435802459717,1.0470594702383096e-07,0.24071046710014343,0.68788081407547,-0.02262965403497219,0.2653442323207855,0.6174681186676025,-0.038575898855924606,0.2716992199420929,0.5485177636146545,-0.058853380382061005,0.28702718019485474,0.4956912100315094,-0.0757405012845993,0.2948160171508789,0.5201353430747986,0.004150323569774628,0.3202335238456726,0.4426174461841583,-0.034053392708301544,0.3211996555328369,0.4307682514190674,-0.062178898602724075,0.30492255091667175,0.4626993238925934,-0.07427392899990082,0.25149425864219666,0.5033503174781799,-0.0020945288706570864,0.27454128861427307,0.4107646048069,-0.04100222885608673,0.27271825075149536,0.42330485582351685,-0.06218297407031059,0.2666477859020233,0.45760852098464966,-0.06763830035924911,0.2046169936656952,0.5061349272727966,-0.015252471901476383,0.21351639926433563,0.4421866536140442,-0.05637941509485245,0.21366296708583832,0.5068163871765137,-0.06073785945773125,0.2110201120376587,0.5715497136116028,-0.05157246068120003,0.15464627742767334,0.5243030190467834,-0.030822504311800003,0.16547739505767822,0.47641220688819885,-0.0591108538210392,0.17660722136497498,0.5231013894081116,-0.05850750952959061,0.18577344715595245,0.5776981115341187,-0.05013108626008034,NO
NO,0.1789684146642685,0.725564181804657,1.8593819106627052e-07,0.23467764258384705,0.6889384388923645,-0.030762702226638794,0.25840091705322266,0.6186162829399109,-0.05058059096336365,0.26584702730178833,0.5504274964332581,-0.0745818167924881,0.2837628126144409,0.49777960777282715,-0.09481864422559738,0.29623258113861084,0.5140194892883301,0.0077762724831700325,0.31991517543792725,0.43736007809638977,-0.03488782420754433,0.31851208209991455,0.4265165328979492,-0.06699512153863907,0.2983900308609009,0.46568891406059265,-0.08060052245855331,0.25014716386795044,0.49839797616004944,0.0041007958352565765,0.27157363295555115,0.40480026602745056,-0.041418757289648056,0.26483768224716187,0.4258963465690613,-0.06800905615091324,0.2578172981739044,0.46845489740371704,-0.07422581315040588,0.2023361325263977,0.5008217692375183,-0.008130036294460297,0.20963197946548462,0.4426743984222412,-0.057149358093738556,0.20925666391849518,0.5097365975379944,-0.06882214546203613,0.20816320180892944,0.5763722658157349,-0.061640869826078415,0.15096400678157806,0.5202065110206604,-0.023133723065257072,0.16129711270332336,0.48052406311035156,-0.0570254847407341,0.17120006680488586,0.5298299789428711,-0.06116428226232529,0.18189314007759094,0.5860987305641174,-0.054477766156196594,NO
NO,0.18204620480537415,0.7294682264328003,1.758295979925606e-07,0.23297812044620514,0.6960242986679077,-0.029724759981036186,0.2572978436946869,0.6243084669113159,-0.04896722733974457,0.2620789408683777,0.555711567401886,-0.07201173156499863,0.2759568989276886,0.49841082096099854,-0.0916287750005722,0.29167789220809937,0.5255417823791504,0.0028088486287742853,0.3136184811592102,0.44785454869270325,-0.03841276094317436,0.3141688108444214,0.4307921528816223,-0.06916066259145737,0.2962205111980438,0.46300095319747925,-0.08292392641305923,0.24563947319984436,0.5088679194450378,-0.0013864843640476465,0.26476988196372986,0.41379788517951965,-0.04594628885388374,0.2613595128059387,0.42438822984695435,-0.07217112928628922,0.25446075201034546,0.4584459364414215,-0.0794362872838974,0.19742265343666077,0.5122398138046265,-0.013355713337659836,0.19935455918312073,0.44519394636154175,-0.059693340212106705,0.20389652252197266,0.5129841566085815,-0.06975796073675156,0.20658715069293976,0.5805080533027649,-0.06309446692466736,0.14747701585292816,0.5342928171157837,-0.028114330023527145,0.15201866626739502,0.4863247573375702,-0.06107740104198456,0.165248841047287,0.5354059934616089,-0.06540685147047043,0.17957420647144318,0.5923478007316589,-0.059973761439323425,NO
NO,0.17726290225982666,0.7329581379890442,1.3300443413299945e-07,0.23262739181518555,0.6999636292457581,-0.03452416881918907,0.2559987008571625,0.6329164505004883,-0.05709724873304367,0.2642557621002197,0.5658340454101562,-0.0832122415304184,0.2751920521259308,0.5041536688804626,-0.10563111305236816,0.29424217343330383,0.5235570073127747,0.0016265573212876916,0.3160284757614136,0.4424871504306793,-0.04321950674057007,0.3096223771572113,0.4323442578315735,-0.07487501949071884,0.287148118019104,0.47363609075546265,-0.08775487542152405,0.24843309819698334,0.5063164234161377,-0.0009272845345549285,0.26694461703300476,0.4082257151603699,-0.046107519418001175,0.25487467646598816,0.43330812454223633,-0.06886646896600723,0.2502979636192322,0.4757945239543915,-0.07217063754796982,0.20118173956871033,0.5089278221130371,-0.012636067345738411,0.20267874002456665,0.4493449330329895,-0.06167619302868843,0.20061442255973816,0.5183624029159546,-0.07109230011701584,0.20383673906326294,0.5855081081390381,-0.06262105703353882,0.15059609711170197,0.5304866433143616,-0.027506457641720772,0.15216651558876038,0.4869188964366913,-0.0610126331448555,0.16148436069488525,0.5356461405754089,-0.06441792845726013,0.175620436668396,0.5932733416557312,-0.0576176717877388,NO
NO,0.17871630191802979,0.7427822351455688,1.463843801730036e-07,0.236487478017807,0.7025708556175232,-0.027206730097532272,0.2619096040725708,0.6316955089569092,-0.0458647683262825,0.2711980938911438,0.5639194250106812,-0.06925483793020248,0.28401947021484375,0.5074670314788818,-0.08936936408281326,0.29506638646125793,0.530268132686615,0.005447382107377052,0.3182900846004486,0.4508674740791321,-0.03695370629429817,0.31854337453842163,0.4360094666481018,-0.06807110458612442,0.3006499707698822,0.47167959809303284,-0.08089970052242279,0.24948571622371674,0.5129621624946594,0.00011863544204970822,0.26954013109207153,0.4141223132610321,-0.04412153363227844,0.26456886529922485,0.4284786581993103,-0.06773015111684799,0.25740349292755127,0.47069042921066284,-0.07239307463169098,0.2018635869026184,0.5152745842933655,-0.013318960554897785,0.20741091668605804,0.4493239223957062,-0.06009433791041374,0.2075147032737732,0.5145243406295776,-0.06895846873521805,0.20656122267246246,0.585317850112915,-0.06055063009262085,0.15111254155635834,0.534541666507721,-0.0294997189193964,0.15755942463874817,0.48674896359443665,-0.061418317258358,0.16793414950370789,0.5331418514251709,-0.0644010379910469,0.17877450585365295,0.5922132134437561,-0.057409901171922684,NO
NO,0.1828136444091797,0.7437096238136292,1.9829386133096705e-07,0.24248521029949188,0.7017987966537476,-0.028871946036815643,0.26567623019218445,0.6307613849639893,-0.048908133059740067,0.27361613512039185,0.5617557764053345,-0.07309135049581528,0.2919297218322754,0.5065231323242188,-0.09383587539196014,0.29724377393722534,0.5282591581344604,0.009153425693511963,0.31543877720832825,0.4510907232761383,-0.03144728019833565,0.31704139709472656,0.44078314304351807,-0.06126035749912262,0.2986346483230591,0.47495079040527344,-0.0732838585972786,0.2535041570663452,0.5120533108711243,0.004626471549272537,0.27745842933654785,0.41506558656692505,-0.03619400039315224,0.2711733877658844,0.4420178532600403,-0.057358138263225555,0.26215413212776184,0.4840950071811676,-0.059721868485212326,0.2077929973602295,0.5141639709472656,-0.008419730700552464,0.2180263102054596,0.4553886950016022,-0.054024841636419296,0.21593041718006134,0.5242093205451965,-0.06049688905477524,0.2119462788105011,0.583950400352478,-0.05005723610520363,0.15818533301353455,0.5333749651908875,-0.02421228028833866,0.16944760084152222,0.49133482575416565,-0.055055879056453705,0.17919862270355225,0.5424821972846985,-0.05518348887562752,0.18797412514686584,0.5938718318939209,-0.045731183141469955,NO
NO,0.18653634190559387,0.7454723119735718,1.6140310776791011e-07,0.24685883522033691,0.7072911262512207,-0.03382984176278114,0.27546748518943787,0.6325964331626892,-0.05439845100045204,0.28426310420036316,0.5606530904769897,-0.07750222831964493,0.3053925931453705,0.5043966174125671,-0.09712692350149155,0.3016683757305145,0.5325581431388855,-0.00181074277497828,0.3192916512489319,0.45106375217437744,-0.04425691440701485,0.32111987471580505,0.4412359595298767,-0.07753768563270569,0.308621346950531,0.4736454486846924,-0.09333700686693192,0.25861868262290955,0.5175384283065796,-0.003933627624064684,0.27795693278312683,0.41939496994018555,-0.04665849730372429,0.2811870574951172,0.43360254168510437,-0.07281292974948883,0.2783452272415161,0.46995460987091064,-0.0820581242442131,0.21291205286979675,0.5203617811203003,-0.014445644803345203,0.2238674759864807,0.45427608489990234,-0.06246715784072876,0.22791685163974762,0.5148192644119263,-0.07501577585935593,0.22297300398349762,0.5799070596694946,-0.0707564577460289,0.16344906389713287,0.5367749333381653,-0.02804478257894516,0.17705866694450378,0.49225834012031555,-0.0636037290096283,0.19019794464111328,0.536662220954895,-0.0704113021492958,0.19734294712543488,0.5886760354042053,-0.06711772829294205,NO
NO,0.18653634190559387,0.7454723119735718,1.6140310776791011e-07,0.24685883522033691,0.7072911262512207,-0.03382984176278114,0.27546748518943787,0.6325964331626892,-0.05439845100045204,0.28426310420036316,0.5606530904769897,-0.07750222831964493,0.3053925931453705,0.5043966174125671,-0.09712692350149155,0.3016683757305145,0.5325581431388855,-0.00181074277497828,0.3192916512489319,0.45106375217437744,-0.04425691440701485,0.32111987471580505,0.4412359595298767,-0.07753768563270569,0.308621346950531,0.4736454486846924,-0.09333700686693192,0.25861868262290955,0.5175384283065796,-0.003933627624064684,0.27795693278312683,0.41939496994018555,-0.04665849730372429,0.2811870574951172,0.43360254168510437,-0.07281292974948883,0.2783452272415161,0.46995460987091064,-0.0820581242442131,0.21291205286979675,0.5203617811203003,-0.014445644803345203,0.2238674759864807,0.45427608489990234,-0.06246715784072876,0.22791685163974762,0.5148192644119263,-0.07501577585935593,0.22297300398349762,0.5799070596694946,-0.0707564577460289,0.16344906389713287,0.5367749333381653,-0.02804478257894516,0.17705866694450378,0.49225834012031555,-0.0636037290096283,0.19019794464111328,0.536662220954895,-0.0704113021492958,0.19734294712543488,0.5886760354042053,-0.06711772829294205,NO
NO,0.20983092486858368,0.7289912700653076,1.4604817977215134e-07,0.2670173943042755,0.6965113282203674,-0.03253826126456261,0.2937457859516144,0.6332293748855591,-0.05295637995004654,0.3005974590778351,0.5635898113250732,-0.07567288726568222,0.31800273060798645,0.5084009170532227,-0.0950223058462143,0.3180127441883087,0.5315739512443542,-0.006108365952968597,0.3387756645679474,0.4460052251815796,-0.04767324775457382,0.3426203727722168,0.4422715902328491,-0.07857789844274521,0.33029648661613464,0.48171716928482056,-0.09249170124530792,0.27577346563339233,0.5185406804084778,-0.008211290463805199,0.29600778222084045,0.4177559018135071,-0.0497930608689785,0.2958575487136841,0.44172000885009766,-0.07368699461221695,0.29218921065330505,0.48340219259262085,-0.08107665181159973,0.23179560899734497,0.5220720171928406,-0.01791011169552803,0.24222984910011292,0.4634573459625244,-0.06377439200878143,0.2440892606973648,0.5238858461380005,-0.07333444803953171,0.24005718529224396,0.5811175107955933,-0.0677008181810379,0.18472856283187866,0.538209855556488,-0.030457675457000732,0.19781173765659332,0.5010912418365479,-0.06328252702951431,0.2074798196554184,0.5476018786430359,-0.06694822013378143,0.21266186237335205,0.5924387574195862,-0.06183924153447151,NO
NO,0.21738648414611816,0.7271225452423096,9.456813643282658e-08,0.2715756297111511,0.6972797513008118,-0.026634473353624344,0.2988510727882385,0.6325395107269287,-0.043646570295095444,0.30685853958129883,0.5650366544723511,-0.06328731775283813,0.3270840048789978,0.5153965950012207,-0.0798356756567955,0.32275691628456116,0.537984311580658,-0.007728915195912123,0.34466442465782166,0.4509875178337097,-0.045538660138845444,0.3477415442466736,0.44598153233528137,-0.07275260984897614,0.33584100008010864,0.4801267683506012,-0.08449817448854446,0.2825697362422943,0.5241948962211609,-0.011281304061412811,0.3033663332462311,0.4284640848636627,-0.04870730638504028,0.3050600290298462,0.44487127661705017,-0.06870528310537338,0.30087924003601074,0.48262321949005127,-0.07435819506645203,0.24017687141895294,0.5274046659469604,-0.0212739035487175,0.25046584010124207,0.4667253792285919,-0.06297717243432999,0.2522887587547302,0.5242197513580322,-0.07056699693202972,0.24863100051879883,0.5830059051513672,-0.06455536186695099,0.1957751214504242,0.5437450408935547,-0.03361481800675392,0.20806655287742615,0.5049914121627808,-0.06482020765542984,0.21793553233146667,0.5496529340744019,-0.06813770532608032,0.22375144064426422,0.5974167585372925,-0.06291774660348892,NO
NO,0.2266424298286438,0.7264588475227356,9.049563232110813e-08,0.28063511848449707,0.6968700885772705,-0.026717185974121094,0.30695533752441406,0.6360246539115906,-0.04436327889561653,0.31472527980804443,0.5710718035697937,-0.06464198976755142,0.33286920189857483,0.5194339156150818,-0.08200466632843018,0.3286064565181732,0.538780152797699,-0.007662910036742687,0.35156068205833435,0.4557696282863617,-0.045625973492860794,0.3552875816822052,0.4540454149246216,-0.07399559020996094,0.34151843190193176,0.4885749816894531,-0.08695176243782043,0.29026341438293457,0.5263051390647888,-0.011643916368484497,0.31219282746315,0.428164005279541,-0.04773992300033569,0.31451740860939026,0.4489704668521881,-0.06923499703407288,0.3104134202003479,0.4864034652709961,-0.07717115432024002,0.24896851181983948,0.5296947956085205,-0.021959884092211723,0.25820669531822205,0.4698580205440521,-0.06102832779288292,0.26109522581100464,0.5256416201591492,-0.06926995515823364,0.2581756114959717,0.5786601305007935,-0.0654323622584343,0.2051057070493698,0.5451977252960205,-0.0347377248108387,0.21550913155078888,0.5044708847999573,-0.06246495246887207,0.22455161809921265,0.5476024150848389,-0.06484682857990265,0.22942093014717102,0.5916706323623657,-0.060602616518735886,NO
NO,0.22993046045303345,0.7294365167617798,1.057283256500341e-07,0.28563588857650757,0.7006282210350037,-0.03063678741455078,0.30970874428749084,0.6437434554100037,-0.049587320536375046,0.3187705874443054,0.5791054964065552,-0.07082226127386093,0.33735597133636475,0.5218578577041626,-0.08956639468669891,0.3376157283782959,0.5506818294525146,-0.0038025027606636286,0.36101043224334717,0.4786537289619446,-0.04376213252544403,0.3602805435657501,0.4671494960784912,-0.07582113146781921,0.3432699143886566,0.49382105469703674,-0.09150329977273941,0.2985679805278778,0.5350040197372437,-0.006021994631737471,0.3199259638786316,0.44259732961654663,-0.04444969817996025,0.31712931394577026,0.46386128664016724,-0.07076356559991837,0.31405186653137207,0.4981292486190796,-0.08173003047704697,0.25708189606666565,0.536048948764801,-0.015308290719985962,0.2651318311691284,0.4827924370765686,-0.05555054172873497,0.26699450612068176,0.5337064266204834,-0.06936648488044739,0.2641472816467285,0.581912100315094,-0.06937624514102936,0.21154692769050598,0.5495368242263794,-0.0273539237678051,0.22304445505142212,0.5132961273193359,-0.05382148548960686,0.23182696104049683,0.5496456027030945,-0.05926783010363579,0.23783814907073975,0.5888941287994385,-0.05806738883256912,NO
NO,0.24160438776016235,0.7293885946273804,6.446501288337458e-08,0.29875266551971436,0.6975955963134766,-0.023064443841576576,0.32242926955223083,0.6427244544029236,-0.03811417520046234,0.33346185088157654,0.5809412598609924,-0.05641893669962883,0.35325974225997925,0.5302791595458984,-0.07194890826940536,0.34741127490997314,0.5570697784423828,0.0011274854186922312,0.3758203387260437,0.4888956546783447,-0.03276606649160385,0.37424206733703613,0.4833363890647888,-0.05763585865497589,0.3596296012401581,0.5101948380470276,-0.06814052909612656,0.3109476566314697,0.5429038405418396,-0.0024915942922234535,0.3314499258995056,0.4549027383327484,-0.035392895340919495,0.33186423778533936,0.4710421562194824,-0.05339356139302254,0.3305971324443817,0.5030127167701721,-0.0584571436047554,0.27193596959114075,0.5437411665916443,-0.012468504719436169,0.28549009561538696,0.4956538677215576,-0.05052683874964714,0.2842657268047333,0.5492590665817261,-0.056545890867710114,0.2788163125514984,0.5988497734069824,-0.04979142174124718,0.23030684888362885,0.5551664233207703,-0.024573713541030884,0.24652200937271118,0.5176164507865906,-0.05046850070357323,0.25507715344429016,0.5573869943618774,-0.050594672560691833,0.2588123679161072,0.5984829068183899,-0.04381214454770088,NO
NO,0.24962031841278076,0.7349132895469666,-5.531000102365624e-10,0.3056722581386566,0.701173722743988,-0.021986138075590134,0.3296544551849365,0.6448132395744324,-0.03703024610877037,0.3418267071247101,0.5835128426551819,-0.055330924689769745,0.36148276925086975,0.5311915278434753,-0.07099927216768265,0.35310155153274536,0.5585148930549622,-0.0003171444986946881,0.37574541568756104,0.48782622814178467,-0.03335552290081978,0.369597464799881,0.4897155165672302,-0.05825464800000191,0.3546384572982788,0.5216030478477478,-0.06965500116348267,0.3181231617927551,0.5461976528167725,-0.004620054271072149,0.33846569061279297,0.4608549475669861,-0.03559217229485512,0.3357146978378296,0.4807422459125519,-0.05329613760113716,0.3331318497657776,0.5140563249588013,-0.059510014951229095,0.2799387574195862,0.548053503036499,-0.015007027424871922,0.2922855317592621,0.4972802400588989,-0.04977843537926674,0.2907726764678955,0.5507605075836182,-0.05513373017311096,0.28602248430252075,0.6011127829551697,-0.05000310391187668,0.23888583481311798,0.5607986450195312,-0.027645980939269066,0.25266945362091064,0.522977352142334,-0.051633257418870926,0.2608368694782257,0.5624399185180664,-0.051985964179039,0.2652054727077484,0.6025437712669373,-0.04675552621483803,NO
NO,0.25611990690231323,0.7336618900299072,4.830411626244313e-09,0.30987992882728577,0.7032685279846191,-0.023286495357751846,0.3353842496871948,0.648097038269043,-0.037687476724386215,0.3489113450050354,0.5896414518356323,-0.05468141660094261,0.367022842168808,0.5393162369728088,-0.06893986463546753,0.35992246866226196,0.5688267350196838,-0.002213489729911089,0.3856525123119354,0.5003937482833862,-0.033907368779182434,0.37820950150489807,0.4940975308418274,-0.05897589772939682,0.36147579550743103,0.5185869336128235,-0.07105262577533722,0.3254544138908386,0.5561540722846985,-0.00516692828387022,0.3434712588787079,0.4762212038040161,-0.034347884356975555,0.3435273766517639,0.4827215075492859,-0.05264820531010628,0.34269851446151733,0.5060707926750183,-0.06103619933128357,0.28785133361816406,0.5562644004821777,-0.014214747585356236,0.30048030614852905,0.5059918165206909,-0.0468282513320446,0.29950547218322754,0.5531398057937622,-0.05351140350103378,0.2932390570640564,0.6021857857704163,-0.0507638156414032,0.24831295013427734,0.5650627017021179,-0.02579461596906185,0.263238787651062,0.5304427146911621,-0.04877157136797905,0.2683735191822052,0.5652124881744385,-0.05053156986832619,0.26894670724868774,0.6016042828559875,-0.04725753888487816,NO
NO,0.2628691792488098,0.7350122928619385,2.4210532245660943e-08,0.3148745596408844,0.7038859128952026,-0.02108016610145569,0.34007203578948975,0.647722601890564,-0.034636784344911575,0.3537376821041107,0.5886679887771606,-0.05063323304057121,0.37360167503356934,0.5409718751907349,-0.06381870061159134,0.3628953695297241,0.5702282786369324,-0.0021484349854290485,0.38616541028022766,0.5017419457435608,-0.0310483630746603,0.38451725244522095,0.49697035551071167,-0.052590206265449524,0.37399178743362427,0.5201483964920044,-0.06273005902767181,0.3295116126537323,0.5578068494796753,-0.005317571572959423,0.3475125730037689,0.4804694950580597,-0.032557614147663116,0.35007330775260925,0.48934152722358704,-0.04721315950155258,0.35062646865844727,0.5113787651062012,-0.05276130512356758,0.29264771938323975,0.5589842200279236,-0.014097006060183048,0.3040422797203064,0.505210280418396,-0.04550398141145706,0.30490535497665405,0.5537986159324646,-0.04915078356862068,0.3013061583042145,0.6021522879600525,-0.044180046766996384,0.2545435428619385,0.5702047348022461,-0.025128338485956192,0.26756420731544495,0.5359466671943665,-0.04844415932893753,0.27544963359832764,0.572287917137146,-0.049488507211208344,0.27979302406311035,0.608501136302948,-0.04523596540093422,NO
NO,0.2675876021385193,0.7346764802932739,5.494130483896242e-09,0.3188703954219818,0.705260157585144,-0.019333740696310997,0.344379723072052,0.6514062881469727,-0.03224178031086922,0.3576747477054596,0.5929064154624939,-0.04807931184768677,0.37656596302986145,0.5456914901733398,-0.06109451502561569,0.3641984164714813,0.5722306370735168,-0.001043182797729969,0.3876550495624542,0.5028424859046936,-0.030112432315945625,0.38312217593193054,0.49812841415405273,-0.050839219242334366,0.37014591693878174,0.5237230062484741,-0.05962422490119934,0.3314063847064972,0.5604454874992371,-0.004767270293086767,0.35279378294944763,0.4841008186340332,-0.032194800674915314,0.3525365889072418,0.49266213178634644,-0.04569116234779358,0.3506183624267578,0.5155535936355591,-0.04927993193268776,0.29557788372039795,0.5618966221809387,-0.013924919068813324,0.3085344433784485,0.5105677247047424,-0.0447404570877552,0.30701184272766113,0.5606957674026489,-0.04635309800505638,0.3023712933063507,0.6097065806388855,-0.03913745656609535,0.2585388720035553,0.5733240246772766,-0.025279784575104713,0.2724662721157074,0.5376579165458679,-0.04682737588882446,0.27983376383781433,0.5730254054069519,-0.04560266062617302,0.28381240367889404,0.608941912651062,-0.03928448259830475,NO
NO,0.2689746618270874,0.7386766076087952,4.8269150454416376e-08,0.3218369781970978,0.7085676193237305,-0.01981266401708126,0.3476549983024597,0.6538418531417847,-0.03225100412964821,0.36161428689956665,0.595906138420105,-0.04775165766477585,0.38252151012420654,0.5483231544494629,-0.06055393069982529,0.3626609146595001,0.5728632211685181,0.002879525301977992,0.3840542435646057,0.5056401491165161,-0.02633517049252987,0.3843621611595154,0.5006687641143799,-0.048229023814201355,0.3733610212802887,0.5259762406349182,-0.05765211582183838,0.33181232213974,0.5631621479988098,-0.0003626793040893972,0.35202598571777344,0.48941850662231445,-0.027402343228459358,0.35667648911476135,0.495836466550827,-0.042341288179159164,0.35688695311546326,0.5161983370780945,-0.047288428992033005,0.2969174385070801,0.5650331377983093,-0.009547030553221703,0.31098413467407227,0.5160462260246277,-0.04169737175107002,0.31104058027267456,0.56783127784729,-0.044721003621816635,0.3060227632522583,0.616644561290741,-0.03792702034115791,0.25945809483528137,0.575546145439148,-0.020843055099248886,0.27499687671661377,0.5379114151000977,-0.0433492474257946,0.28272461891174316,0.5759562253952026,-0.04257196933031082,0.28553974628448486,0.6140123605728149,-0.03632427006959915,NO
NO,0.2709859311580658,0.7397783994674683,6.335278612823458e-08,0.3222001791000366,0.7115278244018555,-0.02196558564901352,0.34889286756515503,0.6582836508750916,-0.035402096807956696,0.36428457498550415,0.599671483039856,-0.051164619624614716,0.38488826155662537,0.5516660213470459,-0.0640830248594284,0.3624437153339386,0.5766150951385498,-0.0017346562817692757,0.38538795709609985,0.509444534778595,-0.030775241553783417,0.3865795433521271,0.5054705739021301,-0.052118562161922455,0.3758365213871002,0.5327889919281006,-0.06143947318196297,0.3323524594306946,0.5670974850654602,-0.003972313366830349,0.3533988893032074,0.4931715130805969,-0.030658213421702385,0.3575649857521057,0.5013982653617859,-0.045067183673381805,0.3569446802139282,0.5249045491218567,-0.05021335929632187,0.29817721247673035,0.5696014761924744,-0.011984453536570072,0.3116316795349121,0.5221749544143677,-0.04267118126153946,0.31213822960853577,0.5696094036102295,-0.04543817788362503,0.3074164390563965,0.6159225702285767,-0.03957979008555412,0.26176917552948,0.5799229145050049,-0.022362368181347847,0.27560538053512573,0.5437719821929932,-0.044046349823474884,0.283602774143219,0.5784055590629578,-0.04374626651406288,0.28669503331184387,0.6143513917922974,-0.038474295288324356,NO
NO,0.2709859311580658,0.7397783994674683,6.335278612823458e-08,0.3222001791000366,0.7115278244018555,-0.02196558564901352,0.34889286756515503,0.6582836508750916,-0.035402096807956696,0.36428457498550415,0.599671483039856,-0.051164619624614716,0.38488826155662537,0.5516660213470459,-0.0640830248594284,0.3624437153339386,0.5766150951385498,-0.0017346562817692757,0.38538795709609985,0.509444534778595,-0.030775241553783417,0.3865795433521271,0.5054705739021301,-0.052118562161922455,0.3758365213871002,0.5327889919281006,-0.06143947318196297,0.3323524594306946,0.5670974850654602,-0.003972313366830349,0.3533988893032074,0.4931715130805969,-0.030658213421702385,0.3575649857521057,0.5013982653617859,-0.045067183673381805,0.3569446802139282,0.5249045491218567,-0.05021335929632187,0.29817721247673035,0.5696014761924744,-0.011984453536570072,0.3116316795349121,0.5221749544143677,-0.04267118126153946,0.31213822960853577,0.5696094036102295,-0.04543817788362503,0.3074164390563965,0.6159225702285767,-0.03957979008555412,0.26176917552948,0.5799229145050049,-0.022362368181347847,0.27560538053512573,0.5437719821929932,-0.044046349823474884,0.283602774143219,0.5784055590629578,-0.04374626651406288,0.28669503331184387,0.6143513917922974,-0.038474295288324356,NO
NO,0.2713066041469574,0.7405499219894409,2.4832010225850354e-08,0.32375359535217285,0.7097201347351074,-0.017428115010261536,0.3495178818702698,0.6547399759292603,-0.028668060898780823,0.36526116728782654,0.5979785323143005,-0.04315042868256569,0.38676583766937256,0.5532252192497253,-0.05500468239188194,0.36458712816238403,0.5790128707885742,0.003043650882318616,0.3873386085033417,0.5123074650764465,-0.02399056777358055,0.38693755865097046,0.5069911479949951,-0.04394129663705826,0.3757877051830292,0.5318667888641357,-0.0525246225297451,0.33410564064979553,0.569344162940979,-0.0008939901599660516,0.3546276390552521,0.497172474861145,-0.025626322254538536,0.3576565980911255,0.5028169751167297,-0.03873457759618759,0.3569130599498749,0.5238026976585388,-0.04318641871213913,0.299294650554657,0.5714708566665649,-0.010293517261743546,0.3123847544193268,0.5217306017875671,-0.038928039371967316,0.31239053606987,0.5686813592910767,-0.04058128595352173,0.30798444151878357,0.615906834602356,-0.03421512246131897,0.2627906799316406,0.5815683007240295,-0.02176406793296337,0.27636781334877014,0.5434804558753967,-0.041659045964479446,0.2840060591697693,0.5774138569831848,-0.04027300328016281,0.2873074412345886,0.6143798232078552,-0.034387361258268356,NO
NO,0.2708492875099182,0.7407020330429077,3.547743432363859e-08,0.3215503990650177,0.7125884890556335,-0.022227423265576363,0.3479072153568268,0.6582340002059937,-0.036348339170217514,0.36272668838500977,0.5996924042701721,-0.05302691459655762,0.38440263271331787,0.5541369915008545,-0.06698648631572723,0.36448541283607483,0.577381432056427,-0.0024971270468086004,0.3869081437587738,0.5083122253417969,-0.03234642744064331,0.3865455389022827,0.5047973394393921,-0.053797174245119095,0.37583261728286743,0.5324051380157471,-0.06291628628969193,0.33326321840286255,0.5681365728378296,-0.005121859721839428,0.35446056723594666,0.4928813874721527,-0.03304387256503105,0.35682862997055054,0.5012001991271973,-0.04756587743759155,0.35584089159965515,0.5243100523948669,-0.05204182490706444,0.2986002564430237,0.570638120174408,-0.013562404550611973,0.3124297857284546,0.5206854343414307,-0.045462559908628464,0.3117597997188568,0.5695920586585999,-0.048158545047044754,0.30650031566619873,0.6179637908935547,-0.04146425426006317,0.2619273066520691,0.581250011920929,-0.024366147816181183,0.27410903573036194,0.5405389666557312,-0.0467471182346344,0.2819404900074005,0.5752139687538147,-0.04616555944085121,0.2854151129722595,0.6130828261375427,-0.04019022360444069,NO
NO,0.27016493678092957,0.7431613206863403,2.14462030356799e-08,0.3220781683921814,0.7102346420288086,-0.018140126019716263,0.34725168347358704,0.6550832390785217,-0.030397962778806686,0.36121031641960144,0.5972423553466797,-0.045941099524497986,0.3821393847465515,0.5523955225944519,-0.058929137885570526,0.36045676469802856,0.5718909502029419,0.0017234242986887693,0.3785783350467682,0.5028672814369202,-0.02508707158267498,0.3800196945667267,0.5023245215415955,-0.043977733701467514,0.37341123819351196,0.5328328013420105,-0.05143997073173523,0.3296167254447937,0.5643496513366699,-0.0019322419539093971,0.34860578179359436,0.4892371892929077,-0.026483431458473206,0.35237035155296326,0.4994341731071472,-0.03782058134675026,0.3535946309566498,0.5237308740615845,-0.04010455682873726,0.29561150074005127,0.5681219696998596,-0.011122745461761951,0.31092289090156555,0.5182127952575684,-0.04063708335161209,0.3111870288848877,0.5692583918571472,-0.04130930453538895,0.306576132774353,0.6188977956771851,-0.03314686566591263,0.25936150550842285,0.5808402895927429,-0.02240733616054058,0.27490535378456116,0.5405879616737366,-0.04316315799951553,0.28516286611557007,0.5758410096168518,-0.0414460152387619,0.28966936469078064,0.6138442158699036,-0.03457557410001755,NO
NO,0.268277108669281,0.7391700148582458,4.8313076206341066e-08,0.31896698474884033,0.7093843221664429,-0.01925000734627247,0.3448675870895386,0.653823971748352,-0.031181301921606064,0.357767254114151,0.5956799983978271,-0.04585191607475281,0.3765810430049896,0.5487611293792725,-0.05789642035961151,0.36054879426956177,0.5751919746398926,4.166495273238979e-05,0.3816439211368561,0.5072401165962219,-0.028454391285777092,0.3830496370792389,0.5042037963867188,-0.049368660897016525,0.37367933988571167,0.5316925644874573,-0.058316607028245926,0.3291456401348114,0.5644261240959167,-0.003317391499876976,0.34815144538879395,0.4895334541797638,-0.029676740989089012,0.3541429936885834,0.4961056709289551,-0.04379994422197342,0.35511887073516846,0.5186561346054077,-0.048609621822834015,0.2941909432411194,0.567099928855896,-0.012243770062923431,0.30545324087142944,0.5158411860466003,-0.04249187931418419,0.3065233528614044,0.564143180847168,-0.04547211155295372,0.3025413751602173,0.6126400828361511,-0.03963061422109604,0.25725170969963074,0.57884681224823,-0.023290468379855156,0.26926389336586,0.5395845770835876,-0.04461728036403656,0.2776738703250885,0.5735092163085938,-0.04439229145646095,0.28194311261177063,0.6097515225410461,-0.03917800635099411,NO
NO,0.2585349678993225,0.7374972105026245,2.4471956905358638e-08,0.31091439723968506,0.7064113616943359,-0.020160987973213196,0.33478376269340515,0.6512904763221741,-0.033028047531843185,0.3453378677368164,0.5919761657714844,-0.04897009953856468,0.36368510127067566,0.5428723692893982,-0.06230732426047325,0.3566993474960327,0.5698401927947998,-8.458270713163074e-06,0.3805118203163147,0.5010326504707336,-0.030599916353821754,0.37842148542404175,0.4976409673690796,-0.05317419022321701,0.36556753516197205,0.5256363749504089,-0.06294658035039902,0.3220021724700928,0.5572093725204468,-0.004090333357453346,0.340983510017395,0.4761398434638977,-0.03290071710944176,0.3431505262851715,0.48700952529907227,-0.04868190363049507,0.34327661991119385,0.5136922597885132,-0.05374392494559288,0.28463804721832275,0.5598042607307434,-0.013963112607598305,0.2972481846809387,0.50938880443573,-0.04714912921190262,0.2964944839477539,0.5593113899230957,-0.052154045552015305,0.2919876277446747,0.6085671782493591,-0.04673931375145912,0.24512122571468353,0.5730889439582825,-0.025927143171429634,0.25805315375328064,0.5358155369758606,-0.049432434141635895,0.2675374746322632,0.5711477994918823,-0.050422098487615585,0.2736530900001526,0.6087517738342285,-0.04553570970892906,NO
NO,0.2503352165222168,0.7447428703308105,1.994604259536459e-09,0.30495738983154297,0.7111682891845703,-0.020492445677518845,0.32872042059898376,0.6549137234687805,-0.03321782499551773,0.34021908044815063,0.5917765498161316,-0.04941190406680107,0.36040598154067993,0.544052243232727,-0.06296569854021072,0.35069283843040466,0.5754514336585999,0.002636813558638096,0.3763114809989929,0.5020103454589844,-0.028264060616493225,0.3750942647457123,0.49442124366760254,-0.05164580047130585,0.3646359443664551,0.5181756615638733,-0.062157731503248215,0.3163420259952545,0.5617853999137878,-0.0014779518824070692,0.33648785948753357,0.47631022334098816,-0.03247317671775818,0.3373856246471405,0.4851594567298889,-0.05014260485768318,0.3356836438179016,0.5125234723091125,-0.05606357380747795,0.27895066142082214,0.5623862743377686,-0.011521385051310062,0.29243239760398865,0.5044642686843872,-0.046600356698036194,0.2894093096256256,0.5553443431854248,-0.05222000554203987,0.28276556730270386,0.608887255191803,-0.0465238131582737,0.23903581500053406,0.5732952952384949,-0.023717395961284637,0.24983960390090942,0.5312376618385315,-0.04839461296796799,0.25809359550476074,0.5654051303863525,-0.04984712228178978,0.26286521553993225,0.604520857334137,-0.04488680511713028,NO
NO,0.244312584400177,0.7468006014823914,7.84840903378381e-09,0.2989562749862671,0.7147265076637268,-0.0221801046282053,0.32268962264060974,0.6576749682426453,-0.036468327045440674,0.33341312408447266,0.5942248106002808,-0.053827084600925446,0.35374969244003296,0.5478236079216003,-0.06822925060987473,0.3451383411884308,0.5708679556846619,5.038590097683482e-05,0.37052515149116516,0.4955780506134033,-0.03138267993927002,0.36890408396720886,0.49216556549072266,-0.054899539798498154,0.3569870591163635,0.5190606117248535,-0.06553713232278824,0.30973881483078003,0.5582525134086609,-0.0034864963963627815,0.3320010006427765,0.4704687297344208,-0.03457457572221756,0.3325425684452057,0.48549771308898926,-0.0514124259352684,0.3293085992336273,0.5166143774986267,-0.056607626378536224,0.2718782126903534,0.5595216155052185,-0.012941242195665836,0.28835347294807434,0.502363920211792,-0.048097752034664154,0.2848978340625763,0.555808961391449,-0.051937028765678406,0.27657350897789,0.6074967980384827,-0.04502488672733307,0.23177042603492737,0.5709513425827026,-0.024656780064105988,0.24650675058364868,0.5336359143257141,-0.049664273858070374,0.2523559629917145,0.5726927518844604,-0.049520574510097504,0.2531577944755554,0.6112825274467468,-0.04313765838742256,NO
NO,0.23928816616535187,0.747678279876709,2.6418625509450067e-08,0.2935083210468292,0.7155655026435852,-0.02236010879278183,0.3179689943790436,0.6584608554840088,-0.037042856216430664,0.32877227663993835,0.5954442620277405,-0.05492560192942619,0.3486703336238861,0.5452111959457397,-0.07013755291700363,0.34053701162338257,0.5726914405822754,-0.00033087667543441057,0.36540740728378296,0.5023480653762817,-0.033474668860435486,0.3618028461933136,0.498390257358551,-0.057920318096876144,0.3466780185699463,0.5267354249954224,-0.06875313818454742,0.30434921383857727,0.5580998063087463,-0.00476473243907094,0.32763373851776123,0.4705324172973633,-0.03685985133051872,0.32697853446006775,0.4848843514919281,-0.05449489504098892,0.3228525221347809,0.5157043933868408,-0.05995918810367584,0.26469093561172485,0.5601171255111694,-0.015268000774085522,0.27868664264678955,0.50206059217453,-0.05173703283071518,0.27574342489242554,0.5567711591720581,-0.05639919266104698,0.26853838562965393,0.6112006306648254,-0.049677107483148575,0.2223099172115326,0.5735167264938354,-0.02793652005493641,0.2336588203907013,0.5307154655456543,-0.05346253514289856,0.24277378618717194,0.5662475824356079,-0.053654398769140244,0.24778565764427185,0.606293797492981,-0.047519177198410034,NO
NO,0.23247094452381134,0.7563680410385132,1.6269051883455177e-08,0.28899523615837097,0.7192912101745605,-0.019863471388816833,0.3128510117530823,0.6607552170753479,-0.03314856067299843,0.3219856321811676,0.5963351726531982,-0.05008527263998985,0.3398623764514923,0.5450927019119263,-0.06448588520288467,0.3318383991718292,0.5721851587295532,0.0029802690260112286,0.35553064942359924,0.4950016736984253,-0.03019491396844387,0.35452353954315186,0.4974876046180725,-0.054628193378448486,0.3398164212703705,0.532312273979187,-0.06476818025112152,0.2946833074092865,0.5593520402908325,-0.0023824875243008137,0.31758055090904236,0.4620751440525055,-0.03384217247366905,0.3171883821487427,0.48540595173835754,-0.05197072774171829,0.3127745985984802,0.5243569612503052,-0.057077523320913315,0.2548419237136841,0.563077449798584,-0.013481572270393372,0.2688189744949341,0.5094270706176758,-0.04891584813594818,0.26634469628334045,0.561891496181488,-0.054045286029577255,0.25963103771209717,0.610605776309967,-0.04734838753938675,0.2124614715576172,0.578126847743988,-0.026399405673146248,0.22341996431350708,0.5341741442680359,-0.04898744821548462,0.23226745426654816,0.5705890655517578,-0.04696061089634895,0.23592519760131836,0.6104316711425781,-0.039292484521865845,NO
NO,0.22517216205596924,0.7588772177696228,6.553256781671735e-08,0.279803067445755,0.7278474569320679,-0.0314299650490284,0.30655378103256226,0.6685643196105957,-0.050903111696243286,0.31690025329589844,0.6018434762954712,-0.07220409065485,0.3363206386566162,0.5494886040687561,-0.09035587310791016,0.3330328166484833,0.5701947808265686,-0.006612622644752264,0.35939809679985046,0.49483606219291687,-0.04355954751372337,0.35928013920783997,0.4855586290359497,-0.07063347846269608,0.3461245000362396,0.5139453411102295,-0.08310595154762268,0.293825626373291,0.5555235743522644,-0.008337457664310932,0.3182525336742401,0.4583461582660675,-0.04494395852088928,0.31416019797325134,0.48075613379478455,-0.06428834795951843,0.3093661367893219,0.5192594528198242,-0.0694391205906868,0.2527724802494049,0.5588575005531311,-0.01700594276189804,0.26359614729881287,0.5039615631103516,-0.05773836374282837,0.2631540298461914,0.5591455101966858,-0.06417125463485718,0.25922152400016785,0.6116074323654175,-0.05777882784605026,0.2094646692276001,0.5737046599388123,-0.02859705686569214,0.22099624574184418,0.5385526418685913,-0.05792154371738434,0.2281767725944519,0.5804651975631714,-0.05969977751374245,0.2321588099002838,0.6218968629837036,-0.05398639291524887,NO
NO,0.22234565019607544,0.7600055932998657,4.54750725964459e-08,0.2755449712276459,0.7297504544258118,-0.030674727633595467,0.3022725582122803,0.6700243949890137,-0.05003877729177475,0.3113783597946167,0.6026988625526428,-0.07129576802253723,0.32940909266471863,0.5482105612754822,-0.08926182985305786,0.3278380036354065,0.570896327495575,-0.0092857014387846,0.3515743613243103,0.492163747549057,-0.04929815232753754,0.34854942560195923,0.4894305467605591,-0.07763701677322388,0.3311063051223755,0.5258934497833252,-0.08982246369123459,0.28767839074134827,0.5575998425483704,-0.011667254380881786,0.31004202365875244,0.4568195939064026,-0.0502876453101635,0.3068203032016754,0.47982391715049744,-0.07039535790681839,0.3007500469684601,0.5208412408828735,-0.07553628832101822,0.24561861157417297,0.5621628165245056,-0.0209620650857687,0.2524082064628601,0.5051712989807129,-0.0635833814740181,0.2545264959335327,0.5636931657791138,-0.07103804498910904,0.2528841197490692,0.6192328929901123,-0.06464408338069916,0.20130231976509094,0.5786712169647217,-0.03290975093841553,0.21188391745090485,0.5386848449707031,-0.06311168521642685,0.22069963812828064,0.5828936696052551,-0.0648680254817009,0.22564563155174255,0.6283296942710876,-0.058808065950870514,NO
NO,0.21476998925209045,0.7650962471961975,9.039120385523347e-08,0.26893794536590576,0.7374954223632812,-0.03227556124329567,0.2976408898830414,0.6759265065193176,-0.052456337958574295,0.307374507188797,0.6077213287353516,-0.07466720044612885,0.32438895106315613,0.5533508062362671,-0.09313724935054779,0.3236069083213806,0.5736130475997925,-0.009447149001061916,0.3500029146671295,0.490485280752182,-0.050574593245983124,0.3494730591773987,0.4825589656829834,-0.07968783378601074,0.3332488536834717,0.5192990899085999,-0.09209533035755157,0.28237658739089966,0.5596731305122375,-0.011224544607102871,0.30523326992988586,0.4583454132080078,-0.0521678552031517,0.30228662490844727,0.4781907796859741,-0.073683001101017,0.29660531878471375,0.5208427906036377,-0.07928130030632019,0.2395690381526947,0.5633458495140076,-0.020184021443128586,0.24918076395988464,0.5046921968460083,-0.06378914415836334,0.2516726851463318,0.5630006194114685,-0.07137928158044815,0.24950897693634033,0.6220553517341614,-0.06475168466567993,0.1955062448978424,0.5791305899620056,-0.032143302261829376,0.2080342173576355,0.5409667491912842,-0.06340288370847702,0.21689821779727936,0.5851898789405823,-0.06617701053619385,0.2216324806213379,0.6318782567977905,-0.06045175716280937,NO
NO,0.21476998925209045,0.7650962471961975,9.039120385523347e-08,0.26893794536590576,0.7374954223632812,-0.03227556124329567,0.2976408898830414,0.6759265065193176,-0.052456337958574295,0.307374507188797,0.6077213287353516,-0.07466720044612885,0.32438895106315613,0.5533508062362671,-0.09313724935054779,0.3236069083213806,0.5736130475997925,-0.009447149001061916,0.3500029146671295,0.490485280752182,-0.050574593245983124,0.3494730591773987,0.4825589656829834,-0.07968783378601074,0.3332488536834717,0.5192990899085999,-0.09209533035755157,0.28237658739089966,0.5596731305122375,-0.011224544607102871,0.30523326992988586,0.4583454132080078,-0.0521678552031517,0.30228662490844727,0.4781907796859741,-0.073683001101017,0.29660531878471375,0.5208427906036377,-0.07928130030632019,0.2395690381526947,0.5633458495140076,-0.020184021443128586,0.24918076395988464,0.5046921968460083,-0.06378914415836334,0.2516726851463318,0.5630006194114685,-0.07137928158044815,0.24950897693634033,0.6220553517341614,-0.06475168466567993,0.1955062448978424,0.5791305899620056,-0.032143302261829376,0.2080342173576355,0.5409667491912842,-0.06340288370847702,0.21689821779727936,0.5851898789405823,-0.06617701053619385,0.2216324806213379,0.6318782567977905,-0.06045175716280937,NO
NO,0.21214330196380615,0.7679219245910645,9.599327199794061e-08,0.26565590500831604,0.7409197688102722,-0.0358506441116333,0.29421478509902954,0.6811138391494751,-0.05797308310866356,0.30333924293518066,0.6144476532936096,-0.08114965260028839,0.31827235221862793,0.5568268299102783,-0.10013801604509354,0.3237224221229553,0.572454035282135,-0.012956967577338219,0.3490504324436188,0.48987093567848206,-0.05419529601931572,0.3490641713142395,0.4820895791053772,-0.08226903527975082,0.3322228491306305,0.5203721523284912,-0.0938035398721695,0.27994242310523987,0.5571324825286865,-0.013630839996039867,0.3004190921783447,0.45408594608306885,-0.054931655526161194,0.29628852009773254,0.4816761612892151,-0.07373996078968048,0.2913166582584381,0.5284224152565002,-0.07669573277235031,0.2354116439819336,0.5607209205627441,-0.021895194426178932,0.24362635612487793,0.5071565508842468,-0.06690438836812973,0.24546168744564056,0.5696889758110046,-0.0723385140299797,0.24430525302886963,0.6265681385993958,-0.0637560561299324,0.1895620971918106,0.5772420763969421,-0.03347522020339966,0.20104411244392395,0.5434171557426453,-0.06626436859369278,0.20937824249267578,0.591647207736969,-0.06797122210264206,0.21552857756614685,0.6373430490493774,-0.06103355064988136,NO
NO,0.20957225561141968,0.7718234658241272,9.258553035351724e-08,0.26543962955474854,0.7406174540519714,-0.03285862132906914,0.2941131293773651,0.6779740452766418,-0.05361683666706085,0.30055713653564453,0.6098655462265015,-0.07600913196802139,0.31407126784324646,0.5531535148620605,-0.0945061519742012,0.31911441683769226,0.5716457962989807,-0.011248861439526081,0.3406691253185272,0.48755937814712524,-0.053927499800920486,0.34054726362228394,0.48620110750198364,-0.08324737846851349,0.3256295919418335,0.5286808013916016,-0.09544889628887177,0.2747052013874054,0.5587901473045349,-0.013763624243438244,0.2954651713371277,0.4556812644004822,-0.056796200573444366,0.29244545102119446,0.48463183641433716,-0.07688082754611969,0.2872135043144226,0.5313074588775635,-0.08024531602859497,0.22902940213680267,0.5645330548286438,-0.023703772574663162,0.2368905246257782,0.5099808573722839,-0.07098648697137833,0.23894530534744263,0.576017439365387,-0.07664868235588074,0.23848041892051697,0.633466362953186,-0.0673293024301529,0.18126267194747925,0.5831598043441772,-0.036547280848026276,0.1938636302947998,0.5468993782997131,-0.07067981362342834,0.20426015555858612,0.5974566340446472,-0.07181444019079208,0.21278776228427887,0.6433597803115845,-0.0639948770403862,NO
NO,0.2042747139930725,0.7755776047706604,9.154151570101021e-08,0.26051899790763855,0.7456804513931274,-0.038037847727537155,0.28999873995780945,0.6866253614425659,-0.06266488879919052,0.2976539731025696,0.6216042041778564,-0.08852242678403854,0.3096980154514313,0.5601862668991089,-0.11054450273513794,0.3158561587333679,0.5696200132369995,-0.01403271034359932,0.3376277685165405,0.4897473454475403,-0.05768894776701927,0.3347599506378174,0.4903688132762909,-0.08833751082420349,0.317349374294281,0.5316677093505859,-0.10210244357585907,0.27062907814979553,0.5567567348480225,-0.015663785859942436,0.2920685410499573,0.45531851053237915,-0.059593699872493744,0.2855118215084076,0.49188756942749023,-0.08136836439371109,0.28017744421958923,0.539530336856842,-0.08630288392305374,0.224623441696167,0.5630985498428345,-0.02523641847074032,0.23308034241199493,0.5083670020103455,-0.07261199504137039,0.2363084852695465,0.573891282081604,-0.079759381711483,0.23602375388145447,0.6312848329544067,-0.07224619388580322,0.17639915645122528,0.5832169055938721,-0.038226377218961716,0.1876167356967926,0.5452343821525574,-0.07179418951272964,0.19955463707447052,0.5931800007820129,-0.07397857308387756,0.20844042301177979,0.6396562457084656,-0.06774093210697174,NO
NO,0.20026329159736633,0.7789274454116821,1.557332325319294e-07,0.25709080696105957,0.7507426738739014,-0.042328838258981705,0.2836425006389618,0.6924775242805481,-0.07144440710544586,0.2913814187049866,0.627896785736084,-0.10172533243894577,0.30327531695365906,0.5662941932678223,-0.12774765491485596,0.3129751980304718,0.5674212574958801,-0.017514465376734734,0.3321651816368103,0.48771581053733826,-0.06508603692054749,0.3278563618659973,0.49266761541366577,-0.09671886265277863,0.3091661036014557,0.540644645690918,-0.10987716913223267,0.2660762369632721,0.5547080039978027,-0.018047014251351357,0.28680652379989624,0.4527240991592407,-0.06526714563369751,0.27853286266326904,0.49449121952056885,-0.08606579899787903,0.274193674325943,0.5431976914405823,-0.08853509277105331,0.21956615149974823,0.5607747435569763,-0.027422908693552017,0.22607910633087158,0.511644721031189,-0.0783727690577507,0.22868722677230835,0.5812321901321411,-0.08546433597803116,0.22923710942268372,0.6385722756385803,-0.07622647285461426,0.17053845524787903,0.5816537737846375,-0.04052149876952171,0.18055380880832672,0.5480291247367859,-0.07580311596393585,0.19337989389896393,0.5998262166976929,-0.07825087010860443,0.2039293497800827,0.6484440565109253,-0.07116526365280151,NO
NO,0.20304927229881287,0.7770112752914429,1.416776598262004e-07,0.2598631680011749,0.7500215172767639,-0.04045958071947098,0.2878709137439728,0.6906766295433044,-0.0684560090303421,0.2939646542072296,0.6257766485214233,-0.09767541289329529,0.30513980984687805,0.5661941766738892,-0.12277854233980179,0.31530895829200745,0.5646633505821228,-0.019501229748129845,0.33502811193466187,0.4860798418521881,-0.06802575290203094,0.32976388931274414,0.4934889078140259,-0.10076083987951279,0.31094589829444885,0.5412852168083191,-0.11470406502485275,0.26841023564338684,0.5511808395385742,-0.02106318064033985,0.2879504859447479,0.45140740275382996,-0.0693710446357727,0.28180718421936035,0.48997962474823,-0.09124796837568283,0.2763466536998749,0.5391989946365356,-0.0947280079126358,0.22143763303756714,0.5576304197311401,-0.031033890321850777,0.22647519409656525,0.5089120864868164,-0.08270743489265442,0.23032300174236298,0.5793460011482239,-0.09029287844896317,0.23146262764930725,0.6391158103942871,-0.0813247561454773,0.17215359210968018,0.5792689919471741,-0.044508326798677444,0.18185734748840332,0.5463594198226929,-0.08074074983596802,0.195121169090271,0.5986688137054443,-0.08344767242670059,0.20607775449752808,0.6480982303619385,-0.07628931850194931,NO
NO,0.2042188048362732,0.7812230587005615,1.2854891906499688e-07,0.26044440269470215,0.7515096664428711,-0.038399629294872284,0.28918975591659546,0.6920424103736877,-0.06377243995666504,0.29633525013923645,0.6275380849838257,-0.09059692919254303,0.30713605880737305,0.5663556456565857,-0.11381728947162628,0.3174252212047577,0.5709738731384277,-0.014902984723448753,0.33631035685539246,0.4909839630126953,-0.06054970249533653,0.3335464298725128,0.4875304400920868,-0.09329351037740707,0.3165290355682373,0.5283288955688477,-0.1080741137266159,0.2711595892906189,0.557121753692627,-0.0165590550750494,0.2894880175590515,0.45778918266296387,-0.06170698627829552,0.28404465317726135,0.4887027144432068,-0.08452989906072617,0.27871719002723694,0.534519374370575,-0.09009503573179245,0.22436930239200592,0.563193142414093,-0.026350628584623337,0.22953520715236664,0.51121985912323,-0.0742654874920845,0.23283186554908752,0.5754593014717102,-0.08244146406650543,0.23288728296756744,0.633744478225708,-0.07546976953744888,0.17528124153614044,0.5840444564819336,-0.03972480073571205,0.18425719439983368,0.5491299629211426,-0.07336465269327164,0.19639462232589722,0.5969367027282715,-0.07634242624044418,0.20659717917442322,0.643462061882019,-0.07054431736469269,NO
NO,0.20980602502822876,0.7798430323600769,5.917595657933816e-08,0.264218270778656,0.7455281615257263,-0.030917881056666374,0.2920052707195282,0.6841127276420593,-0.05259164422750473,0.29989078640937805,0.6188355684280396,-0.07629014551639557,0.3137427568435669,0.5627378225326538,-0.09576502442359924,0.31926652789115906,0.5703562498092651,-0.013283410109579563,0.34230107069015503,0.48605218529701233,-0.05371633544564247,0.3396166265010834,0.4926711916923523,-0.08032767474651337,0.32410240173339844,0.5342199206352234,-0.0913991779088974,0.2748830318450928,0.5583450198173523,-0.01685287617146969,0.2944766581058502,0.4608049690723419,-0.056831080466508865,0.29229268431663513,0.4956361949443817,-0.07357894629240036,0.28927794098854065,0.5375990867614746,-0.07591520249843597,0.22844180464744568,0.5638182759284973,-0.02748926728963852,0.23726963996887207,0.5086341500282288,-0.07305765897035599,0.24073614180088043,0.5783326029777527,-0.0761636421084404,0.24087125062942505,0.6351597905158997,-0.06606608629226685,0.18021366000175476,0.5827956795692444,-0.04085548594594002,0.19340762495994568,0.5480393171310425,-0.07515601068735123,0.20565375685691833,0.6017463207244873,-0.07550837099552155,0.21464195847511292,0.6479969024658203,-0.06723024696111679,NO
NO,0.2136363536119461,0.7783553600311279,1.0524385629651078e-07,0.2705081105232239,0.7435222864151001,-0.03264758735895157,0.2956654131412506,0.679306149482727,-0.0544557124376297,0.30313363671302795,0.6108084321022034,-0.07852648943662643,0.3188403844833374,0.5528057813644409,-0.09921185672283173,0.32242551445961,0.5749766826629639,-0.009677233174443245,0.34520089626312256,0.4934697151184082,-0.05145437642931938,0.34496647119522095,0.48694220185279846,-0.08160936832427979,0.3287748396396637,0.5252360105514526,-0.09501727670431137,0.27876096963882446,0.5624831914901733,-0.012517386116087437,0.3004794418811798,0.46028926968574524,-0.05376497656106949,0.2975272238254547,0.4837057888507843,-0.07609912008047104,0.29177340865135193,0.5256013870239258,-0.08271501958370209,0.23294100165367126,0.5679782032966614,-0.022658821195364,0.242139533162117,0.5073822736740112,-0.0668010413646698,0.24528197944164276,0.5671247243881226,-0.07421120256185532,0.2426619529724121,0.6254627704620361,-0.06784805655479431,0.18489280343055725,0.5855134725570679,-0.03578072786331177,0.1980566680431366,0.5419920682907104,-0.06693548709154129,0.20821213722229004,0.5869197249412537,-0.06853370368480682,0.21357649564743042,0.634210467338562,-0.062365077435970306,NO
NO,0.21755874156951904,0.7724863290786743,5.311108353112104e-08,0.2718304991722107,0.7436869144439697,-0.0387616902589798,0.2990899085998535,0.6815586686134338,-0.06284259259700775,0.3076866567134857,0.6143825054168701,-0.08772280067205429,0.3253748118877411,0.5560667514801025,-0.10864261537790298,0.3299872577190399,0.5704489350318909,-0.015251781791448593,0.3546721935272217,0.48781728744506836,-0.05691462755203247,0.34784549474716187,0.48502469062805176,-0.08640126883983612,0.33025041222572327,0.5242921113967896,-0.10001174360513687,0.28571850061416626,0.5570384860038757,-0.01559482328593731,0.3088289797306061,0.45185184478759766,-0.056244250386953354,0.3000570833683014,0.4790477454662323,-0.07760319858789444,0.2951788306236267,0.5218327045440674,-0.08375103771686554,0.2402419149875641,0.562134861946106,-0.023750722408294678,0.2472582459449768,0.5054426789283752,-0.06870812922716141,0.24862390756607056,0.5664248466491699,-0.07805421203374863,0.24903851747512817,0.6233742833137512,-0.07329940050840378,0.19382044672966003,0.580755352973938,-0.03529175743460655,0.2036304473876953,0.5442660450935364,-0.06805168837308884,0.21257618069648743,0.591818630695343,-0.07228805869817734,0.2201520800590515,0.6385067701339722,-0.06842383742332458,NO
NO,0.22346022725105286,0.7674189209938049,7.586125860825632e-08,0.2763512432575226,0.7380704879760742,-0.03779972717165947,0.3025587201118469,0.6746158003807068,-0.06165938079357147,0.3118472695350647,0.6067296266555786,-0.08682937920093536,0.33143144845962524,0.5498866438865662,-0.10859328508377075,0.33375418186187744,0.5672640800476074,-0.013708341866731644,0.35870665311813354,0.48725542426109314,-0.057034533470869064,0.3532838821411133,0.4796141982078552,-0.08895283937454224,0.33494454622268677,0.5157005786895752,-0.10410024225711823,0.2895560562610626,0.5546627640724182,-0.014527523890137672,0.3105282485485077,0.4529545307159424,-0.05754752457141876,0.30417728424072266,0.4789283275604248,-0.08238031715154648,0.3002687692642212,0.5210763812065125,-0.0909440666437149,0.24477696418762207,0.5602852702140808,-0.023016680032014847,0.25013408064842224,0.5032750368118286,-0.0687067061662674,0.25382667779922485,0.5616030693054199,-0.0806519016623497,0.25406932830810547,0.6193812489509583,-0.07782900333404541,0.1985979676246643,0.5794165134429932,-0.03481152281165123,0.20745354890823364,0.5415366888046265,-0.06726522743701935,0.21744373440742493,0.5864508152008057,-0.07282927632331848,0.22502462565898895,0.6337741613388062,-0.07018528133630753,NO
NO,0.22449062764644623,0.7685337066650391,7.371115628984626e-08,0.27717968821525574,0.7373435497283936,-0.03838023170828819,0.30384811758995056,0.6727146506309509,-0.06234735995531082,0.31417232751846313,0.6052572727203369,-0.08744219690561295,0.33235761523246765,0.5451106429100037,-0.10901451855897903,0.33575141429901123,0.5676552653312683,-0.014168254099786282,0.361191064119339,0.48834043741226196,-0.05590568482875824,0.3588985502719879,0.48167598247528076,-0.08637537807226181,0.34231889247894287,0.5168183445930481,-0.10087932646274567,0.2922370433807373,0.5536482930183411,-0.014922999776899815,0.31542590260505676,0.45023486018180847,-0.056649282574653625,0.3092930018901825,0.47896742820739746,-0.08072078973054886,0.3044252395629883,0.5214470624923706,-0.08883624523878098,0.24741438031196594,0.5585998892784119,-0.023243406787514687,0.255631685256958,0.5015619993209839,-0.06903304159641266,0.2583511769771576,0.5639685988426208,-0.08015543967485428,0.25699126720428467,0.6222146153450012,-0.07651354372501373,0.20135393738746643,0.5770607590675354,-0.03482838720083237,0.2118789255619049,0.5392844676971436,-0.06790374964475632,0.22157344222068787,0.5854907631874084,-0.07301408052444458,0.22813384234905243,0.6323186159133911,-0.06985648721456528,NO
NO,0.22582915425300598,0.7643696665763855,6.09382553307114e-08,0.27939558029174805,0.7306002974510193,-0.0319909043610096,0.3065513074398041,0.6657918691635132,-0.051955148577690125,0.3171828091144562,0.5979148745536804,-0.07378864288330078,0.3374258279800415,0.5445558428764343,-0.09225130826234818,0.3349023759365082,0.5645289421081543,-0.008398288860917091,0.36145246028900146,0.48787721991539,-0.048721641302108765,0.35873496532440186,0.4770163595676422,-0.07788152992725372,0.34220176935195923,0.5070766806602478,-0.09133920073509216,0.2930492162704468,0.5510990619659424,-0.01091995183378458,0.3152126967906952,0.4517347812652588,-0.05162585526704788,0.31102386116981506,0.4761171340942383,-0.0733463317155838,0.30550041794776917,0.5188092589378357,-0.07952012121677399,0.24920368194580078,0.5567922592163086,-0.020607255399227142,0.25521373748779297,0.4976743161678314,-0.06460826098918915,0.2598087191581726,0.5565996170043945,-0.07303861528635025,0.2609628736972809,0.6139692068099976,-0.0674198642373085,0.20387092232704163,0.575177013874054,-0.03315439820289612,0.21358385682106018,0.5353039503097534,-0.06459305435419083,0.2243344932794571,0.5791745781898499,-0.06792742013931274,0.23292642831802368,0.625230610370636,-0.06313089281320572,NO
PLEASE,0.5219889879226685,0.8107882142066956,1.8372104193531413e-07,0.5244973301887512,0.7417064309120178,-0.004702707752585411,0.5003007650375366,0.6891382932662964,-0.01315770298242569,0.4726758599281311,0.6565846800804138,-0.01991093158721924,0.46013185381889343,0.623572051525116,-0.02928132191300392,0.4606679677963257,0.6966711282730103,-0.04090416803956032,0.40330812335014343,0.6588718295097351,-0.057007916271686554,0.3696475625038147,0.6354524493217468,-0.06504018604755402,0.3423427641391754,0.6161172389984131,-0.07078652828931808,0.4437186121940613,0.7369290590286255,-0.04701630398631096,0.38338324427604675,0.6932340860366821,-0.06634820997714996,0.34471964836120605,0.6659939289093018,-0.07684966176748276,0.3161352276802063,0.6443008780479431,-0.08472214639186859,0.43431511521339417,0.7773692607879639,-0.05080728605389595,0.38032132387161255,0.7381442785263062,-0.06755932420492172,0.3432147800922394,0.7132492065429688,-0.07680922746658325,0.3152354955673218,0.694491982460022,-0.08298178017139435,0.43134844303131104,0.8154858350753784,-0.053320109844207764,0.38650429248809814,0.7895522117614746,-0.06860654801130295,0.35769757628440857,0.7756991982460022,-0.07507830858230591,0.3330078721046448,0.7634678483009338,-0.07866762578487396,PLEASE
PLEASE,0.5172637701034546,0.7818472385406494,1.4556314908986678e-07,0.5209131836891174,0.715086042881012,-0.001583449775353074,0.4997948706150055,0.6611553430557251,-0.006452488712966442,0.47222310304641724,0.6269184947013855,-0.010581359267234802,0.4595240354537964,0.5958760976791382,-0.017111603170633316,0.4576074182987213,0.6654937267303467,-0.025976218283176422,0.4058912992477417,0.6262086033821106,-0.038173094391822815,0.37407737970352173,0.6037396192550659,-0.045115988701581955,0.348132461309433,0.5863056182861328,-0.05015689879655838,0.4399149417877197,0.7008469700813293,-0.032247625291347504,0.38509202003479004,0.6544206738471985,-0.04555035009980202,0.35100871324539185,0.6273044347763062,-0.05457170680165291,0.32643184065818787,0.6061024069786072,-0.06174911931157112,0.42945602536201477,0.7378328442573547,-0.036803726106882095,0.38036641478538513,0.6957738399505615,-0.04910258576273918,0.34755101799964905,0.6706550121307373,-0.057143017649650574,0.32306841015815735,0.6517059206962585,-0.0627056211233139,0.4252246022224426,0.7748394012451172,-0.04014354944229126,0.38375645875930786,0.7456010580062866,-0.051906220614910126,0.3584769666194916,0.7312597036361694,-0.05681787431240082,0.3369767665863037,0.7177059054374695,-0.0593879409134388,PLEASE
PLEASE,0.5161691904067993,0.7817688584327698,1.2653207193125127e-07,0.5196450352668762,0.7150452733039856,-0.0006573511054739356,0.4996699094772339,0.6619853973388672,-0.005275305826216936,0.4727310836315155,0.6283308267593384,-0.009287381544709206,0.460375040769577,0.5974065661430359,-0.015709245577454567,0.45717287063598633,0.6663267016410828,-0.0253083948045969,0.40486234426498413,0.6269052624702454,-0.03663100674748421,0.373136043548584,0.6046722531318665,-0.04274588078260422,0.3472997546195984,0.5870698690414429,-0.047401487827301025,0.43947818875312805,0.7004901766777039,-0.03208117187023163,0.3842497766017914,0.6545554399490356,-0.04439004510641098,0.35017627477645874,0.6278208494186401,-0.052377283573150635,0.3258678913116455,0.6069907546043396,-0.05898711085319519,0.4290849268436432,0.7375857830047607,-0.03710637614130974,0.37901148200035095,0.6963895559310913,-0.04853862524032593,0.3460965156555176,0.6711798310279846,-0.05597398057579994,0.32177263498306274,0.6520212292671204,-0.06144611909985542,0.4254082441329956,0.7752189040184021,-0.04088627174496651,0.38335490226745605,0.7477213144302368,-0.05262830853462219,0.35745471715927124,0.7338601350784302,-0.05762406811118126,0.3354684114456177,0.7203714847564697,-0.06034461036324501,PLEASE
PLEASE,0.516509473323822,0.7824887037277222,1.2818181005513907e-07,0.5196916460990906,0.7142532467842102,0.0004434840811882168,0.49898847937583923,0.6622893214225769,-0.0031189569272100925,0.4724467992782593,0.629271388053894,-0.006450357381254435,0.4591405391693115,0.5990778207778931,-0.01210073847323656,0.4546235203742981,0.667125940322876,-0.021724268794059753,0.40380242466926575,0.6279689073562622,-0.03224364295601845,0.3727622330188751,0.6056180596351624,-0.038197413086891174,0.34742167592048645,0.5883455276489258,-0.04280475154519081,0.43699750304222107,0.7004449367523193,-0.02876923605799675,0.3827764391899109,0.6557870507240295,-0.04087486118078232,0.3491751253604889,0.6294053792953491,-0.049229696393013,0.3250489830970764,0.6089707016944885,-0.05595926567912102,0.42720651626586914,0.7371200323104858,-0.03413691744208336,0.3774651885032654,0.6970452666282654,-0.045513030141592026,0.344728946685791,0.6723242998123169,-0.05339445918798447,0.32016900181770325,0.6538110971450806,-0.05903061479330063,0.4245098829269409,0.7747416496276855,-0.03820788115262985,0.3825201690196991,0.7481111288070679,-0.04989699274301529,0.35644182562828064,0.7347625494003296,-0.05526522174477577,0.3340417444705963,0.7220509648323059,-0.05818088725209236,PLEASE
PLEASE,0.516509473323822,0.7824887037277222,1.2818181005513907e-07,0.5196916460990906,0.7142532467842102,0.0004434840811882168,0.49898847937583923,0.6622893214225769,-0.0031189569272100925,0.4724467992782593,0.629271388053894,-0.006450357381254435,0.4591405391693115,0.5990778207778931,-0.01210073847323656,0.4546235203742981,0.667125940322876,-0.021724268794059753,0.40380242466926575,0.6279689073562622,-0.03224364295601845,0.3727622330188751,0.6056180596351624,-0.038197413086891174,0.34742167592048645,0.5883455276489258,-0.04280475154519081,0.43699750304222107,0.7004449367523193,-0.02876923605799675,0.3827764391899109,0.6557870507240295,-0.04087486118078232,0.3491751253604889,0.6294053792953491,-0.049229696393013,0.3250489830970764,0.6089707016944885,-0.05595926567912102,0.42720651626586914,0.7371200323104858,-0.03413691744208336,0.3774651885032654,0.6970452666282654,-0.045513030141592026,0.344728946685791,0.6723242998123169,-0.05339445918798447,0.32016900181770325,0.6538110971450806,-0.05903061479330063,0.4245098829269409,0.7747416496276855,-0.03820788115262985,0.3825201690196991,0.7481111288070679,-0.04989699274301529,0.35644182562828064,0.7347625494003296,-0.05526522174477577,0.3340417444705963,0.7220509648323059,-0.05818088725209236,PLEASE
PLEASE,0.5199794173240662,0.7862467765808105,1.0553088003462108e-07,0.5211674571037292,0.7171425223350525,0.001229107496328652,0.49928781390190125,0.664395809173584,-0.0026714319828897715,0.4719727337360382,0.6316283941268921,-0.0063302889466285706,0.45736217498779297,0.6015629172325134,-0.012544814497232437,0.45619505643844604,0.66895991563797,-0.02495882660150528,0.40373510122299194,0.631384015083313,-0.03611680492758751,0.3721455931663513,0.6100843548774719,-0.04216679930686951,0.34601467847824097,0.5931551456451416,-0.046881578862667084,0.43867263197898865,0.7029014825820923,-0.032815996557474136,0.38311123847961426,0.6585857272148132,-0.045494772493839264,0.3480112850666046,0.63309246301651,-0.053587786853313446,0.32240501046180725,0.6137107610702515,-0.06041119992733002,0.42885881662368774,0.7407242059707642,-0.03865732625126839,0.37810105085372925,0.7000560760498047,-0.050480104982852936,0.34441012144088745,0.6763837337493896,-0.058044809848070145,0.3191349506378174,0.6593227982521057,-0.06367376446723938,0.4261074960231781,0.7798874378204346,-0.04305402562022209,0.38335803151130676,0.7526348233222961,-0.05513293296098709,0.3565250635147095,0.7395564317703247,-0.0603477880358696,0.3334105610847473,0.7278974056243896,-0.06325554102659225,PLEASE
PLEASE,0.5163195133209229,0.7870382070541382,1.4045778584659274e-07,0.5197259187698364,0.7191231846809387,-0.0006539142341352999,0.4982398748397827,0.6664592027664185,-0.005362788215279579,0.4712999761104584,0.6326128840446472,-0.009349345229566097,0.4575068950653076,0.6015304923057556,-0.015709975734353065,0.4546489417552948,0.6714178919792175,-0.02694689854979515,0.4023139476776123,0.6330320239067078,-0.03846104070544243,0.37052491307258606,0.6101247072219849,-0.044574469327926636,0.3447049558162689,0.5918941497802734,-0.04937645420432091,0.43639281392097473,0.7057512402534485,-0.033812154084444046,0.38137146830558777,0.6610819101333618,-0.04730190336704254,0.3471464216709137,0.6351401209831238,-0.055751971900463104,0.3227570056915283,0.6153289675712585,-0.06247720122337341,0.42612022161483765,0.7431347966194153,-0.03871817886829376,0.3751479685306549,0.7028325796127319,-0.0508115291595459,0.3415358364582062,0.6784539818763733,-0.05829685553908348,0.3167404532432556,0.6606336236000061,-0.06372304260730743,0.4231376647949219,0.781302809715271,-0.04234334081411362,0.3805345296859741,0.7548768520355225,-0.054478131234645844,0.35402679443359375,0.7412778735160828,-0.05966969206929207,0.3314773142337799,0.7287454605102539,-0.062461286783218384,PLEASE
PLEASE,0.514972448348999,0.7866795659065247,1.512441372142348e-07,0.5183882713317871,0.7197299599647522,-0.0012547641526907682,0.495887815952301,0.6671807765960693,-0.006210621912032366,0.4694356620311737,0.6338340044021606,-0.010180216282606125,0.45642930269241333,0.6024184823036194,-0.016660772264003754,0.4548185169696808,0.6720954775810242,-0.031404320150613785,0.4015794098377228,0.6335411071777344,-0.044171277433633804,0.36954623460769653,0.6103852987289429,-0.05049474909901619,0.34352970123291016,0.5917622447013855,-0.05536019057035446,0.4368869960308075,0.7078344821929932,-0.03840772062540054,0.3804163336753845,0.6639139652252197,-0.05311606451869011,0.3445886969566345,0.6382632255554199,-0.061717353761196136,0.3188472390174866,0.6180798411369324,-0.06848085671663284,0.42720067501068115,0.7470420598983765,-0.04333154112100601,0.3772282004356384,0.7068634033203125,-0.05682975426316261,0.34299376606941223,0.682358980178833,-0.0652119442820549,0.318030446767807,0.6635211110115051,-0.0710756853222847,0.42479223012924194,0.7867628335952759,-0.046885546296834946,0.38245418667793274,0.7599114179611206,-0.060528893023729324,0.35542193055152893,0.7463086247444153,-0.06648360192775726,0.33253633975982666,0.7339171171188354,-0.06972441077232361,PLEASE
PLEASE,0.5159161686897278,0.7913730144500732,1.331785313141154e-07,0.5185230374336243,0.7234259843826294,0.00010598609515000135,0.49517491459846497,0.6716536283493042,-0.0043324376456439495,0.4688462018966675,0.6382366418838501,-0.008167517371475697,0.4539538323879242,0.607860267162323,-0.014544326812028885,0.45428377389907837,0.6753025054931641,-0.030012309551239014,0.40043869614601135,0.6371527910232544,-0.04251477122306824,0.3682253658771515,0.6142263412475586,-0.04886408895254135,0.3418525457382202,0.5965064167976379,-0.05379263311624527,0.4360714554786682,0.7108802795410156,-0.03774005174636841,0.37875062227249146,0.6679507493972778,-0.052433744072914124,0.3423351049423218,0.6412814259529114,-0.061433229595422745,0.3154699206352234,0.6207569241523743,-0.06869810074567795,0.4256674349308014,0.7501169443130493,-0.0432882234454155,0.3750480115413666,0.7102574706077576,-0.05695652216672897,0.3406435251235962,0.6853755116462708,-0.0661190003156662,0.3146764039993286,0.6665763854980469,-0.07270532101392746,0.4225670099258423,0.790045976638794,-0.047328442335128784,0.3806212246417999,0.7638151049613953,-0.06131838262081146,0.35365191102027893,0.750320553779602,-0.06802192330360413,0.33062976598739624,0.7383602261543274,-0.0719340443611145,PLEASE
PLEASE,0.5177423357963562,0.795111894607544,1.6165162719516957e-07,0.5197382569313049,0.7269877791404724,9.483125904807821e-05,0.49656084179878235,0.6730366945266724,-0.0033640481997281313,0.46931755542755127,0.640262246131897,-0.006291691679507494,0.45519521832466125,0.6093616485595703,-0.011698547750711441,0.45326516032218933,0.6788411140441895,-0.02652965858578682,0.40017229318618774,0.6414930820465088,-0.03810109570622444,0.36821404099464417,0.618323802947998,-0.044287435710430145,0.34226134419441223,0.6004073023796082,-0.04903357848525047,0.43521928787231445,0.7148935794830322,-0.03407489135861397,0.37822800874710083,0.6708730459213257,-0.0469602569937706,0.34177345037460327,0.6436922550201416,-0.05558047071099281,0.3151884078979492,0.6227396726608276,-0.062385011464357376,0.4259493350982666,0.7544161677360535,-0.0397077351808548,0.3749193549156189,0.712806224822998,-0.05234188213944435,0.34019315242767334,0.687617301940918,-0.061669085174798965,0.3144068717956543,0.6683107018470764,-0.06823891401290894,0.42395561933517456,0.7946988940238953,-0.04390554130077362,0.3819873332977295,0.7678967714309692,-0.057642385363578796,0.3545435667037964,0.7539416551589966,-0.06436216086149216,0.3311595320701599,0.7412921190261841,-0.06804130226373672,PLEASE
PLEASE,0.5165727734565735,0.7943516373634338,1.7048859035639907e-07,0.519909679889679,0.7273209095001221,-0.0019136997871100903,0.4972230792045593,0.6737228035926819,-0.006748910527676344,0.4700288474559784,0.6401946544647217,-0.01040392741560936,0.45453283190727234,0.6093846559524536,-0.016449017450213432,0.45547381043434143,0.6804153919219971,-0.03136187046766281,0.4012985825538635,0.6416624188423157,-0.04355856031179428,0.36908552050590515,0.6180117130279541,-0.04963596910238266,0.34294795989990234,0.5995641946792603,-0.05430040508508682,0.43711456656455994,0.7169860005378723,-0.03780648112297058,0.3797399401664734,0.671978771686554,-0.05165599659085274,0.342619925737381,0.6452188491821289,-0.06003492325544357,0.3160613775253296,0.6250163316726685,-0.06667455285787582,0.42735621333122253,0.75639808177948,-0.04226769879460335,0.376056432723999,0.7144013047218323,-0.05530591309070587,0.34090909361839294,0.6888266801834106,-0.06440257281064987,0.3154350519180298,0.6694865822792053,-0.07087399065494537,0.4249866306781769,0.7956224679946899,-0.04540279507637024,0.381926953792572,0.7687877416610718,-0.059420131146907806,0.3536917567253113,0.754993200302124,-0.06635730713605881,0.33005067706108093,0.7422241568565369,-0.0702560544013977,PLEASE
PLEASE,0.5172876119613647,0.7974552512168884,1.599781853656168e-07,0.520500898361206,0.7307030558586121,-0.003159710206091404,0.4969584345817566,0.6769692301750183,-0.00900606531649828,0.4697287976741791,0.6441603899002075,-0.013672723434865475,0.45577874779701233,0.6127845048904419,-0.020874647423624992,0.4556773900985718,0.6836662888526917,-0.03410523012280464,0.401886910200119,0.644865870475769,-0.04802551120519638,0.3686352074146271,0.6210119128227234,-0.05526357889175415,0.3414795398712158,0.6023819446563721,-0.06072735786437988,0.43756118416786194,0.7203865051269531,-0.04072609543800354,0.38009604811668396,0.6764606237411499,-0.05618339404463768,0.3422895073890686,0.6496697664260864,-0.06555088609457016,0.3145580589771271,0.6287670135498047,-0.07296335697174072,0.4277651607990265,0.7600595355033875,-0.045388057827949524,0.37633398175239563,0.7192362546920776,-0.05959892272949219,0.34036773443222046,0.694176197052002,-0.0689743161201477,0.3139723241329193,0.6752829551696777,-0.07559341937303543,0.42526787519454956,0.7997109293937683,-0.04884577542543411,0.38207101821899414,0.774641752243042,-0.06357955187559128,0.35309985280036926,0.7616414427757263,-0.07060208171606064,0.3288613557815552,0.7500571608543396,-0.07453218102455139,PLEASE
PLEASE,0.5164632797241211,0.7997410297393799,1.60510538194103e-07,0.5197004079818726,0.7329822182655334,-0.0025271617341786623,0.4953189194202423,0.679628312587738,-0.00846705213189125,0.46735718846321106,0.6466361284255981,-0.01313245203346014,0.45521804690361023,0.6146200299263,-0.02032986283302307,0.4561839997768402,0.686672031879425,-0.03510846197605133,0.4011908173561096,0.6469576358795166,-0.04918023943901062,0.36779549717903137,0.6230548024177551,-0.055931154638528824,0.3406483232975006,0.6039416193962097,-0.060970574617385864,0.438306987285614,0.7232331037521362,-0.04181664437055588,0.3792531192302704,0.6779381632804871,-0.05761169642210007,0.3415030837059021,0.6512030363082886,-0.06634171307086945,0.314395010471344,0.6301288604736328,-0.07309050858020782,0.4280863404273987,0.7627576589584351,-0.046390410512685776,0.37526702880859375,0.72230064868927,-0.060692790895700455,0.3395848870277405,0.6970442533493042,-0.06923698633909225,0.3137440085411072,0.6774241328239441,-0.07511960715055466,0.4248369634151459,0.8023165464401245,-0.04963752254843712,0.38091015815734863,0.7766990661621094,-0.06399699300527573,0.3524450361728668,0.7634392976760864,-0.07026559859514236,0.3285079598426819,0.7510622143745422,-0.07364505529403687,PLEASE
PLEASE,0.5152652859687805,0.8016732931137085,1.7737153257257887e-07,0.5185876488685608,0.7349686622619629,-0.0024395324289798737,0.4948886036872864,0.6823955774307251,-0.008643046952784061,0.4686901271343231,0.6485134959220886,-0.013747114688158035,0.455521821975708,0.6162645816802979,-0.021397789940238,0.4540865123271942,0.687454104423523,-0.03432247042655945,0.3992888629436493,0.6477547287940979,-0.048481058329343796,0.3662099242210388,0.6226255893707275,-0.05579429492354393,0.33975571393966675,0.6026366949081421,-0.06121980398893356,0.43622881174087524,0.7245317101478577,-0.04113662242889404,0.37853020429611206,0.6797001957893372,-0.05734190344810486,0.3405713737010956,0.6523318886756897,-0.06673968583345413,0.3134099841117859,0.6318173408508301,-0.07405479997396469,0.42648622393608093,0.7644520998001099,-0.045849647372961044,0.37478625774383545,0.7237237691879272,-0.06024831905961037,0.3383142650127411,0.6984356641769409,-0.06900184601545334,0.31202447414398193,0.679657518863678,-0.07511796057224274,0.4238792061805725,0.8041800260543823,-0.04929298534989357,0.38063207268714905,0.7783718109130859,-0.06364918500185013,0.35202914476394653,0.7650400400161743,-0.07001814991235733,0.3279416263103485,0.7530365586280823,-0.07354488968849182,PLEASE
PLEASE,0.5187230706214905,0.8027855157852173,1.953516317598769e-07,0.5204783082008362,0.7362061738967896,-0.004602352157235146,0.4974677860736847,0.6815833449363708,-0.011652729474008083,0.469212144613266,0.6481614112854004,-0.017154676839709282,0.45706936717033386,0.6141713857650757,-0.024958526715636253,0.45405063033103943,0.6872094869613647,-0.03400489315390587,0.4010031521320343,0.6489309072494507,-0.048400040715932846,0.36775270104408264,0.6257247924804688,-0.05595020577311516,0.34009063243865967,0.6068646311759949,-0.06157214939594269,0.4363737106323242,0.7256426215171814,-0.03990067541599274,0.37849757075309753,0.6814744472503662,-0.05685274675488472,0.34094852209091187,0.6550207734107971,-0.06702969968318939,0.3134256601333618,0.6332931518554688,-0.07468729466199875,0.4272480010986328,0.7660106420516968,-0.04392639547586441,0.376112699508667,0.7258419990539551,-0.05898508429527283,0.3405163884162903,0.7010277509689331,-0.06793655455112457,0.3139813542366028,0.6818230748176575,-0.07380879670381546,0.42499199509620667,0.8062320351600647,-0.0468352809548378,0.38217729330062866,0.7798261046409607,-0.061082370579242706,0.35414233803749084,0.7662461996078491,-0.06733649969100952,0.32965993881225586,0.7533798813819885,-0.07059915363788605,PLEASE
PLEASE,0.5177795886993408,0.8018898963928223,1.72197999859236e-07,0.5206575393676758,0.7343990206718445,-0.0017143418081104755,0.4964684844017029,0.6808039546012878,-0.006663122680038214,0.46823927760124207,0.6489433646202087,-0.01073522586375475,0.4564242362976074,0.6176490187644958,-0.017289290204644203,0.4553174078464508,0.6879031658172607,-0.03080984205007553,0.4009687900543213,0.6488564610481262,-0.04380407929420471,0.3674163520336151,0.6251688599586487,-0.050161123275756836,0.33959680795669556,0.6064019203186035,-0.05503613129258156,0.4371458888053894,0.7253599762916565,-0.037781693041324615,0.37904971837997437,0.6802653670310974,-0.05314909666776657,0.34172284603118896,0.6527239084243774,-0.06245729327201843,0.3142068386077881,0.6305797696113586,-0.06955952942371368,0.4275742471218109,0.765296995639801,-0.04274556040763855,0.37599706649780273,0.7242005467414856,-0.0570678636431694,0.3404996395111084,0.6985558271408081,-0.06639233231544495,0.313839852809906,0.6789458394050598,-0.07259152829647064,0.4250437319278717,0.8049213886260986,-0.04632551595568657,0.38178396224975586,0.7778907418251038,-0.06078265234827995,0.3531699776649475,0.7639248967170715,-0.06767464429140091,0.32835763692855835,0.7512321472167969,-0.07138827443122864,PLEASE
PLEASE,0.5137864351272583,0.7968335151672363,1.758999133016914e-07,0.5201658010482788,0.7317374348640442,-0.005689411889761686,0.4970634877681732,0.6792234778404236,-0.012518757954239845,0.4702564477920532,0.6464179754257202,-0.017855826765298843,0.4579438269138336,0.6139477491378784,-0.0255834199488163,0.45570439100265503,0.6845685243606567,-0.03490002080798149,0.40291425585746765,0.6448467373847961,-0.04950028285384178,0.37003135681152344,0.6199830770492554,-0.057394202798604965,0.3428683280944824,0.60056471824646,-0.06330874562263489,0.4370233118534088,0.7210409045219421,-0.04029536619782448,0.3813043534755707,0.6765963435173035,-0.05617612600326538,0.3448182940483093,0.6489088535308838,-0.0661124661564827,0.3174394965171814,0.6262969374656677,-0.07391046732664108,0.42664021253585815,0.7600061893463135,-0.044052887707948685,0.3769007921218872,0.719601035118103,-0.05869893729686737,0.34159529209136963,0.6941865682601929,-0.06844010204076767,0.3149756193161011,0.6744896173477173,-0.07519148290157318,0.4234217405319214,0.7979639768600464,-0.04685630276799202,0.381950318813324,0.7729842066764832,-0.06179571524262428,0.3538701832294464,0.7587227821350098,-0.0691654160618782,0.3301224410533905,0.7457162737846375,-0.07333336025476456,PLEASE
PLEASE,0.5137864351272583,0.7968335151672363,1.758999133016914e-07,0.5201658010482788,0.7317374348640442,-0.005689411889761686,0.4970634877681732,0.6792234778404236,-0.012518757954239845,0.4702564477920532,0.6464179754257202,-0.017855826765298843,0.4579438269138336,0.6139477491378784,-0.0255834199488163,0.45570439100265503,0.6845685243606567,-0.03490002080798149,0.40291425585746765,0.6448467373847961,-0.04950028285384178,0.37003135681152344,0.6199830770492554,-0.057394202798604965,0.3428683280944824,0.60056471824646,-0.06330874562263489,0.4370233118534088,0.7210409045219421,-0.04029536619782448,0.3813043534755707,0.6765963435173035,-0.05617612600326538,0.3448182940483093,0.6489088535308838,-0.0661124661564827,0.3174394965171814,0.6262969374656677,-0.07391046732664108,0.42664021253585815,0.7600061893463135,-0.044052887707948685,0.3769007921218872,0.719601035118103,-0.05869893729686737,0.34159529209136963,0.6941865682601929,-0.06844010204076767,0.3149756193161011,0.6744896173477173,-0.07519148290157318,0.4234217405319214,0.7979639768600464,-0.04685630276799202,0.381950318813324,0.7729842066764832,-0.06179571524262428,0.3538701832294464,0.7587227821350098,-0.0691654160618782,0.3301224410533905,0.7457162737846375,-0.07333336025476456,PLEASE
PLEASE,0.5141355991363525,0.7924206852912903,1.5268558684056188e-07,0.5181224346160889,0.7236887812614441,-0.0017638897988945246,0.4947216212749481,0.6719337701797485,-0.006953863427042961,0.46870526671409607,0.6400004625320435,-0.011303601786494255,0.4569528102874756,0.6099077463150024,-0.018210580572485924,0.4556766450405121,0.6789465546607971,-0.03184981644153595,0.40135687589645386,0.6395423412322998,-0.045267608016729355,0.3692730963230133,0.6147869229316711,-0.052145108580589294,0.34308958053588867,0.5954076647758484,-0.05728970468044281,0.43697911500930786,0.7152103781700134,-0.038623228669166565,0.38028931617736816,0.6706453561782837,-0.05388884246349335,0.3439501225948334,0.6427962183952332,-0.06290777772665024,0.3172423839569092,0.6213846206665039,-0.06990522891283035,0.4260704517364502,0.753816545009613,-0.043422140181064606,0.37583792209625244,0.7133864760398865,-0.05736449360847473,0.34092095494270325,0.6875054240226746,-0.06635750085115433,0.3147655129432678,0.6680634617805481,-0.07256612926721573,0.4222056567668915,0.7918358445167542,-0.04690268635749817,0.3800271153450012,0.7654253244400024,-0.06082708016037941,0.35262200236320496,0.7514895796775818,-0.06719687581062317,0.3296784460544586,0.7390914559364319,-0.07072819024324417,PLEASE
PLEASE,0.5151340365409851,0.7885203957557678,1.7305121957633673e-07,0.5190891027450562,0.7222151756286621,-0.00316932937130332,0.49720194935798645,0.6700490713119507,-0.009381462819874287,0.4717768132686615,0.6371074914932251,-0.014237802475690842,0.4591671824455261,0.6054398417472839,-0.021458186209201813,0.4561316967010498,0.6747110486030579,-0.03299874812364578,0.4035789370536804,0.6350765824317932,-0.04618244618177414,0.3714349567890167,0.610968291759491,-0.05301868915557861,0.34505629539489746,0.5919749736785889,-0.05813869461417198,0.4377983510494232,0.7110792398452759,-0.0388718880712986,0.3818119764328003,0.6664701700210571,-0.05457199364900589,0.34604209661483765,0.6390806436538696,-0.06394635140895844,0.3198179602622986,0.6174103617668152,-0.07108116894960403,0.4273134768009186,0.7495522499084473,-0.042714640498161316,0.3769005835056305,0.7095102667808533,-0.05641535297036171,0.3425157964229584,0.683883547782898,-0.06509128957986832,0.3167075514793396,0.663890540599823,-0.07107608020305634,0.4241696000099182,0.787575900554657,-0.04532138630747795,0.3821448087692261,0.7615836262702942,-0.05843840539455414,0.35498183965682983,0.7476202249526978,-0.06432420015335083,0.33184441924095154,0.7345400452613831,-0.06753014028072357,PLEASE
PLEASE,0.5159309506416321,0.7861999869346619,1.3558747014030814e-07,0.5183651447296143,0.7183815240859985,-0.00019509792036842555,0.496757835149765,0.6654039025306702,-0.004938469734042883,0.4707687497138977,0.6327516436576843,-0.009063142351806164,0.4585860073566437,0.6018875241279602,-0.015663055703043938,0.4549308717250824,0.6693293452262878,-0.02816234901547432,0.4020925462245941,0.6310902237892151,-0.040379032492637634,0.3705385625362396,0.6073980331420898,-0.04677538946270943,0.345211923122406,0.5880909562110901,-0.051659442484378815,0.43715155124664307,0.7044255137443542,-0.035303838551044464,0.3807069957256317,0.6606103181838989,-0.049619562923908234,0.3458786606788635,0.6339285373687744,-0.05806206911802292,0.3208838701248169,0.6125400066375732,-0.06467141956090927,0.42707377672195435,0.7424548268318176,-0.04041117802262306,0.3757607936859131,0.7030758261680603,-0.05301998555660248,0.3420875370502472,0.6784367561340332,-0.06040376052260399,0.31730449199676514,0.6593723893165588,-0.06561727821826935,0.4240173101425171,0.7811895608901978,-0.04419524595141411,0.3809588551521301,0.7550899386405945,-0.05659422650933266,0.3540910482406616,0.7414098381996155,-0.0617809072136879,0.3312571346759796,0.7283408641815186,-0.06450579315423965,PLEASE
PLEASE,0.5137071013450623,0.7830315232276917,1.333109196366422e-07,0.5178123712539673,0.7154877781867981,-0.0013592205941677094,0.49792981147766113,0.6624029278755188,-0.006508274935185909,0.47179779410362244,0.6299554109573364,-0.011128146201372147,0.4603838622570038,0.5993670225143433,-0.018269212916493416,0.4560081958770752,0.6672011613845825,-0.026318877935409546,0.4050612449645996,0.6294111013412476,-0.03877094015479088,0.3731902241706848,0.6059136390686035,-0.04593946039676666,0.3471706509590149,0.5868608355522156,-0.051456268876791,0.437303751707077,0.7010972499847412,-0.03349728509783745,0.383087158203125,0.6569498777389526,-0.04774045944213867,0.34848228096961975,0.6295101046562195,-0.05727420002222061,0.32306593656539917,0.6073757410049438,-0.06479933857917786,0.4262388050556183,0.7385050058364868,-0.03892045468091965,0.3770933449268341,0.6975550651550293,-0.05234407261013985,0.3440908193588257,0.6720386743545532,-0.06076066941022873,0.31906044483184814,0.6520581841468811,-0.06656456738710403,0.42217937111854553,0.7770659923553467,-0.04307381063699722,0.38057422637939453,0.7500579357147217,-0.05604199692606926,0.3547118902206421,0.7356774806976318,-0.061424970626831055,0.3325868248939514,0.722014307975769,-0.06425566226243973,PLEASE
PLEASE,0.5124340057373047,0.7798353433609009,1.4456034591603384e-07,0.5178488492965698,0.7125940322875977,-0.002679012715816498,0.4984839856624603,0.6594158411026001,-0.00818521250039339,0.47262465953826904,0.6273906826972961,-0.012992079369723797,0.45961397886276245,0.5975281000137329,-0.020212136209011078,0.45475655794143677,0.6635414958000183,-0.02675323560833931,0.405022531747818,0.6249589323997498,-0.039378054440021515,0.3740004897117615,0.6015271544456482,-0.04694163426756859,0.34861671924591064,0.5828076601028442,-0.052666082978248596,0.43639734387397766,0.697446346282959,-0.03323172405362129,0.38402989506721497,0.6523754000663757,-0.047054730355739594,0.3500792682170868,0.6249892115592957,-0.05653180554509163,0.3250662386417389,0.603131890296936,-0.0641496554017067,0.4259549081325531,0.7342591285705566,-0.03815774992108345,0.37813228368759155,0.693078875541687,-0.05098128691315651,0.3451497554779053,0.6678341031074524,-0.05944247916340828,0.3201143741607666,0.6483933925628662,-0.06550772488117218,0.42240020632743835,0.7717154026031494,-0.042032018303871155,0.3823293149471283,0.7445488572120667,-0.05472278222441673,0.35668686032295227,0.7305530905723572,-0.06016789376735687,0.3346753418445587,0.7177215814590454,-0.06314842402935028,PLEASE
PLEASE,0.5151561498641968,0.7771206498146057,1.1028073743091227e-07,0.518571674823761,0.7084307670593262,0.002349048387259245,0.49978452920913696,0.6550385355949402,-9.17440265766345e-05,0.47312915325164795,0.6222044825553894,-0.002821082714945078,0.4591484069824219,0.5932891368865967,-0.007854239083826542,0.45443060994148254,0.65702223777771,-0.01920519769191742,0.40401968359947205,0.6177316308021545,-0.028942277655005455,0.3751450181007385,0.5951448678970337,-0.034621600061655045,0.35159623622894287,0.577282190322876,-0.03902127966284752,0.43596351146698,0.6902682781219482,-0.02709466591477394,0.3826022446155548,0.6457335948944092,-0.03820847347378731,0.3495675027370453,0.6195563673973083,-0.04601282626390457,0.3250269293785095,0.5992544889450073,-0.05241163820028305,0.4253857135772705,0.7267119288444519,-0.0332217812538147,0.3780774474143982,0.6866368651390076,-0.04345676302909851,0.3464288115501404,0.662345290184021,-0.05067175626754761,0.32240718603134155,0.6433546543121338,-0.05609661340713501,0.421587198972702,0.7639172077178955,-0.03806353360414505,0.3827625811100006,0.7366237044334412,-0.04865799844264984,0.35813555121421814,0.7225173115730286,-0.05334244668483734,0.33678901195526123,0.7091484665870667,-0.055911991745233536,PLEASE
PLEASE,0.5141909122467041,0.7747025489807129,1.0646942172343188e-07,0.5181899666786194,0.7071320414543152,0.0011364861857146025,0.49985596537590027,0.6547165513038635,-0.0020889099687337875,0.4724183678627014,0.6215223073959351,-0.005256065633147955,0.45801907777786255,0.5927320718765259,-0.010647663846611977,0.4531920850276947,0.6566569209098816,-0.020731201395392418,0.40383201837539673,0.6155116558074951,-0.03042563423514366,0.375483900308609,0.5930736064910889,-0.035722654312849045,0.35257598757743835,0.5753682851791382,-0.03978307545185089,0.43477073311805725,0.6899892091751099,-0.02784646861255169,0.3815149962902069,0.6432427763938904,-0.03860198333859444,0.3487340807914734,0.6162088513374329,-0.04588307812809944,0.32470768690109253,0.5955356955528259,-0.05211948603391647,0.4246184527873993,0.7262850999832153,-0.033249590545892715,0.376564085483551,0.6849042177200317,-0.04350578039884567,0.34545162320137024,0.6598272323608398,-0.050547584891319275,0.3221377730369568,0.6402536034584045,-0.05593723803758621,0.4214964509010315,0.7630237340927124,-0.03739522397518158,0.38204270601272583,0.735352635383606,-0.048421572893857956,0.35749995708465576,0.7205055356025696,-0.05338546261191368,0.33661192655563354,0.7062626481056213,-0.05614769458770752,PLEASE
PLEASE,0.5144448280334473,0.774924635887146,7.389261469370467e-08,0.5170400142669678,0.7068095803260803,0.002563420683145523,0.4982340633869171,0.6541252136230469,-0.0001993496116483584,0.4712499976158142,0.6211147904396057,-0.0031796321272850037,0.45871615409851074,0.5918554663658142,-0.008479329757392406,0.45371636748313904,0.6568791270256042,-0.021775180473923683,0.4039772152900696,0.6158881783485413,-0.03200497478246689,0.3750511407852173,0.5934920310974121,-0.03695094212889671,0.35173529386520386,0.5750392079353333,-0.040792953222990036,0.4361414611339569,0.6900250315666199,-0.029868118464946747,0.3824462592601776,0.6437181234359741,-0.04239102825522423,0.3491995334625244,0.6162453889846802,-0.05025315657258034,0.32482123374938965,0.5947448015213013,-0.0567498616874218,0.42641931772232056,0.7264645099639893,-0.03591542690992355,0.37817585468292236,0.6857097148895264,-0.0476534441113472,0.3466481864452362,0.660169243812561,-0.05502466484904289,0.32298916578292847,0.6399213671684265,-0.060450613498687744,0.4228571355342865,0.7637643814086914,-0.0404907763004303,0.3832044005393982,0.7355270981788635,-0.052886947989463806,0.3588012158870697,0.7204752564430237,-0.05843306705355644,0.3373014032840729,0.7064728140830994,-0.06153110787272453,PLEASE
PLEASE,0.37261223793029785,0.8524548411369324,2.4626339722999546e-07,0.36152827739715576,0.7768299579620361,-0.021848421543836594,0.3727281093597412,0.7150471806526184,-0.040792662650346756,0.3894460201263428,0.6663942933082581,-0.05650186911225319,0.3904733657836914,0.6252447962760925,-0.07339770346879959,0.44762006402015686,0.7221807241439819,-0.047274280339479446,0.5014294981956482,0.679604172706604,-0.06795084476470947,0.5364195108413696,0.6515246629714966,-0.08040691912174225,0.5633441209793091,0.6294792890548706,-0.088143490254879,0.46680691838264465,0.7623270750045776,-0.045621223747730255,0.5233374834060669,0.7165464162826538,-0.06262253224849701,0.5601687431335449,0.6859872937202454,-0.07270853966474533,0.5899320244789124,0.6633173823356628,-0.07971294224262238,0.47619208693504333,0.8031008839607239,-0.04432880878448486,0.5279830694198608,0.7601374983787537,-0.059000395238399506,0.5615949630737305,0.732768714427948,-0.06977719068527222,0.5856319665908813,0.7127619385719299,-0.07642199099063873,0.48013269901275635,0.8436095714569092,-0.044148895889520645,0.5250279903411865,0.8250690698623657,-0.055722881108522415,0.5529061555862427,0.8108956813812256,-0.06272080540657043,0.5757224559783936,0.7984061241149902,-0.0667063295841217,PLEASE
PLEASE,0.3784314692020416,0.8472892045974731,2.1470077626872808e-07,0.36643269658088684,0.7713191509246826,-0.023671837523579597,0.37563544511795044,0.7134503722190857,-0.04344963654875755,0.3926052153110504,0.6641485691070557,-0.0597379170358181,0.39506906270980835,0.6256951093673706,-0.07724791765213013,0.4522666931152344,0.7183487415313721,-0.04639037325978279,0.5067462921142578,0.6715665459632874,-0.06541313230991364,0.5405105948448181,0.6428397297859192,-0.07724311947822571,0.5670074224472046,0.6208384037017822,-0.08454383909702301,0.4728423058986664,0.7568182349205017,-0.041792355477809906,0.5287744998931885,0.7056476473808289,-0.05646568909287453,0.5645525455474854,0.6743826866149902,-0.06539654731750488,0.5929661989212036,0.6514224410057068,-0.07189764082431793,0.48320046067237854,0.794891357421875,-0.03755149990320206,0.5352397561073303,0.7487826943397522,-0.04852496460080147,0.5671597719192505,0.7208729386329651,-0.058065179735422134,0.5899936556816101,0.7003257274627686,-0.06448015570640564,0.4884481728076935,0.8317657113075256,-0.034713875502347946,0.5326889753341675,0.8080054521560669,-0.04267730936408043,0.5593485832214355,0.7923106551170349,-0.04815433546900749,0.5811882615089417,0.7790953516960144,-0.05147058889269829,PLEASE
PLEASE,0.3794900178909302,0.8455862402915955,2.155260290237493e-07,0.3677198886871338,0.7710447311401367,-0.023377444595098495,0.37475401163101196,0.713611364364624,-0.044485751539468765,0.3906416893005371,0.6619503498077393,-0.062106821686029434,0.39610329270362854,0.6232398748397827,-0.08079797774553299,0.45178908109664917,0.7166069746017456,-0.050970349460840225,0.5076245069503784,0.669220507144928,-0.07217638194561005,0.5417677164077759,0.6399702429771423,-0.0839826762676239,0.5677750110626221,0.6182422637939453,-0.09057526290416718,0.47177180647850037,0.7544272541999817,-0.04658418148756027,0.5293435454368591,0.7030324339866638,-0.06371133774518967,0.5653030276298523,0.6719162464141846,-0.07221312820911407,0.5932575464248657,0.6493623852729797,-0.07780089229345322,0.48195356130599976,0.793013334274292,-0.042337507009506226,0.5338894128799438,0.7476156949996948,-0.05514511093497276,0.5663310289382935,0.7200836539268494,-0.064080610871315,0.5891227126121521,0.700018584728241,-0.06943993270397186,0.4871673583984375,0.8304152488708496,-0.03931182622909546,0.5327833890914917,0.807323157787323,-0.04793930426239967,0.5596736669540405,0.7916997671127319,-0.052955325692892075,0.5813314914703369,0.7788417339324951,-0.05555621162056923,PLEASE
PLEASE,0.37911656498908997,0.8447860479354858,2.324079986237848e-07,0.3662228584289551,0.7703434228897095,-0.024683084338903427,0.37452825903892517,0.7120948433876038,-0.045103881508111954,0.3923099637031555,0.6621933579444885,-0.06169382855296135,0.39813804626464844,0.6236040592193604,-0.07910937070846558,0.4511866271495819,0.7164690494537354,-0.05045495554804802,0.5062909126281738,0.6681012511253357,-0.07163793593645096,0.5405516624450684,0.6381542086601257,-0.08408179879188538,0.5672612190246582,0.6157552599906921,-0.0913708359003067,0.47176751494407654,0.7542203664779663,-0.046002622693777084,0.528614342212677,0.7023752927780151,-0.06304095685482025,0.5647473335266113,0.6707605123519897,-0.0721263512969017,0.5934984087944031,0.647960901260376,-0.07828178256750107,0.4821714460849762,0.7919495701789856,-0.04200040176510811,0.5345280766487122,0.7457020282745361,-0.055458977818489075,0.567251443862915,0.7175489068031311,-0.06494113802909851,0.5905587673187256,0.6973351836204529,-0.07072490453720093,0.48682308197021484,0.8284721374511719,-0.03940771520137787,0.5316413640975952,0.8059448599815369,-0.04934481903910637,0.5587663650512695,0.7902106642723083,-0.055294062942266464,0.5807223320007324,0.7770406007766724,-0.058530133217573166,PLEASE
PLEASE,0.37910929322242737,0.8432081937789917,2.28888282549633e-07,0.3669089078903198,0.7680196166038513,-0.022744908928871155,0.3758160173892975,0.7085791826248169,-0.041765905916690826,0.3929349184036255,0.6597706079483032,-0.057474322617053986,0.397064208984375,0.6215535998344421,-0.07403996586799622,0.45256197452545166,0.7138120532035828,-0.04542721435427666,0.50655198097229,0.6669757962226868,-0.06499248743057251,0.5401646494865417,0.637802243232727,-0.07682041078805923,0.5662249326705933,0.615454912185669,-0.08396074175834656,0.47252851724624634,0.7521469593048096,-0.04231787100434303,0.528311014175415,0.701268196105957,-0.057932835072278976,0.5644165873527527,0.669977068901062,-0.0671929344534874,0.5932130217552185,0.6471444964408875,-0.0736197903752327,0.48253631591796875,0.7907254099845886,-0.03975835070014,0.5338668823242188,0.7444441914558411,-0.052613791078329086,0.5660634636878967,0.7162638306617737,-0.0625055655837059,0.5891393423080444,0.695835292339325,-0.06870199739933014,0.48712190985679626,0.8282816410064697,-0.03848949819803238,0.5308144092559814,0.8047866821289062,-0.048376910388469696,0.5575357675552368,0.7892968654632568,-0.054408345371484756,0.5793948769569397,0.7762512564659119,-0.057728417217731476,PLEASE
PLEASE,0.377341091632843,0.8444116711616516,2.3132628257371834e-07,0.3655408024787903,0.7678486108779907,-0.02276339940726757,0.374856561422348,0.7093417048454285,-0.04235449805855751,0.39246866106987,0.6594511270523071,-0.05865960195660591,0.39606955647468567,0.6196405291557312,-0.07609115540981293,0.45270028710365295,0.7130100727081299,-0.04454652592539787,0.5074895024299622,0.6659768223762512,-0.06244714558124542,0.5412393808364868,0.6374824643135071,-0.07341906428337097,0.567694902420044,0.6153870820999146,-0.08022812753915787,0.4727940857410431,0.7517774105072021,-0.0404205285012722,0.5281982421875,0.7004113793373108,-0.05409184470772743,0.5638017654418945,0.6696621775627136,-0.06271284073591232,0.5918033719062805,0.6475191116333008,-0.06909999996423721,0.4823880195617676,0.790544331073761,-0.03664644435048103,0.5337511301040649,0.7442845106124878,-0.04748660326004028,0.5658718943595886,0.716066837310791,-0.05730026587843895,0.5882500410079956,0.6956175565719604,-0.06391048431396484,0.48741647601127625,0.828612208366394,-0.03411677107214928,0.5315796136856079,0.8047292828559875,-0.04203866049647331,0.558073103427887,0.7890307903289795,-0.04763924330472946,0.5793624520301819,0.7756291627883911,-0.05111261457204819,PLEASE
PLEASE,0.37709271907806396,0.8439279198646545,2.1947148809431383e-07,0.36587947607040405,0.7691777348518372,-0.022933613508939743,0.37474197149276733,0.7089254856109619,-0.042613234370946884,0.3913443684577942,0.658606767654419,-0.059115421026945114,0.3959655165672302,0.6195111870765686,-0.07658949494361877,0.4524100422859192,0.7138687968254089,-0.046052273362874985,0.5070508718490601,0.66594398021698,-0.06569692492485046,0.5408565402030945,0.6373065114021301,-0.07757651060819626,0.5672804117202759,0.6155885457992554,-0.0848371610045433,0.47201693058013916,0.7524853348731995,-0.042829640209674835,0.52742999792099,0.701117753982544,-0.05855608358979225,0.5631000995635986,0.670868992805481,-0.06786678731441498,0.5915751457214355,0.6491004228591919,-0.07445285469293594,0.4817860424518585,0.7916348576545715,-0.04016764461994171,0.5331822633743286,0.7452302575111389,-0.052719566971063614,0.5657861828804016,0.7176275849342346,-0.0627373456954956,0.5889880061149597,0.6978048086166382,-0.06925859302282333,0.48683226108551025,0.8305557370185852,-0.038860879838466644,0.5309698581695557,0.8067522644996643,-0.0485641285777092,0.5578587651252747,0.790973424911499,-0.0547376424074173,0.5794986486434937,0.777625560760498,-0.05828039348125458,PLEASE
PLEASE,0.3794875741004944,0.8454983830451965,2.2696495705076813e-07,0.36695653200149536,0.7701350450515747,-0.022455250844359398,0.3755584955215454,0.7107937335968018,-0.041695110499858856,0.39233511686325073,0.6621888279914856,-0.05783717334270477,0.39751148223876953,0.6234222650527954,-0.07492885738611221,0.4536789357662201,0.7147446870803833,-0.0451807826757431,0.5068969130516052,0.6689059138298035,-0.06516753137111664,0.5402604341506958,0.6401671767234802,-0.07708793878555298,0.5661757588386536,0.6181516647338867,-0.08437264710664749,0.47334301471710205,0.7539591789245605,-0.042779047042131424,0.5280164480209351,0.7035306692123413,-0.059125129133462906,0.563696026802063,0.6728760600090027,-0.06866166740655899,0.5926539301872253,0.6505444049835205,-0.07516252994537354,0.4823399782180786,0.7938281893730164,-0.04103667289018631,0.5331175327301025,0.7478945255279541,-0.05505795404314995,0.5650007724761963,0.7202923893928528,-0.06521040946245193,0.5883260369300842,0.7010045051574707,-0.07140776515007019,0.4859433174133301,0.8336306810379028,-0.04051036387681961,0.5290231704711914,0.8107929825782776,-0.05180180445313454,0.5563808679580688,0.795844554901123,-0.05851422995328903,0.5792653560638428,0.7836893796920776,-0.06213522329926491,PLEASE
PLEASE,0.37693271040916443,0.8459327220916748,2.1944802597317903e-07,0.365585058927536,0.7712688446044922,-0.022122671827673912,0.37439945340156555,0.7120903730392456,-0.041697047650814056,0.39112240076065063,0.6639654040336609,-0.05846758559346199,0.3976632356643677,0.6256217956542969,-0.07624294608831406,0.45191141963005066,0.7179308533668518,-0.045804597437381744,0.5054255723953247,0.6703094244003296,-0.0668390691280365,0.5394114255905151,0.641502857208252,-0.07945442199707031,0.5657622218132019,0.6197124719619751,-0.08712182193994522,0.47143790125846863,0.7574512958526611,-0.044229499995708466,0.5275259017944336,0.7074242830276489,-0.06129946932196617,0.5640866756439209,0.6774423718452454,-0.07125846296548843,0.5934568643569946,0.6558583974838257,-0.07803602516651154,0.48052486777305603,0.7978342771530151,-0.043327681720256805,0.5326869487762451,0.75224769115448,-0.0574745275080204,0.5653632283210754,0.7248579859733582,-0.06757406890392303,0.5889127254486084,0.7056176662445068,-0.07384640723466873,0.4839925169944763,0.8381898403167725,-0.04371214285492897,0.527877926826477,0.8162806630134583,-0.05518750473856926,0.5554665327072144,0.8012806177139282,-0.06179928779602051,0.5779205560684204,0.7882755994796753,-0.06532599031925201,PLEASE
PLEASE,0.3760184347629547,0.8519240021705627,2.1437999464524182e-07,0.364300400018692,0.7756386399269104,-0.023079166188836098,0.37314826250076294,0.7169634699821472,-0.04382570460438728,0.3913605511188507,0.6663373112678528,-0.06131294369697571,0.39674654603004456,0.6252365112304688,-0.07995961606502533,0.44897139072418213,0.7222535610198975,-0.04975332319736481,0.5046166181564331,0.674630343914032,-0.07191718369722366,0.5394028425216675,0.6454254388809204,-0.08503374457359314,0.5663446187973022,0.6238404512405396,-0.0927591398358345,0.4697071313858032,0.7621160745620728,-0.04682765528559685,0.5269685387611389,0.7113612294197083,-0.06437475979328156,0.5634968876838684,0.6811490654945374,-0.07389429956674576,0.5924359560012817,0.6591008305549622,-0.08032004535198212,0.4800615608692169,0.8022229671478271,-0.04429345205426216,0.532586932182312,0.7569106817245483,-0.05829901993274689,0.5653588175773621,0.730254054069519,-0.06799369305372238,0.5885744094848633,0.7113320231437683,-0.07389067858457565,0.48469245433807373,0.8415734171867371,-0.04298210144042969,0.529198944568634,0.8185264468193054,-0.05330866575241089,0.5567677617073059,0.8036794066429138,-0.05918043106794357,0.5790373086929321,0.7912694811820984,-0.0622839592397213,PLEASE
PLEASE,0.3739340305328369,0.8527296185493469,2.0361324004625203e-07,0.3635217547416687,0.7761690616607666,-0.021983414888381958,0.372456431388855,0.7157580852508545,-0.0418451726436615,0.38921135663986206,0.6655413508415222,-0.058838341385126114,0.393085777759552,0.6251081824302673,-0.07699494063854218,0.44970011711120605,0.7251129746437073,-0.04682738333940506,0.5055042505264282,0.6771854758262634,-0.067532017827034,0.5401219725608826,0.6484376788139343,-0.07934422045946121,0.5666751861572266,0.6261873841285706,-0.08631742745637894,0.46941202878952026,0.7658528685569763,-0.04494226351380348,0.526944100856781,0.7144942283630371,-0.06230634078383446,0.5634397864341736,0.6837877035140991,-0.07190898805856705,0.5920746922492981,0.6609779000282288,-0.07825884222984314,0.47929537296295166,0.8062884211540222,-0.04353252425789833,0.5327767729759216,0.7605793476104736,-0.05801834166049957,0.5654454231262207,0.733130156993866,-0.06817267090082169,0.5882773399353027,0.7128896117210388,-0.07414223998785019,0.4843163788318634,0.8456505537033081,-0.04324929788708687,0.5300986170768738,0.8221077919006348,-0.05417713522911072,0.5576331615447998,0.8076927065849304,-0.060302749276161194,0.5796145796775818,0.7950763702392578,-0.06342761218547821,PLEASE
PLEASE,0.3723914325237274,0.8589105606079102,1.8766593257169006e-07,0.3624270558357239,0.7818934321403503,-0.02115415222942829,0.3725610375404358,0.7210424542427063,-0.040147244930267334,0.38949090242385864,0.6716840267181396,-0.056395530700683594,0.3933787941932678,0.6308712363243103,-0.07397820055484772,0.4478585422039032,0.7292278409004211,-0.046071700751781464,0.5036690831184387,0.6822059750556946,-0.06677486002445221,0.5386080145835876,0.65323805809021,-0.0790521577000618,0.5651594996452332,0.6305318474769592,-0.08643054217100143,0.46784257888793945,0.7699716687202454,-0.044804107397794724,0.5255338549613953,0.7200536131858826,-0.061326365917921066,0.5624507665634155,0.689812958240509,-0.07109595835208893,0.5915591716766357,0.6673221588134766,-0.07787250727415085,0.47804689407348633,0.8112486004829407,-0.04399880766868591,0.5310651063919067,0.7656815052032471,-0.05776887759566307,0.5641926527023315,0.7388663291931152,-0.06803453713655472,0.5877395272254944,0.7195114493370056,-0.07447025179862976,0.483183354139328,0.8517616987228394,-0.04431644827127457,0.5284873843193054,0.8281436562538147,-0.05511145293712616,0.5565206408500671,0.8139816522598267,-0.06128428131341934,0.5792828798294067,0.8017423748970032,-0.06464608758687973,PLEASE
PLEASE,0.37022554874420166,0.8644683957099915,1.8755112307644595e-07,0.3616522550582886,0.7866497039794922,-0.02090495638549328,0.3729816675186157,0.7254832983016968,-0.039025988429784775,0.39004433155059814,0.675320029258728,-0.05428510159254074,0.39293786883354187,0.6346538066864014,-0.07079920917749405,0.44787976145744324,0.7347489595413208,-0.04480335861444473,0.5031554102897644,0.6888807415962219,-0.06453173607587814,0.538474440574646,0.6604725122451782,-0.07672255486249924,0.5659503936767578,0.6382001042366028,-0.08423402160406113,0.4684823453426361,0.7742801904678345,-0.04272514954209328,0.5257068872451782,0.7260088324546814,-0.05762576311826706,0.5627527832984924,0.6948386430740356,-0.06642008572816849,0.5918880105018616,0.6715141534805298,-0.07294365763664246,0.47860628366470337,0.8143214583396912,-0.041003141552209854,0.5314451456069946,0.7713192701339722,-0.05264633148908615,0.5652990341186523,0.7444643378257751,-0.0615762360394001,0.5891115069389343,0.7242233753204346,-0.06761205196380615,0.48263826966285706,0.8532504439353943,-0.04059620201587677,0.5283801555633545,0.8326368927955627,-0.04958640784025192,0.556405782699585,0.8189216256141663,-0.05463723838329315,0.5789419412612915,0.8067888021469116,-0.05746113881468773,PLEASE
PLEASE,0.37153077125549316,0.8670264482498169,2.011964710391112e-07,0.36225441098213196,0.7885011434555054,-0.022611109539866447,0.37229108810424805,0.7275832891464233,-0.04212765023112297,0.38890060782432556,0.6768031120300293,-0.05864514783024788,0.39194291830062866,0.6352617144584656,-0.07647954672574997,0.4496878385543823,0.7367008924484253,-0.04712212458252907,0.5052124857902527,0.6896218657493591,-0.06760337948799133,0.5402941703796387,0.6619136333465576,-0.07983367890119553,0.5674501657485962,0.6405773162841797,-0.087101511657238,0.469463050365448,0.7776106595993042,-0.044316742569208145,0.526993989944458,0.7282100915908813,-0.06046021357178688,0.5641217827796936,0.6981357932090759,-0.06958639621734619,0.5935155153274536,0.6761291027069092,-0.07607695460319519,0.4789201617240906,0.8186766505241394,-0.04200977087020874,0.5323016047477722,0.7750275135040283,-0.05510275065898895,0.5659264326095581,0.748075544834137,-0.06474772095680237,0.5898298025131226,0.7278432846069336,-0.07081814855337143,0.4829583764076233,0.8578351140022278,-0.0410282202064991,0.529735267162323,0.8363245725631714,-0.051023151725530624,0.5580403208732605,0.8228539824485779,-0.056677691638469696,0.5809602737426758,0.8111717104911804,-0.059712398797273636,PLEASE
PLEASE,0.36987730860710144,0.8693262934684753,2.1457287857629126e-07,0.3619527518749237,0.7910740971565247,-0.022096095606684685,0.3727191090583801,0.7283431887626648,-0.040710363537073135,0.389644593000412,0.6775263547897339,-0.056005436927080154,0.3900420665740967,0.634040117263794,-0.07259318232536316,0.4473925530910492,0.7418333888053894,-0.04908113554120064,0.50462806224823,0.694023847579956,-0.06738030165433884,0.5403742790222168,0.6670350432395935,-0.0774206668138504,0.5687153935432434,0.645959734916687,-0.08369674533605576,0.4677376449108124,0.7821319103240967,-0.04564313217997551,0.52663654088974,0.7290201783180237,-0.06130276992917061,0.564185619354248,0.6974114775657654,-0.06971593201160431,0.5940397381782532,0.6746541261672974,-0.07607104629278183,0.4780920445919037,0.8220753073692322,-0.04212389141321182,0.5320070385932922,0.7765312194824219,-0.055151697248220444,0.5665759444236755,0.7488512992858887,-0.06478330492973328,0.590619683265686,0.7278453707695007,-0.07110763341188431,0.4831539988517761,0.8602713346481323,-0.03973028063774109,0.5304582118988037,0.8402295708656311,-0.04998684301972389,0.558197557926178,0.8277387022972107,-0.055991385132074356,0.5799658298492432,0.816081702709198,-0.05954131484031677,PLEASE
PLEASE,0.37106889486312866,0.870298445224762,2.3114857583550474e-07,0.36290258169174194,0.7930922508239746,-0.02140071615576744,0.3727525770664215,0.7317633032798767,-0.040472403168678284,0.3891744911670685,0.6800768971443176,-0.056323204189538956,0.390095055103302,0.6357908844947815,-0.0734744593501091,0.44653111696243286,0.7434845566749573,-0.04994742572307587,0.504150927066803,0.6954759359359741,-0.06900151073932648,0.5399899482727051,0.6678735017776489,-0.07926158607006073,0.5685303211212158,0.646066427230835,-0.0855896919965744,0.4666333496570587,0.7846559882164001,-0.04737958312034607,0.5255929827690125,0.731569766998291,-0.06443411111831665,0.5635032653808594,0.6994467377662659,-0.07361888140439987,0.5947009325027466,0.6757720708847046,-0.08015108853578568,0.47718116641044617,0.8250727653503418,-0.04456857591867447,0.5314874649047852,0.7783379554748535,-0.05898705869913101,0.5665662288665771,0.7499416470527649,-0.06913105398416519,0.5917257070541382,0.728166937828064,-0.07544545829296112,0.4828457534313202,0.8628880381584167,-0.04269254207611084,0.5302154421806335,0.8416902422904968,-0.054252397269010544,0.5582907795906067,0.8282797932624817,-0.06060843542218208,0.5804451704025269,0.8153440952301025,-0.06408022344112396,PLEASE
PLEASE,0.3742869794368744,0.8679208159446716,2.405813290806691e-07,0.36531904339790344,0.7918083071708679,-0.02138875611126423,0.3750326931476593,0.7306375503540039,-0.04034116491675377,0.39088302850723267,0.6823433637619019,-0.056287385523319244,0.39153745770454407,0.6394302845001221,-0.0737500712275505,0.44848737120628357,0.7417043447494507,-0.04895943030714989,0.5049314498901367,0.6953997015953064,-0.06767282634973526,0.5405215620994568,0.6687332391738892,-0.0778895914554596,0.5689293742179871,0.6476271152496338,-0.08429551869630814,0.46820634603500366,0.7835479378700256,-0.04701909050345421,0.52702796459198,0.7318810224533081,-0.06372402608394623,0.5643278360366821,0.7005952596664429,-0.07295063883066177,0.5945999622344971,0.677924633026123,-0.07950776815414429,0.47841739654541016,0.8246506452560425,-0.04493981972336769,0.5326300859451294,0.7789133191108704,-0.059503503143787384,0.5671619176864624,0.7506378293037415,-0.06967127323150635,0.5918259620666504,0.7294319868087769,-0.07590382546186447,0.4838693141937256,0.863846480846405,-0.0438026525080204,0.5319846868515015,0.8421927690505981,-0.05572524666786194,0.5594934821128845,0.8285304307937622,-0.06183572858572006,0.5807288885116577,0.815016508102417,-0.06500710546970367,PLEASE
PLEASE,0.37352511286735535,0.8696388006210327,2.1581101350420795e-07,0.3639293313026428,0.7929685711860657,-0.020799169316887856,0.37443870306015015,0.732352077960968,-0.03872721269726753,0.3929416537284851,0.6855612397193909,-0.053521208465099335,0.39659345149993896,0.6431084871292114,-0.0696851834654808,0.44845932722091675,0.7436085939407349,-0.04854346811771393,0.5046635866165161,0.6957231760025024,-0.06711756438016891,0.5406262874603271,0.6681270599365234,-0.07714485377073288,0.5695031881332397,0.6466817855834961,-0.08335845917463303,0.46860530972480774,0.7843488454818726,-0.0464271605014801,0.5267428159713745,0.7312987446784973,-0.0635271891951561,0.5645651817321777,0.6991137266159058,-0.07282121479511261,0.5954784154891968,0.6764329075813293,-0.07934465259313583,0.4789372384548187,0.8245587348937988,-0.04408779367804527,0.5322993397712708,0.7787638902664185,-0.05896541476249695,0.5674846768379211,0.7502305507659912,-0.0692724660038948,0.5926952362060547,0.7288218140602112,-0.07555035501718521,0.48423558473587036,0.8628261089324951,-0.04261161386966705,0.53141850233078,0.842086672782898,-0.05450505390763283,0.5595341920852661,0.8281972408294678,-0.06099391728639603,0.5814651250839233,0.8144423365592957,-0.06453318893909454,PLEASE
PLEASE,0.3737548589706421,0.8696134090423584,2.0843307879658823e-07,0.36555221676826477,0.7932102084159851,-0.019935367628932,0.37661436200141907,0.7321497797966003,-0.0373937152326107,0.3941199481487274,0.684282124042511,-0.052127838134765625,0.3966051936149597,0.6409939527511597,-0.06817987561225891,0.45079129934310913,0.7425974607467651,-0.04564029723405838,0.5068597793579102,0.6938954591751099,-0.06382772326469421,0.5419397950172424,0.6660574674606323,-0.07390988618135452,0.5699414014816284,0.6444958448410034,-0.08025205880403519,0.47011837363243103,0.7822672724723816,-0.0442630760371685,0.5285537838935852,0.7296712398529053,-0.060509439557790756,0.5663812160491943,0.697818398475647,-0.06982996314764023,0.5969522595405579,0.6753420233726501,-0.07662107795476913,0.4799225628376007,0.8219617009162903,-0.04289811849594116,0.5333170890808105,0.7761281728744507,-0.05698110908269882,0.5684025287628174,0.7485538721084595,-0.0675065815448761,0.5935404300689697,0.7282642126083374,-0.07429171353578568,0.484944224357605,0.8606742024421692,-0.042472608387470245,0.5319022536277771,0.8401440978050232,-0.05414017289876938,0.5599778294563293,0.8264847993850708,-0.06094752252101898,0.5822373628616333,0.8131327033042908,-0.06492463499307632,PLEASE
PLEASE,0.3748859763145447,0.8657088279724121,1.9329333156292705e-07,0.3658619523048401,0.7870867848396301,-0.02267451584339142,0.37704718112945557,0.726704478263855,-0.042102064937353134,0.3959747552871704,0.6776890754699707,-0.05828722566366196,0.40034109354019165,0.6355466842651367,-0.07559605687856674,0.45297735929489136,0.7354126572608948,-0.04830269142985344,0.509631872177124,0.6867066025733948,-0.06813771277666092,0.5443751215934753,0.6576759815216064,-0.07968460768461227,0.5709889531135559,0.6352391242980957,-0.08665571361780167,0.47255682945251465,0.7761545181274414,-0.04553881287574768,0.5309149026870728,0.7239602208137512,-0.0616467259824276,0.5672566890716553,0.6924743056297302,-0.07048827409744263,0.5960559248924255,0.6695944666862488,-0.0767638310790062,0.4820290803909302,0.8166341781616211,-0.04308890551328659,0.5361613035202026,0.769780695438385,-0.05567725747823715,0.5701759457588196,0.7428994178771973,-0.06454280763864517,0.5945057272911072,0.7235471606254578,-0.07034824788570404,0.4859502613544464,0.8552970886230469,-0.04200157895684242,0.5322763323783875,0.8312017321586609,-0.05118667334318161,0.5598469376564026,0.816960871219635,-0.05611174926161766,0.5818170309066772,0.8052759766578674,-0.05886095017194748,PLEASE
PLEASE,0.3749849200248718,0.8623819947242737,1.8902620979588391e-07,0.3661232590675354,0.7848857045173645,-0.023850681260228157,0.3767809569835663,0.7243742346763611,-0.04402383044362068,0.39486125111579895,0.6740664839744568,-0.060657333582639694,0.3997039198875427,0.6330569982528687,-0.07850414514541626,0.4528643786907196,0.732811450958252,-0.04989192262291908,0.5082535743713379,0.6837589740753174,-0.06962853670120239,0.5427118539810181,0.6551205515861511,-0.08107338100671768,0.5693843960762024,0.6333610415458679,-0.0879700779914856,0.47284558415412903,0.7737001180648804,-0.04605220630764961,0.5306048393249512,0.7208649516105652,-0.06212355196475983,0.5666412115097046,0.6887427568435669,-0.0710168182849884,0.5949289798736572,0.6660191416740417,-0.07738139480352402,0.48217517137527466,0.8139486312866211,-0.04243398830294609,0.5363008379936218,0.7654743194580078,-0.055201753973960876,0.5698728561401367,0.7363876104354858,-0.06452687829732895,0.5933923721313477,0.7158267498016357,-0.0706079825758934,0.48620256781578064,0.852198600769043,-0.040146853774785995,0.5331170558929443,0.8276646733283997,-0.04975695163011551,0.5607140064239502,0.812984824180603,-0.05521342530846596,0.5826894044876099,0.8015743494033813,-0.058257125318050385,PLEASE
PLEASE,0.37493687868118286,0.858376145362854,1.7670680563242058e-07,0.3653627634048462,0.7806572318077087,-0.021981537342071533,0.3763742446899414,0.7215060591697693,-0.040925443172454834,0.3953721821308136,0.6735570430755615,-0.05677475035190582,0.39986783266067505,0.6327226758003235,-0.07374127954244614,0.452401340007782,0.7300202250480652,-0.045937854796648026,0.5087634325027466,0.6805638074874878,-0.0652366429567337,0.5430344939231873,0.6512369513511658,-0.07668446004390717,0.5695450901985168,0.628678560256958,-0.08357538282871246,0.47234827280044556,0.769724428653717,-0.04299265891313553,0.529868483543396,0.7175127267837524,-0.05834626778960228,0.566011905670166,0.6863385438919067,-0.067109614610672,0.5947504043579102,0.6640520691871643,-0.07343540340662003,0.48203417658805847,0.8092474341392517,-0.04041958972811699,0.5351346731185913,0.7634251117706299,-0.052600886672735214,0.5686585307121277,0.73585045337677,-0.061997443437576294,0.5924137830734253,0.7157519459724426,-0.06812010705471039,0.4867722988128662,0.8479913473129272,-0.0391043946146965,0.5331405401229858,0.8247794508934021,-0.04810285195708275,0.5611578822135925,0.8097440600395203,-0.05342307314276695,0.5835902690887451,0.7969459295272827,-0.05648478865623474,PLEASE
PLEASE,0.37520331144332886,0.8572603464126587,1.9759404779051692e-07,0.3663499057292938,0.7799378633499146,-0.022269748151302338,0.3763624429702759,0.7198405861854553,-0.04213571548461914,0.394376277923584,0.668519139289856,-0.05870693922042847,0.4002392590045929,0.6270268559455872,-0.07628216594457626,0.45389261841773987,0.7283734679222107,-0.04858151078224182,0.5100027322769165,0.6790341138839722,-0.06849729269742966,0.5442773103713989,0.6501796245574951,-0.07988249510526657,0.570803701877594,0.6279243230819702,-0.08659325540065765,0.4733108580112457,0.7681176662445068,-0.04543810710310936,0.5308097004890442,0.7156605124473572,-0.06150337681174278,0.5667148232460022,0.6847140789031982,-0.07013649493455887,0.5951662063598633,0.6621511578559875,-0.07624655216932297,0.48255741596221924,0.8078749775886536,-0.0424848347902298,0.5356322526931763,0.7621639966964722,-0.05491968244314194,0.5691152811050415,0.7352398633956909,-0.06394734233617783,0.5927420854568481,0.7154183983802795,-0.06977801024913788,0.48655298352241516,0.8460714817047119,-0.04076648876070976,0.5328412055969238,0.823113739490509,-0.04986470937728882,0.560545802116394,0.8086158633232117,-0.055114444345235825,0.5827386975288391,0.796554684638977,-0.057996299117803574,PLEASE
PLEASE,0.3765714168548584,0.8531261086463928,2.1209127964993968e-07,0.36824798583984375,0.776745617389679,-0.023808758705854416,0.37805303931236267,0.718497633934021,-0.044256359338760376,0.39550790190696716,0.6703411340713501,-0.06132914125919342,0.40084338188171387,0.6283103823661804,-0.07945489883422852,0.45532137155532837,0.726516604423523,-0.049032051116228104,0.5102002024650574,0.6785547733306885,-0.06897183507680893,0.5444217920303345,0.6506961584091187,-0.08083060383796692,0.571449875831604,0.6290326118469238,-0.08814319968223572,0.47458308935165405,0.7667751908302307,-0.0456891804933548,0.5311099290847778,0.7153152823448181,-0.06239784136414528,0.5670807957649231,0.6842817664146423,-0.0719618946313858,0.5957890152931213,0.6611829996109009,-0.0787525475025177,0.4838320016860962,0.8069791197776794,-0.04265614226460457,0.5359947681427002,0.7619476318359375,-0.05551426112651825,0.569259762763977,0.735306441783905,-0.06476432830095291,0.5930052995681763,0.7154890298843384,-0.07081373780965805,0.4881964325904846,0.8457384705543518,-0.04105343669652939,0.5338059663772583,0.8233770132064819,-0.05048675462603569,0.5609943866729736,0.8095862865447998,-0.055527739226818085,0.5824196934700012,0.7973036170005798,-0.05827031284570694,PLEASE
PLEASE,0.37877577543258667,0.8548869490623474,1.8132004697690718e-07,0.3693434000015259,0.7785781621932983,-0.02212102897465229,0.37859246134757996,0.7194362282752991,-0.041861239820718765,0.39687636494636536,0.671638548374176,-0.05853600427508354,0.4024588465690613,0.6310026049613953,-0.07646225392818451,0.4553832411766052,0.7272515296936035,-0.04908493533730507,0.5107884407043457,0.6785967946052551,-0.06890331208705902,0.5449311137199402,0.6509770750999451,-0.08014814555644989,0.5716396570205688,0.6297299861907959,-0.08700481802225113,0.47490841150283813,0.7675221562385559,-0.046317096799612045,0.5324001312255859,0.7155295014381409,-0.06284502148628235,0.5679475665092468,0.6846267580986023,-0.07177776098251343,0.5960676074028015,0.6624966859817505,-0.07829780131578445,0.48362404108047485,0.8077621459960938,-0.043653879314661026,0.5373546481132507,0.7618396282196045,-0.056880876421928406,0.5700654983520508,0.7344120144844055,-0.06598925590515137,0.5930868983268738,0.7146451473236084,-0.0720105692744255,0.48702096939086914,0.8470094203948975,-0.04218662157654762,0.5332648158073425,0.8247160911560059,-0.05247066915035248,0.5605471134185791,0.8097050786018372,-0.05816839635372162,0.5827626585960388,0.7968533039093018,-0.06145001947879791,PLEASE
PLEASE,0.3779616951942444,0.8553300499916077,1.6460531071516016e-07,0.36955833435058594,0.7787940502166748,-0.021344512701034546,0.3788621425628662,0.7199510335922241,-0.04020750895142555,0.3969086706638336,0.67115318775177,-0.05617982894182205,0.4023015797138214,0.6313114762306213,-0.07336129248142242,0.45777255296707153,0.7277867197990417,-0.045158736407756805,0.5112580060958862,0.6796337366104126,-0.06319276988506317,0.5445667505264282,0.6523345708847046,-0.07376296818256378,0.5708191394805908,0.6316054463386536,-0.08040163666009903,0.4774166941642761,0.7676877975463867,-0.04204145818948746,0.5335897207260132,0.7157759070396423,-0.056827060878276825,0.568476676940918,0.6854594945907593,-0.06513383239507675,0.5959046483039856,0.6640628576278687,-0.07142423093318939,0.485577791929245,0.8080604672431946,-0.039087679237127304,0.5380374789237976,0.7624363303184509,-0.05090808495879173,0.5704711675643921,0.73505699634552,-0.059708643704652786,0.5929940938949585,0.7145484089851379,-0.06562187522649765,0.48846739530563354,0.8475201725959778,-0.037315141409635544,0.5352858901023865,0.8256205320358276,-0.046266570687294006,0.5617756843566895,0.8112170696258545,-0.051284849643707275,0.5828237533569336,0.7983059287071228,-0.05418020859360695,PLEASE
PLEASE,0.3771406412124634,0.8590488433837891,1.87640537774314e-07,0.36919966340065,0.7801831364631653,-0.022046901285648346,0.3789883852005005,0.7203828692436218,-0.04139385372400284,0.3975096046924591,0.6715556383132935,-0.05768832564353943,0.40305590629577637,0.6298114061355591,-0.0751931220293045,0.4558551609516144,0.7299085259437561,-0.046413030475378036,0.5118301510810852,0.6811233162879944,-0.06467102468013763,0.5456534028053284,0.6531411409378052,-0.07497178018093109,0.5718746185302734,0.631507396697998,-0.08127456903457642,0.47457656264305115,0.7701495289802551,-0.04351823031902313,0.5330241322517395,0.716407060623169,-0.05892563238739967,0.5690568685531616,0.6853645443916321,-0.067686066031456,0.5974658727645874,0.6638057231903076,-0.0740114077925682,0.48338526487350464,0.8103116750717163,-0.04088345915079117,0.5373055338859558,0.76144939661026,-0.05342402309179306,0.5714290738105774,0.7342616319656372,-0.06336524337530136,0.5958304405212402,0.7153351902961731,-0.06994118541479111,0.4879221022129059,0.8495771884918213,-0.039405450224876404,0.5342928171157837,0.8251685500144958,-0.04920291155576706,0.5617380738258362,0.8115545511245728,-0.055224161595106125,0.5835602283477783,0.8003350496292114,-0.058732014149427414,PLEASE
PLEASE,0.3788527846336365,0.8594337701797485,1.860551179788672e-07,0.37028199434280396,0.7828555703163147,-0.023988958448171616,0.3791697919368744,0.7231238484382629,-0.04394451156258583,0.3980810046195984,0.6743183135986328,-0.060488469898700714,0.404863566160202,0.6328182220458984,-0.07804177701473236,0.45546337962150574,0.7313823699951172,-0.049180615693330765,0.5105688571929932,0.6821637153625488,-0.06838187575340271,0.5446509122848511,0.6537854075431824,-0.07927858829498291,0.5712447166442871,0.6322270035743713,-0.08594167232513428,0.4752611517906189,0.7711739540100098,-0.04525613412261009,0.5330899357795715,0.718178927898407,-0.06138904392719269,0.5695157051086426,0.6866897344589233,-0.07021131366491318,0.5978684425354004,0.6647932529449463,-0.0766550675034523,0.48451367020606995,0.8108912706375122,-0.0416695773601532,0.5375198721885681,0.7636098265647888,-0.05465875566005707,0.5711312890052795,0.735804557800293,-0.06418135017156601,0.5948514938354492,0.7160192728042603,-0.07050760835409164,0.48889869451522827,0.8495268821716309,-0.03947656974196434,0.5347587466239929,0.8268612623214722,-0.04961598664522171,0.5615615248680115,0.8128963112831116,-0.055652450770139694,0.5828447341918945,0.8008888959884644,-0.05921308323740959,PLEASE
PLEASE,0.3784787058830261,0.8597650527954102,1.925890984466605e-07,0.3696286082267761,0.7825804948806763,-0.023648828268051147,0.37840837240219116,0.7222520709037781,-0.04383049160242081,0.3969945013523102,0.6732102632522583,-0.060584671795368195,0.403754860162735,0.6321883797645569,-0.07834264636039734,0.4536418616771698,0.7321958541870117,-0.05026952177286148,0.5100507140159607,0.6827857494354248,-0.06994565576314926,0.544869601726532,0.6547319889068604,-0.08047471940517426,0.5719434022903442,0.6336291432380676,-0.08671228587627411,0.47355571389198303,0.7719286680221558,-0.046642839908599854,0.5327420830726624,0.7180497646331787,-0.0638132393360138,0.5696659088134766,0.6868772506713867,-0.07251253724098206,0.5985010862350464,0.6656566858291626,-0.07852597534656525,0.48368728160858154,0.8116827011108398,-0.04329472780227661,0.5379517674446106,0.7637577056884766,-0.057398684322834015,0.5724970698356628,0.7362993359565735,-0.067215196788311,0.596967875957489,0.7170134782791138,-0.07335406541824341,0.48909270763397217,0.8506060838699341,-0.04118063300848007,0.5360677242279053,0.827252209186554,-0.0520457848906517,0.5634564161300659,0.8135385513305664,-0.058340348303318024,0.5851280093193054,0.8015285730361938,-0.06187060475349426,PLEASE
PLEASE,0.37720680236816406,0.8602410554885864,1.8348278274515906e-07,0.3701656758785248,0.7828831076622009,-0.02308272384107113,0.37937724590301514,0.7224965691566467,-0.04296058043837547,0.3972010016441345,0.6722404956817627,-0.05971512198448181,0.40445205569267273,0.6315243244171143,-0.0775795429944992,0.4561057388782501,0.732505202293396,-0.0478365384042263,0.5115893483161926,0.6823837757110596,-0.0669582411646843,0.546112060546875,0.6543642282485962,-0.07754377275705338,0.5730395317077637,0.6331984400749207,-0.08396080136299133,0.47536230087280273,0.7725513577461243,-0.04438764229416847,0.5338078141212463,0.7179045081138611,-0.06117899715900421,0.5704644918441772,0.6869285702705383,-0.07038767635822296,0.5991345643997192,0.6660970449447632,-0.07688276469707489,0.4838358759880066,0.8124514818191528,-0.041227471083402634,0.5381876230239868,0.7636445164680481,-0.05506888031959534,0.5726032853126526,0.7360414862632751,-0.06476599723100662,0.5970258712768555,0.716859757900238,-0.07090593874454498,0.4877188503742218,0.8516863584518433,-0.03926704451441765,0.5345062017440796,0.8273308277130127,-0.04986253380775452,0.5619217157363892,0.8131101727485657,-0.05579608678817749,0.5841256976127625,0.8014695048332214,-0.059096284210681915,PLEASE
PLEASE,0.37899136543273926,0.8590522408485413,1.7795801454667526e-07,0.3708451986312866,0.7822538614273071,-0.022712204605340958,0.3803408741950989,0.7226085662841797,-0.04255484417080879,0.3977951109409332,0.6743758320808411,-0.0592341274023056,0.40308111906051636,0.6364426612854004,-0.07707478106021881,0.4570786654949188,0.7309536337852478,-0.04814772307872772,0.5119584798812866,0.682637095451355,-0.06755116581916809,0.5461337566375732,0.6551761031150818,-0.0784364715218544,0.5723239779472351,0.634559154510498,-0.0849718451499939,0.4766823351383209,0.771257758140564,-0.044703975319862366,0.5341513156890869,0.7194793224334717,-0.060709673911333084,0.5697934031486511,0.6894811987876892,-0.06912145018577576,0.5969825983047485,0.6684438586235046,-0.07519560307264328,0.48570746183395386,0.8115547895431519,-0.041550006717443466,0.53830486536026,0.7652230858802795,-0.05412902310490608,0.5710356831550598,0.7370390892028809,-0.0633130818605423,0.5936588048934937,0.7168678045272827,-0.0693303644657135,0.4895007908344269,0.8507203459739685,-0.0396878682076931,0.5354180335998535,0.8273186683654785,-0.04916458576917648,0.5622258186340332,0.8133221864700317,-0.05483398586511612,0.5837022066116333,0.8023174405097961,-0.058084458112716675,PLEASE
PLEASE,0.3800087571144104,0.8617037534713745,1.9105978310562932e-07,0.37148821353912354,0.7842981219291687,-0.023156141862273216,0.3797309994697571,0.7249841690063477,-0.04288528114557266,0.3986693322658539,0.6755213141441345,-0.059297434985637665,0.40621572732925415,0.6349179744720459,-0.07669026404619217,0.45819997787475586,0.7329126000404358,-0.047711875289678574,0.5132161378860474,0.683573305606842,-0.06631844490766525,0.5470290184020996,0.6556036472320557,-0.07665149867534637,0.5734889507293701,0.6344548463821411,-0.08283814787864685,0.47760480642318726,0.7728050947189331,-0.0436466820538044,0.5353569984436035,0.7190831899642944,-0.059643153101205826,0.5713450312614441,0.6877366304397583,-0.06807997077703476,0.5993586182594299,0.665988564491272,-0.07404003292322159,0.4859701693058014,0.8123765587806702,-0.039833854883909225,0.5390774011611938,0.7646991014480591,-0.053072817623615265,0.5726296305656433,0.7366119623184204,-0.06231677159667015,0.5960501432418823,0.716593861579895,-0.06811293959617615,0.48939016461372375,0.8508766889572144,-0.03720851615071297,0.5361415147781372,0.8276013731956482,-0.04722529649734497,0.5629791617393494,0.8140345811843872,-0.05275563523173332,0.5843294858932495,0.8028073906898499,-0.05576019734144211,PLEASE
PLEASE,0.37854743003845215,0.8601391911506653,1.7441158206565888e-07,0.37062859535217285,0.7830999493598938,-0.02281865105032921,0.37963372468948364,0.7241408824920654,-0.04267430305480957,0.39695900678634644,0.6741969585418701,-0.05916270986199379,0.4021928608417511,0.6338584423065186,-0.07682951539754868,0.4563771188259125,0.7321434617042542,-0.04917381331324577,0.5126001238822937,0.6839994192123413,-0.06830348074436188,0.5469487905502319,0.6561645865440369,-0.07887329906225204,0.5735560059547424,0.6351772546768188,-0.08525008708238602,0.47642362117767334,0.7722808122634888,-0.04522232338786125,0.5350542664527893,0.7200837135314941,-0.06085715815424919,0.5704233646392822,0.6896160840988159,-0.06879451870918274,0.5977699756622314,0.6680431365966797,-0.0745805874466896,0.48543357849121094,0.8124346137046814,-0.04137411341071129,0.5393887162208557,0.7656707167625427,-0.053480636328458786,0.5720561742782593,0.7381367683410645,-0.062073539942502975,0.5950192809104919,0.7180811166763306,-0.06778686493635178,0.48902761936187744,0.8507047295570374,-0.03878488019108772,0.535636305809021,0.8274012804031372,-0.0479096844792366,0.5625020265579224,0.8133196234703064,-0.05311620607972145,0.5842913389205933,0.8022381067276001,-0.056082986295223236,PLEASE
PLEASE,0.3792330324649811,0.8608932495117188,1.8319870775940217e-07,0.3704783022403717,0.7823852300643921,-0.022230304777622223,0.3791872262954712,0.7234652638435364,-0.04219241812825203,0.3964603543281555,0.6742095351219177,-0.05900167301297188,0.4013562798500061,0.6344304084777832,-0.07715915143489838,0.4552671015262604,0.7324928641319275,-0.0491676963865757,0.5112519860267639,0.6847630739212036,-0.06869141757488251,0.5458455085754395,0.6569039225578308,-0.07942202687263489,0.5726664662361145,0.6358709931373596,-0.08582449704408646,0.4751860499382019,0.7725880742073059,-0.04566620662808418,0.5337961316108704,0.7208258509635925,-0.061528366059064865,0.5695416927337646,0.6899335384368896,-0.06958869099617004,0.5970367789268494,0.6680909991264343,-0.07546723634004593,0.4841747283935547,0.8124460577964783,-0.04223951697349548,0.5386298298835754,0.765588641166687,-0.05462253466248512,0.5718218684196472,0.7377186417579651,-0.06357330828905106,0.5948306322097778,0.717911958694458,-0.06951755285263062,0.48816996812820435,0.8504651188850403,-0.03999324515461922,0.5351693630218506,0.8277246356010437,-0.04937414452433586,0.5626853108406067,0.8140295743942261,-0.05497421324253082,0.5848181843757629,0.8035005331039429,-0.0582391694188118,PLEASE
PLEASE,0.37765219807624817,0.8590264916419983,1.9721586852483597e-07,0.3687083125114441,0.7814087271690369,-0.024121249094605446,0.37864574790000916,0.722227931022644,-0.04457710683345795,0.3971354365348816,0.6744993925094604,-0.06153477728366852,0.4025629162788391,0.6365218758583069,-0.07962006330490112,0.45460987091064453,0.7323935031890869,-0.04955245181918144,0.5110320448875427,0.6850353479385376,-0.06913021206855774,0.5457413792610168,0.6577732563018799,-0.08046610653400421,0.5728499293327332,0.6366097331047058,-0.08755632489919662,0.4747712016105652,0.7732079029083252,-0.04542757198214531,0.5326541066169739,0.7206079363822937,-0.06136983633041382,0.5685725808143616,0.6896877288818359,-0.07013256847858429,0.5969340801239014,0.666960597038269,-0.07663717120885849,0.48387837409973145,0.8132835626602173,-0.041598595678806305,0.538399338722229,0.7664427161216736,-0.05400848388671875,0.5713247656822205,0.7392286062240601,-0.06313318759202957,0.5945687294006348,0.7197614312171936,-0.06936714053153992,0.4877975583076477,0.8522315621376038,-0.03918794170022011,0.533025860786438,0.8303855061531067,-0.04882634058594704,0.5603880882263184,0.8158460855484009,-0.05477364733815193,0.5823895335197449,0.8035959005355835,-0.058379191905260086,PLEASE
PLEASE,0.37698495388031006,0.8578150868415833,1.913347915660779e-07,0.3667168617248535,0.7808749675750732,-0.023390263319015503,0.3776986002922058,0.7232611179351807,-0.04234827682375908,0.40006765723228455,0.6790396571159363,-0.05762320011854172,0.4115007817745209,0.6389676332473755,-0.07364984601736069,0.45287761092185974,0.7301738262176514,-0.048929743468761444,0.5095536112785339,0.6826440095901489,-0.06836258620023727,0.5444397926330566,0.654741644859314,-0.0791877806186676,0.572086751461029,0.6331289410591125,-0.08568952232599258,0.4721909165382385,0.7712752223014832,-0.04508790746331215,0.52972811460495,0.7185851335525513,-0.0622648261487484,0.5659013986587524,0.6870685815811157,-0.07158064842224121,0.5954242944717407,0.6642369031906128,-0.07800672948360443,0.4815921187400818,0.8116434216499329,-0.041474442929029465,0.5345397591590881,0.7648240327835083,-0.0555528923869133,0.5682735443115234,0.736993670463562,-0.06494089215993881,0.5924968719482422,0.7167158722877502,-0.07069887965917587,0.4863165020942688,0.8510974645614624,-0.039108242839574814,0.5325441956520081,0.8286337852478027,-0.049780286848545074,0.559839129447937,0.8142823576927185,-0.055688027292490005,0.5812867283821106,0.8012276291847229,-0.05884799733757973,PLEASE
PLEASE,0.3767077922821045,0.8605589270591736,1.6251038914560922e-07,0.36784857511520386,0.7835574150085449,-0.022995879873633385,0.3784811496734619,0.7237087488174438,-0.041866056621074677,0.40009987354278564,0.6752462387084961,-0.05707356706261635,0.4122110903263092,0.6355186700820923,-0.07292522490024567,0.45265454053878784,0.7337086796760559,-0.048962101340293884,0.5097973346710205,0.6836880445480347,-0.06863052397966385,0.5444566011428833,0.6554378867149353,-0.07950881868600845,0.5717998147010803,0.6341221332550049,-0.0858594998717308,0.47215235233306885,0.7732608914375305,-0.04466438293457031,0.5298095941543579,0.7175425291061401,-0.06124614179134369,0.5656906366348267,0.6859301924705505,-0.06974203139543533,0.5942485928535461,0.6643071174621582,-0.07570483535528183,0.48148587346076965,0.8124583959579468,-0.04059762507677078,0.5348814129829407,0.7633154392242432,-0.05388650298118591,0.5677241086959839,0.7346710562705994,-0.06245550140738487,0.5908968448638916,0.7144466042518616,-0.06771650910377502,0.48623836040496826,0.8504579067230225,-0.0377921499311924,0.5330612063407898,0.8262810707092285,-0.047851622104644775,0.5601555705070496,0.8113976716995239,-0.053341664373874664,0.5819190740585327,0.7997715473175049,-0.056214116513729095,PLEASE
PLEASE,0.3767285943031311,0.8591036796569824,1.306780461618473e-07,0.36724692583084106,0.7825849652290344,-0.02170771174132824,0.37928545475006104,0.723993182182312,-0.03966028615832329,0.4032128155231476,0.6774303317070007,-0.05407115817070007,0.41845935583114624,0.6399811506271362,-0.06901895999908447,0.4518357813358307,0.7324102520942688,-0.04766308143734932,0.5098268389701843,0.682166576385498,-0.06805716454982758,0.5447577238082886,0.6539221405982971,-0.07913674414157867,0.5717722177505493,0.6329559087753296,-0.08540253341197968,0.4713238477706909,0.7715144753456116,-0.04403432086110115,0.5304069519042969,0.7165511250495911,-0.060623154044151306,0.5663484930992126,0.6858053207397461,-0.06855457276105881,0.5947704911231995,0.6641931533813477,-0.07382938265800476,0.4810731112957001,0.8112850189208984,-0.040724728256464005,0.535818338394165,0.7620877027511597,-0.05378137156367302,0.5685085654258728,0.7340176105499268,-0.06152946501970291,0.5917479991912842,0.7140946388244629,-0.06604669988155365,0.48566320538520813,0.8507658839225769,-0.03866259381175041,0.5319815278053284,0.8262189626693726,-0.04863611236214638,0.5596218109130859,0.8103870749473572,-0.05395824462175369,0.5820021033287048,0.7975654006004333,-0.05652153119444847,PLEASE
PLEASE,0.3796040415763855,0.8584812879562378,1.1791349407985763e-07,0.3684670031070709,0.7822864651679993,-0.021213067695498466,0.38043659925460815,0.7248159646987915,-0.03808261826634407,0.40593603253364563,0.6809789538383484,-0.05144476890563965,0.42231833934783936,0.6437479257583618,-0.0653868168592453,0.45119214057922363,0.7327184081077576,-0.04722767695784569,0.5097975730895996,0.6833237409591675,-0.06739150732755661,0.5448935031890869,0.655458927154541,-0.07802329957485199,0.5721814036369324,0.6345375180244446,-0.08396545052528381,0.4713285565376282,0.7720177173614502,-0.04380673170089722,0.5301562547683716,0.7173469066619873,-0.06061946973204613,0.5658055543899536,0.6858458518981934,-0.06873853504657745,0.5943032503128052,0.6633780598640442,-0.07416575402021408,0.4817405045032501,0.8111298680305481,-0.04064835608005524,0.5355662703514099,0.7632954716682434,-0.054384879767894745,0.5679617524147034,0.734598696231842,-0.06244032457470894,0.5911779999732971,0.7136248350143433,-0.06703773140907288,0.48710015416145325,0.8492947220802307,-0.03863917663693428,0.5329864025115967,0.8253244161605835,-0.049174364656209946,0.5601514577865601,0.8095576763153076,-0.05474073439836502,0.5819931030273438,0.7959167957305908,-0.05743958055973053,PLEASE
PLEASE,0.38139423727989197,0.8563920259475708,1.5571177414130943e-07,0.36927276849746704,0.7800158262252808,-0.024422215297818184,0.38096490502357483,0.7244542241096497,-0.04278172180056572,0.4085543751716614,0.683692991733551,-0.05670948699116707,0.4247702956199646,0.6476210355758667,-0.07121293246746063,0.45233744382858276,0.7323933243751526,-0.05268159508705139,0.5105336308479309,0.682905912399292,-0.07382459193468094,0.5456435084342957,0.655046284198761,-0.08490440249443054,0.5738294124603271,0.6343051195144653,-0.09109242260456085,0.4727199673652649,0.7719104290008545,-0.0472743883728981,0.5306550860404968,0.7156849503517151,-0.06565685570240021,0.5667645931243896,0.684176504611969,-0.07390473783016205,0.5957356095314026,0.6627035737037659,-0.07921335101127625,0.4828264117240906,0.8106173872947693,-0.042072948068380356,0.5352523326873779,0.7616442441940308,-0.05696035549044609,0.5682386755943298,0.7328070998191833,-0.06483160704374313,0.5917696356773376,0.7121602296829224,-0.06899901479482651,0.4879874289035797,0.8477975726127625,-0.038210514932870865,0.534059464931488,0.823136031627655,-0.0493093878030777,0.5610160231590271,0.8072589635848999,-0.054707713425159454,0.582203209400177,0.7936582565307617,-0.05713111162185669,PLEASE
PLEASE,0.3802500367164612,0.8558893203735352,9.7062766712952e-08,0.3684866428375244,0.7809008955955505,-0.019642459228634834,0.3839474618434906,0.7264312505722046,-0.03400544449687004,0.4171528220176697,0.6911505460739136,-0.04455455020070076,0.439344584941864,0.6613041758537292,-0.05528963357210159,0.451692670583725,0.7307462096214294,-0.04370427131652832,0.5100870728492737,0.6828904747962952,-0.0627821609377861,0.5448342561721802,0.6557546257972717,-0.07282570749521255,0.5719709992408752,0.6360898017883301,-0.07837215811014175,0.47207915782928467,0.7693501710891724,-0.04028327763080597,0.5307988524436951,0.7145264744758606,-0.055556681007146835,0.5669387578964233,0.68348228931427,-0.06274837255477905,0.5954782962799072,0.661907434463501,-0.06756739318370819,0.48298880457878113,0.8081575036048889,-0.03718467801809311,0.5359864234924316,0.7595126628875732,-0.04998839646577835,0.56838458776474,0.7305352091789246,-0.05762959271669388,0.5913779735565186,0.7093368768692017,-0.061960864812135696,0.48850616812705994,0.8463984727859497,-0.03516096621751785,0.533446192741394,0.8212467432022095,-0.04569565877318382,0.5600066184997559,0.8054141402244568,-0.05157923698425293,0.5812199711799622,0.7920394539833069,-0.05439222231507301,PLEASE
PLEASE,0.3814079463481903,0.8551653027534485,1.0341445033645869e-07,0.37012001872062683,0.7804282903671265,-0.019512774422764778,0.38516560196876526,0.7266620993614197,-0.03372984752058983,0.418183296918869,0.6950997710227966,-0.04395259544253349,0.4413732588291168,0.6646787524223328,-0.0543706938624382,0.4516609013080597,0.730034589767456,-0.04662558436393738,0.510087251663208,0.6816374063491821,-0.06559719145298004,0.5456436276435852,0.6553834676742554,-0.07443646341562271,0.5736112594604492,0.636114239692688,-0.0790349468588829,0.471219003200531,0.7699877619743347,-0.04331915080547333,0.5298746228218079,0.7132703065872192,-0.060042090713977814,0.5663135051727295,0.6823945045471191,-0.0670691505074501,0.5955074429512024,0.6615402698516846,-0.0714862123131752,0.4815961718559265,0.8088588118553162,-0.04009445011615753,0.535170316696167,0.7588979601860046,-0.05510743707418442,0.5681789517402649,0.730431318283081,-0.06310634315013885,0.5917266011238098,0.7098914384841919,-0.0671057179570198,0.48738187551498413,0.8467244505882263,-0.03766239434480667,0.533602774143219,0.821290135383606,-0.05001416429877281,0.5607712268829346,0.8055810332298279,-0.05655998736619949,0.582074761390686,0.7919304966926575,-0.059540387243032455,PLEASE
PLEASE,0.3818562626838684,0.8552263975143433,1.118487560347603e-07,0.37101155519485474,0.7796317338943481,-0.02036636881530285,0.3867378234863281,0.7265785932540894,-0.03466212376952171,0.42038166522979736,0.6952751278877258,-0.04473530873656273,0.44411903619766235,0.6643104553222656,-0.05495843663811684,0.45274290442466736,0.730682373046875,-0.047070860862731934,0.5109005570411682,0.6806219220161438,-0.06581606715917587,0.5457791090011597,0.6543582677841187,-0.07445918023586273,0.5732691884040833,0.6360123753547668,-0.07893996685743332,0.4718843698501587,0.7703773975372314,-0.04303327947854996,0.5303026437759399,0.7126026153564453,-0.0601315014064312,0.5663997530937195,0.6811915040016174,-0.067263662815094,0.5954580903053284,0.6605924367904663,-0.07168415188789368,0.48157668113708496,0.8087992072105408,-0.03910588100552559,0.5354848504066467,0.7592804431915283,-0.054988566786050797,0.5683602690696716,0.7303829193115234,-0.06353878229856491,0.5919491648674011,0.710059642791748,-0.06767317652702332,0.4869369864463806,0.8468045592308044,-0.03589033707976341,0.5327438116073608,0.822641909122467,-0.04910077899694443,0.5608533024787903,0.8061860203742981,-0.056471262127161026,0.5827969908714294,0.7917274236679077,-0.05996460095047951,PLEASE
PLEASE,0.38108405470848083,0.8569715023040771,9.566325331888947e-08,0.36991503834724426,0.7804898619651794,-0.01837150566279888,0.3871394097805023,0.7271649241447449,-0.03130267187952995,0.4223799407482147,0.6969112753868103,-0.04014668986201286,0.4459652006626129,0.6661644577980042,-0.04929596185684204,0.45378193259239197,0.7292395234107971,-0.04448516666889191,0.5114717483520508,0.6806679964065552,-0.062225546687841415,0.5462101697921753,0.654462993144989,-0.07077032327651978,0.5736300349235535,0.6360074281692505,-0.07524175196886063,0.47290369868278503,0.7682677507400513,-0.040728747844696045,0.530890166759491,0.7110109329223633,-0.0556732639670372,0.5667851567268372,0.6798463463783264,-0.06180856004357338,0.5952167510986328,0.6596071124076843,-0.06581775844097137,0.4823422133922577,0.8069264888763428,-0.0369599349796772,0.5366696119308472,0.7565208673477173,-0.05090131238102913,0.5695148706436157,0.7275843024253845,-0.05852365121245384,0.5925256013870239,0.7073253393173218,-0.06232861801981926,0.4870835840702057,0.8456817865371704,-0.03380895033478737,0.5334625840187073,0.8206689953804016,-0.04535823315382004,0.5609440207481384,0.8044962882995605,-0.0517243929207325,0.5823090076446533,0.79066002368927,-0.054700035601854324,PLEASE
PLEASE,0.38070040941238403,0.858144998550415,7.330877593858531e-08,0.3692927658557892,0.7810447216033936,-0.017874768003821373,0.3868894577026367,0.7265016436576843,-0.030235176905989647,0.4224547743797302,0.695827305316925,-0.03883115202188492,0.4472348690032959,0.6667582988739014,-0.047530531883239746,0.4522639214992523,0.7300395369529724,-0.04162297770380974,0.5109481811523438,0.6812368631362915,-0.059155382215976715,0.5454948544502258,0.6543421149253845,-0.06778288632631302,0.5727427005767822,0.6352375149726868,-0.07231846451759338,0.4715467691421509,0.7681401968002319,-0.03831535205245018,0.5296584367752075,0.7124557495117188,-0.052734047174453735,0.5655110478401184,0.6812634468078613,-0.05919045954942703,0.5934969186782837,0.6608935594558716,-0.0635172575712204,0.4812604784965515,0.8059871196746826,-0.03523430600762367,0.5341711640357971,0.7569083571434021,-0.048427026718854904,0.5667389631271362,0.7267339825630188,-0.05672822147607803,0.5896102786064148,0.7053208351135254,-0.0613083615899086,0.486296147108078,0.8439526557922363,-0.032877106219530106,0.5320879220962524,0.8195038437843323,-0.04376506432890892,0.5593299865722656,0.803774893283844,-0.050487957894802094,0.5809680223464966,0.7910109758377075,-0.05397018790245056,PLEASE
PLEASE,0.38053321838378906,0.857008695602417,7.579136962476696e-08,0.3705975413322449,0.7803217172622681,-0.01671786978840828,0.3888774812221527,0.726273238658905,-0.028595570474863052,0.4239504039287567,0.6964443922042847,-0.03718478977680206,0.44678741693496704,0.6656433343887329,-0.04616440832614899,0.4545504152774811,0.729119062423706,-0.04056220129132271,0.5109350085258484,0.6793345212936401,-0.05828633904457092,0.5451630353927612,0.6533221006393433,-0.06745073944330215,0.572557270526886,0.6349930763244629,-0.07243534922599792,0.4731292128562927,0.7675811052322388,-0.03837846592068672,0.5297458171844482,0.7101308703422546,-0.053353868424892426,0.5659024119377136,0.6793090105056763,-0.0606088750064373,0.5947644114494324,0.6592466831207275,-0.06546992063522339,0.48248913884162903,0.8061439990997314,-0.03631577268242836,0.5349482297897339,0.7550011873245239,-0.05025364086031914,0.5676432847976685,0.7256624102592468,-0.058769047260284424,0.5906753540039062,0.7050734758377075,-0.06328905373811722,0.4876501262187958,0.8448851704597473,-0.03490874171257019,0.5336306691169739,0.8185653686523438,-0.046661414206027985,0.5609846711158752,0.8021420240402222,-0.05341664329171181,0.5824142694473267,0.7887571454048157,-0.05670211836695671,PLEASE
PLEASE,0.38092541694641113,0.8567237257957458,6.575259448027282e-08,0.36967718601226807,0.7805761694908142,-0.01652033068239689,0.387588769197464,0.7269860506057739,-0.028252921998500824,0.4231833219528198,0.6970005631446838,-0.03642323613166809,0.44664913415908813,0.6664848923683167,-0.044887568801641464,0.45248520374298096,0.7299591898918152,-0.040993258357048035,0.5101392865180969,0.6801241040229797,-0.05823557823896408,0.5447627305984497,0.6535112261772156,-0.06658346951007843,0.5719364881515503,0.6346933841705322,-0.07097937166690826,0.47139304876327515,0.768958330154419,-0.03846330568194389,0.5295528173446655,0.7100479602813721,-0.053146712481975555,0.565279483795166,0.6786991953849792,-0.059484466910362244,0.5938885807991028,0.6584508419036865,-0.06356124579906464,0.48099589347839355,0.8071979284286499,-0.03593692556023598,0.5358221530914307,0.755036473274231,-0.049793753772974014,0.5686751008033752,0.7257853150367737,-0.0573619045317173,0.5921112895011902,0.7057112455368042,-0.0610845610499382,0.48620927333831787,0.8452336192131042,-0.03396313637495041,0.5324667692184448,0.8179836869239807,-0.04544185474514961,0.5600852966308594,0.8013697266578674,-0.051652681082487106,0.5820018649101257,0.787959635257721,-0.054485972970724106,PLEASE
PLEASE,0.38192883133888245,0.8561646938323975,7.048900130257607e-08,0.3699018955230713,0.7795388698577881,-0.018235323950648308,0.3869307041168213,0.7250913977622986,-0.029985947534441948,0.42282634973526,0.6951701641082764,-0.03782788664102554,0.44721513986587524,0.6659733653068542,-0.04570579156279564,0.45292454957962036,0.7277357578277588,-0.04128864407539368,0.5100958347320557,0.6796371936798096,-0.05766885727643967,0.5443100333213806,0.652989387512207,-0.06529776006937027,0.5713822841644287,0.6336245536804199,-0.06942681223154068,0.4727664589881897,0.7658295631408691,-0.03759372979402542,0.5293406248092651,0.708774209022522,-0.05189472436904907,0.5650384426116943,0.6772394180297852,-0.058390747755765915,0.5935333967208862,0.656985878944397,-0.06283160299062729,0.4828084707260132,0.8037775158882141,-0.034042343497276306,0.5349987745285034,0.7537437081336975,-0.04768228530883789,0.567324161529541,0.7244480848312378,-0.05600108206272125,0.5902331471443176,0.7040921449661255,-0.060476239770650864,0.48819881677627563,0.8421414494514465,-0.03120538219809532,0.5334922075271606,0.816753625869751,-0.04290702939033508,0.56020587682724,0.8007807731628418,-0.049922991544008255,0.5811086893081665,0.7873212695121765,-0.053499504923820496,PLEASE
PLEASE,0.3811551630496979,0.8526557087898254,8.44773495600748e-08,0.37026670575141907,0.7760925889015198,-0.018427953124046326,0.38807791471481323,0.7230778336524963,-0.031135672703385353,0.42355525493621826,0.69450443983078,-0.039871253073215485,0.4471147656440735,0.6641141772270203,-0.04876646399497986,0.4532840847969055,0.7261271476745605,-0.04403641074895859,0.5104963779449463,0.6766176819801331,-0.06192326918244362,0.5449628829956055,0.6505647301673889,-0.0704619288444519,0.5721699595451355,0.632366418838501,-0.07491558790206909,0.4722798466682434,0.7647217512130737,-0.04055293649435043,0.5295277833938599,0.7067541480064392,-0.05566836893558502,0.565335214138031,0.6760509014129639,-0.06198306009173393,0.5940016508102417,0.6564732789993286,-0.06619536876678467,0.48214665055274963,0.802548348903656,-0.037160202860832214,0.5346895456314087,0.7518114447593689,-0.051460277289152145,0.5670868754386902,0.722983717918396,-0.059370771050453186,0.5898553133010864,0.7030790448188782,-0.06342163681983948,0.487512469291687,0.8407453298568726,-0.0344732329249382,0.5328616499900818,0.8148483633995056,-0.04647339880466461,0.5599429607391357,0.7985332608222961,-0.05311892181634903,0.5810365676879883,0.7850122451782227,-0.056316837668418884,PLEASE
PLEASE,0.3832113742828369,0.8504616022109985,8.726137679104795e-08,0.3714067041873932,0.7735493779182434,-0.019089365378022194,0.38897252082824707,0.7208975553512573,-0.03214741870760918,0.4237483739852905,0.6928797364234924,-0.04157033562660217,0.446255624294281,0.6620453596115112,-0.05144890397787094,0.45503997802734375,0.7233947515487671,-0.042549531906843185,0.5100963115692139,0.6747561097145081,-0.06118439510464668,0.5441187620162964,0.6491456627845764,-0.07153243571519852,0.5716708302497864,0.631261944770813,-0.07755084335803986,0.4738864302635193,0.761999785900116,-0.039654627442359924,0.5291115641593933,0.7053115367889404,-0.054548945277929306,0.5644351243972778,0.6749042272567749,-0.06222929432988167,0.5929067730903625,0.6553249359130859,-0.06783550977706909,0.483340859413147,0.800545334815979,-0.03715995326638222,0.5346208810806274,0.7507810592651367,-0.05099162459373474,0.5667203068733215,0.7223415374755859,-0.05954141914844513,0.5896168351173401,0.7027552127838135,-0.06450722366571426,0.4883735775947571,0.8393765091896057,-0.035652000457048416,0.5329029560089111,0.8146151900291443,-0.047656748443841934,0.559399425983429,0.7989302277565002,-0.05472789704799652,0.5803248882293701,0.7857379913330078,-0.05847228318452835,PLEASE
PLEASE,0.38194549083709717,0.853773832321167,8.437100973424094e-08,0.36999082565307617,0.776972770690918,-0.01820077933371067,0.38737937808036804,0.7234522104263306,-0.03040754422545433,0.4221037030220032,0.6942957639694214,-0.03870997950434685,0.4449479579925537,0.66310715675354,-0.04718140512704849,0.4547913670539856,0.7261438369750977,-0.0421908013522625,0.5105752944946289,0.6779813766479492,-0.05946868285536766,0.54433673620224,0.6520169973373413,-0.06803800910711288,0.5710811614990234,0.6332829594612122,-0.07281529158353806,0.4734346866607666,0.7641708254814148,-0.03906527906656265,0.5296216011047363,0.7070085406303406,-0.053948163986206055,0.5647843480110168,0.6760522127151489,-0.06068630516529083,0.5932884812355042,0.6556377410888672,-0.06534924358129501,0.48265960812568665,0.8021214604377747,-0.03616916015744209,0.5353447198867798,0.7518470883369446,-0.05068720504641533,0.5675484538078308,0.7228688597679138,-0.05928836390376091,0.5906126499176025,0.7020780444145203,-0.06392825394868851,0.4872787594795227,0.840744137763977,-0.03394916653633118,0.5324041247367859,0.8166698217391968,-0.0469319112598896,0.5599537491798401,0.7996234893798828,-0.054788265377283096,0.5817084312438965,0.7839843034744263,-0.05888955295085907,PLEASE
PLEASE,0.38077032566070557,0.8519886136054993,8.207068447063648e-08,0.3695639967918396,0.7768861055374146,-0.018862873315811157,0.3875994086265564,0.7243712544441223,-0.03151298314332962,0.4230394959449768,0.6938426494598389,-0.04023651406168938,0.4483121633529663,0.6655046939849854,-0.04897727444767952,0.4527348279953003,0.7263417840003967,-0.04094095900654793,0.5093669891357422,0.6795657873153687,-0.05885859206318855,0.5434008836746216,0.6531884074211121,-0.06839597970247269,0.5706377029418945,0.6341116428375244,-0.0736185684800148,0.47195467352867126,0.7647234797477722,-0.03730185329914093,0.5284237265586853,0.7096892595291138,-0.05174361169338226,0.5644309520721436,0.6782538890838623,-0.058641787618398666,0.5936099290847778,0.6565558910369873,-0.06320536136627197,0.4822823405265808,0.8028846383094788,-0.03401784971356392,0.5337724685668945,0.7534977793693542,-0.04688915237784386,0.5660356879234314,0.7239114046096802,-0.05437469109892845,0.5888293981552124,0.7024756073951721,-0.0582486167550087,0.4878159463405609,0.8402973413467407,-0.03171629458665848,0.5323519706726074,0.8146679401397705,-0.042329031974077225,0.5588218569755554,0.7989078164100647,-0.048172254115343094,0.5793926119804382,0.7861480712890625,-0.050748832523822784,PLEASE
PLEASE,0.38028526306152344,0.8539788722991943,6.942954655642097e-08,0.3685722351074219,0.7770359516143799,-0.018574701622128487,0.3862472176551819,0.7228633165359497,-0.030988354235887527,0.4216633439064026,0.6929768919944763,-0.03956768289208412,0.44627776741981506,0.6639226078987122,-0.048337507992982864,0.4528149664402008,0.7256132364273071,-0.04130500182509422,0.5101307034492493,0.6768638491630554,-0.05918225273489952,0.5444469451904297,0.6509275436401367,-0.06866444647312164,0.5715976357460022,0.6327635049819946,-0.07402532547712326,0.47219157218933105,0.7639929056167603,-0.03796868026256561,0.5293681025505066,0.7067078351974487,-0.05245499312877655,0.564588189125061,0.6753891706466675,-0.059471189975738525,0.5928027629852295,0.654899537563324,-0.06433963775634766,0.48219460248947144,0.8023481369018555,-0.03499516844749451,0.5351842641830444,0.7516759634017944,-0.048159077763557434,0.5673829913139343,0.7220706939697266,-0.0560966357588768,0.5904197692871094,0.7014303207397461,-0.060567792505025864,0.48710933327674866,0.8412642478942871,-0.03292819857597351,0.5316675901412964,0.8158209323883057,-0.044333405792713165,0.5585164427757263,0.7994794249534607,-0.051061324775218964,0.5796781778335571,0.7856966853141785,-0.05445925518870354,PLEASE
PLEASE,0.38184991478919983,0.8535181283950806,7.936169765798695e-08,0.3698584735393524,0.7770633101463318,-0.0187897477298975,0.38737714290618896,0.7231816649436951,-0.031401097774505615,0.4224918782711029,0.6932840943336487,-0.04043540731072426,0.44651877880096436,0.664334774017334,-0.04979464411735535,0.45388978719711304,0.7265229821205139,-0.041165512055158615,0.5097735524177551,0.6774094104766846,-0.05938967317342758,0.5440553426742554,0.6511337757110596,-0.06925316900014877,0.5714408159255981,0.6329823732376099,-0.07487597316503525,0.473222553730011,0.7645943760871887,-0.0380401574075222,0.5293400287628174,0.7077475786209106,-0.052915871143341064,0.5651558637619019,0.6766504645347595,-0.060416433960199356,0.5939263701438904,0.6564590930938721,-0.06563885509967804,0.48294052481651306,0.8024724721908569,-0.03532101586461067,0.5346595644950867,0.7530620694160461,-0.048890046775341034,0.5666885375976562,0.7242861986160278,-0.05705922096967697,0.5895768404006958,0.7043070793151855,-0.0616123303771019,0.4876802861690521,0.8403427600860596,-0.03358144313097,0.5317569971084595,0.814888596534729,-0.04525235667824745,0.5584063529968262,0.7987657785415649,-0.05208505317568779,0.5796889066696167,0.7857104539871216,-0.055532295256853104,PLEASE
PLEASE,0.38248541951179504,0.8527794480323792,8.982587473838066e-08,0.3703618347644806,0.7768814563751221,-0.018828175961971283,0.387731671333313,0.7239487171173096,-0.03156711161136627,0.422952800989151,0.6954851150512695,-0.04052391275763512,0.4463895559310913,0.665107250213623,-0.04969721660017967,0.45434656739234924,0.7267333269119263,-0.04231075942516327,0.5100783705711365,0.6780613660812378,-0.06042348966002464,0.5442394614219666,0.6523005962371826,-0.06978192180395126,0.5714695453643799,0.6341710686683655,-0.07488971948623657,0.4729738235473633,0.7647769451141357,-0.03914505988359451,0.5288479328155518,0.7083441019058228,-0.054743774235248566,0.5649197697639465,0.67756187915802,-0.06221122294664383,0.5939338803291321,0.6573814153671265,-0.06715193390846252,0.48238450288772583,0.8027492761611938,-0.03626128286123276,0.5340284109115601,0.7531528472900391,-0.050615474581718445,0.5668193101882935,0.7244076728820801,-0.05906075984239578,0.590499997138977,0.7042590379714966,-0.06347289681434631,0.48748084902763367,0.8407877683639526,-0.03423710912466049,0.5328237414360046,0.8154325485229492,-0.046086110174655914,0.5598138570785522,0.7994315028190613,-0.052888017147779465,0.5812081098556519,0.7860450148582458,-0.05622098222374916,PLEASE
PLEASE,0.3831649422645569,0.8530049920082092,8.98676972838075e-08,0.37087371945381165,0.7766069769859314,-0.01807343028485775,0.3879413604736328,0.7235060930252075,-0.030355729162693024,0.4227387309074402,0.6953991055488586,-0.038844864815473557,0.4460236430168152,0.664699137210846,-0.04763909801840782,0.45407742261886597,0.7260276675224304,-0.042633794248104095,0.5101255178451538,0.6777751445770264,-0.06050990894436836,0.5442081689834595,0.6523451805114746,-0.06950686872005463,0.5714027881622314,0.6339913606643677,-0.0745193138718605,0.47293034195899963,0.7645613551139832,-0.03976008668541908,0.529128909111023,0.7078053951263428,-0.05545060336589813,0.5646280646324158,0.6769533157348633,-0.06284428387880325,0.5935353636741638,0.6564214825630188,-0.06785164773464203,0.48245441913604736,0.8027853965759277,-0.03705507889389992,0.5344326496124268,0.7529301047325134,-0.051940806210041046,0.5667515993118286,0.7236413955688477,-0.06081535667181015,0.5901861786842346,0.7027820348739624,-0.06563340872526169,0.48746705055236816,0.8411731719970703,-0.03502901643514633,0.53221595287323,0.8166130185127258,-0.04817798733711243,0.5594320893287659,0.7999436259269714,-0.05609384924173355,0.5811997056007385,0.7852551341056824,-0.060231905430555344,PLEASE
PLEASE,0.381575345993042,0.8524701595306396,8.095754111536735e-08,0.3696735203266144,0.7762778997421265,-0.01842835731804371,0.3881953954696655,0.7236422300338745,-0.030418965965509415,0.4241395592689514,0.6947759389877319,-0.03865165263414383,0.4483742415904999,0.6649627685546875,-0.04714338108897209,0.45349663496017456,0.7267711162567139,-0.04057833179831505,0.5102343559265137,0.6776958703994751,-0.05800062417984009,0.544453501701355,0.6509936451911926,-0.06709747016429901,0.57184237241745,0.6321787238121033,-0.0722653940320015,0.47233840823173523,0.7658746838569641,-0.0373217947781086,0.529190182685852,0.708467423915863,-0.05236605554819107,0.5646072030067444,0.6769366264343262,-0.059981394559144974,0.5936185121536255,0.6562104225158691,-0.06516407430171967,0.48178038001060486,0.804035484790802,-0.034340403974056244,0.5344835519790649,0.7543556690216064,-0.04831308871507645,0.5666756629943848,0.7245904207229614,-0.0567190907895565,0.590029239654541,0.7034689784049988,-0.06123194843530655,0.48668617010116577,0.8422452211380005,-0.03215882554650307,0.5313433408737183,0.8173456788063049,-0.0438658781349659,0.558544933795929,0.800346851348877,-0.050752729177474976,0.5802658796310425,0.7856746912002563,-0.05424947291612625,PLEASE
PLEASE,0.38389134407043457,0.851683497428894,9.276224943732814e-08,0.3717805743217468,0.7759115099906921,-0.017436159774661064,0.3886212706565857,0.7240904569625854,-0.02940492145717144,0.42358919978141785,0.6962283849716187,-0.03759721666574478,0.4469955563545227,0.6662020683288574,-0.04617094248533249,0.45213961601257324,0.7267938852310181,-0.04293619841337204,0.5084478855133057,0.6776568293571472,-0.06021978333592415,0.5423343777656555,0.651161253452301,-0.06817369163036346,0.5690794587135315,0.6325075626373291,-0.07248223572969437,0.47130829095840454,0.76490318775177,-0.04026852920651436,0.5288712978363037,0.7073890566825867,-0.0563761405646801,0.5644131898880005,0.6756556034088135,-0.06347755342721939,0.5933557748794556,0.6547864675521851,-0.0680551528930664,0.48133787512779236,0.802625298500061,-0.037577707320451736,0.5348898768424988,0.7531264424324036,-0.05287517234683037,0.566983163356781,0.7243344783782959,-0.06147510185837746,0.590217113494873,0.7040399312973022,-0.06587381660938263,0.48679912090301514,0.8408914804458618,-0.03538040071725845,0.5315849184989929,0.8168960809707642,-0.048746682703495026,0.558862566947937,0.8001163005828857,-0.05657969415187836,0.5804386138916016,0.7852922677993774,-0.06054903194308281,PLEASE
PLEASE,0.3813237249851227,0.8536310791969299,8.987052524389583e-08,0.3689156770706177,0.7769424319267273,-0.017552969977259636,0.3867146372795105,0.7237812280654907,-0.02934948541224003,0.42308852076530457,0.694840133190155,-0.03735731914639473,0.446597158908844,0.6636946201324463,-0.04560144245624542,0.45208096504211426,0.7277353405952454,-0.03980698809027672,0.5095374584197998,0.6797547340393066,-0.05636874958872795,0.5440372228622437,0.6532126069068909,-0.06470926851034164,0.5713469386100769,0.6334701776504517,-0.06928982585668564,0.47122976183891296,0.7659583687782288,-0.03669015318155289,0.5285435914993286,0.7095251083374023,-0.051019053906202316,0.5641695857048035,0.6784083843231201,-0.05765068903565407,0.5929923057556152,0.6575108170509338,-0.06195184215903282,0.4812707006931305,0.8036795258522034,-0.03373539075255394,0.5341877937316895,0.7531185746192932,-0.046798888593912125,0.5669783353805542,0.7237194776535034,-0.054107073694467545,0.5903406739234924,0.702723503112793,-0.057844098657369614,0.4868122339248657,0.8416391015052795,-0.03154667094349861,0.5320629477500916,0.8153514862060547,-0.04211857542395592,0.5586361885070801,0.7989541888237,-0.047784723341464996,0.5793991684913635,0.7850695848464966,-0.05036246404051781,PLEASE
PLEASE,0.38273105025291443,0.853715181350708,9.357332686477093e-08,0.37051790952682495,0.7778381705284119,-0.01861492358148098,0.3874283730983734,0.7241912484169006,-0.031031671911478043,0.42256075143814087,0.6937130689620972,-0.03956611081957817,0.446319043636322,0.6629813313484192,-0.04817225784063339,0.45509445667266846,0.7270082235336304,-0.040240656584501266,0.5111886262893677,0.6781464219093323,-0.05635465309023857,0.544333815574646,0.6522088646888733,-0.06446553766727448,0.5709471702575684,0.6333553194999695,-0.06904008239507675,0.47381529211997986,0.7648534774780273,-0.03661227598786354,0.5300730466842651,0.7078689336776733,-0.05032142996788025,0.5646974444389343,0.6763231158256531,-0.05683644115924835,0.5926802754402161,0.6555415391921997,-0.06143762171268463,0.48270532488822937,0.8020663261413574,-0.03325531631708145,0.53523188829422,0.7529394030570984,-0.04646769165992737,0.5671101808547974,0.7233834266662598,-0.054218191653490067,0.589728593826294,0.7027081847190857,-0.058464109897613525,0.4871368706226349,0.8398087024688721,-0.030714204534888268,0.5320223569869995,0.8161048293113708,-0.04186105728149414,0.5589585304260254,0.8000812530517578,-0.04826150834560394,0.5801166296005249,0.7864213585853577,-0.05153684318065643,PLEASE
PLEASE,0.38283267617225647,0.8530140519142151,1.0912312120581191e-07,0.37021657824516296,0.7778164148330688,-0.018618321046233177,0.38653865456581116,0.7244735360145569,-0.031025202944874763,0.4211686849594116,0.6961016058921814,-0.03949546441435814,0.446307510137558,0.6672561168670654,-0.04813877120614052,0.4506107568740845,0.728449285030365,-0.042961109429597855,0.5079180598258972,0.6789731979370117,-0.060446303337812424,0.5425049066543579,0.6521810293197632,-0.06881915777921677,0.5700441598892212,0.6328492760658264,-0.07333013415336609,0.4693511128425598,0.7667613625526428,-0.039988599717617035,0.5271139144897461,0.7096734642982483,-0.055967506021261215,0.5635184049606323,0.6774828433990479,-0.06358354538679123,0.5931658148765564,0.6558096408843994,-0.0685281828045845,0.47954288125038147,0.8043243288993835,-0.03715649992227554,0.5326367616653442,0.7548600435256958,-0.05218273028731346,0.565864622592926,0.7244656682014465,-0.061060719192028046,0.589702844619751,0.7026439905166626,-0.0656949058175087,0.4860772490501404,0.8419895172119141,-0.034989167004823685,0.531337559223175,0.8176745176315308,-0.04796256497502327,0.558778703212738,0.8009170889854431,-0.05551087111234665,0.5802255868911743,0.7858718633651733,-0.059286437928676605,PLEASE
PLEASE,0.3819568157196045,0.8513938784599304,9.892602292893571e-08,0.37034937739372253,0.7756799459457397,-0.018940504640340805,0.38786882162094116,0.7230756878852844,-0.03183690458536148,0.42294713854789734,0.6944733262062073,-0.040794339030981064,0.4469674825668335,0.6638025641441345,-0.05003206431865692,0.45371192693710327,0.7272406220436096,-0.043511491268873215,0.5102084279060364,0.6775110960006714,-0.06134513020515442,0.5441797971725464,0.6507832407951355,-0.07016344368457794,0.5711396336555481,0.6317766904830933,-0.0750042274594307,0.4722500443458557,0.7657627463340759,-0.0404093861579895,0.5291988253593445,0.7076778411865234,-0.056217923760414124,0.564629852771759,0.6763045191764832,-0.06342942267656326,0.5933212041854858,0.6561070084571838,-0.06812828779220581,0.4811877906322479,0.8033600449562073,-0.037508659064769745,0.5344560742378235,0.7526814341545105,-0.05216637998819351,0.567219614982605,0.7231159806251526,-0.060443904250860214,0.5910078883171082,0.7027749419212341,-0.06476850807666779,0.485541433095932,0.8410746455192566,-0.03539358824491501,0.5309695601463318,0.8163319230079651,-0.047973260283470154,0.5582540035247803,0.8000880479812622,-0.055043939501047134,0.5797220468521118,0.786369264125824,-0.05850708857178688,PLEASE
PLEASE,0.38370418548583984,0.8519909977912903,1.1481652961720101e-07,0.3709942698478699,0.7763151526451111,-0.021281549707055092,0.3874526619911194,0.7232665419578552,-0.03524205461144447,0.4224230945110321,0.6942033171653748,-0.04489053413271904,0.4469849467277527,0.6637238264083862,-0.05467431992292404,0.45296475291252136,0.7262657880783081,-0.04487452283501625,0.5091112852096558,0.6774242520332336,-0.06336652487516403,0.5432937741279602,0.6503391861915588,-0.07295415550470352,0.5705025792121887,0.6311953663825989,-0.07835334539413452,0.47225072979927063,0.7640881538391113,-0.040692511945962906,0.5281508564949036,0.7078096270561218,-0.05665450915694237,0.5640579462051392,0.6759616732597351,-0.06433513015508652,0.5931640863418579,0.6549567580223083,-0.06949523091316223,0.48227059841156006,0.8014982342720032,-0.03695781156420708,0.5335862040519714,0.753170907497406,-0.05123548582196236,0.5663192272186279,0.7239271402359009,-0.059502534568309784,0.5902808308601379,0.703273594379425,-0.06403864175081253,0.4875871539115906,0.8393515348434448,-0.03431324288249016,0.531589686870575,0.8150116801261902,-0.046294134110212326,0.5581707954406738,0.7987910509109497,-0.05300154909491539,0.5792955160140991,0.7847483158111572,-0.056338004767894745,PLEASE
PLEASE,0.3824751377105713,0.8546372652053833,1.0511595149864661e-07,0.3694804310798645,0.7778739333152771,-0.02057778276503086,0.3870276212692261,0.7240846753120422,-0.03363862633705139,0.4224533438682556,0.6944552063941956,-0.04254470393061638,0.4468812942504883,0.6642510294914246,-0.05159231647849083,0.4531535506248474,0.7266647219657898,-0.04265085980296135,0.5087549686431885,0.6780571341514587,-0.06083269789814949,0.5426705479621887,0.651121199131012,-0.07044728100299835,0.5698991417884827,0.6321003437042236,-0.07592198252677917,0.47188618779182434,0.7647152543067932,-0.03885011002421379,0.527483344078064,0.7085923552513123,-0.054830506443977356,0.5634346604347229,0.6770137548446655,-0.06281665712594986,0.5926588773727417,0.6558574438095093,-0.06811293959617615,0.4815559387207031,0.8023064732551575,-0.035604022443294525,0.5329866409301758,0.7533437013626099,-0.05030769854784012,0.5655028820037842,0.7246596813201904,-0.059061989188194275,0.5892338752746582,0.7042818069458008,-0.06366702169179916,0.4867834150791168,0.8400461673736572,-0.03340841829776764,0.5316475629806519,0.8154578804969788,-0.04620294272899628,0.5589485168457031,0.7990503907203674,-0.05378973111510277,0.5803398489952087,0.7849671244621277,-0.05757328122854233,PLEASE
PLEASE,0.381133496761322,0.8545883893966675,9.074915396922734e-08,0.36854153871536255,0.7784497141838074,-0.0196171123534441,0.38675573468208313,0.7237418293952942,-0.033042535185813904,0.42338353395462036,0.6939136385917664,-0.0424683652818203,0.44802895188331604,0.6631233096122742,-0.05222663655877113,0.45141729712486267,0.7267340421676636,-0.0442119836807251,0.5092250108718872,0.6772705316543579,-0.06261149048805237,0.5435627102851868,0.6504803895950317,-0.07207202911376953,0.5710679292678833,0.6314347982406616,-0.07734538614749908,0.47028565406799316,0.7654688358306885,-0.04096156358718872,0.5277262330055237,0.7085574269294739,-0.05638306215405464,0.5640358328819275,0.6771736145019531,-0.0641043409705162,0.5933061838150024,0.6565748453140259,-0.06942348182201385,0.4800150990486145,0.8038520216941833,-0.03797619417309761,0.5326576828956604,0.7534114122390747,-0.05193287879228592,0.5656128525733948,0.7239899635314941,-0.060761116445064545,0.5894545316696167,0.7036820650100708,-0.06580150872468948,0.4855221211910248,0.8422122001647949,-0.03588835895061493,0.5308511257171631,0.8155016899108887,-0.04793291538953781,0.5580241680145264,0.7995508313179016,-0.055171988904476166,0.5795709490776062,0.7869441509246826,-0.05894428491592407,PLEASE
PLEASE,0.38366132974624634,0.8498830795288086,1.0922195770035614e-07,0.3712913393974304,0.7756444811820984,-0.020331060513854027,0.38813894987106323,0.7224552631378174,-0.0339294970035553,0.42245644330978394,0.6939007639884949,-0.04371325299143791,0.44742551445961,0.6647944450378418,-0.05378631502389908,0.4539322853088379,0.7251786589622498,-0.04225911945104599,0.5091333985328674,0.6791717410087585,-0.06070983409881592,0.5431548357009888,0.6529662013053894,-0.07081884890794754,0.5706138610839844,0.6332889795303345,-0.0767064169049263,0.47256723046302795,0.7637011408805847,-0.03920527547597885,0.5276367664337158,0.7104582190513611,-0.05531520023941994,0.5636292695999146,0.6790181398391724,-0.06409257650375366,0.5933977365493774,0.6565396785736084,-0.06999731808900833,0.4820505380630493,0.8020339012145996,-0.036644648760557175,0.5328584313392639,0.7550132274627686,-0.05119285359978676,0.5656535029411316,0.7259963750839233,-0.060210999101400375,0.5898188352584839,0.7044137716293335,-0.06514395773410797,0.486995667219162,0.8401349782943726,-0.03513183817267418,0.5316674709320068,0.8154776096343994,-0.04763844236731529,0.5588738322257996,0.7990564703941345,-0.054839588701725006,0.5806257128715515,0.784695565700531,-0.05839354544878006,PLEASE
PLEASE,0.38293492794036865,0.8516445159912109,1.0070236555748124e-07,0.3703092932701111,0.7757694125175476,-0.018011584877967834,0.38732531666755676,0.7227076292037964,-0.030355382710695267,0.42203301191329956,0.6935871839523315,-0.038996439427137375,0.44589656591415405,0.6635197401046753,-0.04795356094837189,0.4538649022579193,0.7246468663215637,-0.041076723486185074,0.5101151466369629,0.6774674654006958,-0.058206431567668915,0.5444570779800415,0.6519606113433838,-0.06677532196044922,0.571447491645813,0.6331724524497986,-0.07148601859807968,0.4724648892879486,0.7631376385688782,-0.03837347775697708,0.5289247632026672,0.7079870104789734,-0.052971016615629196,0.5644753575325012,0.677246630191803,-0.05999448150396347,0.5928270220756531,0.6562092304229736,-0.06473587453365326,0.4817357361316681,0.801372766494751,-0.03594230115413666,0.5345399379730225,0.7524912357330322,-0.04970436543226242,0.5670548677444458,0.7235283851623535,-0.05803794041275978,0.5900320410728455,0.7028849124908447,-0.06253743916749954,0.48641782999038696,0.8395324945449829,-0.03426758944988251,0.5315018892288208,0.8144916296005249,-0.04617545008659363,0.5585665702819824,0.7986686825752258,-0.05322324112057686,0.5797374248504639,0.7851349115371704,-0.05674523860216141,PLEASE
PLEASE,0.3822327256202698,0.8543267250061035,1.0526414939704409e-07,0.3686680793762207,0.7774673700332642,-0.01984580233693123,0.38627877831459045,0.7243642807006836,-0.03223758935928345,0.42294931411743164,0.6953768730163574,-0.0401589497923851,0.44787558913230896,0.6653576493263245,-0.048098914325237274,0.45183056592941284,0.7267822027206421,-0.042939163744449615,0.5080917477607727,0.6800074577331543,-0.05964411422610283,0.5422698855400085,0.6532912254333496,-0.06798306852579117,0.5695079565048218,0.6335917115211487,-0.0726662278175354,0.4713175296783447,0.7647780776023865,-0.03840118274092674,0.5274055600166321,0.7096956968307495,-0.05337819084525108,0.5631449818611145,0.6771611571311951,-0.06045416742563248,0.5923019051551819,0.6546926498413086,-0.06512025743722916,0.4816950261592865,0.8019129037857056,-0.0340086929500103,0.5336161255836487,0.7543027997016907,-0.04771784320473671,0.5660567283630371,0.7246755957603455,-0.05589121952652931,0.5892327427864075,0.7029078006744385,-0.06010851263999939,0.4874465763568878,0.8389274477958679,-0.030477730557322502,0.5321599245071411,0.8155803084373474,-0.04213961586356163,0.5596318244934082,0.7987042665481567,-0.049224141985177994,0.581052303314209,0.7838134169578552,-0.05269195884466171,PLEASE
PLEASE,0.38280409574508667,0.8505250215530396,1.0891560719983318e-07,0.37000253796577454,0.776915967464447,-0.01982872001826763,0.38715851306915283,0.7244861125946045,-0.032898321747779846,0.4219707250595093,0.6950201392173767,-0.0419965535402298,0.4471750855445862,0.6649739146232605,-0.0511738546192646,0.4518420696258545,0.7267604470252991,-0.04246974736452103,0.5083221793174744,0.6793081164360046,-0.06060773879289627,0.5427557826042175,0.6524901986122131,-0.06999046355485916,0.5702245831489563,0.6329166889190674,-0.07521863281726837,0.47077006101608276,0.7646832466125488,-0.03910033032298088,0.5271289944648743,0.7095851898193359,-0.05504855886101723,0.5632022619247437,0.6776747107505798,-0.06292134523391724,0.5925154685974121,0.6555168032646179,-0.06799989193677902,0.48102161288261414,0.8023660182952881,-0.03611750900745392,0.5331084132194519,0.7546775937080383,-0.05043059214949608,0.5657755136489868,0.7252934575080872,-0.05861752852797508,0.5894196629524231,0.7036640048027039,-0.06275687366724014,0.486775666475296,0.8399890065193176,-0.034109458327293396,0.5319031476974487,0.8161741495132446,-0.045947637408971786,0.559023380279541,0.7997798323631287,-0.05245310440659523,0.5800747871398926,0.7850073575973511,-0.055419597774744034,PLEASE
PLEASE,0.38169723749160767,0.8517367839813232,1.016319330915394e-07,0.3698327839374542,0.7761185169219971,-0.019824352115392685,0.3866882920265198,0.7230690121650696,-0.033280469477176666,0.4217236638069153,0.6938731670379639,-0.04268352687358856,0.4472707509994507,0.6654167175292969,-0.05230560153722763,0.4523666203022003,0.7262888550758362,-0.04394315555691719,0.5089354515075684,0.6774595379829407,-0.06256385892629623,0.5432465076446533,0.6505074501037598,-0.07207368314266205,0.5704443454742432,0.6313216090202332,-0.07723472267389297,0.4712238013744354,0.764639139175415,-0.04034160077571869,0.5278747081756592,0.7076451778411865,-0.05656745284795761,0.5636320114135742,0.6763930320739746,-0.06413158774375916,0.5924535989761353,0.6556228995323181,-0.06895223259925842,0.48092859983444214,0.802531898021698,-0.03706221655011177,0.5333125591278076,0.753251850605011,-0.051746077835559845,0.5661407709121704,0.7245420217514038,-0.059877678751945496,0.5898319482803345,0.7041897177696228,-0.06395416706800461,0.4862365126609802,0.8405885696411133,-0.03467300534248352,0.5315058827400208,0.815428614616394,-0.04682837054133415,0.5588309168815613,0.7990161776542664,-0.053442515432834625,0.5803466439247131,0.7848889827728271,-0.05646494776010513,PLEASE
PLEASE,0.38327181339263916,0.848839282989502,1.1764822005488895e-07,0.37105199694633484,0.7736688256263733,-0.02034548670053482,0.38769689202308655,0.7216437458992004,-0.03415016829967499,0.4222397804260254,0.694345235824585,-0.04368370771408081,0.4475346505641937,0.6645691394805908,-0.05341457203030586,0.45270994305610657,0.7260458469390869,-0.04505883529782295,0.5083386898040771,0.6788532733917236,-0.06354361027479172,0.5427289009094238,0.6523833274841309,-0.07291156053543091,0.570343017578125,0.6328638792037964,-0.07813804596662521,0.4714009165763855,0.7649804949760437,-0.04165021330118179,0.5273034572601318,0.7104777693748474,-0.058504682034254074,0.5633388757705688,0.6789574027061462,-0.06689808517694473,0.5929612517356873,0.6571028232574463,-0.07232767343521118,0.4810858368873596,0.8029676079750061,-0.038436733186244965,0.5326080322265625,0.7556915283203125,-0.05376078560948372,0.5658325552940369,0.726197361946106,-0.06262321770191193,0.5899292230606079,0.7045749425888062,-0.06720134615898132,0.4861798882484436,0.8406807780265808,-0.036080338060855865,0.5317013263702393,0.8167414665222168,-0.04882587119936943,0.5589298009872437,0.8008421659469604,-0.055729325860738754,0.5800334215164185,0.7862976789474487,-0.05895766243338585,PLEASE
PLEASE,0.38333675265312195,0.8513510823249817,1.0404065875491142e-07,0.3706216812133789,0.7748608589172363,-0.01741148717701435,0.38739317655563354,0.7226529121398926,-0.029073147103190422,0.422260046005249,0.6959437727928162,-0.036984797567129135,0.4466388523578644,0.6670954823493958,-0.045225199311971664,0.4539850056171417,0.726578950881958,-0.04111175984144211,0.5095074772834778,0.6788052320480347,-0.057180121541023254,0.5432456731796265,0.6528147459030151,-0.0648941844701767,0.5701682567596436,0.634096622467041,-0.06917097419500351,0.47245317697525024,0.7646424174308777,-0.03829062357544899,0.5287852883338928,0.7089817523956299,-0.05314416438341141,0.5642843842506409,0.6771320104598999,-0.06032738462090492,0.5934202075004578,0.6557694673538208,-0.06511957943439484,0.481655478477478,0.802560031414032,-0.03546901419758797,0.5339151620864868,0.755236029624939,-0.04978534206748009,0.5667011737823486,0.7258982062339783,-0.058683592826128006,0.5905426144599915,0.7051247358322144,-0.06341438740491867,0.4866907596588135,0.840822696685791,-0.03318387642502785,0.5320538282394409,0.8181291818618774,-0.04545031115412712,0.5593828558921814,0.801845371723175,-0.05283242091536522,0.5809181928634644,0.7874789237976074,-0.05658330023288727,PLEASE
PLEASE,0.38271254301071167,0.850890040397644,1.0241299008839633e-07,0.3706133961677551,0.7739428877830505,-0.019255366176366806,0.3883647918701172,0.7219061851501465,-0.03172028437256813,0.4237373173236847,0.695152759552002,-0.0402531772851944,0.44737789034843445,0.6648092865943909,-0.049177877604961395,0.4540347456932068,0.7269455790519714,-0.04237620532512665,0.50943523645401,0.6794429421424866,-0.05953609198331833,0.5431662797927856,0.6534443497657776,-0.06838449090719223,0.5703318119049072,0.6343185901641846,-0.07357184588909149,0.4725232720375061,0.7654336094856262,-0.03904081508517265,0.5286406874656677,0.7091110348701477,-0.0549590140581131,0.5643036961555481,0.6772016882896423,-0.06313516944646835,0.5939570665359497,0.6552411317825317,-0.0686383917927742,0.48155227303504944,0.8036170601844788,-0.035864800214767456,0.5340267419815063,0.7551409006118774,-0.05064932629466057,0.5666475296020508,0.7260972261428833,-0.059588681906461716,0.5908140540122986,0.7052235007286072,-0.06446276605129242,0.48618802428245544,0.8419731259346008,-0.03347973898053169,0.5306673049926758,0.8189152479171753,-0.046529658138751984,0.5581119656562805,0.8021183013916016,-0.054305028170347214,0.580264151096344,0.7873663902282715,-0.05831167846918106,PLEASE
PLEASE,0.3825509548187256,0.8528602123260498,1.1798048404898509e-07,0.3700301945209503,0.7765196561813354,-0.020113062113523483,0.3871827721595764,0.724478542804718,-0.032617874443531036,0.4224066734313965,0.697367250919342,-0.04098689928650856,0.44698989391326904,0.6675955057144165,-0.04955459386110306,0.45237237215042114,0.7273725867271423,-0.04200530797243118,0.5077826380729675,0.6814939975738525,-0.05935857072472572,0.5421226024627686,0.6553739309310913,-0.06825608760118484,0.5697848200798035,0.6358720660209656,-0.07341019809246063,0.4713584780693054,0.7661191821098328,-0.03850088641047478,0.5269796252250671,0.711603045463562,-0.05474791303277016,0.5630882382392883,0.6793459057807922,-0.06339291483163834,0.5935596823692322,0.6568871140480042,-0.0690898671746254,0.4813142418861389,0.8041771650314331,-0.03534118831157684,0.532856822013855,0.7566950917243958,-0.05059849098324776,0.5658549070358276,0.7271401882171631,-0.060272879898548126,0.590618908405304,0.70551997423172,-0.06543777137994766,0.48705723881721497,0.8422407507896423,-0.03303898498415947,0.531672477722168,0.8191248178482056,-0.04639039933681488,0.5591467618942261,0.802503764629364,-0.054518699645996094,0.581145167350769,0.7875133156776428,-0.058652665466070175,PLEASE
PLEASE,0.3821008801460266,0.8525518178939819,1.0203007860809521e-07,0.37021222710609436,0.7763773202896118,-0.021021824330091476,0.38778796792030334,0.7234935164451599,-0.03438768908381462,0.42277923226356506,0.6949714422225952,-0.04360939562320709,0.44727253913879395,0.6648755669593811,-0.05291847512125969,0.45438963174819946,0.7270707488059998,-0.04240431636571884,0.5096983909606934,0.6797298192977905,-0.06020815670490265,0.543677806854248,0.6534351110458374,-0.06976528465747833,0.5708815455436707,0.6344928741455078,-0.07532118260860443,0.47326892614364624,0.7658578157424927,-0.03837183117866516,0.5283069610595703,0.7108280658721924,-0.05410180985927582,0.5639669895172119,0.6791152954101562,-0.0625075250864029,0.5932607054710388,0.6572616696357727,-0.06825383752584457,0.4830622971057892,0.8039435744285583,-0.034858863800764084,0.5338431000709534,0.7562776207923889,-0.049161504954099655,0.566260039806366,0.7273390293121338,-0.05811137706041336,0.5901833176612854,0.7059979438781738,-0.06308773905038834,0.48847702145576477,0.8419345617294312,-0.03244577348232269,0.5327394008636475,0.8188616037368774,-0.044633958488702774,0.5597294569015503,0.8023019433021545,-0.05191643908619881,0.5811771154403687,0.7870317697525024,-0.055657804012298584,PLEASE
PLEASE,0.3812370002269745,0.854610025882721,1.1637021657406876e-07,0.3692152500152588,0.7781068086624146,-0.01962086372077465,0.3857925534248352,0.7250815629959106,-0.032659582793712616,0.420809268951416,0.6967504620552063,-0.041546814143657684,0.4457376003265381,0.667405366897583,-0.05054761469364166,0.45087930560112,0.7293078899383545,-0.0443122573196888,0.5074481964111328,0.6812291145324707,-0.06238863617181778,0.5419825911521912,0.6543465256690979,-0.07115727663040161,0.5695542097091675,0.6348241567611694,-0.07597918808460236,0.46986234188079834,0.7683333158493042,-0.04085320979356766,0.5269923210144043,0.7112185955047607,-0.05793547257781029,0.5633454918861389,0.6790395379066467,-0.06587448716163635,0.5935810804367065,0.6572237014770508,-0.07082121074199677,0.4799852669239044,0.8065757751464844,-0.03755353391170502,0.5326298475265503,0.75725919008255,-0.05341097339987755,0.5658977031707764,0.7280988693237305,-0.062337812036275864,0.5902878046035767,0.7072991132736206,-0.06670402735471725,0.48596999049186707,0.844985842704773,-0.03499490022659302,0.5312942266464233,0.8210294246673584,-0.04853883013129234,0.558994472026825,0.8039136528968811,-0.056242670863866806,0.5806858539581299,0.7888549566268921,-0.059874504804611206,PLEASE
PLEASE,0.38150081038475037,0.8563106060028076,1.1770092100960028e-07,0.3681120276451111,0.779059112071991,-0.01970044896006584,0.38494110107421875,0.7253127098083496,-0.032458025962114334,0.42071905732154846,0.69716876745224,-0.04099033400416374,0.4456237256526947,0.6668395400047302,-0.04979235678911209,0.45025521516799927,0.7285963892936707,-0.04425908997654915,0.50682133436203,0.6813824772834778,-0.06185949593782425,0.5414279103279114,0.6550601124763489,-0.07034361362457275,0.5689825415611267,0.6359431743621826,-0.07515619695186615,0.46961134672164917,0.7678691148757935,-0.04056931287050247,0.5272209644317627,0.7113606929779053,-0.057581569999456406,0.5634903907775879,0.6796755790710449,-0.06554339826107025,0.5938453078269958,0.6581155061721802,-0.07054998725652695,0.47970253229141235,0.8068916201591492,-0.03696408495306969,0.5333393812179565,0.7573450803756714,-0.052822161465883255,0.5663691759109497,0.7283964157104492,-0.06169596686959267,0.5908676981925964,0.7076897621154785,-0.06608648598194122,0.4852715730667114,0.8464272022247314,-0.03405129164457321,0.5306646227836609,0.8216498494148254,-0.04769899696111679,0.5581435561180115,0.8044009804725647,-0.05547851696610451,0.580009937286377,0.7896375060081482,-0.059223100543022156,PLEASE
PLEASE,0.37919843196868896,0.8551979064941406,1.0595442745398032e-07,0.3677208721637726,0.7800488471984863,-0.021095525473356247,0.38533714413642883,0.7258253693580627,-0.03541988134384155,0.42062869668006897,0.6954980492591858,-0.04548996686935425,0.44737738370895386,0.6667284369468689,-0.0557127483189106,0.4499818682670593,0.7303696274757385,-0.044778741896152496,0.5067716836929321,0.6826075911521912,-0.06397601962089539,0.5410128235816956,0.6561800241470337,-0.07423364371061325,0.5685514807701111,0.6370689868927002,-0.08004824072122574,0.4693222641944885,0.7697660326957703,-0.04126448184251785,0.5263291001319885,0.7137362957000732,-0.05784830451011658,0.5625382661819458,0.6816636919975281,-0.06627395004034042,0.5922485589981079,0.6595808267593384,-0.07171281427145004,0.4792685806751251,0.8089056611061096,-0.038154054433107376,0.5318883657455444,0.7591627240180969,-0.05242270603775978,0.5650898218154907,0.7296419739723206,-0.060460831969976425,0.5897718071937561,0.7088271975517273,-0.0646805390715599,0.4839388430118561,0.8476778864860535,-0.03614533692598343,0.5293906331062317,0.8216379284858704,-0.04791438952088356,0.5568532943725586,0.8056989312171936,-0.05404672399163246,0.5789830684661865,0.7929671406745911,-0.05675871670246124,PLEASE
PLEASE,0.37950921058654785,0.8539350628852844,1.2873367438714922e-07,0.365877628326416,0.77785325050354,-0.02018369548022747,0.3824578821659088,0.7234238386154175,-0.033887796103954315,0.41742509603500366,0.6926027536392212,-0.04338385909795761,0.44318538904190063,0.66230309009552,-0.05278729647397995,0.4469470977783203,0.7269316911697388,-0.04326420649886131,0.504243791103363,0.6784176230430603,-0.061965182423591614,0.5388460755348206,0.6505058407783508,-0.07150760293006897,0.5660822987556458,0.6298675537109375,-0.0767826959490776,0.467502236366272,0.7658097743988037,-0.04017418250441551,0.5252538919448853,0.7121732234954834,-0.05635004863142967,0.5618453025817871,0.6814155578613281,-0.06417828053236008,0.591354250907898,0.6599279046058655,-0.06906593590974808,0.479089617729187,0.8040454983711243,-0.037591177970170975,0.5317472815513611,0.7569692730903625,-0.05177174508571625,0.5649008750915527,0.7280752658843994,-0.05994262546300888,0.5888813138008118,0.7073901295661926,-0.06423117220401764,0.48509424924850464,0.8418733477592468,-0.03602885454893112,0.5291810631752014,0.8167701363563538,-0.04782717674970627,0.556061863899231,0.800133228302002,-0.05425802618265152,0.5771111845970154,0.7859055995941162,-0.05718809366226196,PLEASE
PLEASE,0.3799690306186676,0.8514108657836914,9.926418442773866e-08,0.3673841059207916,0.7761216759681702,-0.019166313111782074,0.3858197331428528,0.7226390838623047,-0.032234471291303635,0.4211990237236023,0.6912248134613037,-0.041286155581474304,0.44710350036621094,0.6610220074653625,-0.050512973219156265,0.45015838742256165,0.7264743447303772,-0.04206354543566704,0.5063490271568298,0.6779923439025879,-0.06005292385816574,0.5403110980987549,0.6506105065345764,-0.06953680515289307,0.5670396685600281,0.6306298971176147,-0.07481959462165833,0.4697067439556122,0.7658806443214417,-0.03895936533808708,0.5264312624931335,0.7101214528083801,-0.05398857966065407,0.5621159672737122,0.6784720420837402,-0.061333827674388885,0.5910418033599854,0.6565049886703491,-0.06607481092214584,0.48002517223358154,0.8049254417419434,-0.03615599125623703,0.5327160954475403,0.755571722984314,-0.04899020865559578,0.5655910968780518,0.7262886762619019,-0.05595691129565239,0.5896893739700317,0.7052749395370483,-0.059577059000730515,0.4848111867904663,0.8431280255317688,-0.03436131030321121,0.529981791973114,0.8176072835922241,-0.044688984751701355,0.5567439198493958,0.8010338544845581,-0.049747712910175323,0.5776271224021912,0.7871271967887878,-0.05177824944257736,PLEASE
PLEASE,0.3797281086444855,0.8573021292686462,1.0187021359797654e-07,0.3675972521305084,0.7790083885192871,-0.016844630241394043,0.3856627345085144,0.7245118618011475,-0.02862083911895752,0.4217265844345093,0.6939998865127563,-0.036643341183662415,0.4469256103038788,0.6635430455207825,-0.04494914039969444,0.4510478675365448,0.7277796864509583,-0.03988441452383995,0.5078871846199036,0.6799853444099426,-0.05607843026518822,0.5420929193496704,0.6529762744903564,-0.06403382122516632,0.5693615674972534,0.6328432559967041,-0.0683591291308403,0.47066888213157654,0.7670861482620239,-0.03712917119264603,0.5277323722839355,0.7117770910263062,-0.051485829055309296,0.5636196136474609,0.6797792911529541,-0.05823127180337906,0.592894971370697,0.6573330760002136,-0.06251028925180435,0.4804393947124481,0.8060952425003052,-0.03433001786470413,0.5331403613090515,0.7570366859436035,-0.04710065945982933,0.5666119456291199,0.7275472283363342,-0.05455861985683441,0.5909265279769897,0.7065739631652832,-0.05837352201342583,0.4848686754703522,0.8444850444793701,-0.03216072916984558,0.5300339460372925,0.8183866739273071,-0.04229798540472984,0.5572009086608887,0.801405668258667,-0.04776984453201294,0.5784369707107544,0.7877662777900696,-0.05013876035809517,PLEASE
PLEASE,0.48415908217430115,0.8607920408248901,2.0486608320879895e-07,0.4978610575199127,0.7850437164306641,-0.007692154962569475,0.47626107931137085,0.7246251106262207,-0.012676749378442764,0.4393502175807953,0.6891962289810181,-0.014861089177429676,0.4111935496330261,0.6764829158782959,-0.018953390419483185,0.41709694266319275,0.7375078201293945,-0.032802190631628036,0.3604357838630676,0.6881186962127686,-0.04311711713671684,0.32586658000946045,0.6600849628448486,-0.04795171320438385,0.2980283498764038,0.640613317489624,-0.052123237401247025,0.3936769366264343,0.7760547995567322,-0.0350365936756134,0.3323820233345032,0.721088171005249,-0.046971000730991364,0.29409897327423096,0.6876959204673767,-0.05575520545244217,0.2655441164970398,0.6635894775390625,-0.06308428198099136,0.3834274709224701,0.8149675726890564,-0.03545702248811722,0.3297111690044403,0.7671374678611755,-0.04753750562667847,0.2935307025909424,0.7382806539535522,-0.05943290516734123,0.2662477493286133,0.7174426913261414,-0.06833061575889587,0.3837800621986389,0.8509160876274109,-0.0348520427942276,0.33766770362854004,0.8301895260810852,-0.04894855245947838,0.3082224428653717,0.8195281028747559,-0.05815623328089714,0.2840414345264435,0.8095033764839172,-0.06399500370025635,PLEASE
PLEASE,0.4849209785461426,0.8599359393119812,1.9591999489421141e-07,0.49743255972862244,0.7849645018577576,-0.00646581593900919,0.4750964939594269,0.7259376645088196,-0.011061559431254864,0.4375261068344116,0.6910502910614014,-0.0131134744733572,0.40900394320487976,0.6773492693901062,-0.016911683604121208,0.41617289185523987,0.735234260559082,-0.031192518770694733,0.35913828015327454,0.6833752989768982,-0.04063482582569122,0.3252922296524048,0.6548959612846375,-0.04465416818857193,0.29830479621887207,0.6347125768661499,-0.048103924840688705,0.39336100220680237,0.7728677988052368,-0.03327164798974991,0.3314644694328308,0.717299222946167,-0.04463072493672371,0.29296407103538513,0.6841885447502136,-0.05225507542490959,0.26486313343048096,0.6617467403411865,-0.058652039617300034,0.3830317258834839,0.8117329478263855,-0.03343481570482254,0.32804006338119507,0.7635363340377808,-0.044433966279029846,0.29136401414871216,0.7358229160308838,-0.0545695461332798,0.26415640115737915,0.7174814343452454,-0.062157195061445236,0.38296952843666077,0.8479272127151489,-0.032562144100666046,0.33599555492401123,0.8249121308326721,-0.045417580753564835,0.30602192878723145,0.8133929967880249,-0.05359988287091255,0.28167861700057983,0.8042148351669312,-0.05861106887459755,PLEASE
PLEASE,0.47063684463500977,0.8401541113853455,1.8664664480638749e-07,0.48701241612434387,0.7680895924568176,-0.006840115413069725,0.4718092679977417,0.706279456615448,-0.011770065873861313,0.43742960691452026,0.6664870977401733,-0.01474742591381073,0.40978336334228516,0.6444089412689209,-0.019266309216618538,0.41242361068725586,0.7057223320007324,-0.026920856907963753,0.36423540115356445,0.6479772329330444,-0.03770645335316658,0.3355637192726135,0.6168110370635986,-0.04337506741285324,0.3117624521255493,0.5933642983436584,-0.04767142981290817,0.38881316781044006,0.7384777069091797,-0.02986251376569271,0.3391798734664917,0.6758084297180176,-0.04342103376984596,0.3061421513557434,0.6371378898620605,-0.05296390503644943,0.28032442927360535,0.609794557094574,-0.060193926095962524,0.3756207227706909,0.7756308317184448,-0.031346846371889114,0.330696165561676,0.7209639549255371,-0.04382862523198128,0.30148524045944214,0.6857685446739197,-0.05317196995019913,0.27898624539375305,0.659970760345459,-0.05952901765704155,0.3702327609062195,0.8144246935844421,-0.03209984302520752,0.33117470145225525,0.7781813740730286,-0.04491659626364708,0.30683475732803345,0.757859468460083,-0.051499973982572556,0.2854383885860443,0.7412958145141602,-0.05509313568472862,PLEASE
PLEASE,0.472150593996048,0.842308759689331,1.8255417444379418e-07,0.48692554235458374,0.769946813583374,-0.0004719671851489693,0.47418683767318726,0.7082299590110779,-0.0028279966209083796,0.44191065430641174,0.6679381132125854,-0.004022461362183094,0.41280221939086914,0.6504233479499817,-0.007150680758059025,0.41361433267593384,0.703646719455719,-0.021165620535612106,0.3628525733947754,0.6483275890350342,-0.029977502301335335,0.332623690366745,0.6191099286079407,-0.03473343700170517,0.30750539898872375,0.5972505807876587,-0.038357023149728775,0.39010658860206604,0.7374935746192932,-0.026334870606660843,0.3370266258716583,0.6774423718452454,-0.03811577707529068,0.3026566505432129,0.640863299369812,-0.046764977276325226,0.27653563022613525,0.6144640445709229,-0.053432904183864594,0.3761802315711975,0.7752195596694946,-0.02951687015593052,0.33026018738746643,0.7200371026992798,-0.040252089500427246,0.29981690645217896,0.6858445405960083,-0.04892093315720558,0.2763320803642273,0.6607262492179871,-0.05497472360730171,0.3700343668460846,0.8142051100730896,-0.031381070613861084,0.332081139087677,0.7751412391662598,-0.04210154339671135,0.3083721995353699,0.7531336545944214,-0.0475616455078125,0.28742504119873047,0.7343990802764893,-0.05054669827222824,PLEASE
PLEASE,0.4689848721027374,0.8395987153053284,1.373660722947534e-07,0.4825303554534912,0.7648420333862305,-0.0031691475305706263,0.47004079818725586,0.7047196626663208,-0.007608886808156967,0.4369509518146515,0.6655114889144897,-0.010914716869592667,0.4076898992061615,0.6474539041519165,-0.0161267276853323,0.4115264415740967,0.7030816078186035,-0.022907370701432228,0.36045530438423157,0.6490364670753479,-0.034171417355537415,0.3301622271537781,0.6207874417304993,-0.041152339428663254,0.30519264936447144,0.5991320013999939,-0.04602724313735962,0.38773590326309204,0.7363736033439636,-0.027267085388302803,0.33389919996261597,0.6770433783531189,-0.040596842765808105,0.29910019040107727,0.6418938636779785,-0.050374262034893036,0.2724250555038452,0.6166637539863586,-0.05795401334762573,0.3727932274341583,0.7726045846939087,-0.02995552122592926,0.325840562582016,0.7185559868812561,-0.04140354320406914,0.2958793342113495,0.6857801675796509,-0.049379315227270126,0.27292943000793457,0.6617491245269775,-0.055002596229314804,0.36541539430618286,0.809583842754364,-0.03175417333841324,0.3264180123806,0.7699791789054871,-0.042444631457328796,0.30286869406700134,0.7487508654594421,-0.04693432152271271,0.28191938996315,0.7313682436943054,-0.04925717040896416,PLEASE
THANK_YOU,0.5336511731147766,0.6599065065383911,1.682563919302993e-07,0.5223026871681213,0.59627765417099,0.002181221731007099,0.4945107698440552,0.5468698143959045,-0.00020847140694968402,0.47239741683006287,0.5068182349205017,-0.0036883929278701544,0.4664866328239441,0.4708355665206909,-0.009880400262773037,0.43472200632095337,0.5545833110809326,-0.015428323298692703,0.38152167201042175,0.5198720693588257,-0.023781713098287582,0.3469855785369873,0.5004231929779053,-0.028863009065389633,0.32028722763061523,0.48333102464675903,-0.034161750227212906,0.4262906312942505,0.587763786315918,-0.025689544156193733,0.3559897243976593,0.5627730488777161,-0.03597893565893173,0.3130936026573181,0.5457009673118591,-0.04578527435660362,0.2824750244617462,0.5292251110076904,-0.05444968864321709,0.4279872477054596,0.6301000714302063,-0.03429734706878662,0.3614538609981537,0.6069498062133789,-0.047844111919403076,0.3201698064804077,0.5937687754631042,-0.05896803364157677,0.2909421920776367,0.5806740522384644,-0.06730230152606964,0.4390246868133545,0.6748157739639282,-0.0414271280169487,0.3899494409561157,0.6773704290390015,-0.058815691620111465,0.3581163287162781,0.6782200336456299,-0.06799358129501343,0.3313736021518707,0.6771161556243896,-0.07331322133541107,THANK_YOU
THANK_YOU,0.7037043571472168,0.7299755215644836,4.5575910689876764e-07,0.7458238005638123,0.7216081619262695,-0.0637848898768425,0.7679113149642944,0.6771898865699768,-0.10105440765619278,0.788224458694458,0.6304022669792175,-0.12912966310977936,0.8125763535499573,0.5895867943763733,-0.1567777842283249,0.6883662343025208,0.6362659335136414,-0.09598921984434128,0.6766563653945923,0.5758441090583801,-0.13177528977394104,0.6713731288909912,0.5371938347816467,-0.15386679768562317,0.662039577960968,0.49619925022125244,-0.16934563219547272,0.6447436809539795,0.6276529431343079,-0.08109701424837112,0.6172687411308289,0.5561860203742981,-0.1139545664191246,0.5958178639411926,0.5114490985870361,-0.1323150247335434,0.5725913643836975,0.4720824062824249,-0.14566989243030548,0.6114915609359741,0.628768801689148,-0.06915148347616196,0.5749441385269165,0.5591182708740234,-0.10004441440105438,0.5452824831008911,0.5135812759399414,-0.11801009625196457,0.5173438191413879,0.4765646159648895,-0.12941834330558777,0.5892540216445923,0.6383597254753113,-0.061466749757528305,0.5583871006965637,0.573984682559967,-0.0849376991391182,0.536475419998169,0.5387663245201111,-0.09684187918901443,0.5164077877998352,0.5153071880340576,-0.10530168563127518,THANK_YOU
THANK_YOU,0.7054152488708496,0.7174956202507019,3.802331889346533e-07,0.7426967620849609,0.7152793407440186,-0.06671766191720963,0.7658442854881287,0.6708700656890869,-0.10591122508049011,0.7923229336738586,0.6223182678222656,-0.13502924144268036,0.8216850161552429,0.5858450531959534,-0.16334722936153412,0.6862021684646606,0.626061737537384,-0.10094300657510757,0.6762368083000183,0.5670593976974487,-0.13898667693138123,0.6716533303260803,0.528856098651886,-0.1630472093820572,0.6616477370262146,0.48819705843925476,-0.17989659309387207,0.6445268988609314,0.6129208207130432,-0.08450870215892792,0.6223759651184082,0.5474489331245422,-0.1194828674197197,0.6013893485069275,0.5083955526351929,-0.13954728841781616,0.5776808261871338,0.4721872806549072,-0.15427525341510773,0.6131150126457214,0.6085500121116638,-0.07098778337240219,0.5870126485824585,0.5412399172782898,-0.10270732641220093,0.5612177848815918,0.4970378577709198,-0.12198632210493088,0.5350705981254578,0.4597945809364319,-0.1343301385641098,0.5918905735015869,0.6132577061653137,-0.06201495975255966,0.5625249743461609,0.5495248436927795,-0.08599871397018433,0.5388191938400269,0.5120713114738464,-0.09916539490222931,0.5174861550331116,0.4854009449481964,-0.10846655070781708,THANK_YOU
THANK_YOU,0.6659749150276184,0.7033411264419556,4.0535994116908114e-07,0.7054375410079956,0.7146449089050293,-0.06382855027914047,0.7348730564117432,0.678617000579834,-0.10244445502758026,0.7650272846221924,0.6316124200820923,-0.13063114881515503,0.7943965792655945,0.5972520112991333,-0.158310666680336,0.667616605758667,0.6301603317260742,-0.10498122125864029,0.6592746376991272,0.5752604007720947,-0.14216214418411255,0.6503484845161438,0.5365146994590759,-0.16426362097263336,0.6396542191505432,0.49739503860473633,-0.1794893890619278,0.6244031190872192,0.6061407923698425,-0.08900129050016403,0.5976372957229614,0.5456266403198242,-0.12460273504257202,0.573493480682373,0.5105296969413757,-0.1431591957807541,0.5496947169303894,0.4797062873840332,-0.15575408935546875,0.5940121412277222,0.5932962894439697,-0.07478970289230347,0.5609129071235657,0.5298182368278503,-0.10700927674770355,0.5318945646286011,0.48943087458610535,-0.12526242434978485,0.5047324895858765,0.45734328031539917,-0.1361418068408966,0.5752007961273193,0.5920100212097168,-0.06438204646110535,0.5510168075561523,0.5287313461303711,-0.08802681416273117,0.5272709131240845,0.4898513853549957,-0.10023348033428192,0.504887044429779,0.4635958671569824,-0.10832007229328156,THANK_YOU
THANK_YOU,0.6802079677581787,0.6982955932617188,1.925776871303242e-07,0.6227555274963379,0.6460739374160767,-0.00044507754500955343,0.5633463263511658,0.5927626490592957,-0.007265040650963783,0.532738208770752,0.5426633358001709,-0.016114192083477974,0.5186446905136108,0.4980207681655884,-0.02765137515962124,0.5493071675300598,0.5851776003837585,-0.02190440148115158,0.4944344162940979,0.5484017729759216,-0.048835959285497665,0.4491068124771118,0.5165953040122986,-0.07162347435951233,0.41281643509864807,0.48875731229782104,-0.08846212178468704,0.5596571564674377,0.5999065041542053,-0.03635741397738457,0.4967798590660095,0.5618839859962463,-0.05945703759789467,0.4480515718460083,0.5301856398582458,-0.07808007299900055,0.4063457250595093,0.5001127123832703,-0.09334299713373184,0.5744068622589111,0.6243551969528198,-0.050590574741363525,0.5172867178916931,0.589218020439148,-0.07038018852472305,0.4769700765609741,0.5601040720939636,-0.08115813881158829,0.4424649178981781,0.5346707701683044,-0.09032785147428513,0.5932313799858093,0.661422848701477,-0.0648256465792656,0.5621774196624756,0.646274209022522,-0.08353637158870697,0.5371916890144348,0.6299950480461121,-0.09055591374635696,0.514068603515625,0.6156980395317078,-0.09599355608224869,THANK_YOU
THANK_YOU,0.6528690457344055,0.6808325052261353,1.395319202401879e-07,0.60288006067276,0.6249831914901733,0.001555322902277112,0.5474007725715637,0.5745819211006165,-0.008052356541156769,0.5179416537284851,0.5310513973236084,-0.019325479865074158,0.5053561925888062,0.48708799481391907,-0.03418199345469475,0.5299198627471924,0.5544038414955139,-0.04635341092944145,0.46275824308395386,0.52099609375,-0.07777609676122665,0.4197503924369812,0.4947027564048767,-0.09924904257059097,0.38258734345436096,0.4749429225921631,-0.11548721790313721,0.5381636023521423,0.5789273977279663,-0.06513384729623795,0.4655831456184387,0.5470686554908752,-0.09563446044921875,0.4164160490036011,0.5234068632125854,-0.11434362828731537,0.3741670846939087,0.5080525279045105,-0.13078279793262482,0.5529441237449646,0.6212841868400574,-0.08229091018438339,0.4896053075790405,0.604057252407074,-0.11045131087303162,0.4527653455734253,0.5844316482543945,-0.12838812172412872,0.42152151465415955,0.567255437374115,-0.14423425495624542,0.5696713924407959,0.677668035030365,-0.09827180206775665,0.5484468936920166,0.6807652115821838,-0.12952320277690887,0.5329968929290771,0.6689572930335999,-0.1484490931034088,0.5150285363197327,0.6555721759796143,-0.16357111930847168,THANK_YOU
THANK_YOU,0.6528690457344055,0.6808325052261353,1.395319202401879e-07,0.60288006067276,0.6249831914901733,0.001555322902277112,0.5474007725715637,0.5745819211006165,-0.008052356541156769,0.5179416537284851,0.5310513973236084,-0.019325479865074158,0.5053561925888062,0.48708799481391907,-0.03418199345469475,0.5299198627471924,0.5544038414955139,-0.04635341092944145,0.46275824308395386,0.52099609375,-0.07777609676122665,0.4197503924369812,0.4947027564048767,-0.09924904257059097,0.38258734345436096,0.4749429225921631,-0.11548721790313721,0.5381636023521423,0.5789273977279663,-0.06513384729623795,0.4655831456184387,0.5470686554908752,-0.09563446044921875,0.4164160490036011,0.5234068632125854,-0.11434362828731537,0.3741670846939087,0.5080525279045105,-0.13078279793262482,0.5529441237449646,0.6212841868400574,-0.08229091018438339,0.4896053075790405,0.604057252407074,-0.11045131087303162,0.4527653455734253,0.5844316482543945,-0.12838812172412872,0.42152151465415955,0.567255437374115,-0.14423425495624542,0.5696713924407959,0.677668035030365,-0.09827180206775665,0.5484468936920166,0.6807652115821838,-0.12952320277690887,0.5329968929290771,0.6689572930335999,-0.1484490931034088,0.5150285363197327,0.6555721759796143,-0.16357111930847168,THANK_YOU
THANK_YOU,0.6253310441970825,0.6738438606262207,2.2259990828388254e-07,0.584377646446228,0.6202126741409302,0.002974012866616249,0.5365381836891174,0.5727132558822632,-0.006179796997457743,0.5104362964630127,0.5307348966598511,-0.016349826008081436,0.5012064576148987,0.4858585298061371,-0.029868606477975845,0.5141068696975708,0.5722142457962036,-0.04531533643603325,0.44333451986312866,0.5314352512359619,-0.06976909935474396,0.3987851142883301,0.504908561706543,-0.0828445702791214,0.36179566383361816,0.4835229516029358,-0.09280150383710861,0.5160460472106934,0.5970814824104309,-0.06219308078289032,0.4371292293071747,0.5650047063827515,-0.08558586239814758,0.3859483003616333,0.5405951142311096,-0.09857595711946487,0.3434693217277527,0.5215484499931335,-0.10993755608797073,0.5251554250717163,0.6392393708229065,-0.07646093517541885,0.45841097831726074,0.6132497191429138,-0.09915178269147873,0.42144572734832764,0.591101348400116,-0.11342363059520721,0.3900608420372009,0.5693935751914978,-0.12568804621696472,0.5386685132980347,0.6901307106018066,-0.08882539719343185,0.5058111548423767,0.6848059892654419,-0.11465009301900864,0.4811980724334717,0.6795393824577332,-0.12773260474205017,0.45553964376449585,0.6734875440597534,-0.13733209669589996,THANK_YOU
THANK_YOU,0.5925230383872986,0.6628243923187256,1.7222811266037752e-07,0.5657362341880798,0.6114333868026733,0.0026522462721914053,0.5269228219985962,0.5614999532699585,-0.004524792078882456,0.5022082328796387,0.519886314868927,-0.01295729260891676,0.4985398054122925,0.47635048627853394,-0.025821896269917488,0.48994505405426025,0.5645783543586731,-0.033274900168180466,0.4227789044380188,0.5233660340309143,-0.05153224244713783,0.3815631568431854,0.49776574969291687,-0.06181434914469719,0.34821194410324097,0.47621792554855347,-0.06950967013835907,0.48955854773521423,0.5936588644981384,-0.04739564657211304,0.40904319286346436,0.5638335943222046,-0.065095454454422,0.35751503705978394,0.5426008105278015,-0.07738111168146133,0.3174596428871155,0.5240221619606018,-0.08737997710704803,0.4946823716163635,0.6373763084411621,-0.05888509750366211,0.4171794652938843,0.6069267988204956,-0.08348347246646881,0.37280064821243286,0.5877245664596558,-0.09986045211553574,0.3392091989517212,0.5683534145355225,-0.11071132123470306,0.5030696988105774,0.6897612810134888,-0.06737922877073288,0.4508630037307739,0.6876788139343262,-0.09376082569360733,0.44291767477989197,0.6896423101425171,-0.10208989679813385,0.4406622648239136,0.6910879015922546,-0.10589264333248138,THANK_YOU
THANK_YOU,0.5679394602775574,0.6638243198394775,2.469276978445123e-07,0.5504859685897827,0.6031968593597412,-0.0013261801796033978,0.517719030380249,0.5502721667289734,-0.007144345436245203,0.4963306486606598,0.5075206756591797,-0.013815797865390778,0.49293163418769836,0.4687899351119995,-0.023618198931217194,0.46759268641471863,0.56043541431427,-0.027055773884058,0.4115105867385864,0.519719660282135,-0.04276002198457718,0.3730301260948181,0.4928813576698303,-0.05239184573292732,0.34270548820495605,0.47108083963394165,-0.06029336154460907,0.4600360095500946,0.5919325947761536,-0.03886270895600319,0.3912804126739502,0.5628618001937866,-0.05523333698511124,0.3440110683441162,0.5404053926467896,-0.06814611703157425,0.3076150417327881,0.5198609232902527,-0.07837527245283127,0.4618772864341736,0.6355320811271667,-0.049196258187294006,0.39903509616851807,0.6078611016273499,-0.0687674805521965,0.3572094142436981,0.5894519090652466,-0.0838262215256691,0.32507699728012085,0.5717832446098328,-0.09415392577648163,0.4721459150314331,0.6833993196487427,-0.057996008545160294,0.4263305962085724,0.685716986656189,-0.07970575988292694,0.39602741599082947,0.686816394329071,-0.09045444428920746,0.370070219039917,0.6865047216415405,-0.0965237095952034,THANK_YOU
THANK_YOU,0.549201250076294,0.6628749966621399,2.4136662091223116e-07,0.5341277122497559,0.5995962023735046,0.0004694752860814333,0.5048611164093018,0.5494094491004944,-0.00570345763117075,0.48405900597572327,0.5062416195869446,-0.012615375220775604,0.4845331013202667,0.46529421210289,-0.02257935144007206,0.45486336946487427,0.5604850053787231,-0.028937630355358124,0.399376779794693,0.5173402428627014,-0.04346603527665138,0.3627498149871826,0.4932800531387329,-0.05061115324497223,0.3343230187892914,0.4741757810115814,-0.05643389746546745,0.4443701505661011,0.5957821607589722,-0.04016435146331787,0.3758716583251953,0.5644627809524536,-0.05587476119399071,0.33044975996017456,0.5426124930381775,-0.06703746318817139,0.2964140772819519,0.52320396900177,-0.07588724792003632,0.44367969036102295,0.640347421169281,-0.04932340234518051,0.38247203826904297,0.6113662719726562,-0.06645113229751587,0.34222137928009033,0.5900947451591492,-0.08008184283971786,0.3110889792442322,0.5704865455627441,-0.08989270031452179,0.4519517421722412,0.6874996423721313,-0.056684043258428574,0.40814536809921265,0.6874827742576599,-0.07560442388057709,0.3793352246284485,0.6867014169692993,-0.08547191321849823,0.35348376631736755,0.6839584708213806,-0.09129345417022705,THANK_YOU
THANK_YOU,0.5269173383712769,0.6606248617172241,1.6057053642271057e-07,0.5153900384902954,0.595035195350647,-0.00046145980013534427,0.4893040955066681,0.5443837642669678,-0.005911652464419603,0.47122102975845337,0.5026429295539856,-0.011791560798883438,0.47062912583351135,0.4646739959716797,-0.020476292818784714,0.43450239300727844,0.5557789206504822,-0.026511069387197495,0.3818725347518921,0.5162317752838135,-0.03867434710264206,0.35020193457603455,0.4917117953300476,-0.04481932148337364,0.32590943574905396,0.47189995646476746,-0.05038554221391678,0.42428791522979736,0.5917029976844788,-0.0362648144364357,0.35460978746414185,0.5627025365829468,-0.048908963799476624,0.31443411111831665,0.5427194833755493,-0.05763601139187813,0.2858244776725769,0.5248215794563293,-0.06542213261127472,0.4232739210128784,0.6346451044082642,-0.04451916366815567,0.35924750566482544,0.6051924228668213,-0.060376737266778946,0.32054251432418823,0.5847492218017578,-0.07270918786525726,0.29162949323654175,0.566753625869751,-0.0819852277636528,0.4312547445297241,0.6781696677207947,-0.051235709339380264,0.3847300410270691,0.6781303882598877,-0.07037849724292755,0.3538721799850464,0.6779593229293823,-0.08075228333473206,0.3270922899246216,0.6765207648277283,-0.08716266602277756,THANK_YOU
THANK_YOU,0.519946813583374,0.658498227596283,1.5487994176055508e-07,0.5092982053756714,0.5943917632102966,-0.0015186610398814082,0.48602479696273804,0.5443857312202454,-0.007620438002049923,0.4682711064815521,0.5047467947006226,-0.014128314331173897,0.46577751636505127,0.4689558446407318,-0.023381445556879044,0.42984795570373535,0.5549188256263733,-0.025939231738448143,0.378726989030838,0.5157991051673889,-0.03811407461762428,0.34768596291542053,0.49186792969703674,-0.04468594864010811,0.32350391149520874,0.4723920226097107,-0.05047426000237465,0.420207679271698,0.5895704627037048,-0.03547756373882294,0.35381436347961426,0.5585953593254089,-0.048710521310567856,0.31339675188064575,0.5387013554573059,-0.057998429983854294,0.2843426465988159,0.5218511819839478,-0.06604211032390594,0.41908103227615356,0.6312650442123413,-0.0436912439763546,0.35683396458625793,0.6003609895706177,-0.05998045206069946,0.3167884349822998,0.5805875658988953,-0.07209713011980057,0.2869182229042053,0.5635554194450378,-0.08099094778299332,0.4258694350719452,0.6741429567337036,-0.05052245035767555,0.3786035478115082,0.6720001101493835,-0.06974418461322784,0.3472806215286255,0.6704920530319214,-0.079656220972538,0.3202012777328491,0.6683413982391357,-0.08559902757406235,THANK_YOU
THANK_YOU,0.5149421691894531,0.6546153426170349,1.3172814306017244e-07,0.5055543780326843,0.5910492539405823,-0.0014009029837325215,0.4852168560028076,0.5422453284263611,-0.006720161531120539,0.4688149690628052,0.5033403635025024,-0.01259560789912939,0.4655010998249054,0.4695485234260559,-0.021108098328113556,0.4254705607891083,0.550256073474884,-0.02209700085222721,0.37644118070602417,0.5117588639259338,-0.033075105398893356,0.3465944826602936,0.48879408836364746,-0.03946152329444885,0.3229717016220093,0.47043824195861816,-0.04511845484375954,0.41566959023475647,0.5828477144241333,-0.03101278468966484,0.35139113664627075,0.5514705181121826,-0.04299595579504967,0.3129606246948242,0.5311481356620789,-0.05207210034132004,0.28484833240509033,0.5138846635818481,-0.06011245399713516,0.4138250946998596,0.6228151321411133,-0.038794420659542084,0.3531256318092346,0.5926488041877747,-0.053902287036180496,0.31527844071388245,0.5722542405128479,-0.06576887518167496,0.2870645225048065,0.5547856092453003,-0.07465771585702896,0.4196501672267914,0.6649108529090881,-0.04533364996314049,0.37266722321510315,0.6640718579292297,-0.06361956149339676,0.34172379970550537,0.6620227694511414,-0.0732385590672493,0.31503623723983765,0.6593524217605591,-0.07906758040189743,THANK_YOU
THANK_YOU,0.515850841999054,0.6475984454154968,1.225526489179174e-07,0.5053950548171997,0.5863683223724365,0.0011452208273112774,0.4836835563182831,0.5398964285850525,-0.003253262024372816,0.46681278944015503,0.5000885128974915,-0.008632059209048748,0.4671134650707245,0.464983731508255,-0.016467494890093803,0.4253517687320709,0.5453996658325195,-0.02001061476767063,0.3774510324001312,0.5048490762710571,-0.03066488355398178,0.3493427634239197,0.4812183082103729,-0.036410316824913025,0.32732588052749634,0.46232733130455017,-0.04143979772925377,0.41419869661331177,0.5769482254981995,-0.029357237741351128,0.3511427342891693,0.5451210737228394,-0.040867991745471954,0.3130338191986084,0.5240319967269897,-0.04868097975850105,0.2852013111114502,0.5072427988052368,-0.05552690848708153,0.4114312529563904,0.6160026788711548,-0.03742586821317673,0.3532891273498535,0.5854408740997314,-0.051487140357494354,0.3167128264904022,0.5635385513305664,-0.062297068536281586,0.28917914628982544,0.5456700325012207,-0.070357546210289,0.4159502387046814,0.6578491926193237,-0.04407590627670288,0.36935752630233765,0.6552559733390808,-0.06102496013045311,0.3393302857875824,0.653252363204956,-0.06986138969659805,0.31340885162353516,0.6507371068000793,-0.07512561231851578,THANK_YOU
THANK_YOU,0.5158377289772034,0.6458089351654053,1.0391747196081269e-07,0.503851592540741,0.5833743214607239,6.099023448769003e-05,0.48168593645095825,0.5350881814956665,-0.004724594764411449,0.46659523248672485,0.49548640847206116,-0.01041560061275959,0.46730899810791016,0.4620559811592102,-0.018573511391878128,0.4277647137641907,0.5407577157020569,-0.021093346178531647,0.3785638213157654,0.5005571246147156,-0.03310788795351982,0.34959784150123596,0.4764530062675476,-0.03990573808550835,0.32663971185684204,0.4571984112262726,-0.04558676853775978,0.4169578552246094,0.5716872215270996,-0.03055189922451973,0.3516128957271576,0.5381771922111511,-0.042928434908390045,0.31373608112335205,0.5169479846954346,-0.05121411383152008,0.28606116771698,0.5000972747802734,-0.05834444612264633,0.41380739212036133,0.610791027545929,-0.03894871845841408,0.3535892963409424,0.5787869691848755,-0.0539875365793705,0.31727510690689087,0.5573850274085999,-0.06472993642091751,0.2900746464729309,0.5394515991210938,-0.07259329408407211,0.4173591136932373,0.653075635433197,-0.04608507454395294,0.37045666575431824,0.6495987176895142,-0.06396955996751785,0.3405015468597412,0.6464143991470337,-0.07287290692329407,0.31448155641555786,0.643079400062561,-0.07807943969964981,THANK_YOU
THANK_YOU,0.5150083899497986,0.642656683921814,1.3297041334681126e-07,0.5049129128456116,0.5815364718437195,0.002038682345300913,0.4838629961013794,0.5320546627044678,-0.0012294516200199723,0.4687590003013611,0.49224939942359924,-0.0054832384921610355,0.46875283122062683,0.45961764454841614,-0.012233798392117023,0.42898818850517273,0.5367286801338196,-0.017623599618673325,0.3811161518096924,0.49607139825820923,-0.027673231437802315,0.3518192172050476,0.47226279973983765,-0.03310328722000122,0.3297995924949646,0.4539247751235962,-0.037774696946144104,0.4172692596912384,0.5687519311904907,-0.027162466198205948,0.3527164161205292,0.5337927937507629,-0.038015224039554596,0.31507137417793274,0.5124478340148926,-0.04553854838013649,0.28820958733558655,0.4945475459098816,-0.0518488846719265,0.4132949411869049,0.6071450710296631,-0.035427309572696686,0.35393694043159485,0.5737111568450928,-0.04871438443660736,0.3179287910461426,0.5509904623031616,-0.05895756930112839,0.29150691628456116,0.5319677591323853,-0.0664496049284935,0.4167245030403137,0.6473069190979004,-0.042254552245140076,0.37005943059921265,0.6425946950912476,-0.058558203279972076,0.34060829877853394,0.6390883922576904,-0.0669657438993454,0.3155602514743805,0.6346240043640137,-0.07182160019874573,THANK_YOU
THANK_YOU,0.5171498656272888,0.640748918056488,1.5020185628600302e-07,0.5069475173950195,0.580061674118042,0.0008002463728189468,0.4852273464202881,0.5319230556488037,-0.0034616896882653236,0.46901702880859375,0.4925767779350281,-0.00861180666834116,0.4680291712284088,0.45887142419815063,-0.016257455572485924,0.4285174310207367,0.5343000292778015,-0.01856842264533043,0.37987688183784485,0.49460163712501526,-0.029456984251737595,0.35095563530921936,0.46976238489151,-0.03558017686009407,0.32954907417297363,0.45004069805145264,-0.04055199399590492,0.4179878830909729,0.5662112236022949,-0.027709752321243286,0.35409611463546753,0.5326868295669556,-0.03859410062432289,0.3159070909023285,0.5112508535385132,-0.0461667962372303,0.2887006998062134,0.4927941858768463,-0.052554626017808914,0.4147542119026184,0.6052404642105103,-0.035813964903354645,0.355654776096344,0.5723726153373718,-0.04917005077004433,0.3190690279006958,0.5499464273452759,-0.05967959761619568,0.2923499345779419,0.5304645895957947,-0.06739124655723572,0.4190133810043335,0.6467124223709106,-0.04261474311351776,0.3729090094566345,0.6422444581985474,-0.05884404107928276,0.34357309341430664,0.6380515694618225,-0.06740236282348633,0.3187626600265503,0.6324899792671204,-0.07237479835748672,THANK_YOU
THANK_YOU,0.5204098224639893,0.6415048241615295,1.500488906458486e-07,0.5075036883354187,0.5809297561645508,0.0022198930382728577,0.48437246680259705,0.5326762199401855,-0.001776664168573916,0.46707218885421753,0.494200199842453,-0.0070710619911551476,0.4679909944534302,0.46030884981155396,-0.015202830545604229,0.4314502477645874,0.5354209542274475,-0.01830170676112175,0.3813840448856354,0.49552345275878906,-0.029473548755049706,0.3509886860847473,0.4703892171382904,-0.03578132018446922,0.32785564661026,0.4502529203891754,-0.04106437787413597,0.42107537388801575,0.5666459798812866,-0.028803633525967598,0.35495615005493164,0.5338952541351318,-0.04015778750181198,0.3156655430793762,0.5120608806610107,-0.04839042201638222,0.28717389702796936,0.49334049224853516,-0.05527874827384949,0.4181908965110779,0.6060632467269897,-0.03804171830415726,0.357323557138443,0.5739412903785706,-0.0521182119846344,0.32010143995285034,0.5522658228874207,-0.06330897659063339,0.292095422744751,0.5327874422073364,-0.07152263820171356,0.42271459102630615,0.6483457088470459,-0.04576395824551582,0.3773728609085083,0.6436503529548645,-0.06278995424509048,0.3484629988670349,0.6395797729492188,-0.0717206671833992,0.3233097493648529,0.6338393092155457,-0.07697443664073944,THANK_YOU
THANK_YOU,0.5204098224639893,0.6415048241615295,1.500488906458486e-07,0.5075036883354187,0.5809297561645508,0.0022198930382728577,0.48437246680259705,0.5326762199401855,-0.001776664168573916,0.46707218885421753,0.494200199842453,-0.0070710619911551476,0.4679909944534302,0.46030884981155396,-0.015202830545604229,0.4314502477645874,0.5354209542274475,-0.01830170676112175,0.3813840448856354,0.49552345275878906,-0.029473548755049706,0.3509886860847473,0.4703892171382904,-0.03578132018446922,0.32785564661026,0.4502529203891754,-0.04106437787413597,0.42107537388801575,0.5666459798812866,-0.028803633525967598,0.35495615005493164,0.5338952541351318,-0.04015778750181198,0.3156655430793762,0.5120608806610107,-0.04839042201638222,0.28717389702796936,0.49334049224853516,-0.05527874827384949,0.4181908965110779,0.6060632467269897,-0.03804171830415726,0.357323557138443,0.5739412903785706,-0.0521182119846344,0.32010143995285034,0.5522658228874207,-0.06330897659063339,0.292095422744751,0.5327874422073364,-0.07152263820171356,0.42271459102630615,0.6483457088470459,-0.04576395824551582,0.3773728609085083,0.6436503529548645,-0.06278995424509048,0.3484629988670349,0.6395797729492188,-0.0717206671833992,0.3233097493648529,0.6338393092155457,-0.07697443664073944,THANK_YOU
THANK_YOU,0.5277678370475769,0.6464534401893616,1.297533458455291e-07,0.5108652710914612,0.58819979429245,0.0020463953260332346,0.48236122727394104,0.5384221076965332,-0.0018834513612091541,0.4643496870994568,0.498602956533432,-0.007649237290024757,0.46566686034202576,0.46226438879966736,-0.016299884766340256,0.43155738711357117,0.5402703881263733,-0.018050281330943108,0.379696249961853,0.5005554556846619,-0.030466703698039055,0.3473466634750366,0.4759335219860077,-0.037808775901794434,0.32190871238708496,0.456269234418869,-0.043924275785684586,0.4239776134490967,0.5694080591201782,-0.02996346913278103,0.3561035990715027,0.5361109375953674,-0.04202798381447792,0.3154275417327881,0.5143002867698669,-0.051158174872398376,0.2847050428390503,0.4956430196762085,-0.058834828436374664,0.42370104789733887,0.6091099381446838,-0.04083682596683502,0.36150625348091125,0.576482355594635,-0.055859435349702835,0.32309141755104065,0.5562614798545837,-0.06803160160779953,0.2931950092315674,0.5374848246574402,-0.07701373845338821,0.430286705493927,0.6535258889198303,-0.05031469464302063,0.3868328928947449,0.647659182548523,-0.06843389570713043,0.35721567273139954,0.6432007551193237,-0.07818544656038284,0.33062535524368286,0.6381694078445435,-0.0841779038310051,THANK_YOU
THANK_YOU,0.5309269428253174,0.6516592502593994,1.3689263766991644e-07,0.5105776786804199,0.5947683453559875,0.0033979250583797693,0.478855699300766,0.5463343262672424,-0.0008174742106348276,0.4605122208595276,0.5072916746139526,-0.006773571949452162,0.4617326557636261,0.47146841883659363,-0.015642616897821426,0.43152615427970886,0.5469068884849548,-0.021406492218375206,0.3776048421859741,0.5095707774162292,-0.0354098305106163,0.34370237588882446,0.48604220151901245,-0.043424200266599655,0.31705403327941895,0.4665066599845886,-0.04972800612449646,0.42551958560943604,0.5750108957290649,-0.033813025802373886,0.35678285360336304,0.5418245196342468,-0.04764369875192642,0.3137446343898773,0.519355833530426,-0.057173989713191986,0.28055793046951294,0.50008225440979,-0.06498100608587265,0.42708051204681396,0.6144887208938599,-0.04462020844221115,0.36527594923973083,0.5807374715805054,-0.05997786670923233,0.32657676935195923,0.5604312419891357,-0.07164930552244186,0.29598838090896606,0.5415216088294983,-0.0802643671631813,0.4350036382675171,0.6597760915756226,-0.05377986282110214,0.3935297429561615,0.6512472629547119,-0.07174721360206604,0.36564260721206665,0.6450157761573792,-0.08096932619810104,0.33963435888290405,0.638194739818573,-0.08660821616649628,THANK_YOU
THANK_YOU,0.5334733128547668,0.6559733152389526,1.2186455933260731e-07,0.5041565299034119,0.6014003157615662,0.004337738733738661,0.4702889919281006,0.5595664978027344,-0.00103083869908005,0.4526503384113312,0.5248391628265381,-0.0084492526948452,0.45649653673171997,0.48849374055862427,-0.018434671685099602,0.4317589998245239,0.5564670562744141,-0.023570001125335693,0.37848231196403503,0.5197093486785889,-0.03992506116628647,0.3440094292163849,0.4976573586463928,-0.04925597831606865,0.3161439299583435,0.47982144355773926,-0.056471697986125946,0.42884230613708496,0.5814875364303589,-0.03785806894302368,0.3602195382118225,0.54880690574646,-0.054257504642009735,0.31746891140937805,0.5252355933189392,-0.06468534469604492,0.28303277492523193,0.5061631202697754,-0.07315568625926971,0.4333561360836029,0.6194946765899658,-0.05052453279495239,0.3719478249549866,0.590233564376831,-0.06875104457139969,0.3357386291027069,0.5679500699043274,-0.08221916854381561,0.3057553768157959,0.5459246635437012,-0.09240798652172089,0.44360053539276123,0.6641708016395569,-0.06147747114300728,0.4088687002658844,0.6554243564605713,-0.08336658030748367,0.38459059596061707,0.6484585404396057,-0.09506787359714508,0.3606905937194824,0.6412966251373291,-0.10274349898099899,THANK_YOU
THANK_YOU,0.5631928443908691,0.6775037050247192,1.6509309830325947e-07,0.5224593281745911,0.6304511427879333,0.012319695204496384,0.4760337173938751,0.59456866979599,0.009534915909171104,0.44898948073387146,0.559940755367279,0.004369253292679787,0.44389650225639343,0.5210834741592407,-0.003404446644708514,0.45106691122055054,0.5905967950820923,-0.02614910900592804,0.3906208574771881,0.5492082238197327,-0.04671086370944977,0.3470725417137146,0.5223968029022217,-0.057739730924367905,0.3129355311393738,0.5009923577308655,-0.06656259298324585,0.45283982157707214,0.6095231175422668,-0.044859472662210464,0.37806999683380127,0.5725884437561035,-0.06836606562137604,0.3274603486061096,0.5412454009056091,-0.08146800845861435,0.28637242317199707,0.5127274394035339,-0.09190890938043594,0.4599270224571228,0.641226053237915,-0.060949333012104034,0.39279472827911377,0.6028038859367371,-0.0847911685705185,0.3537161946296692,0.573180615901947,-0.09945409744977951,0.3212049603462219,0.5448168516159058,-0.11084332317113876,0.4718710780143738,0.6783209443092346,-0.07425279915332794,0.4417821764945984,0.658974289894104,-0.10503353178501129,0.4180486798286438,0.6429411172866821,-0.12280198186635971,0.39306047558784485,0.6276397705078125,-0.13477198779582977,THANK_YOU
THANK_YOU,0.6130867600440979,0.7466983795166016,1.7092870052692888e-07,0.5639987587928772,0.7029441595077515,0.010028431192040443,0.4991835057735443,0.6556254625320435,0.007193228229880333,0.460693895816803,0.6155378818511963,0.003399529028683901,0.4480033218860626,0.5674455165863037,-0.005110614001750946,0.4763217866420746,0.6527369618415833,-0.044910039752721786,0.39899078011512756,0.6142894625663757,-0.06460341066122055,0.3501017093658447,0.5951259732246399,-0.07410275191068649,0.30844002962112427,0.5769824981689453,-0.08308064937591553,0.48340752720832825,0.6848863363265991,-0.06506351381540298,0.3965867757797241,0.6625335216522217,-0.08781635016202927,0.3396388590335846,0.6470018029212952,-0.1050175130367279,0.29130661487579346,0.6342968344688416,-0.12029317766427994,0.49986258149147034,0.7334350943565369,-0.0803641602396965,0.4246893525123596,0.7208490371704102,-0.10914197564125061,0.37992575764656067,0.7019636034965515,-0.13342058658599854,0.3406130075454712,0.684500515460968,-0.1525164097547531,0.5193985104560852,0.7905184030532837,-0.0914473831653595,0.47666847705841064,0.8134165406227112,-0.12416915595531464,0.46524131298065186,0.8285539150238037,-0.140943244099617,0.4519295394420624,0.8410004377365112,-0.15311598777770996,THANK_YOU
THANK_YOU,0.6694805026054382,0.781749427318573,4.075725357211013e-08,0.6006500124931335,0.7283873558044434,0.008056756108999252,0.5355679392814636,0.6805174350738525,0.004039873369038105,0.4992269277572632,0.638236939907074,-0.004010898992419243,0.4783271253108978,0.5958592295646667,-0.014494123868644238,0.5226765871047974,0.6775736212730408,-0.01305827684700489,0.45693665742874146,0.6505194306373596,-0.036371245980262756,0.4167318046092987,0.6272740960121155,-0.05538124963641167,0.3826290965080261,0.6062283515930176,-0.06990031898021698,0.5319296717643738,0.6923965215682983,-0.03154207393527031,0.46033552289009094,0.6589816212654114,-0.05306907370686531,0.41217947006225586,0.6370701193809509,-0.06941092014312744,0.3694300949573517,0.6209118366241455,-0.08394802361726761,0.5444153547286987,0.7175355553627014,-0.05004340410232544,0.4783453941345215,0.6838049292564392,-0.06942053139209747,0.43498170375823975,0.664158284664154,-0.08118380606174469,0.39714062213897705,0.6504503488540649,-0.09161286056041718,0.5598364472389221,0.7535244226455688,-0.06768640875816345,0.5229985117912292,0.7345845103263855,-0.0845944881439209,0.4972570240497589,0.71940016746521,-0.09359174221754074,0.4716438353061676,0.7096335291862488,-0.10191746801137924,THANK_YOU
THANK_YOU,0.642530620098114,0.781652569770813,9.190333116748661e-08,0.5754397511482239,0.721551239490509,0.010955519042909145,0.5143081545829773,0.672966480255127,0.007391583640128374,0.4830494225025177,0.6307792663574219,6.839826528448611e-05,0.464755654335022,0.5864156484603882,-0.010419856756925583,0.4955154061317444,0.6706277132034302,-0.0191461481153965,0.431643009185791,0.6337250471115112,-0.04496757313609123,0.3939945697784424,0.6011918187141418,-0.06516129523515701,0.36460259556770325,0.5694391131401062,-0.0804770216345787,0.5053228735923767,0.6843728423118591,-0.03904404118657112,0.43194708228111267,0.6495137810707092,-0.06424801796674728,0.3860265016555786,0.6234813928604126,-0.08288770914077759,0.34652721881866455,0.5982850193977356,-0.09921845048666,0.5180927515029907,0.7089453935623169,-0.05786755308508873,0.4503090977668762,0.6723661422729492,-0.07948364317417145,0.4060951769351959,0.6491060853004456,-0.09363017231225967,0.36890339851379395,0.6301423907279968,-0.10623770952224731,0.5344591736793518,0.7440486550331116,-0.07522325962781906,0.4964572489261627,0.7219861745834351,-0.09604241698980331,0.46887660026550293,0.7039760947227478,-0.10837864875793457,0.4411885142326355,0.6890537738800049,-0.11919641494750977,THANK_YOU
THANK_YOU,0.6175728440284729,0.7601112127304077,3.345424488543358e-07,0.5628601908683777,0.7152946591377258,0.004430974833667278,0.5034506916999817,0.6678080558776855,-0.003923936281353235,0.46952441334724426,0.6274209022521973,-0.014246340841054916,0.45363497734069824,0.5817793607711792,-0.02796732634305954,0.4844653606414795,0.6584491729736328,-0.04158115014433861,0.4296531081199646,0.5899530649185181,-0.07278282940387726,0.4054470956325531,0.5275962352752686,-0.09512119740247726,0.3886493742465973,0.47309285402297974,-0.11132360994815826,0.4927830696105957,0.6748167872428894,-0.05875934660434723,0.41934725642204285,0.6385371685028076,-0.08821091055870056,0.37047260999679565,0.6113333702087402,-0.10656274110078812,0.329801470041275,0.5901524424552917,-0.12229394912719727,0.5073276162147522,0.7042354345321655,-0.07390811294317245,0.4395759403705597,0.6668849587440491,-0.09899704158306122,0.3950067460536957,0.6388615369796753,-0.1119828075170517,0.35727086663246155,0.6190089583396912,-0.12345665693283081,0.5254495739936829,0.7440899014472961,-0.08765134960412979,0.48747873306274414,0.7198468446731567,-0.11378275603055954,0.4595696032047272,0.6988869309425354,-0.12682145833969116,0.4319809377193451,0.6823033690452576,-0.13680557906627655,THANK_YOU
THANK_YOU,0.5701324343681335,0.7359097599983215,2.9915742061348283e-07,0.5246297717094421,0.6898148059844971,0.009787661023437977,0.4772017002105713,0.6511076092720032,0.006233717780560255,0.45409974455833435,0.6183125972747803,-0.0009116171859204769,0.44322386384010315,0.5814228653907776,-0.010640707798302174,0.4510349631309509,0.6417794227600098,-0.018025139346718788,0.41569334268569946,0.5775827765464783,-0.040612127631902695,0.3984508514404297,0.522428035736084,-0.05779191851615906,0.3876497447490692,0.4735521972179413,-0.07018198072910309,0.4576864540576935,0.6534745693206787,-0.034681614488363266,0.3994482755661011,0.6220863461494446,-0.0566704198718071,0.353293776512146,0.598186731338501,-0.07295805960893631,0.3171510696411133,0.5770522952079773,-0.08675272762775421,0.46911343932151794,0.6735271215438843,-0.04996299743652344,0.4127279222011566,0.6417912840843201,-0.07005860656499863,0.368436723947525,0.6188607215881348,-0.08137806504964828,0.33158913254737854,0.6002220511436462,-0.09068416804075241,0.4856368601322174,0.7015736699104309,-0.06356111168861389,0.44625985622406006,0.6795629262924194,-0.08325892686843872,0.41610318422317505,0.6603232622146606,-0.09227025508880615,0.3863315284252167,0.6427556872367859,-0.09906115382909775,THANK_YOU
THANK_YOU,0.5857879519462585,0.7454634308815002,1.789307191302214e-07,0.5357881784439087,0.7047736048698425,0.009665161371231079,0.4798695743083954,0.6614490151405334,0.007207563612610102,0.44790008664131165,0.624642550945282,0.0018202962819486856,0.4331057369709015,0.5859430432319641,-0.006147777196019888,0.46733152866363525,0.6555689573287964,-0.01753663457930088,0.4172861874103546,0.6059170365333557,-0.03953947871923447,0.38681256771087646,0.5613652467727661,-0.05577424541115761,0.36399608850479126,0.5214002132415771,-0.06710594892501831,0.4714106023311615,0.6640295386314392,-0.03333309665322304,0.4040292501449585,0.628901481628418,-0.05507669970393181,0.35200366377830505,0.5983893871307373,-0.0706566572189331,0.3067646026611328,0.5714137554168701,-0.08345060050487518,0.47734877467155457,0.6823668479919434,-0.047483548521995544,0.41453471779823303,0.6436630487442017,-0.06613880395889282,0.36649221181869507,0.616024911403656,-0.07640086859464645,0.3253791332244873,0.5937888622283936,-0.0843365490436554,0.48548009991645813,0.7113189697265625,-0.06011591851711273,0.4420357346534729,0.6800495982170105,-0.07710330933332443,0.41203612089157104,0.6559718251228333,-0.08470511436462402,0.38441866636276245,0.6360003352165222,-0.09041264653205872,THANK_YOU
THANK_YOU,0.5721927881240845,0.7179812788963318,3.874840501794097e-07,0.5254718065261841,0.6813109517097473,0.019198598340153694,0.4703531265258789,0.6445547342300415,0.01687954179942608,0.43595632910728455,0.6124950647354126,0.010450332425534725,0.42707908153533936,0.5723703503608704,-3.40606457029935e-05,0.4480935335159302,0.6340516805648804,-0.028630005195736885,0.39144107699394226,0.5845785140991211,-0.05226624384522438,0.3594438135623932,0.5432922840118408,-0.06777895241975784,0.33479684591293335,0.5049076080322266,-0.07981724292039871,0.45058345794677734,0.6488640904426575,-0.05302097648382187,0.37337881326675415,0.6128181219100952,-0.07959552854299545,0.32172879576683044,0.5784443616867065,-0.10170456022024155,0.2804417610168457,0.5517253279685974,-0.11992210149765015,0.4599659740924835,0.6812959909439087,-0.07249850034713745,0.38999927043914795,0.6504905819892883,-0.10050558298826218,0.3482651710510254,0.6227104663848877,-0.1235789954662323,0.3135353624820709,0.6049771904945374,-0.14122094213962555,0.47364935278892517,0.7265223860740662,-0.08773963153362274,0.43635323643684387,0.72568279504776,-0.1188359335064888,0.41826894879341125,0.732311487197876,-0.13545311987400055,0.39786943793296814,0.7469218373298645,-0.14707203209400177,THANK_YOU
THANK_YOU,0.5597593784332275,0.7119002342224121,2.0634617214909667e-07,0.5191100835800171,0.6666474938392639,0.009782384149730206,0.47161659598350525,0.6277271509170532,0.006840124726295471,0.443745493888855,0.5945863127708435,0.002066109562292695,0.4398549497127533,0.556216299533844,-0.005629329010844231,0.44091907143592834,0.6223196387290955,-0.029470186680555344,0.3769281506538391,0.5821384191513062,-0.04818841814994812,0.3332201838493347,0.5578399300575256,-0.057289935648441315,0.2981545329093933,0.5394026041030884,-0.06440328806638718,0.4414481818675995,0.6465054750442505,-0.0467713288962841,0.36394718289375305,0.6142355799674988,-0.06651883572340012,0.31317049264907837,0.587154746055603,-0.07739785313606262,0.27140551805496216,0.5641425848007202,-0.08599472045898438,0.45008358359336853,0.6857268810272217,-0.06132608279585838,0.3815138339996338,0.6538559198379517,-0.08338199555873871,0.3416750133037567,0.6254543662071228,-0.09885526448488235,0.3078778386116028,0.5979819297790527,-0.1102951243519783,0.46446332335472107,0.7331402897834778,-0.07304008305072784,0.4285230040550232,0.7251547574996948,-0.10139383375644684,0.4017060697078705,0.719176173210144,-0.11671356856822968,0.3745962977409363,0.713977575302124,-0.12640099227428436,THANK_YOU
THANK_YOU,0.5367342233657837,0.6999448537826538,1.8806724710884737e-07,0.5048456788063049,0.6462916731834412,0.007034758571535349,0.46704429388046265,0.6028924584388733,0.0030322468373924494,0.4440379738807678,0.5666651725769043,-0.002705945633351803,0.43966513872146606,0.5292187333106995,-0.011117365211248398,0.42937108874320984,0.6057677865028381,-0.0290392879396677,0.3682316541671753,0.5636376142501831,-0.04605929180979729,0.32767224311828613,0.5400974750518799,-0.05417443439364433,0.29570120573043823,0.520940363407135,-0.06018597632646561,0.42659011483192444,0.6335088014602661,-0.04397156089544296,0.35304877161979675,0.6012685298919678,-0.06293893605470657,0.3038608729839325,0.5766358375549316,-0.07476697117090225,0.26468443870544434,0.555444598197937,-0.08384249359369278,0.4322533905506134,0.6740922927856445,-0.055933836847543716,0.36823219060897827,0.6460697650909424,-0.07543683052062988,0.3275543451309204,0.620908796787262,-0.08978382498025894,0.29458996653556824,0.596483588218689,-0.10026434808969498,0.4427061676979065,0.7222816944122314,-0.0654633641242981,0.4039783477783203,0.7208723425865173,-0.08860038220882416,0.3769489824771881,0.7175546884536743,-0.1004081442952156,0.35104942321777344,0.7129048705101013,-0.10752079635858536,THANK_YOU
THANK_YOU,0.5192344784736633,0.6876254081726074,1.27181408515753e-07,0.496232807636261,0.6288782954216003,0.004699992947280407,0.46385693550109863,0.586426317691803,0.0013020043261349201,0.4446270763874054,0.5529009103775024,-0.004406414460390806,0.4434472918510437,0.5169261693954468,-0.012496020644903183,0.41532373428344727,0.5872756838798523,-0.021260935813188553,0.36106759309768677,0.5455087423324585,-0.03554174676537514,0.3244651257991791,0.5226510763168335,-0.04292277619242668,0.29480957984924316,0.5045747756958008,-0.048990122973918915,0.41009825468063354,0.6162357926368713,-0.03530244529247284,0.343850314617157,0.58444744348526,-0.0510590523481369,0.2980154752731323,0.5595663785934448,-0.06142855063080788,0.2607201337814331,0.5388882756233215,-0.06958907842636108,0.41507095098495483,0.6581655740737915,-0.04762598127126694,0.35397499799728394,0.6300285458564758,-0.06577372550964355,0.31638580560684204,0.6067604422569275,-0.07974115759134293,0.2852868437767029,0.5850180983543396,-0.0898076742887497,0.42695537209510803,0.7059603929519653,-0.0581926591694355,0.38848379254341125,0.7082788944244385,-0.08113907277584076,0.3600779175758362,0.7082555294036865,-0.09347720444202423,0.3333001434803009,0.7077696323394775,-0.10074416548013687,THANK_YOU
THANK_YOU,0.5194198489189148,0.6810671091079712,1.0889419144177737e-07,0.49649375677108765,0.620190441608429,0.006949554197490215,0.4652945399284363,0.5755913853645325,0.00471951300278306,0.447587251663208,0.5395705699920654,0.00022803871252108365,0.4475606679916382,0.5041226148605347,-0.006955246906727552,0.4153953194618225,0.5772550702095032,-0.02069251984357834,0.36059093475341797,0.5341176390647888,-0.03391723707318306,0.3255229592323303,0.510127604007721,-0.04021305963397026,0.29766958951950073,0.4912227690219879,-0.04546535015106201,0.40900230407714844,0.6078320145606995,-0.034919653087854385,0.34060901403427124,0.5729689002037048,-0.05054575204849243,0.2954440116882324,0.5489913821220398,-0.06022026389837265,0.2598922550678253,0.5292803645133972,-0.06757525354623795,0.41239699721336365,0.650677502155304,-0.04699822515249252,0.3488939702510834,0.6176589727401733,-0.06518787890672684,0.308681458234787,0.5952425599098206,-0.07854409515857697,0.27618318796157837,0.5753695964813232,-0.08777149766683578,0.42309099435806274,0.6994240880012512,-0.05685916915535927,0.37827837467193604,0.7001341581344604,-0.07967584580183029,0.34682855010032654,0.7001195549964905,-0.09150971472263336,0.31826460361480713,0.7002080082893372,-0.09808935970067978,THANK_YOU
THANK_YOU,0.5159086585044861,0.6756349205970764,1.5611169601470465e-07,0.49493408203125,0.611265242099762,0.006842197850346565,0.4638311266899109,0.5638002157211304,0.003991263452917337,0.44731056690216064,0.5256778001785278,-0.0006949841044843197,0.45143967866897583,0.4892556667327881,-0.008468051441013813,0.4179037809371948,0.5690854787826538,-0.023105517029762268,0.36321961879730225,0.5249143838882446,-0.036214061081409454,0.3283485472202301,0.499450147151947,-0.042356327176094055,0.3010004162788391,0.4789954423904419,-0.047659099102020264,0.40951740741729736,0.6022228002548218,-0.03706222400069237,0.3404883146286011,0.5665369033813477,-0.05241743102669716,0.2953740060329437,0.5410603284835815,-0.062310393899679184,0.26086971163749695,0.5194586515426636,-0.06995662301778793,0.41024595499038696,0.6464192867279053,-0.04864201694726944,0.3453477621078491,0.6126946210861206,-0.06661971658468246,0.30464625358581543,0.5884708166122437,-0.08013324439525604,0.2723202407360077,0.5662338137626648,-0.08947648853063583,0.4185762107372284,0.6949045062065125,-0.05784217640757561,0.3704228401184082,0.6915018558502197,-0.08081521093845367,0.33838561177253723,0.6904879808425903,-0.09281148761510849,0.3091285228729248,0.6887388229370117,-0.09945906698703766,THANK_YOU
THANK_YOU,0.5149950981140137,0.6650540232658386,1.4401773285044328e-07,0.5022475123405457,0.6003856658935547,0.002256509382277727,0.4754750430583954,0.5490737557411194,-0.0008826689445413649,0.4554309546947479,0.508924663066864,-0.00496289087459445,0.45331472158432007,0.4734077453613281,-0.012095932848751545,0.42229893803596497,0.5466920137405396,-0.021627813577651978,0.3696940243244171,0.5040516257286072,-0.033927470445632935,0.33552342653274536,0.4792882800102234,-0.040739476680755615,0.30845606327056885,0.45902201533317566,-0.04668835178017616,0.4124736487865448,0.5786373019218445,-0.033163487911224365,0.3430548310279846,0.5428692698478699,-0.04727055877447128,0.29925429821014404,0.5183168649673462,-0.057970158755779266,0.26654937863349915,0.49760890007019043,-0.06669691205024719,0.41058534383773804,0.6219469308853149,-0.04312808811664581,0.3449455201625824,0.5864083170890808,-0.06136404350399971,0.30370137095451355,0.5632734298706055,-0.07573934644460678,0.2724112272262573,0.542727530002594,-0.08568241447210312,0.4164251983165741,0.6699016094207764,-0.0511278361082077,0.36480259895324707,0.6661261320114136,-0.07332024723291397,0.332058310508728,0.6640411019325256,-0.08530840277671814,0.3034444749355316,0.6601717472076416,-0.09224343299865723,THANK_YOU
THANK_YOU,0.5181537866592407,0.6588286757469177,1.490322034669589e-07,0.5056304931640625,0.5954529643058777,0.0019083097577095032,0.47767868638038635,0.5437138676643372,-0.0014902359107509255,0.4580608308315277,0.5035104155540466,-0.006249974947422743,0.4578402638435364,0.46814775466918945,-0.013926167972385883,0.42693987488746643,0.5389590263366699,-0.019337043166160583,0.37549474835395813,0.49625298380851746,-0.03113953024148941,0.34238848090171814,0.4700935184955597,-0.03801693394780159,0.31644728779792786,0.44933271408081055,-0.04414067789912224,0.41557058691978455,0.5717664957046509,-0.031067028641700745,0.3468698263168335,0.5336282849311829,-0.043902210891246796,0.3042939305305481,0.5075867772102356,-0.054001882672309875,0.27237677574157715,0.48667028546333313,-0.062327973544597626,0.4118967354297638,0.6154126524925232,-0.04153705760836601,0.34747886657714844,0.5793097615242004,-0.058588966727256775,0.30700910091400146,0.5548074841499329,-0.07259157299995422,0.2758488953113556,0.5342613458633423,-0.08248034864664078,0.41574737429618835,0.6636544466018677,-0.050257615745067596,0.36592480540275574,0.6596543192863464,-0.07102542370557785,0.3333621919155121,0.6571719646453857,-0.08231400698423386,0.30474039912223816,0.6535947322845459,-0.08895406872034073,THANK_YOU
THANK_YOU,0.5925912857055664,0.6365278959274292,1.9420080832333042e-07,0.5512192249298096,0.6417169570922852,-0.008338622748851776,0.511277973651886,0.6114195585250854,-0.016303032636642456,0.491486132144928,0.5843766331672668,-0.025432657450437546,0.47407394647598267,0.560642659664154,-0.03558352217078209,0.476764976978302,0.5292314291000366,-0.019940322265028954,0.4360494017601013,0.4731244742870331,-0.04101448878645897,0.4074932634830475,0.44509151577949524,-0.05578477308154106,0.3814099431037903,0.4242517948150635,-0.06549427658319473,0.4938122034072876,0.5160485506057739,-0.03053705208003521,0.4520157277584076,0.4471096098423004,-0.051757995039224625,0.42300623655319214,0.40178975462913513,-0.068063884973526,0.3976486027240753,0.3634786009788513,-0.07851739972829819,0.5185912251472473,0.5159040093421936,-0.04255247116088867,0.4841470718383789,0.4477996528148651,-0.06568501144647598,0.46017059683799744,0.40364575386047363,-0.08207911252975464,0.438379168510437,0.36483174562454224,-0.09180079400539398,0.5481411218643188,0.5258627533912659,-0.054614145308732986,0.5330567359924316,0.4666863679885864,-0.07662606984376907,0.5218459963798523,0.42638981342315674,-0.08814030885696411,0.5103155374526978,0.3886241614818573,-0.09508556127548218,THANK_YOU
THANK_YOU,0.5931209921836853,0.6483346819877625,1.4283284599514445e-07,0.55100017786026,0.6525917649269104,-0.0058344281278550625,0.5114139914512634,0.621914803981781,-0.01298615150153637,0.4923386573791504,0.5921006798744202,-0.02127973735332489,0.47574591636657715,0.5645710825920105,-0.030883362516760826,0.47844481468200684,0.5469335913658142,-0.02354523353278637,0.43596816062927246,0.48765304684638977,-0.04559088870882988,0.4055185914039612,0.4582594037055969,-0.05968860536813736,0.37869974970817566,0.43606188893318176,-0.06871947646141052,0.4955236315727234,0.5341611504554749,-0.03516077622771263,0.45157450437545776,0.4618334174156189,-0.05832058936357498,0.41921356320381165,0.4144894480705261,-0.0750507265329361,0.3916698694229126,0.37431639432907104,-0.08560648560523987,0.5209677219390869,0.5338147282600403,-0.0475325770676136,0.4854288101196289,0.46304982900619507,-0.07230617851018906,0.4585537910461426,0.4150283932685852,-0.090544193983078,0.4353494942188263,0.373884916305542,-0.1016506552696228,0.551641047000885,0.5425199866294861,-0.05933140963315964,0.5379460453987122,0.4819754958152771,-0.08398326486349106,0.5272008180618286,0.4400399923324585,-0.09796509891748428,0.5157010555267334,0.40121811628341675,-0.10668373852968216,THANK_YOU
THANK_YOU,0.5931209921836853,0.6483346819877625,1.4283284599514445e-07,0.55100017786026,0.6525917649269104,-0.0058344281278550625,0.5114139914512634,0.621914803981781,-0.01298615150153637,0.4923386573791504,0.5921006798744202,-0.02127973735332489,0.47574591636657715,0.5645710825920105,-0.030883362516760826,0.47844481468200684,0.5469335913658142,-0.02354523353278637,0.43596816062927246,0.48765304684638977,-0.04559088870882988,0.4055185914039612,0.4582594037055969,-0.05968860536813736,0.37869974970817566,0.43606188893318176,-0.06871947646141052,0.4955236315727234,0.5341611504554749,-0.03516077622771263,0.45157450437545776,0.4618334174156189,-0.05832058936357498,0.41921356320381165,0.4144894480705261,-0.0750507265329361,0.3916698694229126,0.37431639432907104,-0.08560648560523987,0.5209677219390869,0.5338147282600403,-0.0475325770676136,0.4854288101196289,0.46304982900619507,-0.07230617851018906,0.4585537910461426,0.4150283932685852,-0.090544193983078,0.4353494942188263,0.373884916305542,-0.1016506552696228,0.551641047000885,0.5425199866294861,-0.05933140963315964,0.5379460453987122,0.4819754958152771,-0.08398326486349106,0.5272008180618286,0.4400399923324585,-0.09796509891748428,0.5157010555267334,0.40121811628341675,-0.10668373852968216,THANK_YOU
THANK_YOU,0.5980567932128906,0.6561387181282043,8.80046400197898e-08,0.5530598163604736,0.6561068892478943,-0.0033985236659646034,0.5124687552452087,0.6238240599632263,-0.010268955491483212,0.49163001775741577,0.5940287709236145,-0.01865115948021412,0.4733661413192749,0.5682872533798218,-0.028910744935274124,0.4783535599708557,0.5491558909416199,-0.027066774666309357,0.43464818596839905,0.49123504757881165,-0.0496809221804142,0.4040594696998596,0.46087712049484253,-0.06356607377529144,0.3777022957801819,0.4353887140750885,-0.07275760918855667,0.49578481912612915,0.5395587682723999,-0.04027523472905159,0.45106926560401917,0.46497756242752075,-0.06572293490171432,0.42006319761276245,0.4163329601287842,-0.08307861536741257,0.39534854888916016,0.3738578259944916,-0.09418496489524841,0.5221835374832153,0.5421301126480103,-0.05355280637741089,0.48706212639808655,0.4679771065711975,-0.08048359304666519,0.462205171585083,0.4188764989376068,-0.09967907518148422,0.44097793102264404,0.3759121596813202,-0.11151614785194397,0.5537267327308655,0.5530189871788025,-0.06578142195940018,0.5413286089897156,0.49150532484054565,-0.09287797659635544,0.531463623046875,0.4478752911090851,-0.1085742935538292,0.5208664536476135,0.4061852693557739,-0.11863871663808823,THANK_YOU
THANK_YOU,0.5994554162025452,0.6581189036369324,9.909403075880618e-08,0.553801953792572,0.6596104502677917,-0.00575857562944293,0.5135311484336853,0.6270328760147095,-0.014300746843218803,0.49440237879753113,0.5983582735061646,-0.024156952276825905,0.4750497043132782,0.5738759636878967,-0.03629516437649727,0.47731146216392517,0.5477741956710815,-0.029627500101923943,0.4335620701313019,0.4907877743244171,-0.05251385271549225,0.4036838412284851,0.46073493361473083,-0.06734253466129303,0.3773297071456909,0.4355488121509552,-0.07750062644481659,0.49640119075775146,0.5383548736572266,-0.04281729832291603,0.45170527696609497,0.4635181128978729,-0.0674782320857048,0.42052507400512695,0.4165068566799164,-0.08549399673938751,0.3947566747665405,0.37595033645629883,-0.09766673296689987,0.5239419937133789,0.5420832633972168,-0.05634094774723053,0.4888957142829895,0.4671933650970459,-0.08291284739971161,0.4628264605998993,0.41736704111099243,-0.10328328609466553,0.440459668636322,0.37428921461105347,-0.11656863242387772,0.5559934377670288,0.5547756552696228,-0.0689893364906311,0.5435003042221069,0.4928089380264282,-0.09562654048204422,0.5343489646911621,0.44869187474250793,-0.11122843623161316,0.5247032046318054,0.40726393461227417,-0.12172796577215195,THANK_YOU
THANK_YOU,0.6027678847312927,0.6607876420021057,6.9218351939071e-08,0.556404173374176,0.6616788506507874,-0.004967907909303904,0.5128529667854309,0.6263753175735474,-0.012790296226739883,0.49112534523010254,0.5931500792503357,-0.021616661921143532,0.471701979637146,0.5667551755905151,-0.032455042004585266,0.4783264398574829,0.548424482345581,-0.03302878513932228,0.43381500244140625,0.48975685238838196,-0.05697726085782051,0.4023967385292053,0.46051090955734253,-0.0714791938662529,0.37479400634765625,0.43576374650001526,-0.08137772977352142,0.4984893500804901,0.5399038791656494,-0.046017684042453766,0.45301583409309387,0.4646681547164917,-0.07289385795593262,0.42188560962677,0.4174800515174866,-0.09061320126056671,0.3973034620285034,0.3766508400440216,-0.1022370234131813,0.5276854634284973,0.5444785356521606,-0.059009846299886703,0.49213525652885437,0.4706296920776367,-0.08698088675737381,0.46627485752105713,0.4220110774040222,-0.10676569491624832,0.4446161389350891,0.3796931505203247,-0.1193421259522438,0.5616899728775024,0.5577682852745056,-0.07101057469844818,0.5493864417076111,0.4955345392227173,-0.0996093899011612,0.5383922457695007,0.45141366124153137,-0.11655082553625107,0.5267809629440308,0.41057074069976807,-0.12770360708236694,THANK_YOU
THANK_YOU,0.6084136366844177,0.663993239402771,8.511747040529372e-08,0.5596540570259094,0.6649621725082397,-0.006586207542568445,0.5169746279716492,0.6304227113723755,-0.016387049108743668,0.4957886338233948,0.5993084907531738,-0.027260256931185722,0.47324228286743164,0.5732290744781494,-0.040393438190221786,0.4811658263206482,0.5503717660903931,-0.03564196825027466,0.4345257580280304,0.49157917499542236,-0.06059637665748596,0.4024447202682495,0.46207985281944275,-0.07614263892173767,0.37443143129348755,0.4364687502384186,-0.08697819709777832,0.5024643540382385,0.5416380167007446,-0.04897956922650337,0.4559798240661621,0.46629780530929565,-0.07679250836372375,0.42522671818733215,0.41874217987060547,-0.09653202444314957,0.4006122052669525,0.37638941407203674,-0.11015176773071289,0.5317026972770691,0.5455601215362549,-0.062442321330308914,0.4953489303588867,0.47238242626190186,-0.09144989401102066,0.46887096762657166,0.42267200350761414,-0.11360496282577515,0.44683146476745605,0.3797188401222229,-0.12823346257209778,0.5655985474586487,0.5579253435134888,-0.07495597749948502,0.5522230863571167,0.4952825605869293,-0.10396814346313477,0.5417300462722778,0.45109719038009644,-0.1221272200345993,0.5308215618133545,0.4110197126865387,-0.1346740871667862,THANK_YOU
THANK_YOU,0.6140885353088379,0.6659852862358093,1.2545525729379392e-09,0.5622519254684448,0.6681842803955078,-0.006199600175023079,0.5186955332756042,0.6333296298980713,-0.015822701156139374,0.49654343724250793,0.6035819053649902,-0.02660110592842102,0.4741164445877075,0.5788638591766357,-0.03990504518151283,0.4843066334724426,0.5524147152900696,-0.03954459726810455,0.4381028413772583,0.49136221408843994,-0.06702324748039246,0.4046819806098938,0.46473732590675354,-0.08357270061969757,0.37611663341522217,0.44125989079475403,-0.09511463344097137,0.5063989758491516,0.5432623624801636,-0.05374150350689888,0.45926913619041443,0.4657377004623413,-0.08516357094049454,0.4274825155735016,0.4212462902069092,-0.10630866140127182,0.40177440643310547,0.3786838948726654,-0.12096662819385529,0.5361091494560242,0.5468525886535645,-0.06798364222049713,0.5004710555076599,0.4732455611228943,-0.10036174207925797,0.4734767973423004,0.42429736256599426,-0.12464946508407593,0.45101815462112427,0.38028088212013245,-0.14074909687042236,0.5705834031105042,0.5585055947303772,-0.08111623674631119,0.5575512051582336,0.49541035294532776,-0.11369079351425171,0.5457667112350464,0.4506378769874573,-0.1351776421070099,0.533431887626648,0.4103395342826843,-0.15044209361076355,THANK_YOU
THANK_YOU,0.6158275604248047,0.6701716184616089,5.622822740747324e-08,0.5651451349258423,0.670674204826355,-0.009972662664949894,0.5208027958869934,0.635928213596344,-0.021296460181474686,0.49904665350914,0.6067337989807129,-0.033720795065164566,0.4785647690296173,0.5816812515258789,-0.048178184777498245,0.48656296730041504,0.5528684258460999,-0.034741319715976715,0.43936794996261597,0.49293607473373413,-0.061019718647003174,0.4072907567024231,0.46654847264289856,-0.07812678813934326,0.37913548946380615,0.4429861307144165,-0.08987345546483994,0.5093291401863098,0.5410172939300537,-0.047310762107372284,0.4609884023666382,0.4630737602710724,-0.07432176917791367,0.429917573928833,0.4182646870613098,-0.09346479177474976,0.40460503101348877,0.3767865300178528,-0.10671260952949524,0.5404050350189209,0.5440996289253235,-0.06080137938261032,0.5026043653488159,0.4686307907104492,-0.08936195820569992,0.47615933418273926,0.42016977071762085,-0.11029781401157379,0.45321688055992126,0.37569451332092285,-0.12416580319404602,0.576103925704956,0.5575670003890991,-0.07396622747182846,0.5627470016479492,0.4950142502784729,-0.10190495103597641,0.5512529015541077,0.451233446598053,-0.11835666000843048,0.5393355488777161,0.4101090431213379,-0.1297765076160431,THANK_YOU
THANK_YOU,0.6234962344169617,0.6736774444580078,5.5476203186799466e-08,0.5707526803016663,0.6734996438026428,-0.010892505757510662,0.5242760181427002,0.6420340538024902,-0.02241206169128418,0.5005019903182983,0.6133092045783997,-0.03488186374306679,0.47882339358329773,0.587591290473938,-0.048814285546541214,0.48999491333961487,0.5562685132026672,-0.03097756952047348,0.4409884512424469,0.4937165379524231,-0.055696506053209305,0.40918031334877014,0.46464958786964417,-0.07174266129732132,0.3807629346847534,0.43966910243034363,-0.08267423510551453,0.5140019059181213,0.5411893129348755,-0.04281964525580406,0.46332043409347534,0.46281886100769043,-0.06777480244636536,0.43200254440307617,0.4178970754146576,-0.08525288850069046,0.4058184027671814,0.37708616256713867,-0.09715071320533752,0.5465061068534851,0.5413631200790405,-0.055889926850795746,0.5073060393333435,0.46543505787849426,-0.0822436660528183,0.4819783568382263,0.41693419218063354,-0.10030558705329895,0.4592846632003784,0.3719996213912964,-0.11212048679590225,0.5836508870124817,0.5522465705871582,-0.06896918267011642,0.5692270398139954,0.4904455542564392,-0.09384699910879135,0.5593545436859131,0.4472636878490448,-0.1067754477262497,0.5492843389511108,0.4056015610694885,-0.1154581606388092,THANK_YOU
THANK_YOU,0.6272057294845581,0.6757428050041199,1.3527578346383962e-07,0.5774468183517456,0.6779713034629822,-0.014006822369992733,0.5281041264533997,0.6473890542984009,-0.02693764679133892,0.5018054246902466,0.6166249513626099,-0.040239837020635605,0.47547879815101624,0.5900627970695496,-0.054926082491874695,0.49706536531448364,0.556243896484375,-0.03485208377242088,0.44615674018859863,0.4941714406013489,-0.06103776767849922,0.41391491889953613,0.4661230444908142,-0.07799416780471802,0.3838457465171814,0.443837970495224,-0.08927581459283829,0.5226691365242004,0.5401021242141724,-0.04579285532236099,0.47320082783699036,0.46178707480430603,-0.07171716541051865,0.4418128430843353,0.41537606716156006,-0.08986882120370865,0.41443127393722534,0.3746216595172882,-0.1020546406507492,0.5559934973716736,0.5395512580871582,-0.058335013687610626,0.5152457356452942,0.46500059962272644,-0.08605806529521942,0.4877156615257263,0.4176943302154541,-0.105132095515728,0.462699830532074,0.37363266944885254,-0.11736012250185013,0.5938454270362854,0.5500743389129639,-0.07105452567338943,0.5797324776649475,0.4857741892337799,-0.09671653807163239,0.570583164691925,0.44173476099967957,-0.1100875735282898,0.560869574546814,0.3991772532463074,-0.11894802004098892,THANK_YOU
THANK_YOU,0.6319611072540283,0.6810253858566284,1.2705149288194661e-07,0.5796775817871094,0.6860436201095581,-0.011438694782555103,0.526239812374115,0.6524583697319031,-0.020842665806412697,0.49865904450416565,0.6181778311729431,-0.03060869872570038,0.4710920453071594,0.5964395403862,-0.041703883558511734,0.504813015460968,0.559175968170166,-0.02909301407635212,0.45136919617652893,0.500596821308136,-0.05323391407728195,0.4172592759132385,0.4717845916748047,-0.06992578506469727,0.38536471128463745,0.4500974416732788,-0.08093913644552231,0.5320829153060913,0.5393476486206055,-0.03983969986438751,0.482143372297287,0.4614790678024292,-0.06240455061197281,0.4498593807220459,0.41367894411087036,-0.0799374207854271,0.42118144035339355,0.37258827686309814,-0.09165450185537338,0.5669286847114563,0.5364793539047241,-0.051986824721097946,0.5280514359474182,0.46228426694869995,-0.07620172947645187,0.5014312267303467,0.4139142632484436,-0.09420572966337204,0.47670188546180725,0.37092724442481995,-0.10561534762382507,0.6062601208686829,0.5452521443367004,-0.06423991173505783,0.5940988063812256,0.47984033823013306,-0.08592420071363449,0.5846164226531982,0.4352790415287018,-0.09691744297742844,0.5735785365104675,0.39291608333587646,-0.10401727259159088,THANK_YOU
THANK_YOU,0.6429344415664673,0.6896778345108032,1.5098768813004426e-07,0.5883318781852722,0.6968732476234436,-0.012647677212953568,0.5323424339294434,0.6605014801025391,-0.02177899330854416,0.503171443939209,0.6241565942764282,-0.03074377216398716,0.47233158349990845,0.6076381802558899,-0.04116485267877579,0.5162776112556458,0.5660057663917542,-0.0297352634370327,0.46315863728523254,0.5075638294219971,-0.054484933614730835,0.42858296632766724,0.478140652179718,-0.07213735580444336,0.3962489366531372,0.4564734995365143,-0.08377856016159058,0.5465065836906433,0.5448053479194641,-0.039813220500946045,0.49671775102615356,0.46714404225349426,-0.062387239187955856,0.46496841311454773,0.4167625308036804,-0.08031576126813889,0.43693527579307556,0.37214601039886475,-0.0925455316901207,0.5847198963165283,0.5402914881706238,-0.05144984647631645,0.5459555387496948,0.46220943331718445,-0.07602447271347046,0.5191486477851868,0.4130343794822693,-0.09414055943489075,0.49426326155662537,0.367791086435318,-0.10586041957139969,0.6271921396255493,0.547018826007843,-0.06324663013219833,0.6161657571792603,0.4798482060432434,-0.08583477884531021,0.6080003976821899,0.4340435266494751,-0.09698568284511566,0.5982522368431091,0.38883763551712036,-0.10417647659778595,THANK_YOU
THANK_YOU,0.6522947549819946,0.6943081617355347,1.3315107594280562e-07,0.5963037014007568,0.7002061009407043,-0.013379717245697975,0.5382770299911499,0.6638191938400269,-0.022862741723656654,0.5072746872901917,0.6266957521438599,-0.03216780722141266,0.47427529096603394,0.609442412853241,-0.042662765830755234,0.5234321355819702,0.5665780901908875,-0.02924218215048313,0.46964478492736816,0.508030891418457,-0.053923144936561584,0.43423914909362793,0.4778423309326172,-0.0715775266289711,0.4009851813316345,0.45554018020629883,-0.0834188461303711,0.5538368821144104,0.5448638200759888,-0.03923824429512024,0.5036241412162781,0.4659743309020996,-0.06191716715693474,0.4718414545059204,0.4153939485549927,-0.07929851859807968,0.44383376836776733,0.3717063367366791,-0.09108227491378784,0.5927678346633911,0.5403258800506592,-0.05100260674953461,0.5534358024597168,0.46099841594696045,-0.07569213956594467,0.5272716879844666,0.4102896749973297,-0.09281174838542938,0.5028083324432373,0.3635947108268738,-0.10373924672603607,0.6366516351699829,0.546494722366333,-0.06314713507890701,0.6264864206314087,0.4780573844909668,-0.08558691293001175,0.6187445521354675,0.43105143308639526,-0.09620463103055954,0.6092081665992737,0.3847894072532654,-0.10294537991285324,THANK_YOU
THANK_YOU,0.6569558382034302,0.6955300569534302,1.2082705325155985e-07,0.5995030403137207,0.7002864480018616,-0.013398590497672558,0.5412008762359619,0.6634010076522827,-0.022786665707826614,0.509345293045044,0.6263463497161865,-0.03206375241279602,0.4760099947452545,0.6079148054122925,-0.04251517727971077,0.5297790765762329,0.5665168166160583,-0.027595046907663345,0.47669386863708496,0.5069772005081177,-0.05165306106209755,0.4418110251426697,0.4768133759498596,-0.06906372308731079,0.40966951847076416,0.4544176757335663,-0.08064278215169907,0.5602917671203613,0.5451474785804749,-0.03716285526752472,0.5114067196846008,0.4649234712123871,-0.05852052569389343,0.48090091347694397,0.41422420740127563,-0.07517421245574951,0.4547063708305359,0.3703120946884155,-0.08656921237707138,0.5995553135871887,0.5405617952346802,-0.04865049943327904,0.5611143112182617,0.4604259133338928,-0.0721149817109108,0.5357950329780579,0.4092986285686493,-0.08878735452890396,0.5130160450935364,0.3627626895904541,-0.09957539290189743,0.6442762613296509,0.5463809370994568,-0.060585495084524155,0.6358489394187927,0.4782558083534241,-0.08174152672290802,0.6298486590385437,0.43275487422943115,-0.09171808511018753,0.6219384074211121,0.3888983428478241,-0.09815265238285065,THANK_YOU
THANK_YOU,0.6569558382034302,0.6955300569534302,1.2082705325155985e-07,0.5995030403137207,0.7002864480018616,-0.013398590497672558,0.5412008762359619,0.6634010076522827,-0.022786665707826614,0.509345293045044,0.6263463497161865,-0.03206375241279602,0.4760099947452545,0.6079148054122925,-0.04251517727971077,0.5297790765762329,0.5665168166160583,-0.027595046907663345,0.47669386863708496,0.5069772005081177,-0.05165306106209755,0.4418110251426697,0.4768133759498596,-0.06906372308731079,0.40966951847076416,0.4544176757335663,-0.08064278215169907,0.5602917671203613,0.5451474785804749,-0.03716285526752472,0.5114067196846008,0.4649234712123871,-0.05852052569389343,0.48090091347694397,0.41422420740127563,-0.07517421245574951,0.4547063708305359,0.3703120946884155,-0.08656921237707138,0.5995553135871887,0.5405617952346802,-0.04865049943327904,0.5611143112182617,0.4604259133338928,-0.0721149817109108,0.5357950329780579,0.4092986285686493,-0.08878735452890396,0.5130160450935364,0.3627626895904541,-0.09957539290189743,0.6442762613296509,0.5463809370994568,-0.060585495084524155,0.6358489394187927,0.4782558083534241,-0.08174152672290802,0.6298486590385437,0.43275487422943115,-0.09171808511018753,0.6219384074211121,0.3888983428478241,-0.09815265238285065,THANK_YOU
THANK_YOU,0.6589893698692322,0.6928913593292236,1.661325370605482e-07,0.6018365025520325,0.700324296951294,-0.013768342323601246,0.5442348718643188,0.6613553166389465,-0.022636765614151955,0.5122085809707642,0.622149646282196,-0.030819270759820938,0.4806673526763916,0.6016241312026978,-0.04019124433398247,0.5393587350845337,0.5629028081893921,-0.028453370556235313,0.4880136251449585,0.5017669796943665,-0.052016425877809525,0.45454081892967224,0.4697842299938202,-0.06892306357622147,0.423981249332428,0.4455116391181946,-0.08002082258462906,0.5705128312110901,0.5409573912620544,-0.03650687634944916,0.5256144404411316,0.4606179893016815,-0.056654639542102814,0.4977649748325348,0.4088529944419861,-0.0726030096411705,0.47373199462890625,0.3631492257118225,-0.08357705920934677,0.6099705696105957,0.5358568429946899,-0.04638512060046196,0.5773178935050964,0.4575807452201843,-0.06901378184556961,0.5547722578048706,0.40583422780036926,-0.08575683832168579,0.5348560810089111,0.35857129096984863,-0.0966239795088768,0.6537261605262756,0.5424543023109436,-0.05656783655285835,0.648499608039856,0.4745790958404541,-0.07785317301750183,0.6473380327224731,0.43023213744163513,-0.08790240436792374,0.6448891758918762,0.38695186376571655,-0.09417238086462021,THANK_YOU
THANK_YOU,0.6670729517936707,0.6957943439483643,1.7738543078849034e-07,0.6093912720680237,0.6992180347442627,-0.015819426625967026,0.5520593523979187,0.6584195494651794,-0.026731710880994797,0.5196545124053955,0.6185327768325806,-0.03705819323658943,0.4872063994407654,0.5934317708015442,-0.048353396356105804,0.5477586984634399,0.5589933395385742,-0.030596213415265083,0.49912378191947937,0.4943620562553406,-0.05632194131612778,0.46673983335494995,0.45925116539001465,-0.07486198097467422,0.4365447759628296,0.43149060010910034,-0.08714160323143005,0.5802536010742188,0.5376251935958862,-0.038701895624399185,0.538753092288971,0.45540183782577515,-0.061091016978025436,0.5130271911621094,0.40043842792510986,-0.0783926248550415,0.4909902811050415,0.3514644205570221,-0.09029927104711533,0.6209227442741394,0.5338146090507507,-0.04896501451730728,0.5902307033538818,0.4546939730644226,-0.07377973943948746,0.5701141953468323,0.40255504846572876,-0.09139085561037064,0.5521638989448547,0.35414400696754456,-0.10268645733594894,0.6657996773719788,0.5426672697067261,-0.05969563126564026,0.6649737358093262,0.4743422567844391,-0.08249595016241074,0.6651509404182434,0.43001633882522583,-0.09330248832702637,0.6629316806793213,0.38644158840179443,-0.10006776452064514,THANK_YOU
THANK_YOU,0.6735141277313232,0.7003859281539917,1.804447293807243e-07,0.6140232086181641,0.7007686495780945,-0.017941124737262726,0.5572342872619629,0.6560719013214111,-0.0296048391610384,0.5260297060012817,0.6131523251533508,-0.040596362203359604,0.49262383580207825,0.5887830257415771,-0.05236117169260979,0.5594239830970764,0.5503122210502625,-0.02830612286925316,0.5154648423194885,0.4835929572582245,-0.05286858603358269,0.48526620864868164,0.44702672958374023,-0.07147173583507538,0.4570011794567108,0.4179340898990631,-0.08407629281282425,0.593623161315918,0.5273276567459106,-0.035508036613464355,0.5574237108230591,0.44338998198509216,-0.05595012009143829,0.5336856842041016,0.3872477114200592,-0.07213055342435837,0.5127013921737671,0.33862221240997314,-0.08371701836585999,0.6353791356086731,0.5256201028823853,-0.04546866565942764,0.6103856563568115,0.4441950023174286,-0.06792085617780685,0.5923895239830017,0.3894374370574951,-0.08433406054973602,0.5756017565727234,0.34005284309387207,-0.09538663923740387,0.6806483864784241,0.5387855172157288,-0.05648170784115791,0.6853437423706055,0.4698154330253601,-0.07691975682973862,0.6862303614616394,0.42306867241859436,-0.08713573962450027,0.682930588722229,0.3784511089324951,-0.09406277537345886,THANK_YOU
THANK_YOU,0.6821138858795166,0.7053087949752808,1.8131338208604575e-07,0.6221277117729187,0.7025517225265503,-0.019741687923669815,0.5665269494056702,0.6540648341178894,-0.03331302851438522,0.5346499681472778,0.6074239015579224,-0.04593317210674286,0.4991932511329651,0.5797491073608398,-0.05932146683335304,0.5732871294021606,0.5450230240821838,-0.03113965131342411,0.5328060984611511,0.4723920226097107,-0.057146281003952026,0.50484299659729,0.4330459237098694,-0.07632413506507874,0.47760009765625,0.40003228187561035,-0.08954910933971405,0.6090574860572815,0.523564338684082,-0.03875397518277168,0.5751045346260071,0.43207263946533203,-0.061945922672748566,0.5543873906135559,0.3736294209957123,-0.07966439425945282,0.5344831943511963,0.32132935523986816,-0.09220323711633682,0.6515740752220154,0.524377167224884,-0.0491112619638443,0.6312702298164368,0.4368267357349396,-0.07464255392551422,0.6157583594322205,0.3805663585662842,-0.09146274626255035,0.5992265939712524,0.32852575182914734,-0.10249568521976471,0.6970865726470947,0.5401795506477356,-0.06051608920097351,0.705437183380127,0.46563559770584106,-0.08372818678617477,0.7096685767173767,0.4148637354373932,-0.09485092014074326,0.709021270275116,0.3648843467235565,-0.10230208188295364,THANK_YOU
THANK_YOU,0.6938712000846863,0.7177404165267944,1.5544584641702386e-07,0.62979656457901,0.7069076299667358,-0.020510215312242508,0.5745990872383118,0.6528660655021667,-0.033918265253305435,0.5421911478042603,0.603327751159668,-0.046770062297582626,0.5050369501113892,0.5771017670631409,-0.060542020946741104,0.5884130597114563,0.5391125679016113,-0.02533455565571785,0.5505017042160034,0.4649284780025482,-0.04934418946504593,0.5246392488479614,0.42108356952667236,-0.06875374168157578,0.49890419840812683,0.38425275683403015,-0.08276576548814774,0.6266741752624512,0.5178053379058838,-0.0327027402818203,0.5972064733505249,0.4258725941181183,-0.053028009831905365,0.5782864093780518,0.36761021614074707,-0.07103940099477768,0.5606213808059692,0.3162810802459717,-0.08457668125629425,0.6696609258651733,0.5204599499702454,-0.0431935153901577,0.6529214978218079,0.43017399311065674,-0.06594996154308319,0.6397443413734436,0.37549149990081787,-0.08294318616390228,0.625846803188324,0.3254743218421936,-0.09486103802919388,0.7142475843429565,0.5394783616065979,-0.05519557371735573,0.7246692776679993,0.46852052211761475,-0.0761571004986763,0.7313283681869507,0.42232418060302734,-0.08702752739191055,0.7346183657646179,0.3769340515136719,-0.09471742063760757,THANK_YOU
THANK_YOU,0.7054510116577148,0.7300170660018921,1.1420988244026375e-07,0.6376615762710571,0.7124792337417603,-0.019721252843737602,0.5821868181228638,0.6553179621696472,-0.03212270885705948,0.5502312779426575,0.6047279834747314,-0.044614534825086594,0.5140982866287231,0.5796942710876465,-0.058315765112638474,0.6038607358932495,0.5399031639099121,-0.023807119578123093,0.5666375756263733,0.4609360992908478,-0.04740121588110924,0.5412421822547913,0.41428619623184204,-0.06634556502103806,0.5161503553390503,0.3738565444946289,-0.08011326938867569,0.6431258320808411,0.5191558599472046,-0.03201480954885483,0.6171737313270569,0.42070528864860535,-0.052830278873443604,0.597806990146637,0.35966241359710693,-0.07067907601594925,0.5786673426628113,0.3076068162918091,-0.08394158631563187,0.6856068968772888,0.5232445597648621,-0.043431706726551056,0.6729047894477844,0.431242436170578,-0.06682468205690384,0.661518931388855,0.3753052353858948,-0.08416762202978134,0.6487997174263,0.32431527972221375,-0.09596168249845505,0.7288398742675781,0.5443742275238037,-0.056492872536182404,0.7419835329055786,0.47307130694389343,-0.07699918746948242,0.7501640319824219,0.42605701088905334,-0.08777649700641632,0.7544925212860107,0.3801836371421814,-0.09551124274730682,THANK_YOU
THANK_YOU,0.7215763926506042,0.7388730049133301,2.88963359906802e-08,0.651931881904602,0.7170971632003784,-0.022009672597050667,0.5944997668266296,0.654918909072876,-0.035647571086883545,0.5621633529663086,0.5999129414558411,-0.04931943491101265,0.5267223119735718,0.5732067227363586,-0.06404382735490799,0.6216892004013062,0.5392740368843079,-0.026240242645144463,0.5873436331748962,0.4514821767807007,-0.050316035747528076,0.5644823312759399,0.40231579542160034,-0.06900952011346817,0.5418761372566223,0.36177948117256165,-0.08223719149827957,0.6621140241622925,0.5201651453971863,-0.03277038782835007,0.6404303908348083,0.41589146852493286,-0.053930215537548065,0.6264433860778809,0.3547844886779785,-0.0705035924911499,0.613827109336853,0.3024512827396393,-0.08299966901540756,0.7045649290084839,0.5251936316490173,-0.042887721210718155,0.693867564201355,0.4281747341156006,-0.06566377729177475,0.6873723864555359,0.3703267574310303,-0.08210766315460205,0.6807811260223389,0.3192371428012848,-0.09330416470766068,0.7482742071151733,0.5467803478240967,-0.05502644181251526,0.7621530294418335,0.47295907139778137,-0.07348988950252533,0.7717876434326172,0.426126629114151,-0.08360505104064941,0.7775726318359375,0.3814520239830017,-0.09128120541572571,THANK_YOU
THANK_YOU,0.7303823232650757,0.7426992058753967,-3.508021606535294e-08,0.6628506183624268,0.7162795066833496,-0.027941612526774406,0.6074610948562622,0.6519334316253662,-0.044156499207019806,0.5756061673164368,0.5924726128578186,-0.05959547683596611,0.5402249693870544,0.5612655282020569,-0.07619325816631317,0.6434322595596313,0.5330035090446472,-0.028916096314787865,0.608116626739502,0.4489731788635254,-0.05186637490987778,0.586154580116272,0.3994181752204895,-0.0716865062713623,0.5658654570579529,0.3556145131587982,-0.08680211007595062,0.6846503019332886,0.5118908286094666,-0.03237215802073479,0.6661442518234253,0.40902191400527954,-0.05268150940537453,0.6496715545654297,0.34859204292297363,-0.0701112225651741,0.6328469514846802,0.2981395721435547,-0.08409316837787628,0.7261615991592407,0.5173743963241577,-0.03972327709197998,0.71684330701828,0.423356831073761,-0.061786144971847534,0.7062103152275085,0.36202386021614075,-0.07934430986642838,0.6966461539268494,0.30850592255592346,-0.09183070808649063,0.7685028910636902,0.5405499339103699,-0.04976419359445572,0.7856902480125427,0.4700772762298584,-0.06729482859373093,0.7967820167541504,0.4248511791229248,-0.07809516042470932,0.8036372661590576,0.381930947303772,-0.08700082451105118,THANK_YOU
THANK_YOU,0.7615309953689575,0.7462853193283081,4.4332466586638475e-08,0.6924464106559753,0.7157570123672485,-0.031782060861587524,0.637535810470581,0.6482603549957275,-0.05111221596598625,0.6053791046142578,0.5890052318572998,-0.06907865405082703,0.5691207647323608,0.5579115152359009,-0.08821865171194077,0.6782981157302856,0.527819812297821,-0.03774816915392876,0.6486250162124634,0.43509170413017273,-0.0645940974354744,0.6282718181610107,0.3806052505970001,-0.08615773916244507,0.607475757598877,0.33186936378479004,-0.1016133651137352,0.7223724126815796,0.5101386308670044,-0.040498632937669754,0.710049033164978,0.4032338559627533,-0.06332892179489136,0.6960872411727905,0.3343413472175598,-0.08194930851459503,0.6811729669570923,0.27572566270828247,-0.09650974720716476,0.7651599049568176,0.5183432698249817,-0.04716628044843674,0.7609876990318298,0.4206864833831787,-0.0699402391910553,0.7522637844085693,0.355415403842926,-0.08814334124326706,0.7432131767272949,0.2982788681983948,-0.10118568688631058,0.8073509931564331,0.5446048378944397,-0.056853752583265305,0.8253721594810486,0.4707188010215759,-0.07479589432477951,0.8366985321044922,0.42225566506385803,-0.08574213832616806,0.843921959400177,0.3767244219779968,-0.09446408599615097,THANK_YOU
THANK_YOU,0.7753782272338867,0.746940016746521,3.6665415592551653e-08,0.7037891745567322,0.7168432474136353,-0.032686520367860794,0.6492686867713928,0.6500285267829895,-0.05194400995969772,0.617803156375885,0.5906914472579956,-0.06975017488002777,0.5813900232315063,0.5598489046096802,-0.08877784758806229,0.6924854516983032,0.5252850651741028,-0.037117280066013336,0.6633577942848206,0.4320725202560425,-0.06362331658601761,0.6441623568534851,0.3765314221382141,-0.08539930731058121,0.6244937777519226,0.32700201869010925,-0.10141654312610626,0.736380934715271,0.5064896941184998,-0.03950507938861847,0.7232692837715149,0.39675769209861755,-0.062129899859428406,0.7102078795433044,0.3287126421928406,-0.0811893418431282,0.696567714214325,0.2699384093284607,-0.096364326775074,0.7793346047401428,0.5142282843589783,-0.045985911041498184,0.7730708122253418,0.4145146608352661,-0.06884724646806717,0.7645665407180786,0.35069891810417175,-0.08744736760854721,0.7562927603721619,0.29445743560791016,-0.10100667923688889,0.8219413757324219,0.5406442880630493,-0.05567614734172821,0.8384643197059631,0.4653942286968231,-0.07390280067920685,0.8490405678749084,0.41779887676239014,-0.08554177731275558,0.8560068607330322,0.3728047013282776,-0.09507950395345688,THANK_YOU
THANK_YOU,0.7829620838165283,0.7505314350128174,3.769907763739866e-08,0.711952269077301,0.7188558578491211,-0.035392727702856064,0.6565332412719727,0.6531485319137573,-0.056711141020059586,0.6232304573059082,0.5922956466674805,-0.07633402943611145,0.5859733819961548,0.5577544569969177,-0.09683805704116821,0.7027832269668579,0.5274286866188049,-0.03931219503283501,0.6750565767288208,0.4335874319076538,-0.06629861146211624,0.6590029001235962,0.3770744800567627,-0.08826886117458344,0.6429696083068848,0.32651978731155396,-0.10455881804227829,0.7477958798408508,0.5067253112792969,-0.04073600098490715,0.7344789505004883,0.3931815028190613,-0.0639258325099945,0.7226938009262085,0.32486996054649353,-0.0825943797826767,0.709865391254425,0.26700353622436523,-0.09731785207986832,0.7909576296806335,0.5140647888183594,-0.0465022474527359,0.785325288772583,0.41333720088005066,-0.07027778774499893,0.7774530053138733,0.35026758909225464,-0.08822233974933624,0.769072413444519,0.29393261671066284,-0.10074008256196976,0.8337112665176392,0.5406805872917175,-0.05569363012909889,0.8509672284126282,0.46583250164985657,-0.07393161952495575,0.8603231906890869,0.4175616502761841,-0.08486853539943695,0.8647313117980957,0.37091025710105896,-0.09358009696006775,THANK_YOU
THANK_YOU,0.7912672162055969,0.7491979598999023,6.284986397986358e-08,0.7194958329200745,0.7196389436721802,-0.0359380804002285,0.6647551655769348,0.6531744003295898,-0.057276904582977295,0.632849395275116,0.5927465558052063,-0.07654713094234467,0.5956335663795471,0.5591356754302979,-0.09690579026937485,0.711633026599884,0.5275347232818604,-0.042241357266902924,0.6847889423370361,0.433999240398407,-0.06985551863908768,0.6678926944732666,0.37682875990867615,-0.09260983765125275,0.6504353284835815,0.3252847194671631,-0.10960696637630463,0.7561818957328796,0.5071415305137634,-0.04354320466518402,0.7443553805351257,0.39481067657470703,-0.06689000874757767,0.7324129343032837,0.32575660943984985,-0.08666381984949112,0.7191596627235413,0.26505744457244873,-0.10265622287988663,0.7986245155334473,0.5146914720535278,-0.04889499768614769,0.7943788170814514,0.4159289598464966,-0.07219718396663666,0.7862993478775024,0.35277560353279114,-0.09113479405641556,0.7773223519325256,0.29604631662368774,-0.10511843115091324,0.8398064970970154,0.5423511862754822,-0.05773656442761421,0.8573693037033081,0.4693579375743866,-0.07614219933748245,0.8674910068511963,0.4214991331100464,-0.0880853533744812,0.8732351064682007,0.375419557094574,-0.09801271557807922,THANK_YOU
THANK_YOU,0.7912672162055969,0.7491979598999023,6.284986397986358e-08,0.7194958329200745,0.7196389436721802,-0.0359380804002285,0.6647551655769348,0.6531744003295898,-0.057276904582977295,0.632849395275116,0.5927465558052063,-0.07654713094234467,0.5956335663795471,0.5591356754302979,-0.09690579026937485,0.711633026599884,0.5275347232818604,-0.042241357266902924,0.6847889423370361,0.433999240398407,-0.06985551863908768,0.6678926944732666,0.37682875990867615,-0.09260983765125275,0.6504353284835815,0.3252847194671631,-0.10960696637630463,0.7561818957328796,0.5071415305137634,-0.04354320466518402,0.7443553805351257,0.39481067657470703,-0.06689000874757767,0.7324129343032837,0.32575660943984985,-0.08666381984949112,0.7191596627235413,0.26505744457244873,-0.10265622287988663,0.7986245155334473,0.5146914720535278,-0.04889499768614769,0.7943788170814514,0.4159289598464966,-0.07219718396663666,0.7862993478775024,0.35277560353279114,-0.09113479405641556,0.7773223519325256,0.29604631662368774,-0.10511843115091324,0.8398064970970154,0.5423511862754822,-0.05773656442761421,0.8573693037033081,0.4693579375743866,-0.07614219933748245,0.8674910068511963,0.4214991331100464,-0.0880853533744812,0.8732351064682007,0.375419557094574,-0.09801271557807922,THANK_YOU
THANK_YOU,0.7986513376235962,0.7535172700881958,8.959407438169364e-08,0.7263519763946533,0.7255597114562988,-0.038299769163131714,0.6714376211166382,0.6590646505355835,-0.06081930920481682,0.6394878029823303,0.5962398648262024,-0.08085691928863525,0.602439284324646,0.5607150793075562,-0.1017739400267601,0.7194404602050781,0.5303963422775269,-0.0431651845574379,0.69185870885849,0.4372487962245941,-0.0713205561041832,0.6759452819824219,0.37867146730422974,-0.09491944313049316,0.6594638824462891,0.3257143497467041,-0.11257777363061905,0.7641481161117554,0.5086930394172668,-0.0437190979719162,0.7524909973144531,0.3950686454772949,-0.06754668056964874,0.7401308417320251,0.32401031255722046,-0.08767955005168915,0.7256847620010376,0.26179081201553345,-0.1035926565527916,0.8062661290168762,0.5158188939094543,-0.04847673326730728,0.8008999824523926,0.4157595932483673,-0.07145251333713531,0.7935781478881836,0.3512312173843384,-0.08961552381515503,0.7848713397979736,0.29395681619644165,-0.1030501052737236,0.8468358516693115,0.5433734059333801,-0.0570572130382061,0.8625503182411194,0.4699011743068695,-0.07452166825532913,0.8719921112060547,0.42268291115760803,-0.08513034880161285,0.877498984336853,0.37782377004623413,-0.09403309971094131,THANK_YOU
THANK_YOU,0.8021306395530701,0.7600603103637695,9.860062988309437e-08,0.7284397482872009,0.7304222583770752,-0.03643276169896126,0.6744653582572937,0.6634093523025513,-0.058351870626211166,0.644038200378418,0.6014447212219238,-0.07819661498069763,0.6077036261558533,0.5654269456863403,-0.09907274693250656,0.7233262062072754,0.531956136226654,-0.04109439626336098,0.6963434219360352,0.4376034736633301,-0.06891556829214096,0.6806162595748901,0.379359632730484,-0.0923670083284378,0.6644467711448669,0.32723742723464966,-0.10979247093200684,0.7683014273643494,0.5123894214630127,-0.0426136739552021,0.7571844458580017,0.39850035309791565,-0.06600300222635269,0.7455809116363525,0.32677677273750305,-0.08607280254364014,0.7322260737419128,0.26562997698783875,-0.10196944326162338,0.8107976913452148,0.5213235020637512,-0.04831208661198616,0.806365430355072,0.4202895760536194,-0.07059554010629654,0.7992350459098816,0.3546033203601837,-0.08890184760093689,0.7908879518508911,0.2974175214767456,-0.10268907994031906,0.8515900373458862,0.5500833988189697,-0.0576767735183239,0.8682284355163574,0.4764247238636017,-0.07501298189163208,0.8778132796287537,0.4285815358161926,-0.08580541610717773,0.8835481405258179,0.38337206840515137,-0.09484535455703735,THANK_YOU
THANK_YOU,0.8048906922340393,0.7647718787193298,8.977665544307456e-08,0.7312182188034058,0.7355259656906128,-0.03664395958185196,0.6767945289611816,0.6688216924667358,-0.05859474465250969,0.6449816823005676,0.6065289974212646,-0.07832347601652145,0.608206033706665,0.5697146058082581,-0.09902018308639526,0.7261536121368408,0.5400950908660889,-0.04227637127041817,0.6990160346031189,0.4444669485092163,-0.07002855092287064,0.6828577518463135,0.38446682691574097,-0.09304691106081009,0.6663593649864197,0.33066731691360474,-0.11017300188541412,0.7707874774932861,0.5198784470558167,-0.043428875505924225,0.7597552537918091,0.40449076890945435,-0.06714070588350296,0.7481911182403564,0.3317211866378784,-0.08701547980308533,0.7348123788833618,0.26932111382484436,-0.10266835987567902,0.8131918907165527,0.5277608633041382,-0.04863905906677246,0.8093153834342957,0.4266799986362457,-0.07128141820430756,0.8022167086601257,0.35947051644325256,-0.08973941951990128,0.7937167882919312,0.30055150389671326,-0.10338155925273895,0.8540244698524475,0.5552083849906921,-0.057454876601696014,0.8712728023529053,0.48006802797317505,-0.07472319155931473,0.8809921145439148,0.4313737452030182,-0.08541077375411987,0.8864244818687439,0.38563835620880127,-0.09429975599050522,THANK_YOU
THANK_YOU,0.7487269639968872,0.7768125534057617,2.7314083439478054e-08,0.6788126826286316,0.7466714382171631,-0.03169005364179611,0.6248976588249207,0.6808757185935974,-0.05205807089805603,0.5949380397796631,0.6204597353935242,-0.07101030647754669,0.56205153465271,0.5818175077438354,-0.09146673232316971,0.6645844578742981,0.5643271207809448,-0.0422675721347332,0.6344045400619507,0.4746922552585602,-0.06998085975646973,0.6145508885383606,0.42023786902427673,-0.09129935503005981,0.595941960811615,0.3703433573246002,-0.10723409056663513,0.7108231782913208,0.5446498990058899,-0.046759478747844696,0.69847172498703,0.4333803951740265,-0.07176700234413147,0.6857767105102539,0.3651031255722046,-0.0910855233669281,0.6726447343826294,0.3064180314540863,-0.10637010633945465,0.756625235080719,0.5545496344566345,-0.05489450320601463,0.7571594715118408,0.45262575149536133,-0.08176670968532562,0.7524550557136536,0.38449251651763916,-0.1017722561955452,0.7479732632637024,0.3235153555870056,-0.11592859774827957,0.8020606637001038,0.5836449861526489,-0.06550634652376175,0.8318256139755249,0.5078673362731934,-0.08774431049823761,0.85169517993927,0.4601954221725464,-0.10050685703754425,0.8665971755981445,0.4131849408149719,-0.11051201820373535,THANK_YOU
THANK_YOU,0.5306490659713745,0.6624552011489868,1.9444567556092807e-07,0.5240393877029419,0.6000887155532837,-0.0007564385887235403,0.5042365789413452,0.549383819103241,-0.008398897014558315,0.48884251713752747,0.510356605052948,-0.016907459124922752,0.4877767264842987,0.4728413224220276,-0.028231274336576462,0.4440566897392273,0.5458922386169434,-0.02646135911345482,0.3957415819168091,0.4945620000362396,-0.041070226579904556,0.3684025704860687,0.4641247093677521,-0.0491190068423748,0.3481449484825134,0.43778175115585327,-0.055398207157850266,0.43377095460891724,0.5770012736320496,-0.03752095624804497,0.3698367178440094,0.5285542607307434,-0.05296992510557175,0.33238983154296875,0.49754849076271057,-0.06315244734287262,0.3070547580718994,0.46934807300567627,-0.07149700075387955,0.4299655258655548,0.6173461675643921,-0.04730381444096565,0.3687593638896942,0.5703272819519043,-0.06447900086641312,0.33115148544311523,0.5397417545318604,-0.07540574669837952,0.3052610754966736,0.5114362239837646,-0.08307527005672455,0.43257537484169006,0.6620900630950928,-0.05581730604171753,0.380819171667099,0.6426076889038086,-0.07505398243665695,0.3482903838157654,0.6294711232185364,-0.08381529897451401,0.3209669589996338,0.6154278516769409,-0.08871009200811386,THANK_YOU
THANK_YOU,0.5270805358886719,0.658219575881958,1.993297757962864e-07,0.5227736234664917,0.596207857131958,-0.0007715637912042439,0.5043209195137024,0.547878086566925,-0.007994572632014751,0.49006375670433044,0.5090440511703491,-0.01595642790198326,0.48864197731018066,0.47284460067749023,-0.02640136145055294,0.4417434334754944,0.5429442524909973,-0.02423831634223461,0.39503538608551025,0.491970419883728,-0.03740115463733673,0.3688354194164276,0.46169108152389526,-0.04450313374400139,0.3493025302886963,0.4364764988422394,-0.0499657578766346,0.43018418550491333,0.572299599647522,-0.03421740233898163,0.3681400716304779,0.5230444073677063,-0.047520194202661514,0.33168402314186096,0.4928949475288391,-0.05596284568309784,0.3066779375076294,0.46663886308670044,-0.06293081492185593,0.42505624890327454,0.6111100912094116,-0.043045129626989365,0.36607638001441956,0.5637507438659668,-0.058084309101104736,0.32994577288627625,0.5336796641349792,-0.0681130662560463,0.3047121465206146,0.5072481632232666,-0.07527805864810944,0.4265030324459076,0.65491783618927,-0.05067138001322746,0.37714576721191406,0.6361948847770691,-0.0677928552031517,0.3459402620792389,0.6232022643089294,-0.07569694519042969,0.31956103444099426,0.6099764108657837,-0.08010198920965195,THANK_YOU
THANK_YOU,0.5254599452018738,0.6564822793006897,1.8921070932265138e-07,0.5204678773880005,0.595429539680481,-0.0013410381507128477,0.5027636885643005,0.54702228307724,-0.008716795593500137,0.48948878049850464,0.5077564120292664,-0.016979044303297997,0.4893683195114136,0.4718048870563507,-0.027807047590613365,0.44214755296707153,0.5402299165725708,-0.023313116282224655,0.3954489827156067,0.4898301064968109,-0.03699954226613045,0.36951157450675964,0.45969218015670776,-0.044773560017347336,0.350061297416687,0.434368371963501,-0.05081783980131149,0.4308234751224518,0.5691198110580444,-0.033479247242212296,0.3694329559803009,0.52067631483078,-0.04727132245898247,0.33310508728027344,0.490813285112381,-0.05643141269683838,0.30731648206710815,0.4645599126815796,-0.06386458873748779,0.4257049858570099,0.6077845692634583,-0.042752984911203384,0.36830922961235046,0.5614411234855652,-0.05849642679095268,0.33309081196784973,0.5319290161132812,-0.06895891577005386,0.3074195384979248,0.50577312707901,-0.07631031423807144,0.42688244581222534,0.6518739461898804,-0.05094175413250923,0.37836360931396484,0.633025586605072,-0.06879720091819763,0.34763067960739136,0.6201320290565491,-0.07696457952260971,0.32086360454559326,0.6065348386764526,-0.08149444311857224,THANK_YOU
THANK_YOU,0.5254599452018738,0.6564822793006897,1.8921070932265138e-07,0.5204678773880005,0.595429539680481,-0.0013410381507128477,0.5027636885643005,0.54702228307724,-0.008716795593500137,0.48948878049850464,0.5077564120292664,-0.016979044303297997,0.4893683195114136,0.4718048870563507,-0.027807047590613365,0.44214755296707153,0.5402299165725708,-0.023313116282224655,0.3954489827156067,0.4898301064968109,-0.03699954226613045,0.36951157450675964,0.45969218015670776,-0.044773560017347336,0.350061297416687,0.434368371963501,-0.05081783980131149,0.4308234751224518,0.5691198110580444,-0.033479247242212296,0.3694329559803009,0.52067631483078,-0.04727132245898247,0.33310508728027344,0.490813285112381,-0.05643141269683838,0.30731648206710815,0.4645599126815796,-0.06386458873748779,0.4257049858570099,0.6077845692634583,-0.042752984911203384,0.36830922961235046,0.5614411234855652,-0.05849642679095268,0.33309081196784973,0.5319290161132812,-0.06895891577005386,0.3074195384979248,0.50577312707901,-0.07631031423807144,0.42688244581222534,0.6518739461898804,-0.05094175413250923,0.37836360931396484,0.633025586605072,-0.06879720091819763,0.34763067960739136,0.6201320290565491,-0.07696457952260971,0.32086360454559326,0.6065348386764526,-0.08149444311857224,THANK_YOU
THANK_YOU,0.5251607894897461,0.6576735973358154,1.833942064877192e-07,0.5231389403343201,0.596140444278717,-0.001795321935787797,0.5058743953704834,0.5444344878196716,-0.007500200066715479,0.4905836284160614,0.5039782524108887,-0.013710694387555122,0.48952287435531616,0.46803322434425354,-0.022113509476184845,0.4446207582950592,0.5368779301643372,-0.02085741050541401,0.3991723656654358,0.4867720901966095,-0.03233835846185684,0.37248820066452026,0.4558871388435364,-0.03884710371494293,0.3526630699634552,0.43060964345932007,-0.04425749555230141,0.4317179024219513,0.5667851567268372,-0.030069218948483467,0.3701914846897125,0.5177096128463745,-0.04245234280824661,0.334402471780777,0.486481636762619,-0.0512138307094574,0.31032827496528625,0.45914578437805176,-0.05831608548760414,0.42571908235549927,0.6053286790847778,-0.0384097695350647,0.3671796917915344,0.558903694152832,-0.05345457047224045,0.3316664397716522,0.5280136466026306,-0.06417521089315414,0.30742183327674866,0.5005978345870972,-0.07160992175340652,0.42688339948654175,0.648496150970459,-0.04572555795311928,0.3780456483364105,0.6311056017875671,-0.06347248703241348,0.34650593996047974,0.6185342669487,-0.07222577929496765,0.3204309940338135,0.6049585342407227,-0.07700393348932266,THANK_YOU
THANK_YOU,0.5265114307403564,0.6551023125648499,1.9737787226858927e-07,0.5243737101554871,0.5938783884048462,-0.0008149401401169598,0.506954550743103,0.5432435274124146,-0.006707603111863136,0.4927412271499634,0.5028287172317505,-0.013320107012987137,0.49030622839927673,0.46692487597465515,-0.022308962419629097,0.445558100938797,0.5361951589584351,-0.02131497673690319,0.3991834223270416,0.484953910112381,-0.032913513481616974,0.37268924713134766,0.4544054865837097,-0.03917181119322777,0.3533375561237335,0.42954710125923157,-0.04424167424440384,0.4328969717025757,0.5651690363883972,-0.030972447246313095,0.37118926644325256,0.5152859687805176,-0.04296516254544258,0.3351964056491852,0.48431870341300964,-0.05139501765370369,0.3107988238334656,0.4572870135307312,-0.05834605172276497,0.4269569516181946,0.6035943031311035,-0.039604414254426956,0.3678082227706909,0.5554330945014954,-0.05411827564239502,0.3319385051727295,0.5247854590415955,-0.06467746943235397,0.3071996867656708,0.497946560382843,-0.07222136855125427,0.4280402660369873,0.6472551822662354,-0.047074683010578156,0.3787068724632263,0.6303411722183228,-0.06471377611160278,0.34707123041152954,0.618320107460022,-0.07350099086761475,0.3206900954246521,0.6052123308181763,-0.07838460803031921,THANK_YOU
THANK_YOU,0.526352047920227,0.6557557582855225,2.2715079239787883e-07,0.526612401008606,0.5945770144462585,-0.0031798817217350006,0.5093119740486145,0.5442726016044617,-0.009655901230871677,0.4933914244174957,0.503709077835083,-0.016203386709094048,0.49130648374557495,0.4673163592815399,-0.024972328916192055,0.4479824900627136,0.537753164768219,-0.023344742134213448,0.401523232460022,0.4866733253002167,-0.03504295274615288,0.37380167841911316,0.45601069927215576,-0.04141638055443764,0.3528270423412323,0.4308316707611084,-0.046694085001945496,0.4352850615978241,0.5661016702651978,-0.03168647736310959,0.373529851436615,0.5167486071586609,-0.04440942406654358,0.3358912467956543,0.485568642616272,-0.053490132093429565,0.30996930599212646,0.45763999223709106,-0.06081727147102356,0.4291357398033142,0.6046880483627319,-0.03903777897357941,0.3715665638446808,0.5566049814224243,-0.05480211600661278,0.335136741399765,0.527040958404541,-0.06613458693027496,0.3097423315048218,0.5007919073104858,-0.07381214201450348,0.43009135127067566,0.6487302184104919,-0.045280106365680695,0.3815557360649109,0.6301498413085938,-0.06388550251722336,0.35044848918914795,0.618844211101532,-0.0730857253074646,0.32440486550331116,0.6063622236251831,-0.07801767438650131,THANK_YOU
THANK_YOU,0.5262334942817688,0.6558691263198853,2.0498004005276016e-07,0.5271633267402649,0.5946747064590454,-0.004282932262867689,0.5095914006233215,0.5445006489753723,-0.011511714197695255,0.49382439255714417,0.5040600299835205,-0.018686437979340553,0.491527259349823,0.46669718623161316,-0.027965601533651352,0.44783204793930054,0.5357764959335327,-0.02491169050335884,0.4016299843788147,0.48569226264953613,-0.03751388192176819,0.3737604022026062,0.45587989687919617,-0.04468470811843872,0.3520492911338806,0.4309299886226654,-0.05065542459487915,0.4344428479671478,0.5651050806045532,-0.0329371877014637,0.3739530146121979,0.5172885656356812,-0.04708034172654152,0.3374241590499878,0.4873560667037964,-0.05690165236592293,0.31209689378738403,0.4602360129356384,-0.06487185508012772,0.42775920033454895,0.6044087409973145,-0.040031589567661285,0.3719496428966522,0.5584065318107605,-0.05613158643245697,0.33588987588882446,0.5291621685028076,-0.06696794182062149,0.31035691499710083,0.5031170845031738,-0.07446932047605515,0.42867371439933777,0.6483550071716309,-0.046224698424339294,0.3813396096229553,0.6301088333129883,-0.06433863937854767,0.3509955108165741,0.6180153489112854,-0.07298246771097183,0.325208455324173,0.6047373414039612,-0.07770203053951263,THANK_YOU
THANK_YOU,0.5307520627975464,0.6601229906082153,1.618360983002276e-07,0.5276244878768921,0.5977314114570618,-0.0007272153743542731,0.5089736580848694,0.5486337542533875,-0.00682021351531148,0.4936569631099701,0.5095558762550354,-0.013843466527760029,0.4923858046531677,0.47389256954193115,-0.023349057883024216,0.44744622707366943,0.5398829579353333,-0.02051941677927971,0.400242418050766,0.49229001998901367,-0.03264656662940979,0.37153303623199463,0.4637562036514282,-0.04007570445537567,0.34937772154808044,0.44003719091415405,-0.04620714858174324,0.4359906315803528,0.568445086479187,-0.030702851712703705,0.3730720281600952,0.5222627520561218,-0.04334724321961403,0.3367593586444855,0.4916362762451172,-0.053049083799123764,0.31122708320617676,0.4640338718891144,-0.06120803579688072,0.4306972622871399,0.6072601079940796,-0.03984156250953674,0.3727807402610779,0.5632131099700928,-0.054678551852703094,0.3371823728084564,0.533970832824707,-0.06575176864862442,0.3114360570907593,0.5066139101982117,-0.0738949105143547,0.43221330642700195,0.6513402462005615,-0.047840557992458344,0.3852992057800293,0.6377416253089905,-0.06479735672473907,0.35559797286987305,0.6257156729698181,-0.07296250015497208,0.32999539375305176,0.6120621562004089,-0.07775940746068954,THANK_YOU
THANK_YOU,0.5331628322601318,0.6596665382385254,1.4107978074662242e-07,0.5250887870788574,0.5997278094291687,0.0006110769463703036,0.5041532516479492,0.5511643290519714,-0.00520709902048111,0.4902952015399933,0.5140595436096191,-0.012175483629107475,0.49033665657043457,0.4809277057647705,-0.02176707424223423,0.449008971452713,0.5427126288414001,-0.022909238934516907,0.3977220952510834,0.49677953124046326,-0.03629548102617264,0.3683210015296936,0.46903082728385925,-0.04376281797885895,0.3459882140159607,0.44552573561668396,-0.04950100928544998,0.43929755687713623,0.5718145370483398,-0.03406252712011337,0.37460657954216003,0.5265267491340637,-0.04769266024231911,0.3361871838569641,0.4965972304344177,-0.056681904941797256,0.3085232079029083,0.4704524576663971,-0.06398125737905502,0.4350424110889435,0.6116182804107666,-0.04399866238236427,0.37594202160835266,0.5686240196228027,-0.059439241886138916,0.3396475315093994,0.5405957698822021,-0.0699247196316719,0.31312277913093567,0.5137884616851807,-0.07735328376293182,0.43602168560028076,0.6574702858924866,-0.05266242474317551,0.389821857213974,0.6420591473579407,-0.0702102780342102,0.36068907380104065,0.6295833587646484,-0.07811012119054794,0.3357135057449341,0.6162182688713074,-0.08255656808614731,THANK_YOU
THANK_YOU,0.5399888157844543,0.6621094942092896,1.797494064703642e-07,0.5262821316719055,0.6057621240615845,0.001825395505875349,0.4980284571647644,0.5590325593948364,-0.004156068898737431,0.4808627665042877,0.5227274298667908,-0.011421732604503632,0.4838453233242035,0.48681697249412537,-0.0213344544172287,0.4490247666835785,0.5514739155769348,-0.025698762387037277,0.3967141807079315,0.5088969469070435,-0.04202186316251755,0.3642875850200653,0.48108822107315063,-0.051279451698064804,0.33941733837127686,0.4570094347000122,-0.05798640102148056,0.4401717185974121,0.5789780020713806,-0.03796478733420372,0.37666162848472595,0.5358378291130066,-0.05396490916609764,0.33567944169044495,0.5042595267295837,-0.06346575915813446,0.3048664927482605,0.47590434551239014,-0.07073750346899033,0.4371547996997833,0.6185553073883057,-0.048682622611522675,0.37787926197052,0.5772949457168579,-0.06527996063232422,0.34242209792137146,0.5491778254508972,-0.07560868561267853,0.31598684191703796,0.5219820737838745,-0.08274751901626587,0.440280944108963,0.6659102439880371,-0.05802309140563011,0.397658109664917,0.6499843597412109,-0.0766773447394371,0.36960217356681824,0.6377055644989014,-0.08492156118154526,0.3451760411262512,0.62425297498703,-0.08941316604614258,THANK_YOU
THANK_YOU,0.5449384450912476,0.6738484501838684,1.4277364357440092e-07,0.5204131603240967,0.6159507632255554,-7.195200305432081e-05,0.48935019969940186,0.572996973991394,-0.007203509099781513,0.47612497210502625,0.5373764634132385,-0.01636948063969612,0.4807076156139374,0.5022684931755066,-0.027479328215122223,0.4373927414417267,0.5586602687835693,-0.021605640649795532,0.3880407214164734,0.5188144445419312,-0.040183305740356445,0.35759276151657104,0.4925171732902527,-0.05235489085316658,0.33329200744628906,0.46906670928001404,-0.06142978370189667,0.4335476756095886,0.5841392874717712,-0.035064052790403366,0.3718035817146301,0.5454257130622864,-0.05389852821826935,0.33422282338142395,0.5145702958106995,-0.06572447717189789,0.3045303523540497,0.486946165561676,-0.07477723062038422,0.4374241232872009,0.623375415802002,-0.04805079475045204,0.37861889600753784,0.5905563235282898,-0.06751355528831482,0.34555578231811523,0.5618990063667297,-0.07930931448936462,0.31989502906799316,0.5322714447975159,-0.08761440962553024,0.4474526047706604,0.6706005334854126,-0.06027741730213165,0.40772032737731934,0.6574482321739197,-0.08243100345134735,0.3810344636440277,0.6435458064079285,-0.09290844202041626,0.3559836149215698,0.6276602149009705,-0.09925249218940735,THANK_YOU
THANK_YOU,0.5437633395195007,0.6882745623588562,1.7417168862721155e-07,0.5113474130630493,0.6307427287101746,0.004884729161858559,0.47816815972328186,0.5873326659202576,-0.0014627791242673993,0.4643135666847229,0.5516685843467712,-0.010026530362665653,0.4668586850166321,0.5155996084213257,-0.02092706598341465,0.4342082440853119,0.5762068033218384,-0.024313928559422493,0.38390815258026123,0.534188985824585,-0.04443420097231865,0.35046258568763733,0.5065481066703796,-0.05635538697242737,0.32344284653663635,0.48229530453681946,-0.06535568088293076,0.43385860323905945,0.5987832546234131,-0.04070720821619034,0.3714466691017151,0.5579414367675781,-0.06292467564344406,0.3313482999801636,0.5253641605377197,-0.07635436207056046,0.29881104826927185,0.49540793895721436,-0.08636806905269623,0.4412972927093506,0.6363042593002319,-0.05567222088575363,0.3826780319213867,0.59897780418396,-0.07910904288291931,0.3499718904495239,0.5679921507835388,-0.09353726357221603,0.3236705958843231,0.5367931723594666,-0.10355804860591888,0.45433691143989563,0.6817743182182312,-0.06884017586708069,0.42117252945899963,0.6651528477668762,-0.09540481865406036,0.3970988690853119,0.6499201655387878,-0.10882117599248886,0.3728986382484436,0.6333257555961609,-0.11723501980304718,THANK_YOU
THANK_YOU,0.5770429968833923,0.7223084568977356,2.2552730172265e-07,0.5374144911766052,0.6723185181617737,0.005758184008300304,0.48760610818862915,0.6305029988288879,-0.0017190068028867245,0.46013545989990234,0.5921001434326172,-0.010942603461444378,0.44937339425086975,0.5503924489021301,-0.023008178919553757,0.4703700542449951,0.6284688115119934,-0.03106943517923355,0.414782851934433,0.5840034484863281,-0.05772470682859421,0.37407076358795166,0.5501559376716614,-0.07552666962146759,0.34082159399986267,0.5195329189300537,-0.08863002061843872,0.47402143478393555,0.6419841647148132,-0.048765115439891815,0.402603417634964,0.5944308638572693,-0.07844416052103043,0.3507687449455261,0.5554742217063904,-0.09960085153579712,0.30616873502731323,0.5155826210975647,-0.11578535288572311,0.4789729118347168,0.6692292094230652,-0.06396059691905975,0.41529974341392517,0.6217308640480042,-0.09126581996679306,0.37394827604293823,0.5868528485298157,-0.10755923390388489,0.34012776613235474,0.5542210340499878,-0.11899194866418839,0.4850395917892456,0.7063196301460266,-0.07709428668022156,0.4484518766403198,0.6769180297851562,-0.10436562448740005,0.4233289957046509,0.6533021926879883,-0.11777587234973907,0.3981020748615265,0.630932629108429,-0.12674787640571594,THANK_YOU
THANK_YOU,0.5761818289756775,0.7367280721664429,4.143309979554033e-07,0.5323329567909241,0.6898067593574524,0.008023613132536411,0.48025569319725037,0.6462336182594299,0.0014668022049590945,0.4544788897037506,0.6095380783081055,-0.0075708236545324326,0.44674140214920044,0.566885769367218,-0.019470995292067528,0.46154287457466125,0.64561527967453,-0.030499665066599846,0.41743287444114685,0.5806167125701904,-0.06104559451341629,0.39261358976364136,0.5208632946014404,-0.08347322791814804,0.37651145458221436,0.464488685131073,-0.09930657595396042,0.4678376317024231,0.6580633521080017,-0.048239585012197495,0.4002116322517395,0.6110683083534241,-0.07715333253145218,0.3505253791809082,0.5652891397476196,-0.10006000101566315,0.30772721767425537,0.5170652270317078,-0.11840837448835373,0.47802722454071045,0.6804504990577698,-0.06335421651601791,0.4187239408493042,0.631284236907959,-0.08910594880580902,0.37820765376091003,0.5905534029006958,-0.10506168007850647,0.3423314392566681,0.5538923144340515,-0.11696043610572815,0.49263864755630493,0.709836483001709,-0.07640713453292847,0.4601770341396332,0.677383542060852,-0.10233721137046814,0.43548783659935,0.651940107345581,-0.11451877653598785,0.40903621912002563,0.6278491616249084,-0.12274764478206635,THANK_YOU
THANK_YOU,0.5927603840827942,0.752752423286438,4.457676539004751e-07,0.5359546542167664,0.7109441757202148,0.0033947003539651632,0.48225095868110657,0.6624137163162231,-0.003999684471637011,0.45394062995910645,0.6209310293197632,-0.013210313394665718,0.44332507252693176,0.5772007703781128,-0.02498084120452404,0.46473607420921326,0.6654871702194214,-0.032831043004989624,0.4176887571811676,0.6001873016357422,-0.06330577284097672,0.3914448022842407,0.5413872599601746,-0.08483052253723145,0.37509989738464355,0.48608121275901794,-0.10038150101900101,0.4744158387184143,0.6758737564086914,-0.04982304200530052,0.4079990088939667,0.6269533038139343,-0.07947760820388794,0.36185580492019653,0.5827394127845764,-0.10164863616228104,0.32142844796180725,0.5377259850502014,-0.119225412607193,0.49228522181510925,0.6967392563819885,-0.06487785279750824,0.4337176978588104,0.6484565734863281,-0.09110602736473083,0.3952491283416748,0.6103651523590088,-0.10686283558607101,0.3603329062461853,0.5755336880683899,-0.11904340237379074,0.5143206715583801,0.7274656295776367,-0.07863501459360123,0.4866929352283478,0.7042017579078674,-0.10540609806776047,0.4646925926208496,0.6805212497711182,-0.11892911791801453,0.44043928384780884,0.6568976640701294,-0.12852086126804352,THANK_YOU
THANK_YOU,0.5927603840827942,0.752752423286438,4.457676539004751e-07,0.5359546542167664,0.7109441757202148,0.0033947003539651632,0.48225095868110657,0.6624137163162231,-0.003999684471637011,0.45394062995910645,0.6209310293197632,-0.013210313394665718,0.44332507252693176,0.5772007703781128,-0.02498084120452404,0.46473607420921326,0.6654871702194214,-0.032831043004989624,0.4176887571811676,0.6001873016357422,-0.06330577284097672,0.3914448022842407,0.5413872599601746,-0.08483052253723145,0.37509989738464355,0.48608121275901794,-0.10038150101900101,0.4744158387184143,0.6758737564086914,-0.04982304200530052,0.4079990088939667,0.6269533038139343,-0.07947760820388794,0.36185580492019653,0.5827394127845764,-0.10164863616228104,0.32142844796180725,0.5377259850502014,-0.119225412607193,0.49228522181510925,0.6967392563819885,-0.06487785279750824,0.4337176978588104,0.6484565734863281,-0.09110602736473083,0.3952491283416748,0.6103651523590088,-0.10686283558607101,0.3603329062461853,0.5755336880683899,-0.11904340237379074,0.5143206715583801,0.7274656295776367,-0.07863501459360123,0.4866929352283478,0.7042017579078674,-0.10540609806776047,0.4646925926208496,0.6805212497711182,-0.11892911791801453,0.44043928384780884,0.6568976640701294,-0.12852086126804352,THANK_YOU
THANK_YOU,0.6100884675979614,0.7713665962219238,1.7561350773576123e-07,0.580575704574585,0.7295470237731934,0.02362869679927826,0.5500622987747192,0.6986263990402222,0.0223896075040102,0.5408867001533508,0.6728755831718445,0.01309181284159422,0.5346671938896179,0.6462898850440979,-0.0008466296712867916,0.4813300669193268,0.6853567361831665,-0.006955001503229141,0.4205590784549713,0.6343181729316711,-0.02719379961490631,0.3775225281715393,0.5994555950164795,-0.04171185940504074,0.3436172604560852,0.5671412348747253,-0.05316442996263504,0.4839550852775574,0.687127947807312,-0.03602807596325874,0.4122353196144104,0.6323180198669434,-0.05986205115914345,0.3658984899520874,0.5924491286277771,-0.07767362147569656,0.33194395899772644,0.5612276792526245,-0.09160112589597702,0.4937911629676819,0.6937962174415588,-0.06290219724178314,0.4249037504196167,0.6341924071311951,-0.08569866418838501,0.3809458315372467,0.5902670621871948,-0.1020067110657692,0.3474615812301636,0.5552762746810913,-0.11464094370603561,0.5118157267570496,0.7016900777816772,-0.08668319135904312,0.46883416175842285,0.6501935720443726,-0.11065805703401566,0.44134199619293213,0.6071621775627136,-0.12405742704868317,0.4172866940498352,0.5697556138038635,-0.13454674184322357,THANK_YOU
THANK_YOU,0.5479698181152344,0.7904972434043884,5.423708557827922e-07,0.5745066404342651,0.773442268371582,-0.061865732073783875,0.584904670715332,0.7322390079498291,-0.1011778861284256,0.5878221988677979,0.684406042098999,-0.1306498795747757,0.5837638974189758,0.6373914480209351,-0.15943941473960876,0.4948993921279907,0.6902048587799072,-0.10011789202690125,0.45891880989074707,0.6311019062995911,-0.14334546029567719,0.4369637668132782,0.5925028920173645,-0.17153304815292358,0.4162031412124634,0.5552681684494019,-0.18901339173316956,0.46733373403549194,0.6889104247093201,-0.08504386991262436,0.4182465672492981,0.6208456754684448,-0.12816715240478516,0.38870036602020264,0.575705885887146,-0.15403959155082703,0.3627176880836487,0.5365046262741089,-0.16946250200271606,0.4578858017921448,0.6894928812980652,-0.07171394675970078,0.41202834248542786,0.6325104832649231,-0.10882061719894409,0.3800829350948334,0.592900812625885,-0.12876348197460175,0.353196382522583,0.5599761605262756,-0.13923516869544983,0.4589183032512665,0.6922140121459961,-0.061977483332157135,0.4363763928413391,0.6426064372062683,-0.08819600939750671,0.42112451791763306,0.611972987651825,-0.09979051351547241,0.4083242416381836,0.5872617959976196,-0.10591921955347061,THANK_YOU
THANK_YOU,0.5467714667320251,0.7708058953285217,-8.463388923019011e-08,0.5141572952270508,0.7454558610916138,-0.02352045103907585,0.47635751962661743,0.6799444556236267,-0.03664291650056839,0.45181262493133545,0.625102698802948,-0.044818706810474396,0.4325038492679596,0.5842384099960327,-0.05245131254196167,0.4782101809978485,0.6779199838638306,-0.05836377292871475,0.46210646629333496,0.6155645847320557,-0.08323051780462265,0.45845678448677063,0.5902193784713745,-0.09609661251306534,0.4525774121284485,0.5594472289085388,-0.10352225601673126,0.4902278482913971,0.6686440706253052,-0.05659794062376022,0.44746133685112,0.6094229221343994,-0.08288136124610901,0.41659754514694214,0.5810078382492065,-0.0961332768201828,0.3896537721157074,0.5547887086868286,-0.10394016653299332,0.5119810104370117,0.656656801700592,-0.05480450764298439,0.4717729091644287,0.5894775390625,-0.08288849890232086,0.4395488500595093,0.5543716549873352,-0.09890328347682953,0.4116339385509491,0.5223891139030457,-0.10644401609897614,0.5440430641174316,0.6413818001747131,-0.05282796174287796,0.5358518362045288,0.5683320164680481,-0.07240914553403854,0.5305590033531189,0.5225912928581238,-0.08153032511472702,0.5245161056518555,0.4839392304420471,-0.08629565685987473,THANK_YOU
THANK_YOU,0.6321334838867188,0.8263434171676636,-1.1601587601717256e-07,0.5603326559066772,0.7947829961776733,-0.01219305768609047,0.49656572937965393,0.7139530777931213,-0.02544611506164074,0.4578129053115845,0.6501738429069519,-0.03797678276896477,0.4218269884586334,0.6016870737075806,-0.052421893924474716,0.5017773509025574,0.6847947239875793,-0.05784989148378372,0.4447760283946991,0.6173365116119385,-0.08690699934959412,0.4147873520851135,0.596541166305542,-0.10263478010892868,0.38408029079437256,0.5736764073371887,-0.11422975361347198,0.5424366593360901,0.6907569766044617,-0.07187534868717194,0.4959025979042053,0.6100877523422241,-0.10049993544816971,0.46908625960350037,0.5695453882217407,-0.11652451008558273,0.44508594274520874,0.5286783576011658,-0.1294926255941391,0.5906215906143188,0.7114970684051514,-0.08552905172109604,0.5669751763343811,0.6292080879211426,-0.12404768913984299,0.5495669841766357,0.5795138478279114,-0.14662370085716248,0.5289505124092102,0.5268127918243408,-0.16210998594760895,0.643189549446106,0.7436667680740356,-0.09725229442119598,0.6645490527153015,0.6775844693183899,-0.13723163306713104,0.6809374094009399,0.63670414686203,-0.15556007623672485,0.6869610548019409,0.5947195291519165,-0.16796216368675232,THANK_YOU
THANK_YOU,0.6777396202087402,0.8204519748687744,2.7221613407846235e-08,0.6014754772186279,0.8134152889251709,-0.004972018767148256,0.53831547498703,0.7558504939079285,-0.016055108979344368,0.4976978898048401,0.710392415523529,-0.027438737452030182,0.4619569480419159,0.6751259565353394,-0.04213843494653702,0.5317773222923279,0.6945331692695618,-0.05476213991641998,0.47082704305648804,0.6166341304779053,-0.0845632404088974,0.4394233226776123,0.5899806618690491,-0.09960050880908966,0.410593718290329,0.5682947635650635,-0.10967385023832321,0.5738832354545593,0.6879339218139648,-0.07155179977416992,0.5287526845932007,0.5982171297073364,-0.10117348283529282,0.499789297580719,0.5592241287231445,-0.11711946874856949,0.4749911427497864,0.5253188014030457,-0.12834380567073822,0.6253188848495483,0.703010618686676,-0.0873461365699768,0.5991290807723999,0.6217195391654968,-0.12735508382320404,0.5750541687011719,0.5719528794288635,-0.15349332988262177,0.5493217706680298,0.5218029022216797,-0.17057538032531738,0.6816420555114746,0.7313865423202515,-0.10014805942773819,0.7054649591445923,0.6699094176292419,-0.14200900495052338,0.72088223695755,0.6244911551475525,-0.16373082995414734,0.7287134528160095,0.5802915096282959,-0.1776639074087143,THANK_YOU
THANK_YOU,0.6985735297203064,0.8237789869308472,1.0472871281308471e-07,0.6240472197532654,0.8180075287818909,-0.013229010626673698,0.5594137907028198,0.7593258619308472,-0.028861619532108307,0.5188249349594116,0.7100433111190796,-0.044509079307317734,0.4795869290828705,0.6749511361122131,-0.06316156685352325,0.5528115630149841,0.6925342082977295,-0.059721123427152634,0.4919014573097229,0.6169478893280029,-0.09176955372095108,0.46386146545410156,0.5935059189796448,-0.10912097245454788,0.4398021697998047,0.5687856674194336,-0.12163753062486649,0.5972913503646851,0.6828762292861938,-0.07603217661380768,0.5545626878738403,0.5895620584487915,-0.10990474373102188,0.5305169224739075,0.5462945699691772,-0.12844493985176086,0.5109667778015137,0.5045639276504517,-0.14137360453605652,0.6495431065559387,0.6969510912895203,-0.0923650860786438,0.6295112371444702,0.6114974617958069,-0.13564345240592957,0.6133291721343994,0.5641524791717529,-0.15905624628067017,0.594611406326294,0.5117217898368835,-0.17355601489543915,0.7044577598571777,0.727271556854248,-0.10693198442459106,0.7264661192893982,0.6596468091011047,-0.14882268011569977,0.7432714700698853,0.6151272654533386,-0.16627521812915802,0.7522580623626709,0.568766176700592,-0.17727528512477875,THANK_YOU
THANK_YOU,0.714965283870697,0.8256763219833374,2.0271171763397433e-07,0.6385284662246704,0.818440854549408,-0.018052956089377403,0.5735340118408203,0.7618929147720337,-0.03451664745807648,0.5343751907348633,0.7126765847206116,-0.04972504824399948,0.49521908164024353,0.67451012134552,-0.06736540794372559,0.5878256559371948,0.7040328979492188,-0.06389692425727844,0.5301028490066528,0.6275030374526978,-0.09791331738233566,0.498107373714447,0.5931719541549683,-0.11662231385707855,0.46880829334259033,0.5620903968811035,-0.12964648008346558,0.6314502954483032,0.6952564716339111,-0.07809678465127945,0.5884374976158142,0.5994875431060791,-0.11380213499069214,0.5633599162101746,0.5478388667106628,-0.13410955667495728,0.5432769656181335,0.5000782012939453,-0.14800111949443817,0.6811848282814026,0.706157386302948,-0.09255287051200867,0.6620646119117737,0.6173537969589233,-0.13628913462162018,0.6464899182319641,0.5592988133430481,-0.16001206636428833,0.6298134922981262,0.49968329071998596,-0.17446677386760712,0.7331733107566833,0.731389582157135,-0.10585860908031464,0.7541350722312927,0.656693160533905,-0.14883023500442505,0.7713317275047302,0.6074538826942444,-0.16665911674499512,0.7817080020904541,0.5584753751754761,-0.17748558521270752,THANK_YOU
THANK_YOU,0.7321699857711792,0.826769232749939,2.158860326062495e-07,0.6533471345901489,0.8147356510162354,-0.02257448434829712,0.5860443115234375,0.7591198682785034,-0.03937271982431412,0.546980082988739,0.7091028094291687,-0.054672952741384506,0.5091251134872437,0.6690102815628052,-0.07188477367162704,0.6070051193237305,0.7033628821372986,-0.06018638238310814,0.5502132177352905,0.6244168877601624,-0.09483160078525543,0.5171483159065247,0.5873169898986816,-0.11475115269422531,0.48653358221054077,0.55612713098526,-0.1279090940952301,0.6547294855117798,0.6936402320861816,-0.07177325338125229,0.6191744208335876,0.5962665677070618,-0.10549651086330414,0.5969396829605103,0.5369426012039185,-0.12607567012310028,0.5785081386566162,0.48284465074539185,-0.14075133204460144,0.7068609595298767,0.7025435566902161,-0.08477691560983658,0.690078854560852,0.6104664206504822,-0.12593945860862732,0.6768435835838318,0.5474625825881958,-0.14889340102672577,0.6630322337150574,0.4853179156780243,-0.16322895884513855,0.7598801255226135,0.7253240942955017,-0.0975576788187027,0.7799116969108582,0.649030327796936,-0.1374407410621643,0.7973648905754089,0.5977320671081543,-0.15389329195022583,0.8090280890464783,0.5467888116836548,-0.16413870453834534,THANK_YOU
THANK_YOU,0.7441107034683228,0.8213657736778259,2.4401893483627646e-07,0.6686806082725525,0.8118184804916382,-0.026677554473280907,0.603117048740387,0.7598662972450256,-0.04703221842646599,0.5637946724891663,0.7119584083557129,-0.06535223126411438,0.5237518548965454,0.6726198196411133,-0.08557406067848206,0.6315598487854004,0.7015568614006042,-0.06977905333042145,0.5739977955818176,0.6236818432807922,-0.10996438562870026,0.540002167224884,0.5850028991699219,-0.13376246392726898,0.5074334740638733,0.5533217191696167,-0.1493775099515915,0.6775937676429749,0.6872879862785339,-0.08156248182058334,0.643568754196167,0.5901976227760315,-0.12024740129709244,0.6208176016807556,0.5273565649986267,-0.14397303760051727,0.6011897921562195,0.4710571765899658,-0.16080798208713531,0.7281740307807922,0.6940822601318359,-0.09489782899618149,0.7120996713638306,0.6023903489112854,-0.14081908762454987,0.7003213167190552,0.5379531979560852,-0.16596536338329315,0.6874818801879883,0.4756035804748535,-0.18161258101463318,0.7799870371818542,0.717065691947937,-0.1082749143242836,0.8040812015533447,0.6420101523399353,-0.15325063467025757,0.8232134580612183,0.5900723934173584,-0.17208993434906006,0.8366199135780334,0.5400340557098389,-0.1837107092142105,THANK_YOU
THANK_YOU,0.7593611478805542,0.824083149433136,7.430514159523227e-08,0.680633544921875,0.8114590048789978,-0.025154199451208115,0.6170814037322998,0.759670615196228,-0.0447721965610981,0.5796691179275513,0.7117595672607422,-0.06344421207904816,0.5397393703460693,0.6741992235183716,-0.0840504914522171,0.6494916677474976,0.6974681615829468,-0.05815696343779564,0.601207435131073,0.616644561290741,-0.0956326350569725,0.5690448880195618,0.5799392461776733,-0.11908618360757828,0.5380788445472717,0.5485303997993469,-0.13389568030834198,0.6966984868049622,0.6818096041679382,-0.06877610832452774,0.6677886247634888,0.581606924533844,-0.1016727015376091,0.6489267945289612,0.5188401937484741,-0.12275462597608566,0.6324499845504761,0.4601743817329407,-0.13885380327701569,0.7473249435424805,0.6868237257003784,-0.08164335042238235,0.737579882144928,0.589677095413208,-0.12086166441440582,0.7300607562065125,0.5273441076278687,-0.14160391688346863,0.7200635671615601,0.4669102430343628,-0.1548805832862854,0.7987915873527527,0.7075851559638977,-0.09515012055635452,0.8230758905410767,0.6282379627227783,-0.13084308803081512,0.8440814018249512,0.576716423034668,-0.14514410495758057,0.8587844967842102,0.5264753699302673,-0.1547725349664688,THANK_YOU
THANK_YOU,0.774025022983551,0.8263125419616699,1.1437050773110968e-07,0.6955036520957947,0.8137121200561523,-0.02823786996304989,0.633815586566925,0.7585821151733398,-0.04891996085643768,0.5965250730514526,0.7081594467163086,-0.06797577440738678,0.5556834936141968,0.6705909371376038,-0.08901490271091461,0.6699253916740417,0.6956691741943359,-0.05911974608898163,0.6260887980461121,0.614291250705719,-0.09458530694246292,0.5955126881599426,0.5703223347663879,-0.11683028191328049,0.567367672920227,0.5295100808143616,-0.13195458054542542,0.718735933303833,0.6790749430656433,-0.06848970055580139,0.6936601996421814,0.5767704248428345,-0.10089124739170074,0.6756566762924194,0.5099641680717468,-0.1223851814866066,0.6598212122917175,0.4462352991104126,-0.1392141580581665,0.7700115442276001,0.6829327940940857,-0.08011143654584885,0.7626336216926575,0.5817514061927795,-0.118096262216568,0.755820631980896,0.5172411203384399,-0.13853788375854492,0.746368408203125,0.4538326859474182,-0.1521727293729782,0.8220273852348328,0.7012762427330017,-0.0927523523569107,0.8473491668701172,0.619608461856842,-0.1272970587015152,0.8676947355270386,0.5660277605056763,-0.141449436545372,0.8819364309310913,0.512432336807251,-0.1514267921447754,THANK_YOU
THANK_YOU,0.7831501364707947,0.8309388160705566,1.0271553918528298e-07,0.7060893177986145,0.815003514289856,-0.028608078137040138,0.6471623182296753,0.7559571266174316,-0.04886160418391228,0.6091893911361694,0.7034664750099182,-0.0680132657289505,0.5682151913642883,0.6644694209098816,-0.08921095728874207,0.6882590055465698,0.6911632418632507,-0.05578668415546417,0.6467201709747314,0.6066929697990417,-0.09129302203655243,0.6165249347686768,0.5619534254074097,-0.11376199871301651,0.5874371528625488,0.5221380591392517,-0.1279989778995514,0.7369558215141296,0.6715750694274902,-0.06388188153505325,0.7156595587730408,0.5691646933555603,-0.09696578234434128,0.6984056830406189,0.4995170831680298,-0.11907835304737091,0.6830968260765076,0.4342074394226074,-0.1352190524339676,0.7886070609092712,0.6743437051773071,-0.07474054396152496,0.7851252555847168,0.5771569609642029,-0.1118869036436081,0.7801616787910461,0.5099617838859558,-0.13366320729255676,0.7739419341087341,0.4452158808708191,-0.14684617519378662,0.8388940095901489,0.6910668611526489,-0.086715929210186,0.8669678568840027,0.6075056791305542,-0.11683022975921631,0.8887467980384827,0.5566090941429138,-0.12986217439174652,0.9041978120803833,0.506588876247406,-0.13885891437530518,THANK_YOU
THANK_YOU,0.7831501364707947,0.8309388160705566,1.0271553918528298e-07,0.7060893177986145,0.815003514289856,-0.028608078137040138,0.6471623182296753,0.7559571266174316,-0.04886160418391228,0.6091893911361694,0.7034664750099182,-0.0680132657289505,0.5682151913642883,0.6644694209098816,-0.08921095728874207,0.6882590055465698,0.6911632418632507,-0.05578668415546417,0.6467201709747314,0.6066929697990417,-0.09129302203655243,0.6165249347686768,0.5619534254074097,-0.11376199871301651,0.5874371528625488,0.5221380591392517,-0.1279989778995514,0.7369558215141296,0.6715750694274902,-0.06388188153505325,0.7156595587730408,0.5691646933555603,-0.09696578234434128,0.6984056830406189,0.4995170831680298,-0.11907835304737091,0.6830968260765076,0.4342074394226074,-0.1352190524339676,0.7886070609092712,0.6743437051773071,-0.07474054396152496,0.7851252555847168,0.5771569609642029,-0.1118869036436081,0.7801616787910461,0.5099617838859558,-0.13366320729255676,0.7739419341087341,0.4452158808708191,-0.14684617519378662,0.8388940095901489,0.6910668611526489,-0.086715929210186,0.8669678568840027,0.6075056791305542,-0.11683022975921631,0.8887467980384827,0.5566090941429138,-0.12986217439174652,0.9041978120803833,0.506588876247406,-0.13885891437530518,THANK_YOU
THANK_YOU,0.7895392775535583,0.8317853212356567,1.20629849220677e-07,0.7157796621322632,0.8106629252433777,-0.033589303493499756,0.659092903137207,0.7528751492500305,-0.05963543429970741,0.6212641000747681,0.6997030973434448,-0.08386201411485672,0.5796626806259155,0.6568700671195984,-0.11023913323879242,0.7014479041099548,0.6827077865600586,-0.06572207063436508,0.6664488911628723,0.5951037406921387,-0.1053619459271431,0.6382833123207092,0.5473963022232056,-0.13005435466766357,0.6111712455749512,0.5053922533988953,-0.1451943963766098,0.7517327070236206,0.6638731360435486,-0.07213646918535233,0.7371620535850525,0.5577491521835327,-0.1087193563580513,0.7220740914344788,0.4870035648345947,-0.13218913972377777,0.7088513374328613,0.42272377014160156,-0.14915882050991058,0.803139328956604,0.6674737930297852,-0.08151492476463318,0.8054202795028687,0.5688711404800415,-0.12015065550804138,0.8010216355323792,0.5017131567001343,-0.1433364897966385,0.795179545879364,0.43782755732536316,-0.15747910737991333,0.8518131375312805,0.6852697730064392,-0.09230202436447144,0.8831968307495117,0.6020532250404358,-0.12255680561065674,0.9059110283851624,0.549369752407074,-0.13713940978050232,0.9218301177024841,0.4966995120048523,-0.1473863273859024,THANK_YOU
THANK_YOU,0.8097168803215027,0.8337973952293396,1.561338933697698e-07,0.7346075773239136,0.8085036277770996,-0.03594694659113884,0.6808956861495972,0.7477105259895325,-0.06058354675769806,0.6455002427101135,0.6909548044204712,-0.0827740728855133,0.6047990918159485,0.6477558612823486,-0.10665767639875412,0.7314298152923584,0.6731188297271729,-0.059902604669332504,0.7025314569473267,0.5862017869949341,-0.09583400934934616,0.6802078485488892,0.5323705077171326,-0.11942945420742035,0.6582039594650269,0.48253995180130005,-0.13472440838813782,0.7824551463127136,0.6549625396728516,-0.06417503952980042,0.7745925784111023,0.5472577810287476,-0.09817102551460266,0.765275776386261,0.4731353223323822,-0.12059210240840912,0.7570165395736694,0.4043477773666382,-0.13680166006088257,0.8317230939865112,0.6598275303840637,-0.07176294177770615,0.8362511396408081,0.5616298913955688,-0.1071530282497406,0.8355193138122559,0.49196678400039673,-0.12869086861610413,0.8343644142150879,0.42536213994026184,-0.14180807769298553,0.8777350187301636,0.6785590648651123,-0.08151743561029434,0.909533679485321,0.5972510576248169,-0.10845312476158142,0.932551383972168,0.5449008345603943,-0.12157901376485825,0.9505262970924377,0.4925912320613861,-0.1309068351984024,THANK_YOU
THANK_YOU,0.5203494429588318,0.7039766907691956,3.18917550146125e-08,0.501640260219574,0.6386275887489319,0.010153005830943584,0.46962475776672363,0.5890299081802368,0.009696715511381626,0.4524182677268982,0.5542434453964233,0.006183965131640434,0.45174074172973633,0.5211037397384644,-0.0005076611414551735,0.42870038747787476,0.5784643888473511,-0.018598925322294235,0.3797077238559723,0.5316557288169861,-0.033174779266119,0.3479650914669037,0.5024020075798035,-0.0406675785779953,0.3225095570087433,0.4787295460700989,-0.046879980713129044,0.4243372976779938,0.6023948788642883,-0.03567417338490486,0.36560797691345215,0.5555002689361572,-0.051799580454826355,0.3283208906650543,0.520783543586731,-0.06246086210012436,0.29779893159866333,0.49154558777809143,-0.07108384370803833,0.42639610171318054,0.643608808517456,-0.05063994601368904,0.3698081970214844,0.6045044660568237,-0.06998991221189499,0.3399946093559265,0.5720437169075012,-0.08465638011693954,0.31511062383651733,0.539177656173706,-0.09582818299531937,0.43337517976760864,0.6941224336624146,-0.0630936250090599,0.4011663794517517,0.6877781748771667,-0.08681948482990265,0.38245123624801636,0.6764237880706787,-0.09950219839811325,0.36342495679855347,0.6632339954376221,-0.1080106869339943,THANK_YOU
THANK_YOU,0.6512176990509033,0.8532945513725281,2.1052143495126074e-07,0.5814856290817261,0.8483669757843018,-0.022432975471019745,0.5167906880378723,0.7917425632476807,-0.039879247546195984,0.47730615735054016,0.744856595993042,-0.05545384809374809,0.4379498064517975,0.7136248350143433,-0.07380601018667221,0.5266075730323792,0.7057506442070007,-0.06253008544445038,0.4720510244369507,0.6379830241203308,-0.09953369200229645,0.43861454725265503,0.6088029146194458,-0.12233442068099976,0.4062831401824951,0.5845843553543091,-0.13807138800621033,0.5727208256721497,0.6939984560012817,-0.07606644183397293,0.5411010384559631,0.5974696278572083,-0.1099579706788063,0.5227013826370239,0.5465315580368042,-0.1301249861717224,0.5076022148132324,0.5002522468566895,-0.14448024332523346,0.6238205432891846,0.7118703126907349,-0.09131115674972534,0.6157963275909424,0.6198201179504395,-0.13463591039180756,0.6061115264892578,0.5644670724868774,-0.15838845074176788,0.593695878982544,0.5071364641189575,-0.173371821641922,0.6767916679382324,0.749252200126648,-0.10613425821065903,0.7037036418914795,0.6746066808700562,-0.15215067565441132,0.7246809005737305,0.6265127062797546,-0.1712428331375122,0.7385709285736084,0.5778887867927551,-0.18263185024261475,THANK_YOU
THANK_YOU,0.6759281158447266,0.8519676923751831,1.4587203622795641e-07,0.6025622487068176,0.8454813361167908,-0.023397469893097878,0.5400780439376831,0.7889971137046814,-0.041403740644454956,0.5036267042160034,0.7400383353233337,-0.05793843790888786,0.465036541223526,0.7116727232933044,-0.07726173847913742,0.5622892379760742,0.7181334495544434,-0.06269750744104385,0.5103882551193237,0.6401991248130798,-0.0966913029551506,0.47958889603614807,0.6005871295928955,-0.11712411046028137,0.45163196325302124,0.5645110607147217,-0.13129520416259766,0.6071534752845764,0.705805242061615,-0.0739792212843895,0.577140212059021,0.6068628430366516,-0.10576777905225754,0.5578600168228149,0.5469388365745544,-0.12489248812198639,0.5418592095375061,0.4931456446647644,-0.1393805295228958,0.6568669676780701,0.7155317068099976,-0.08674072474241257,0.6491250991821289,0.6206740736961365,-0.1246141865849495,0.6410861611366272,0.557598888874054,-0.14672334492206573,0.6316852569580078,0.49765250086784363,-0.16155090928077698,0.7073881030082703,0.7404151558876038,-0.09970507025718689,0.7352756261825562,0.6637915372848511,-0.1368054747581482,0.7558784484863281,0.6124692559242249,-0.15373195707798004,0.7697896957397461,0.5614041686058044,-0.16536173224449158,THANK_YOU
THANK_YOU,0.6943608522415161,0.8554121851921082,3.018904806140199e-07,0.6226888298988342,0.8428956866264343,-0.024947993457317352,0.5594208240509033,0.7865309119224548,-0.041419632732868195,0.5215351581573486,0.7357585430145264,-0.05600281432271004,0.4820384681224823,0.7008799314498901,-0.07219250500202179,0.5907303094863892,0.7160758972167969,-0.055706240236759186,0.54500412940979,0.6366341710090637,-0.08975977450609207,0.5140372514724731,0.5938318371772766,-0.11086549609899521,0.4836649000644684,0.5578774213790894,-0.12571576237678528,0.6375160813331604,0.6991825699806213,-0.06688778102397919,0.6123188138008118,0.6002943515777588,-0.09950513392686844,0.5924423933029175,0.5356467962265015,-0.1217779591679573,0.5738075375556946,0.4772545099258423,-0.13788050413131714,0.6869454979896545,0.7057090997695923,-0.07994183897972107,0.6792522668838501,0.610450267791748,-0.1203138679265976,0.6709588766098022,0.5431005358695984,-0.14430277049541473,0.6599761247634888,0.4776001274585724,-0.15966734290122986,0.7367936968803406,0.7298048138618469,-0.0932055339217186,0.766609787940979,0.6590754389762878,-0.13463571667671204,0.7852158546447754,0.6084446310997009,-0.15246376395225525,0.797944962978363,0.5599145889282227,-0.1633661985397339,THANK_YOU
THANK_YOU,0.71368408203125,0.8425185084342957,1.651272611979948e-07,0.6402405500411987,0.8329758644104004,-0.026152102276682854,0.5786459445953369,0.7805951833724976,-0.044616419821977615,0.5403923988342285,0.7297897934913635,-0.06151372194290161,0.499935120344162,0.6923046708106995,-0.08022736012935638,0.6129259467124939,0.7113808393478394,-0.05376110598444939,0.5715391039848328,0.6278539896011353,-0.08745179325342178,0.5438612103462219,0.58519446849823,-0.10887248069047928,0.5171430110931396,0.5494962930679321,-0.12292815744876862,0.660496175289154,0.6950592994689941,-0.06347036361694336,0.6380782723426819,0.5896771550178528,-0.09298721700906754,0.6221888065338135,0.5229777693748474,-0.11318565160036087,0.6067988872528076,0.4632262587547302,-0.12842333316802979,0.7093179225921631,0.7001628279685974,-0.07554324716329575,0.7052844166755676,0.6013913750648499,-0.11196780204772949,0.7013964653015137,0.5339723825454712,-0.13316747546195984,0.6939275860786438,0.4708573818206787,-0.1470203697681427,0.7578768730163574,0.7204576134681702,-0.08825796842575073,0.7874560356140137,0.646881103515625,-0.12275334447622299,0.8088905215263367,0.5951371788978577,-0.1369064450263977,0.8226512670516968,0.544887900352478,-0.1463102400302887,THANK_YOU
THANK_YOU,0.7228804230690002,0.8406926393508911,7.321177264429934e-08,0.6472732424736023,0.8249717354774475,-0.028852276504039764,0.5867294669151306,0.7705826759338379,-0.04955782741308212,0.5497485995292664,0.7211567163467407,-0.06895183771848679,0.5106829404830933,0.6819033026695251,-0.09048055857419968,0.6309491991996765,0.7025290131568909,-0.055739205330610275,0.5913910269737244,0.6172963380813599,-0.09269009530544281,0.562841534614563,0.5747561454772949,-0.11761406809091568,0.5352164506912231,0.5360321998596191,-0.1341126561164856,0.6789119839668274,0.6888747811317444,-0.06507542729377747,0.6598858833312988,0.5832554697990417,-0.0967240110039711,0.646005392074585,0.5158361792564392,-0.11886624991893768,0.6334409713745117,0.45202749967575073,-0.13633771240711212,0.7278479337692261,0.696603536605835,-0.07727517932653427,0.727384090423584,0.5980640053749084,-0.11360838264226913,0.7257294654846191,0.533566951751709,-0.13324439525604248,0.720352053642273,0.4697273373603821,-0.14662712812423706,0.7764619588851929,0.7194453477859497,-0.09092160314321518,0.8052634000778198,0.6452410817146301,-0.12257155030965805,0.8274924159049988,0.5948519706726074,-0.13448527455329895,0.8421250581741333,0.5433631539344788,-0.14335809648036957,THANK_YOU
THANK_YOU,0.7314537167549133,0.835281491279602,1.1106822483952783e-07,0.6561682224273682,0.8228728175163269,-0.035397037863731384,0.5982235670089722,0.7699072957038879,-0.0613335557281971,0.5629751682281494,0.7182679176330566,-0.08484962582588196,0.5223978757858276,0.6732481718063354,-0.11065713316202164,0.640465497970581,0.699041485786438,-0.06883402913808823,0.6066120862960815,0.6129603385925293,-0.11089453846216202,0.5786677002906799,0.5698243975639343,-0.1381291002035141,0.5512689352035522,0.5294996500015259,-0.15570925176143646,0.6891747713088989,0.6859957575798035,-0.07625755667686462,0.6735481023788452,0.5819429159164429,-0.11417075991630554,0.6606506705284119,0.5140100121498108,-0.1387847512960434,0.6498422622680664,0.4487978518009186,-0.1574941724538803,0.7384885549545288,0.6950303912162781,-0.0867861732840538,0.741158664226532,0.5991712808609009,-0.12870168685913086,0.740420401096344,0.5354247689247131,-0.15060938894748688,0.7369755506515503,0.4704970121383667,-0.16474632918834686,0.7862573266029358,0.7178937196731567,-0.09895194321870804,0.8162966966629028,0.6429321765899658,-0.13495852053165436,0.8404363393783569,0.5918049812316895,-0.1497575044631958,0.858238697052002,0.5381669998168945,-0.16026651859283447,THANK_YOU
THANK_YOU,0.5197769999504089,0.6901474595069885,3.755417878892331e-07,0.4929109215736389,0.6517243981361389,0.005187733564525843,0.45935776829719543,0.6149358749389648,0.001729941344819963,0.4404124319553375,0.5843054056167603,-0.004223168827593327,0.4321015179157257,0.5536303520202637,-0.012184696272015572,0.4402221441268921,0.6046911478042603,-0.010450193658471107,0.40158846974372864,0.5663785934448242,-0.028580065816640854,0.37222662568092346,0.5319058895111084,-0.043079815804958344,0.34773480892181396,0.5023179054260254,-0.05293934419751167,0.4386603832244873,0.6173027753829956,-0.02245645597577095,0.39257311820983887,0.5777000188827515,-0.0389837771654129,0.35969048738479614,0.5413038730621338,-0.053489625453948975,0.3303925693035126,0.5065735578536987,-0.06426670402288437,0.43791428208351135,0.6376698017120361,-0.033429667353630066,0.3953310251235962,0.5962743759155273,-0.049083221703767776,0.36622360348701477,0.5611625909805298,-0.059892646968364716,0.34190940856933594,0.5306214094161987,-0.0672721192240715,0.4386107921600342,0.6656157970428467,-0.04335135966539383,0.413213849067688,0.6315046548843384,-0.05682911351323128,0.3944603204727173,0.6055371761322021,-0.0628807470202446,0.3769786059856415,0.581894040107727,-0.0669625848531723,THANK_YOU
THANK_YOU,0.5945368409156799,0.8455076813697815,2.154691003397602e-07,0.5197926163673401,0.8464226126670837,-0.018114237114787102,0.4584960639476776,0.8051660656929016,-0.036748889833688736,0.42341092228889465,0.7653459906578064,-0.05528442934155464,0.38696035742759705,0.733445942401886,-0.07605830579996109,0.4359414577484131,0.724066972732544,-0.059017982333898544,0.37672510743141174,0.6562199592590332,-0.09792157262563705,0.33812493085861206,0.6275807023048401,-0.12190445512533188,0.29961681365966797,0.6038691997528076,-0.13820022344589233,0.4715907871723175,0.709587812423706,-0.07505190372467041,0.42066091299057007,0.6178151369094849,-0.11265554279088974,0.3864154517650604,0.5635914206504822,-0.13627859950065613,0.35697028040885925,0.5140700340270996,-0.15310418605804443,0.5166758298873901,0.7157992124557495,-0.09240080416202545,0.4830785095691681,0.6254894137382507,-0.13615956902503967,0.45827093720436096,0.5670197010040283,-0.16320323944091797,0.4333101212978363,0.5110678672790527,-0.18136604130268097,0.5670878887176514,0.7376709580421448,-0.10919055342674255,0.5814501047134399,0.6619052886962891,-0.15342000126838684,0.58986496925354,0.6081697940826416,-0.17567992210388184,0.5923019647598267,0.5564173460006714,-0.19057239592075348,THANK_YOU
THANK_YOU,0.6200114488601685,0.8487243056297302,1.7326117074389913e-07,0.5408510565757751,0.8494688868522644,-0.01759115420281887,0.47360748052597046,0.8029629588127136,-0.035667188465595245,0.433942973613739,0.7593881487846375,-0.05384191498160362,0.39773330092430115,0.719455361366272,-0.07403213530778885,0.4547352194786072,0.7239463925361633,-0.05661569535732269,0.3926162123680115,0.6527990102767944,-0.0923197790980339,0.35763823986053467,0.6273065805435181,-0.11392650008201599,0.32213860750198364,0.6027763485908508,-0.12872643768787384,0.4936051666736603,0.7093923091888428,-0.0722653716802597,0.4406234920024872,0.6124877333641052,-0.10827791690826416,0.40819674730300903,0.5605967044830322,-0.13020694255828857,0.37950730323791504,0.5125188827514648,-0.1454951912164688,0.541342556476593,0.7149874567985535,-0.08910604566335678,0.5083538889884949,0.6255560517311096,-0.13226789236068726,0.4863134026527405,0.5706220269203186,-0.15753556787967682,0.4626501798629761,0.5155287384986877,-0.17385798692703247,0.5942761301994324,0.7350174784660339,-0.10528958588838577,0.605829119682312,0.6578676700592041,-0.14670886099338531,0.6170798540115356,0.6050564050674438,-0.16572296619415283,0.6221083998680115,0.5530316829681396,-0.17827002704143524,THANK_YOU
THANK_YOU,0.6220916509628296,0.8423865437507629,1.763793591180729e-07,0.5473385453224182,0.8456032276153564,-0.016999024897813797,0.4828397035598755,0.7948178052902222,-0.03645718842744827,0.44218823313713074,0.7498469352722168,-0.0560024231672287,0.40306514501571655,0.7162606716156006,-0.07879627496004105,0.4684135913848877,0.715941309928894,-0.06267606467008591,0.41139253973960876,0.6367587447166443,-0.09783004224300385,0.3823104500770569,0.6067459583282471,-0.11768747121095657,0.3530648350715637,0.5761686563491821,-0.13113732635974884,0.5098129510879517,0.7006139755249023,-0.07831840962171555,0.46077960729599,0.6029752492904663,-0.11396407335996628,0.43235212564468384,0.5517876148223877,-0.13459600508213043,0.4066592752933502,0.5020762085914612,-0.14888876676559448,0.559471607208252,0.7066928744316101,-0.09445428848266602,0.5312781929969788,0.6133698225021362,-0.13773870468139648,0.5109301805496216,0.5557019114494324,-0.1624242514371872,0.48902687430381775,0.4958285689353943,-0.17804498970508575,0.6122885346412659,0.7265308499336243,-0.10936013609170914,0.6285710334777832,0.6488792300224304,-0.14924927055835724,0.6417664289474487,0.5972848534584045,-0.1666191965341568,0.6484371423721313,0.5453187227249146,-0.17805097997188568,THANK_YOU
THANK_YOU,0.6387309432029724,0.842353343963623,1.6493949317464285e-07,0.5635215640068054,0.8400344252586365,-0.01807151362299919,0.49876219034194946,0.7893789410591125,-0.033604416996240616,0.45848917961120605,0.7435706257820129,-0.048440802842378616,0.41753843426704407,0.7122112512588501,-0.06478869915008545,0.49152708053588867,0.70538330078125,-0.05149691551923752,0.4330024719238281,0.6315844058990479,-0.084670290350914,0.3966083526611328,0.6027069687843323,-0.10492272675037384,0.35955560207366943,0.5782829523086548,-0.11859571188688278,0.5310903787612915,0.6919496059417725,-0.0654226616024971,0.48377829790115356,0.5940495133399963,-0.09698580950498581,0.4538929760456085,0.539490818977356,-0.11723864078521729,0.4279095530509949,0.49032318592071533,-0.13121657073497772,0.5786919593811035,0.7002505660057068,-0.08070903271436691,0.5514014959335327,0.6065039038658142,-0.11955411732196808,0.5312667489051819,0.5470014810562134,-0.14260157942771912,0.5106363296508789,0.4887658953666687,-0.15723085403442383,0.6304489374160767,0.7241643667221069,-0.09558311849832535,0.6473709344863892,0.6468042731285095,-0.13359743356704712,0.6601371169090271,0.5913011431694031,-0.15038278698921204,0.6673710346221924,0.5366042852401733,-0.1609422266483307,THANK_YOU
THANK_YOU,0.6508528590202332,0.8365924954414368,2.1007944894790853e-07,0.578835129737854,0.8372668027877808,-0.02036435343325138,0.5132598876953125,0.788388729095459,-0.03727193549275398,0.4731902480125427,0.7418661117553711,-0.052908703684806824,0.4336071014404297,0.7117284536361694,-0.0707368478178978,0.5104572176933289,0.7018265724182129,-0.05779140442609787,0.45164012908935547,0.6276353597640991,-0.09192332625389099,0.4163018465042114,0.5937633514404297,-0.11248568445444107,0.38081854581832886,0.5636847615242004,-0.12665686011314392,0.551364541053772,0.6864437460899353,-0.0712212547659874,0.5049974918365479,0.5845186114311218,-0.10371541231870651,0.47577258944511414,0.5272322297096252,-0.12467841804027557,0.449900358915329,0.4751583933830261,-0.13925457000732422,0.6002963185310364,0.6937459111213684,-0.08577603101730347,0.5752838850021362,0.5965138077735901,-0.12497732788324356,0.5575597286224365,0.5347669124603271,-0.14840589463710785,0.5388873815536499,0.47398611903190613,-0.1633598506450653,0.6528300046920776,0.7163668870925903,-0.10002218186855316,0.6699653267860413,0.636885941028595,-0.1385059505701065,0.6834455132484436,0.5828344225883484,-0.1552358865737915,0.691210925579071,0.5295870304107666,-0.16565446555614471,THANK_YOU
THANK_YOU,0.6685675978660583,0.8312758803367615,1.4135110859569977e-07,0.5929227471351624,0.8295688033103943,-0.019677696749567986,0.5268123745918274,0.7788318395614624,-0.03619689121842384,0.487429141998291,0.7319360375404358,-0.05185047164559364,0.44689202308654785,0.7044165730476379,-0.0695679783821106,0.5290083289146423,0.6951037645339966,-0.054473984986543655,0.4730941951274872,0.6213254928588867,-0.08911202102899551,0.43820759654045105,0.5870859026908875,-0.10992337018251419,0.40418490767478943,0.5569969415664673,-0.12375262379646301,0.5712141394615173,0.6780077815055847,-0.06787817180156708,0.5282084941864014,0.5756545662879944,-0.10020380467176437,0.5043150186538696,0.5157917141914368,-0.120510995388031,0.48481613397598267,0.46108299493789673,-0.13459929823875427,0.6202266812324524,0.6830583810806274,-0.08270251750946045,0.596911609172821,0.5885522365570068,-0.12156327813863754,0.580603837966919,0.5253815650939941,-0.14430071413516998,0.5632844567298889,0.4639691114425659,-0.15863460302352905,0.6724664568901062,0.7032576203346252,-0.09735281765460968,0.6890240907669067,0.6263651251792908,-0.13368093967437744,0.7033522129058838,0.5732746720314026,-0.14920629560947418,0.711887001991272,0.5217082500457764,-0.1591806560754776,THANK_YOU
THANK_YOU,0.6833798289299011,0.837029218673706,2.0211420803661895e-07,0.6081202030181885,0.831462025642395,-0.02053549513220787,0.5436716675758362,0.7786135673522949,-0.03691321238875389,0.5061460137367249,0.7264075875282288,-0.052262868732213974,0.4646793007850647,0.6960257887840271,-0.06945572793483734,0.550056517124176,0.6917315721511841,-0.05244580656290054,0.4960082471370697,0.6159149408340454,-0.08697345852851868,0.4617730379104614,0.5785058736801147,-0.1088898777961731,0.42748314142227173,0.5480292439460754,-0.124024897813797,0.5917138457298279,0.6722121238708496,-0.06586780399084091,0.5508120656013489,0.5696955323219299,-0.0984899252653122,0.5248159170150757,0.5078988075256348,-0.12072370201349258,0.5015643835067749,0.45268890261650085,-0.1365397870540619,0.6399736404418945,0.6759112477302551,-0.08108069002628326,0.6166583299636841,0.580224335193634,-0.12052659690380096,0.5996936559677124,0.5149998664855957,-0.1455429345369339,0.5820741057395935,0.45345640182495117,-0.16181661188602448,0.6916258335113525,0.6965338587760925,-0.09624579548835754,0.7099038362503052,0.61671382188797,-0.1353597790002823,0.7254815697669983,0.5615569949150085,-0.15390484035015106,0.7352527976036072,0.5088149905204773,-0.16593240201473236,THANK_YOU
THANK_YOU,0.6959322690963745,0.8341931104660034,2.592579448901233e-07,0.6212639808654785,0.825788140296936,-0.02440289594233036,0.5573804974555969,0.7761023640632629,-0.04405124485492706,0.5181929469108582,0.7274990677833557,-0.06232675909996033,0.4779009222984314,0.6936323046684265,-0.08232973515987396,0.571040153503418,0.6904811263084412,-0.0576445646584034,0.5154603123664856,0.6118345856666565,-0.09499216079711914,0.4802500307559967,0.5709075927734375,-0.11836531013250351,0.4462803304195404,0.537379264831543,-0.13411279022693634,0.612890362739563,0.6704474687576294,-0.06956911832094193,0.571013331413269,0.5649385452270508,-0.10503920167684555,0.5453766584396362,0.4995930790901184,-0.1279648244380951,0.5220020413398743,0.44046467542648315,-0.1439456194639206,0.6608878374099731,0.6730214953422546,-0.08349991589784622,0.6374208927154541,0.57609623670578,-0.12405969202518463,0.6222180724143982,0.5105990171432495,-0.1472289264202118,0.6057034134864807,0.4474746584892273,-0.16194023191928864,0.7122674584388733,0.6913375854492188,-0.09790553897619247,0.7296110391616821,0.6119982004165649,-0.13656049966812134,0.745694637298584,0.5570940971374512,-0.15335972607135773,0.7559310793876648,0.5041487812995911,-0.16396701335906982,THANK_YOU
THANK_YOU,0.7087897658348083,0.8355634212493896,2.515805590519449e-07,0.6299432516098022,0.8249161839485168,-0.022183774039149284,0.5656229257583618,0.7704064846038818,-0.03800138458609581,0.5266802310943604,0.7188619375228882,-0.052693650126457214,0.4866566061973572,0.6862360835075378,-0.06911815702915192,0.58744215965271,0.6839116215705872,-0.048014890402555466,0.5333071351051331,0.6047590374946594,-0.08056247234344482,0.4988584518432617,0.5621560215950012,-0.10153475403785706,0.46618759632110596,0.5269405245780945,-0.1160605251789093,0.6303718090057373,0.6654200553894043,-0.05912129580974579,0.5930458903312683,0.5611453652381897,-0.09013467282056808,0.5690747499465942,0.4961825907230377,-0.11176241934299469,0.5478448867797852,0.4376293420791626,-0.12718184292316437,0.6789413094520569,0.6689620018005371,-0.072398342192173,0.6582158803939819,0.5707255005836487,-0.10926003009080887,0.6437532305717468,0.5048789978027344,-0.1318821907043457,0.6295770406723022,0.4408963918685913,-0.14645394682884216,0.7310633659362793,0.6875555515289307,-0.08608901500701904,0.7489481568336487,0.6073629260063171,-0.12150011211633682,0.7644367218017578,0.5518707036972046,-0.13760170340538025,0.7748883962631226,0.4973369836807251,-0.1480524241924286,THANK_YOU
THANK_YOU,0.7184496521949768,0.8317307829856873,2.310034545871531e-07,0.6416364312171936,0.8217717409133911,-0.026175688952207565,0.5783155560493469,0.7686107158660889,-0.044439636170864105,0.5399253368377686,0.7150047421455383,-0.06083475053310394,0.498911052942276,0.6802464723587036,-0.07869213074445724,0.6025670170783997,0.6814882755279541,-0.05222319811582565,0.5505284070968628,0.6001390218734741,-0.08626094460487366,0.516112744808197,0.5576238036155701,-0.10831896960735321,0.4830554127693176,0.5226132273674011,-0.12329364567995071,0.6459088325500488,0.6619901061058044,-0.061493512243032455,0.6098026037216187,0.5563236474990845,-0.09238641709089279,0.5873894691467285,0.49007153511047363,-0.11381301283836365,0.5674136281013489,0.43004798889160156,-0.12947161495685577,0.6945637464523315,0.6653510332107544,-0.07326190173625946,0.6747531294822693,0.5667212605476379,-0.10915623605251312,0.6609182357788086,0.5005255937576294,-0.13090164959430695,0.6474501490592957,0.436298668384552,-0.1452099233865738,0.7469093799591064,0.6834084391593933,-0.08595750480890274,0.7652938365936279,0.603981614112854,-0.1198926493525505,0.779795229434967,0.5479969382286072,-0.1354568600654602,0.7892032265663147,0.4924030303955078,-0.14585483074188232,THANK_YOU
THANK_YOU,0.729861319065094,0.8297008275985718,2.356921413593227e-07,0.6526657342910767,0.8198508024215698,-0.02392345480620861,0.5894015431404114,0.7655267715454102,-0.04216233640909195,0.5505517721176147,0.7135201096534729,-0.05899089202284813,0.5092572569847107,0.6781538128852844,-0.07793307304382324,0.6138796210289001,0.677059531211853,-0.05258215218782425,0.5634744763374329,0.5930145382881165,-0.08585458993911743,0.5312563180923462,0.5482498407363892,-0.10659562051296234,0.5002375245094299,0.5112723112106323,-0.1201954185962677,0.6595091819763184,0.6578251719474792,-0.06282293051481247,0.6257622241973877,0.5518717765808105,-0.093685083091259,0.6038523316383362,0.4854699671268463,-0.11539264768362045,0.5843410491943359,0.42466437816619873,-0.13092230260372162,0.7094212770462036,0.6619239449501038,-0.07522004842758179,0.6925660967826843,0.5632065534591675,-0.11125203967094421,0.6791672706604004,0.4934762418270111,-0.13520920276641846,0.6665143370628357,0.42557936906814575,-0.15088912844657898,0.7605975270271301,0.6808391809463501,-0.08795677870512009,0.781596302986145,0.602064847946167,-0.12172353267669678,0.7978838682174683,0.5466004610061646,-0.1384269744157791,0.8090505003929138,0.48998743295669556,-0.14964288473129272,THANK_YOU
THANK_YOU,0.7402452826499939,0.8316817283630371,1.7462022583458747e-07,0.6625505089759827,0.8169411420822144,-0.023294206708669662,0.5983138084411621,0.7609201073646545,-0.04172942414879799,0.5588727593421936,0.7097963690757751,-0.05942610651254654,0.5188952088356018,0.674259603023529,-0.0795462355017662,0.6281677484512329,0.6758740544319153,-0.05185934156179428,0.5793176889419556,0.5916460156440735,-0.08595007658004761,0.5474422574043274,0.5445618629455566,-0.10749659687280655,0.5177538394927979,0.5039767622947693,-0.12181063741445541,0.6737080216407776,0.656528890132904,-0.0629347711801529,0.6422551870346069,0.5485326647758484,-0.09524267911911011,0.6215043067932129,0.4811655282974243,-0.11752939224243164,0.6037409901618958,0.4197194278240204,-0.13344287872314453,0.72393399477005,0.6604991555213928,-0.07613842934370041,0.7069412469863892,0.5595483183860779,-0.11250051110982895,0.6935877799987793,0.4895302355289459,-0.13590405881404877,0.6818115711212158,0.42215585708618164,-0.15119394659996033,0.7749314308166504,0.6800464391708374,-0.08984104543924332,0.7947661280632019,0.6016433238983154,-0.12234342098236084,0.8111542463302612,0.5472610592842102,-0.13791483640670776,0.8231267929077148,0.4928261637687683,-0.1485905945301056,THANK_YOU
THANK_YOU,0.7477844953536987,0.8297619819641113,9.189092509132024e-08,0.6700543761253357,0.8159270882606506,-0.03208573907613754,0.60918128490448,0.7599809169769287,-0.057419825345277786,0.571870744228363,0.7080814838409424,-0.08125782757997513,0.5308095812797546,0.666618824005127,-0.10745410621166229,0.6372071504592896,0.6751043200492859,-0.06490285694599152,0.5909837484359741,0.5877804756164551,-0.10564535856246948,0.5585809946060181,0.5404990315437317,-0.13131678104400635,0.5281991958618164,0.5008364915847778,-0.1473422646522522,0.6839572191238403,0.6536884903907776,-0.0728507936000824,0.6567926406860352,0.5436131954193115,-0.11092963069677353,0.6351174116134644,0.4728562533855438,-0.13552671670913696,0.6160855293273926,0.4099631905555725,-0.1532077193260193,0.7344126105308533,0.6557932496070862,-0.08366020023822784,0.7247321605682373,0.5560256838798523,-0.1240798607468605,0.7134471535682678,0.4899807274341583,-0.14821158349514008,0.702053427696228,0.4261207580566406,-0.16338485479354858,0.7845355868339539,0.6739704608917236,-0.09580280631780624,0.8079126477241516,0.5925655961036682,-0.12857769429683685,0.8247012495994568,0.5400055646896362,-0.14414218068122864,0.8358120322227478,0.4871184229850769,-0.15516848862171173,THANK_YOU
THANK_YOU,0.7544538974761963,0.8261928558349609,1.2928784087762324e-07,0.6792322397232056,0.812143087387085,-0.029523123055696487,0.6191809177398682,0.7577412128448486,-0.051949772983789444,0.5812397599220276,0.7054705619812012,-0.0733819529414177,0.5373435616493225,0.6659421920776367,-0.0970567986369133,0.6492047905921936,0.6721458435058594,-0.05676155537366867,0.6040282845497131,0.5866947770118713,-0.09372200816869736,0.5730745196342468,0.5388736724853516,-0.11738868057727814,0.5442062616348267,0.49612051248550415,-0.13297216594219208,0.6961772441864014,0.650745153427124,-0.06575971096754074,0.6696440577507019,0.5414312481880188,-0.10137837380170822,0.6505799889564514,0.4709245562553406,-0.12483540922403336,0.633283793926239,0.40604281425476074,-0.14173994958400726,0.7462379336357117,0.6532468795776367,-0.07774969190359116,0.7364867329597473,0.5531405210494995,-0.11731306463479996,0.7267583012580872,0.4846925437450409,-0.1408020555973053,0.7163985371589661,0.41847431659698486,-0.15542981028556824,0.7961931228637695,0.6708089113235474,-0.090939462184906,0.8192846179008484,0.5896914601325989,-0.12389378249645233,0.8378396034240723,0.5365368127822876,-0.13932065665721893,0.8506200313568115,0.4838540554046631,-0.15007436275482178,THANK_YOU
THANK_YOU,0.7615964412689209,0.8246660232543945,1.1431562541019957e-07,0.6848979592323303,0.8133953213691711,-0.03694840148091316,0.6246774792671204,0.758484423160553,-0.06546929478645325,0.5865013599395752,0.7068132162094116,-0.09185238182544708,0.5416273474693298,0.6641787886619568,-0.12077362090349197,0.6558164358139038,0.6731678247451782,-0.07364953309297562,0.6147799491882324,0.5864932537078857,-0.1167730838060379,0.5846606492996216,0.5388983488082886,-0.143551304936409,0.555605947971344,0.49610835313796997,-0.16099083423614502,0.7044403553009033,0.6527580618858337,-0.08070633560419083,0.6817259192466736,0.5470108389854431,-0.12279059737920761,0.662071168422699,0.4787505865097046,-0.14943672716617584,0.6442067623138428,0.4149426817893982,-0.16897182166576385,0.7549930214881897,0.655308723449707,-0.0909014642238617,0.746624231338501,0.5560066103935242,-0.1356828510761261,0.7358925938606262,0.4895341396331787,-0.16203555464744568,0.7242372035980225,0.4243229925632477,-0.17888979613780975,0.8044714331626892,0.6734920144081116,-0.10261411219835281,0.8292966485023499,0.5895758867263794,-0.13874728977680206,0.8480195999145508,0.5371249318122864,-0.1569480001926422,0.860630989074707,0.4847530722618103,-0.17039446532726288,THANK_YOU
THANK_YOU,0.7657225131988525,0.8242806196212769,2.238308098867492e-07,0.6914525628089905,0.8139679431915283,-0.03778325021266937,0.6313711404800415,0.7604662179946899,-0.06595547497272491,0.5932672023773193,0.707124650478363,-0.09141821414232254,0.5494058132171631,0.6665381789207458,-0.11963961273431778,0.6639247536659241,0.6764549612998962,-0.07566968351602554,0.6239349842071533,0.591004490852356,-0.11790210008621216,0.5959319472312927,0.5400302410125732,-0.14410333335399628,0.5700834393501282,0.4923953711986542,-0.1617015153169632,0.7131025791168213,0.654986560344696,-0.08228148519992828,0.6909524202346802,0.5465558767318726,-0.12370220571756363,0.673713207244873,0.4750500023365021,-0.15000106394290924,0.6584324240684509,0.4078284502029419,-0.16914238035678864,0.7638118863105774,0.6566088795661926,-0.09166581928730011,0.7554959058761597,0.5551810264587402,-0.13546600937843323,0.7454188466072083,0.48726755380630493,-0.16076554358005524,0.7355446815490723,0.4214678406715393,-0.17699158191680908,0.813474178314209,0.6740781664848328,-0.1027412861585617,0.837282657623291,0.5916192531585693,-0.1394137740135193,0.8564387559890747,0.5385011434555054,-0.15718746185302734,0.871699869632721,0.4862673580646515,-0.16979475319385529,THANK_YOU
THANK_YOU,0.7677764892578125,0.8261289000511169,2.204063633826081e-07,0.6936501264572144,0.8135985136032104,-0.03796660527586937,0.6337264776229858,0.7591837048530579,-0.0657813772559166,0.5950914025306702,0.704626202583313,-0.09082910418510437,0.5513181090354919,0.6614183783531189,-0.11839046329259872,0.6676217913627625,0.6743723154067993,-0.07327713817358017,0.6290733218193054,0.5898208022117615,-0.1146719679236412,0.6014907360076904,0.5395290851593018,-0.14050818979740143,0.575701117515564,0.4916518032550812,-0.15809749066829681,0.7173823118209839,0.6524723768234253,-0.0798780545592308,0.6960734128952026,0.5452122688293457,-0.12071925401687622,0.679161548614502,0.47444695234298706,-0.1471424251794815,0.6634249687194824,0.4067069888114929,-0.16637234389781952,0.7680387496948242,0.6543042659759521,-0.08938281238079071,0.760992705821991,0.5530364513397217,-0.1331995576620102,0.75239098072052,0.48481273651123047,-0.15859872102737427,0.7429777383804321,0.4176294803619385,-0.17484374344348907,0.8171868920326233,0.6720253229141235,-0.10058941692113876,0.8411898612976074,0.5902974009513855,-0.13763386011123657,0.8610360026359558,0.5380234718322754,-0.15538014471530914,0.876563310623169,0.48585134744644165,-0.16783936321735382,THANK_YOU
THANK_YOU,0.7694248557090759,0.8256499171257019,2.255509485848961e-07,0.6952362656593323,0.8109062314033508,-0.03267454728484154,0.6350064277648926,0.7578831911087036,-0.05658477917313576,0.5961050987243652,0.7047262191772461,-0.07834998518228531,0.5546295046806335,0.6636438369750977,-0.1022622138261795,0.6692250967025757,0.6698610782623291,-0.06136930361390114,0.6281973123550415,0.5863261222839355,-0.09788711369037628,0.6010537147521973,0.5361284017562866,-0.1211581751704216,0.5759261846542358,0.4899912178516388,-0.1370239406824112,0.718082845211029,0.6492761373519897,-0.06907438486814499,0.6948843002319336,0.541155219078064,-0.10408622026443481,0.6789929270744324,0.47123250365257263,-0.12774285674095154,0.6643158793449402,0.4061264395713806,-0.1450279951095581,0.7685928344726562,0.6525618433952332,-0.07953253388404846,0.7601695656776428,0.5516202449798584,-0.11776821315288544,0.7514020800590515,0.48068904876708984,-0.14060863852500916,0.7422981858253479,0.4118371605873108,-0.15553566813468933,0.8184755444526672,0.6712689399719238,-0.09149862825870514,0.840969979763031,0.5907772183418274,-0.12449169158935547,0.8599277138710022,0.537024736404419,-0.13963985443115234,0.8746564388275146,0.48368769884109497,-0.1501660943031311,THANK_YOU
THANK_YOU,0.7670304179191589,0.8241350650787354,2.06845285788404e-07,0.6949091553688049,0.8136867880821228,-0.03802146390080452,0.6360774636268616,0.7613828182220459,-0.06614188104867935,0.5972797870635986,0.707903265953064,-0.09141047298908234,0.5528468489646912,0.6652641296386719,-0.11914712190628052,0.6679232716560364,0.6728852391242981,-0.07318007200956345,0.6297529935836792,0.5897893309593201,-0.11420753598213196,0.6017161011695862,0.540984570980072,-0.1402260959148407,0.5754460096359253,0.49559664726257324,-0.1578465849161148,0.7168136835098267,0.6504644155502319,-0.07921569794416428,0.6953008770942688,0.5436884164810181,-0.11900518089532852,0.6787587404251099,0.4736345410346985,-0.14496193826198578,0.6634047627449036,0.40707600116729736,-0.1641337275505066,0.7666118144989014,0.6520190238952637,-0.08820800483226776,0.760094404220581,0.5515970587730408,-0.1306665688753128,0.752808690071106,0.48343005776405334,-0.15628045797348022,0.7444467544555664,0.4165365695953369,-0.1730690449476242,0.8149175643920898,0.6698102355003357,-0.09890740364789963,0.8407363891601562,0.5905584692955017,-0.13458186388015747,0.8607062697410583,0.5388529896736145,-0.15252485871315002,0.8757381439208984,0.4870647192001343,-0.1655411422252655,THANK_YOU
THANK_YOU,0.4937175512313843,0.7104854583740234,3.5004737242161355e-07,0.449582040309906,0.6917456984519958,-0.0023992822971194983,0.4206087589263916,0.6449649333953857,-0.01169948186725378,0.4070153832435608,0.6025705933570862,-0.020953791216015816,0.38867926597595215,0.5682625770568848,-0.0325436107814312,0.4019463360309601,0.6162282228469849,-0.04132585972547531,0.3632620871067047,0.5643305778503418,-0.0660223588347435,0.33332228660583496,0.533693790435791,-0.08028122782707214,0.3065256178379059,0.5083732604980469,-0.08973169326782227,0.41565173864364624,0.6194524765014648,-0.055362313985824585,0.37772229313850403,0.5539382696151733,-0.08361238241195679,0.3451840579509735,0.5097113847732544,-0.10259222239255905,0.31960317492485046,0.47450461983680725,-0.11505588889122009,0.43851718306541443,0.6314510703086853,-0.06760912388563156,0.4099593460559845,0.5663142204284668,-0.09655725955963135,0.382724404335022,0.5163080096244812,-0.11769440025091171,0.3611568510532379,0.47217386960983276,-0.1314767599105835,0.465482622385025,0.6508998274803162,-0.07790881395339966,0.460605651140213,0.5982003211975098,-0.10598546266555786,0.45382410287857056,0.5584825873374939,-0.12129061669111252,0.4477088153362274,0.5211979150772095,-0.1313071995973587,THANK_YOU
THANK_YOU,0.6566569805145264,0.8660123944282532,1.3208419602506183e-07,0.5754854083061218,0.8699747323989868,-0.015173827297985554,0.504632830619812,0.8220807909965515,-0.031838398426771164,0.4602244794368744,0.7779033184051514,-0.04865310713648796,0.42096269130706787,0.7428751587867737,-0.06813722848892212,0.48984476923942566,0.7428639531135559,-0.05407767742872238,0.4265410304069519,0.6751288771629333,-0.08721756190061569,0.39563989639282227,0.6542295217514038,-0.10686761885881424,0.3667258024215698,0.6317159533500671,-0.12057887762784958,0.5330404043197632,0.7220654487609863,-0.0697074681520462,0.48178282380104065,0.631519079208374,-0.1028347760438919,0.4529373347759247,0.5859902501106262,-0.12216413021087646,0.4284774661064148,0.5429620742797852,-0.13536222279071808,0.5850858092308044,0.7263964414596558,-0.08621074259281158,0.5554727911949158,0.6426319479942322,-0.1278194934129715,0.5316998362541199,0.5925946831703186,-0.1509527564048767,0.5072040557861328,0.5390396118164062,-0.16526444256305695,0.6415879130363464,0.7471832633018494,-0.10155850648880005,0.6564218997955322,0.6766336560249329,-0.14179401099681854,0.666738748550415,0.626721203327179,-0.15909816324710846,0.671273946762085,0.5748363137245178,-0.16971725225448608,THANK_YOU
THANK_YOU,0.6740203499794006,0.8630775809288025,1.475154931540601e-07,0.598076343536377,0.872876763343811,-0.01591763086616993,0.5262947082519531,0.8225823044776917,-0.03289418667554855,0.48360252380371094,0.7752959728240967,-0.04974885657429695,0.44168755412101746,0.7434242963790894,-0.07033812254667282,0.5143343210220337,0.7387645840644836,-0.060957130044698715,0.4487081468105316,0.6739802360534668,-0.09586101025342941,0.413293719291687,0.6498813629150391,-0.11613543331623077,0.38164079189300537,0.6235960721969604,-0.13072021305561066,0.5595121383666992,0.718464732170105,-0.07745017111301422,0.5091091394424438,0.6224744319915771,-0.112745001912117,0.48247379064559937,0.57447350025177,-0.13303866982460022,0.46083810925483704,0.5278381109237671,-0.14727406203746796,0.6130924224853516,0.7257046103477478,-0.09461938589811325,0.5836368799209595,0.6336084008216858,-0.13973268866539001,0.5631119012832642,0.5821574926376343,-0.16475047171115875,0.5417948961257935,0.5257426500320435,-0.18029066920280457,0.6702235341072083,0.7501028776168823,-0.11025699228048325,0.6862578392028809,0.674018144607544,-0.1542985588312149,0.7003939747810364,0.6239814758300781,-0.17352832853794098,0.7078849077224731,0.5717581510543823,-0.18570823967456818,THANK_YOU
THANK_YOU,0.6916111707687378,0.8652476668357849,1.1279305311973076e-07,0.6174200177192688,0.8701691627502441,-0.016985084861516953,0.5463769435882568,0.8194044828414917,-0.03237272799015045,0.5025225281715393,0.775335431098938,-0.04676012322306633,0.46020472049713135,0.7471440434455872,-0.06366468966007233,0.5473060607910156,0.7367823123931885,-0.05671060085296631,0.48598891496658325,0.6703197956085205,-0.09097099304199219,0.4487248659133911,0.6483171582221985,-0.11118413507938385,0.4115482568740845,0.6290172934532166,-0.1250489354133606,0.5912879705429077,0.7195285558700562,-0.07240235805511475,0.5439843535423279,0.6182567477226257,-0.10505795478820801,0.5164576172828674,0.5708886981010437,-0.12403515726327896,0.4930518865585327,0.5278131365776062,-0.13679784536361694,0.6435878276824951,0.7282797694206238,-0.08910073339939117,0.6219903230667114,0.6307884454727173,-0.13043616712093353,0.6030985116958618,0.573735773563385,-0.15248547494411469,0.5815353989601135,0.514193058013916,-0.16596892476081848,0.698477029800415,0.7544257640838623,-0.10480920225381851,0.7162262201309204,0.6732779145240784,-0.14543502032756805,0.7312082648277283,0.6197620034217834,-0.16087833046913147,0.7374869585037231,0.5656219720840454,-0.1702389270067215,THANK_YOU
THANK_YOU,0.707848846912384,0.8634589314460754,1.8469094698048139e-07,0.6320822238922119,0.8654764294624329,-0.021335771307349205,0.5636310577392578,0.8172789812088013,-0.03920464590191841,0.5212630033493042,0.773175835609436,-0.05549943074584007,0.48064032196998596,0.744136393070221,-0.07390445470809937,0.580052375793457,0.7472400069236755,-0.061166245490312576,0.5202159285545349,0.6764888763427734,-0.09665542840957642,0.48531574010849,0.6490327715873718,-0.11800145357847214,0.45038706064224243,0.6253560185432434,-0.13221274316310883,0.6229854226112366,0.728536069393158,-0.0740719810128212,0.5793719291687012,0.6265939474105835,-0.10755318403244019,0.5509671568870544,0.5674170255661011,-0.12805669009685516,0.5250735282897949,0.5122929215431213,-0.1424657553434372,0.673038125038147,0.7311313152313232,-0.08818956464529037,0.6507123112678528,0.6341534852981567,-0.12773412466049194,0.6318660974502563,0.5706157684326172,-0.15001074969768524,0.6112262010574341,0.5078129768371582,-0.16408979892730713,0.7266199588775635,0.7485387325286865,-0.10212133079767227,0.7429863810539246,0.6668773293495178,-0.13993725180625916,0.7570312023162842,0.611520528793335,-0.15534807741641998,0.7644554972648621,0.5572319030761719,-0.1651832014322281,THANK_YOU
THANK_YOU,0.7197508811950684,0.8647352457046509,2.1565530516909348e-07,0.6448013186454773,0.8635164499282837,-0.023886442184448242,0.576447069644928,0.816387951374054,-0.04152762144804001,0.5347062349319458,0.7692644000053406,-0.05763273313641548,0.4930555820465088,0.7351065278053284,-0.07544086128473282,0.5964945554733276,0.7414506673812866,-0.057741742581129074,0.5382243394851685,0.6682906746864319,-0.09537891298532486,0.5015600919723511,0.6346675157546997,-0.11897523701190948,0.46520671248435974,0.6096398830413818,-0.13465140759944916,0.6408072710037231,0.7191178798675537,-0.06961636990308762,0.6000760197639465,0.6205039024353027,-0.10405967384576797,0.5717378854751587,0.5582939386367798,-0.1270478367805481,0.5447105169296265,0.5023297667503357,-0.14342865347862244,0.6912243366241455,0.7192074060440063,-0.08352041244506836,0.6681668758392334,0.6267669200897217,-0.12469010800123215,0.6507279276847839,0.5597668290138245,-0.14952614903450012,0.6315147876739502,0.4962669014930725,-0.1654270887374878,0.7447203397750854,0.7358639240264893,-0.09751366078853607,0.7647479176521301,0.6572262048721313,-0.13835154473781586,0.7793604135513306,0.6011616587638855,-0.15655404329299927,0.7870991230010986,0.5472689867019653,-0.16809137165546417,THANK_YOU
THANK_YOU,0.7325194478034973,0.8618276715278625,2.2032557467355218e-07,0.6579403281211853,0.8576050996780396,-0.023713795468211174,0.5916328430175781,0.8100938200950623,-0.04104619100689888,0.5496599078178406,0.7633875608444214,-0.056564029306173325,0.5082041621208191,0.7301046848297119,-0.07364430278539658,0.6135010123252869,0.7383847236633301,-0.05712113156914711,0.5548267364501953,0.6607853770256042,-0.09375754743814468,0.5165495276451111,0.6240575313568115,-0.11602839082479477,0.48010382056236267,0.5989629030227661,-0.12983931601047516,0.6587652564048767,0.7152848839759827,-0.06781630218029022,0.6184242367744446,0.6129202842712402,-0.10047286748886108,0.591356098651886,0.5483920574188232,-0.12214772403240204,0.5669170618057251,0.49036359786987305,-0.13732615113258362,0.7091259956359863,0.7134349346160889,-0.08049102127552032,0.6854533553123474,0.6180615425109863,-0.11964960396289825,0.6695501804351807,0.5508953332901001,-0.14354169368743896,0.6530154943466187,0.486646443605423,-0.1584324687719345,0.761397123336792,0.7264293432235718,-0.09326852858066559,0.7776309251785278,0.6458317041397095,-0.1309088170528412,0.7936134934425354,0.5890524983406067,-0.14753049612045288,0.8042011857032776,0.5338925123214722,-0.15782508254051208,THANK_YOU
THANK_YOU,0.6114611625671387,0.6968609690666199,1.1085464990401306e-07,0.5595570206642151,0.6984326839447021,-0.013865563087165356,0.5083559155464172,0.659781813621521,-0.023537538945674896,0.48053625226020813,0.6219971776008606,-0.03308568522334099,0.4545447826385498,0.5957831144332886,-0.04387786239385605,0.4972562789916992,0.5697554349899292,-0.02939743362367153,0.451487272977829,0.5099964141845703,-0.05181252956390381,0.42247074842453003,0.4807746410369873,-0.06687644124031067,0.3955354690551758,0.45695778727531433,-0.07703512161970139,0.5248767733573914,0.5523238778114319,-0.03827338665723801,0.4842005670070648,0.4730503261089325,-0.059546079486608505,0.4585372805595398,0.4244271516799927,-0.07507562637329102,0.4364657700061798,0.38220810890197754,-0.08556395769119263,0.5603777170181274,0.5526866912841797,-0.048937149345874786,0.5298920273780823,0.47583335638046265,-0.07476942241191864,0.5093363523483276,0.4247323274612427,-0.09366043657064438,0.4910101294517517,0.3778778910636902,-0.1056872010231018,0.5991852283477783,0.5646983981132507,-0.059708815068006516,0.6046658754348755,0.49942588806152344,-0.08476496487855911,0.6103185415267944,0.4545931816101074,-0.09826314449310303,0.6135959625244141,0.4112080931663513,-0.10704266279935837,THANK_YOU
ILOVEYOU,0.7668129205703735,0.8550034165382385,-2.5116378310485743e-07,0.6976183652877808,0.8524095416069031,-0.020590974017977715,0.6349171996116638,0.8008207678794861,-0.03138997033238411,0.5954729318618774,0.7512065768241882,-0.0428677499294281,0.5592163801193237,0.727009654045105,-0.052972178906202316,0.6294622421264648,0.6838512420654297,-0.018132435157895088,0.5944331288337708,0.5919014811515808,-0.041155651211738586,0.5764056444168091,0.5396740436553955,-0.05433839559555054,0.5609359741210938,0.49353229999542236,-0.06365180760622025,0.6634209752082825,0.6650797724723816,-0.02290676347911358,0.6315547227859497,0.5841096639633179,-0.06570448726415634,0.6474684476852417,0.6396161913871765,-0.07902444154024124,0.6611810922622681,0.6923395991325378,-0.07703562080860138,0.7035701870918274,0.6564438939094543,-0.030847417190670967,0.6780473589897156,0.5659911036491394,-0.06766883283853531,0.6863086223602295,0.6062277555465698,-0.06895863264799118,0.692989706993103,0.6489408016204834,-0.059185437858104706,0.7461397647857666,0.6583973169326782,-0.040702179074287415,0.7274196147918701,0.5831627249717712,-0.06445323675870895,0.7176077365875244,0.5406831502914429,-0.0715920478105545,0.7081546187400818,0.5019978284835815,-0.07234049588441849,ILOVEYOU
ILOVEYOU,0.7509158253669739,0.7432583570480347,-8.02355941686983e-08,0.6866456866264343,0.7486734390258789,-0.023037053644657135,0.6276257038116455,0.7153877019882202,-0.03736739605665207,0.5862146019935608,0.678622841835022,-0.05258974805474281,0.5496002435684204,0.6717780828475952,-0.06663123518228531,0.6166675090789795,0.601870059967041,-0.013215523213148117,0.5781866312026978,0.5249308943748474,-0.030797846615314484,0.5575283169746399,0.48425912857055664,-0.04305005818605423,0.538677453994751,0.44784751534461975,-0.05236102640628815,0.647971510887146,0.5798122882843018,-0.016819754615426064,0.6149806976318359,0.5124111175537109,-0.05219382047653198,0.6352378129959106,0.5505533814430237,-0.06857754290103912,0.6529999375343323,0.5919548273086548,-0.07113518565893173,0.684052050113678,0.5688492655754089,-0.02341430075466633,0.658656895160675,0.49662837386131287,-0.05280184745788574,0.6708124876022339,0.5257810354232788,-0.05806272104382515,0.681836724281311,0.5621557235717773,-0.05346387252211571,0.7236689925193787,0.5677347779273987,-0.032438382506370544,0.7060559391975403,0.5040935277938843,-0.04800386354327202,0.6956372261047363,0.46392160654067993,-0.053472671657800674,0.6852309107780457,0.4283277988433838,-0.05502347648143768,ILOVEYOU
ILOVEYOU,0.7512640953063965,0.7381123304367065,-1.232011328511362e-07,0.6876732110977173,0.7441220879554749,-0.0212798323482275,0.6270849108695984,0.7090434432029724,-0.03400752693414688,0.5851708650588989,0.672260582447052,-0.048184387385845184,0.5493136644363403,0.6665610074996948,-0.06123524159193039,0.6166974902153015,0.5960561633110046,-0.00929208192974329,0.5781457424163818,0.5196211934089661,-0.026124803349375725,0.5571315288543701,0.4813031554222107,-0.037701576948165894,0.538715124130249,0.44751888513565063,-0.046374015510082245,0.647433876991272,0.5742636919021606,-0.013829616829752922,0.6138387322425842,0.5047065615653992,-0.049846258014440536,0.6348698735237122,0.5435004830360413,-0.06683018803596497,0.6545223593711853,0.5861483216285706,-0.06921998411417007,0.6831930875778198,0.5627579689025879,-0.021314136683940887,0.6576212048530579,0.4878125488758087,-0.051082793623209,0.6703293919563293,0.5172343254089355,-0.05682211369276047,0.6828492283821106,0.5541386604309082,-0.05218558758497238,0.7229146957397461,0.560600221157074,-0.031128905713558197,0.7043022513389587,0.4961710572242737,-0.04631245881319046,0.69405198097229,0.4559876620769501,-0.05183250084519386,0.6849042773246765,0.42015981674194336,-0.053432099521160126,ILOVEYOU
ILOVEYOU,0.750768780708313,0.7289243936538696,-9.115320409591732e-08,0.686785876750946,0.735933780670166,-0.0220805611461401,0.6267043352127075,0.7019441723823547,-0.0346178263425827,0.5852900743484497,0.6671790480613708,-0.04786136746406555,0.5490570664405823,0.6612005829811096,-0.06006091088056564,0.615563690662384,0.589134931564331,-0.011468459852039814,0.5773758292198181,0.5135941505432129,-0.02738514542579651,0.5564907789230347,0.4742724299430847,-0.03853902220726013,0.5370959043502808,0.4401654005050659,-0.0471169538795948,0.646632194519043,0.56690913438797,-0.014869359321892262,0.6142482161521912,0.49875888228416443,-0.048453375697135925,0.6340571641921997,0.5357593894004822,-0.06454804539680481,0.651890218257904,0.5774447917938232,-0.06709598749876022,0.6827301979064941,0.5555641055107117,-0.021231191232800484,0.6580471396446228,0.4803207516670227,-0.04873642697930336,0.6686770915985107,0.5037938952445984,-0.055639445781707764,0.6788234114646912,0.5380480289459229,-0.05269000679254532,0.7220396995544434,0.5536980628967285,-0.029855571687221527,0.7027732133865356,0.4887431263923645,-0.044305745512247086,0.6924043893814087,0.4480387270450592,-0.05063394829630852,0.6827811598777771,0.41317036747932434,-0.05313699692487717,ILOVEYOU
ILOVEYOU,0.7495949864387512,0.7242215275764465,-7.859853212721646e-08,0.6857747435569763,0.7311578989028931,-0.022093940526247025,0.6267503499984741,0.6994102001190186,-0.03485725820064545,0.5864481329917908,0.6633891463279724,-0.04851587116718292,0.5503511428833008,0.6591892838478088,-0.061157986521720886,0.6155992150306702,0.5849524140357971,-0.010393267497420311,0.5776855945587158,0.5111445784568787,-0.02675822004675865,0.5577136874198914,0.4722629189491272,-0.038426320999860764,0.5397670865058899,0.43739014863967896,-0.047377269715070724,0.6464500427246094,0.5618545413017273,-0.014231364242732525,0.6148589253425598,0.49378812313079834,-0.048599909991025925,0.6348553895950317,0.5306775569915771,-0.0655047595500946,0.6527243256568909,0.5708415508270264,-0.06847988069057465,0.6820840239524841,0.5499321818351746,-0.021082265302538872,0.6571720242500305,0.4788520932197571,-0.04957452043890953,0.6690198183059692,0.502824604511261,-0.05679912120103836,0.6798663139343262,0.5357864499092102,-0.05374584347009659,0.720749020576477,0.5477564334869385,-0.030228842049837112,0.7022953033447266,0.4834441840648651,-0.044907018542289734,0.6930135488510132,0.44354939460754395,-0.050845734775066376,0.6836284399032593,0.40918323397636414,-0.05296064168214798,ILOVEYOU
ILOVEYOU,0.7467849254608154,0.7210460901260376,-8.58747384313574e-08,0.6843118667602539,0.7261422276496887,-0.021569151431322098,0.6264700889587402,0.6935278177261353,-0.0346173532307148,0.585487961769104,0.6584156155586243,-0.04847310110926628,0.5498265027999878,0.6551175117492676,-0.061569683253765106,0.6165257692337036,0.5793653726577759,-0.011304615996778011,0.5792983770370483,0.5073497891426086,-0.027218760922551155,0.5591829419136047,0.46994853019714355,-0.03875812888145447,0.5412343740463257,0.43660610914230347,-0.04762576147913933,0.6469765901565552,0.5568937063217163,-0.01528150774538517,0.6159051656723022,0.48924657702445984,-0.04776984453201294,0.6340063810348511,0.525076150894165,-0.06391981989145279,0.6507177352905273,0.5646106004714966,-0.06683871150016785,0.6824401617050171,0.5463852286338806,-0.022104395553469658,0.6591283679008484,0.4757714569568634,-0.04885820671916008,0.6689531803131104,0.49810895323753357,-0.056212153285741806,0.6776553988456726,0.5297501683235168,-0.053766317665576935,0.7204760313034058,0.5453829765319824,-0.031134415417909622,0.7026515007019043,0.48093605041503906,-0.044760823249816895,0.6934666037559509,0.44161349534988403,-0.050309766083955765,0.6840118169784546,0.4084557890892029,-0.05235693231225014,ILOVEYOU
ILOVEYOU,0.7454319000244141,0.7203301191329956,-1.1810229239017644e-07,0.6833528876304626,0.7245664596557617,-0.020861651748418808,0.6254322528839111,0.6908168792724609,-0.03318609297275543,0.5850346684455872,0.6558790802955627,-0.046514954417943954,0.5498579740524292,0.6505876183509827,-0.05903792753815651,0.617584228515625,0.5779293179512024,-0.010285114869475365,0.5808621644973755,0.5060054659843445,-0.026164721697568893,0.5611433982849121,0.47002893686294556,-0.03756244480609894,0.5433112382888794,0.4387766122817993,-0.04625863954424858,0.647930920124054,0.5559691786766052,-0.01464889571070671,0.6155185103416443,0.4869874119758606,-0.04726376757025719,0.6325304508209229,0.5219496488571167,-0.0637008398771286,0.6490292549133301,0.5611465573310852,-0.06706124544143677,0.6831691265106201,0.5454196929931641,-0.02190997079014778,0.6585654020309448,0.4723864495754242,-0.049190834164619446,0.6677031517028809,0.4943391978740692,-0.05688270926475525,0.6764490008354187,0.5259751081466675,-0.054847352206707,0.7211242318153381,0.5439937710762024,-0.031317632645368576,0.7029281854629517,0.4797663390636444,-0.0458122193813324,0.6936514377593994,0.43925341963768005,-0.05222104489803314,0.6839673519134521,0.40456482768058777,-0.05503283813595772,ILOVEYOU
ILOVEYOU,0.7414736747741699,0.717959463596344,-8.951226249109823e-08,0.6800678372383118,0.7230902314186096,-0.02012549713253975,0.6230916380882263,0.6878635287284851,-0.03174787387251854,0.5835888981819153,0.6524045467376709,-0.044251468032598495,0.5494465231895447,0.6499637365341187,-0.05602910742163658,0.6140400171279907,0.5751492977142334,-0.009616981260478497,0.5799387693405151,0.5040513873100281,-0.0245338324457407,0.5606808662414551,0.46581241488456726,-0.03533773124217987,0.5430221557617188,0.43145665526390076,-0.04392681270837784,0.644656777381897,0.5535362362861633,-0.013834463432431221,0.61458420753479,0.4858994483947754,-0.04556237906217575,0.6319592595100403,0.5227019190788269,-0.060747019946575165,0.6479446887969971,0.5626228451728821,-0.06284677237272263,0.6799055337905884,0.5439817905426025,-0.020714547485113144,0.6581226587295532,0.472443550825119,-0.04747519642114639,0.6674530506134033,0.4975951015949249,-0.05363774672150612,0.6758497953414917,0.5311075448989868,-0.0500497929751873,0.7176812291145325,0.5444971323013306,-0.029627803713083267,0.7006570100784302,0.4805251657962799,-0.04364698380231857,0.6913062334060669,0.44148480892181396,-0.048839595168828964,0.681895911693573,0.4078555405139923,-0.050359614193439484,ILOVEYOU
ILOVEYOU,0.7371546626091003,0.7165900468826294,-7.275252755789552e-08,0.6756734848022461,0.720853865146637,-0.02153743989765644,0.6198532581329346,0.6868847012519836,-0.033433303236961365,0.5811591744422913,0.6524002552032471,-0.045926958322525024,0.5476980805397034,0.6507620811462402,-0.057619743049144745,0.6118202209472656,0.5743182301521301,-0.009517655707895756,0.5789080858230591,0.5041900277137756,-0.02471388317644596,0.5607885718345642,0.4655485451221466,-0.035917505621910095,0.5446153283119202,0.4307655692100525,-0.04482979327440262,0.6427804231643677,0.5528002977371216,-0.012851623818278313,0.6146097779273987,0.4860154986381531,-0.044957082718610764,0.6306746006011963,0.5233898758888245,-0.06058480963110924,0.6455560326576233,0.5626934766769409,-0.0629836693406105,0.6777896285057068,0.5436705946922302,-0.019159801304340363,0.657122015953064,0.4754582643508911,-0.04648368060588837,0.6653941869735718,0.4986913204193115,-0.05413350835442543,0.6729907393455505,0.5300307869911194,-0.051445018500089645,0.715167224407196,0.5443304777145386,-0.027566611766815186,0.6995497941970825,0.4811657667160034,-0.04194733873009682,0.6907418370246887,0.4432452917098999,-0.04799306020140648,0.6815657019615173,0.41113394498825073,-0.05011619254946709,ILOVEYOU
ILOVEYOU,0.7323216199874878,0.7177730798721313,-1.0134314010201706e-07,0.671470046043396,0.7201802134513855,-0.020035270601511,0.6157071590423584,0.6852129101753235,-0.03159348666667938,0.5775494575500488,0.6503322720527649,-0.04395374655723572,0.5459960103034973,0.6485856771469116,-0.05548279732465744,0.6117474436759949,0.575935959815979,-0.010367690585553646,0.579447329044342,0.5028762817382812,-0.025316651910543442,0.5611168742179871,0.46473896503448486,-0.03607013821601868,0.5452367067337036,0.43078556656837463,-0.04463442787528038,0.6412473917007446,0.5565876960754395,-0.014067893847823143,0.6118791103363037,0.48922231793403625,-0.04511164873838425,0.6274057626724243,0.5241866707801819,-0.05979354307055473,0.6431803703308105,0.5634582042694092,-0.06218033656477928,0.6749932169914246,0.5483653545379639,-0.020526863634586334,0.6530550122261047,0.4766377806663513,-0.04593401402235031,0.6607834100723267,0.49922052025794983,-0.052144717425107956,0.6696075797080994,0.5317775011062622,-0.04936489090323448,0.7122241258621216,0.5488113760948181,-0.029207345098257065,0.6972793340682983,0.4858013689517975,-0.042649250477552414,0.6882292628288269,0.44698530435562134,-0.04882390797138214,0.6799691915512085,0.4151487946510315,-0.05153365060687065,ILOVEYOU
ILOVEYOU,0.726087212562561,0.7161610126495361,-1.1180558345813552e-07,0.6661270260810852,0.7179389595985413,-0.01852923259139061,0.6115739345550537,0.6831908822059631,-0.02861153520643711,0.575053334236145,0.6507786512374878,-0.03932248428463936,0.545200526714325,0.6494629979133606,-0.049107082188129425,0.6077916622161865,0.5764998197555542,-0.008573093451559544,0.5770602226257324,0.5053064823150635,-0.02185259759426117,0.5598424673080444,0.46808934211730957,-0.03144531697034836,0.5442783236503601,0.43539348244667053,-0.03919459506869316,0.6374849677085876,0.5572957992553711,-0.011955929920077324,0.607616126537323,0.49356213212013245,-0.04025772958993912,0.6222599744796753,0.5279988646507263,-0.05315837264060974,0.6368275880813599,0.5660428404808044,-0.054630689322948456,0.6712383031845093,0.548973798751831,-0.017993230372667313,0.6484419703483582,0.47950035333633423,-0.04140853136777878,0.6561745405197144,0.5024346113204956,-0.04625341668725014,0.6645417809486389,0.5339588522911072,-0.0427529402077198,0.7083483338356018,0.5491946935653687,-0.026103323325514793,0.6923801302909851,0.48864907026290894,-0.03909594565629959,0.6827394366264343,0.4513518214225769,-0.044741686433553696,0.6737051010131836,0.4195777475833893,-0.04686832055449486,ILOVEYOU
ILOVEYOU,0.7224721908569336,0.714816153049469,-1.0946278194978731e-07,0.6628343462944031,0.7165750861167908,-0.017655912786722183,0.6089075207710266,0.6828396916389465,-0.027441075071692467,0.5720748901367188,0.6510684490203857,-0.038257017731666565,0.5430307388305664,0.6503655910491943,-0.04835554212331772,0.6064665913581848,0.5794346928596497,-0.007415370550006628,0.5752278566360474,0.5080885887145996,-0.020581189543008804,0.5589475631713867,0.47149425745010376,-0.03005063906311989,0.5452442765235901,0.4397210478782654,-0.03752071037888527,0.6350256204605103,0.5611791014671326,-0.011027265340089798,0.606128454208374,0.4967121481895447,-0.03955679014325142,0.6209661364555359,0.5294057726860046,-0.05307961255311966,0.6359580159187317,0.5676162838935852,-0.055008187890052795,0.6676141023635864,0.5524492859840393,-0.017259882763028145,0.6450556516647339,0.4820200800895691,-0.04056897759437561,0.6523873209953308,0.5037863254547119,-0.04639244079589844,0.6610955595970154,0.535302460193634,-0.04369109123945236,0.7036430239677429,0.5516293048858643,-0.025502799078822136,0.6886510252952576,0.49185001850128174,-0.037738002836704254,0.6795250177383423,0.45504021644592285,-0.0437651164829731,0.6711575984954834,0.42439377307891846,-0.04647105932235718,ILOVEYOU
ILOVEYOU,0.7175104022026062,0.7139759659767151,-9.349482610332416e-08,0.6594381928443909,0.7170776128768921,-0.018606087192893028,0.606958270072937,0.6840763688087463,-0.028305334970355034,0.5714305639266968,0.6518650650978088,-0.03842395916581154,0.5422458648681641,0.6508069038391113,-0.04742639511823654,0.6029467582702637,0.5812966823577881,-0.007056813687086105,0.5739874243736267,0.5126453042030334,-0.020402120426297188,0.5579811334609985,0.47538185119628906,-0.029916996136307716,0.5442548394203186,0.44393208622932434,-0.03728540241718292,0.6310242414474487,0.5623535513877869,-0.009486027993261814,0.6024876832962036,0.5002464056015015,-0.03817133605480194,0.617195188999176,0.5340193510055542,-0.050666432827711105,0.6324474811553955,0.570747435092926,-0.051274076104164124,0.6635724902153015,0.5526810884475708,-0.01471945270895958,0.641941249370575,0.4866012930870056,-0.0391857847571373,0.6492964625358582,0.5086981058120728,-0.044325653463602066,0.6581345796585083,0.538219690322876,-0.04023655503988266,0.6994296908378601,0.551376461982727,-0.021878818050026894,0.6849197149276733,0.4937666356563568,-0.035240329802036285,0.6751413345336914,0.4576007127761841,-0.040865179151296616,0.6665494441986084,0.42617884278297424,-0.042526789009571075,ILOVEYOU
ILOVEYOU,0.7147884368896484,0.7118621468544006,-7.527630430104182e-08,0.6584025621414185,0.7148480415344238,-0.01857793517410755,0.6068344712257385,0.6834077835083008,-0.028207382187247276,0.5718520879745483,0.6531459093093872,-0.03828802704811096,0.5421105623245239,0.6517412066459656,-0.04753436520695686,0.6012408137321472,0.5806884765625,-0.0069019547663629055,0.5729367136955261,0.5143104195594788,-0.018608026206493378,0.5574726462364197,0.4783041477203369,-0.02729140967130661,0.5436867475509644,0.4472297430038452,-0.03442636877298355,0.6295551657676697,0.561980128288269,-0.009463132359087467,0.602504551410675,0.5010995268821716,-0.03632295876741409,0.6149534583091736,0.5331571102142334,-0.0494355671107769,0.6278709769248962,0.5691060423851013,-0.05129663646221161,0.661688506603241,0.553141713142395,-0.014697717502713203,0.6421707272529602,0.4878647029399872,-0.037939053028821945,0.6477073431015015,0.5077383518218994,-0.045076292008161545,0.6541138291358948,0.5371829271316528,-0.04313324764370918,0.6967071890830994,0.5524802803993225,-0.021716611459851265,0.682950496673584,0.4948158264160156,-0.03454803302884102,0.6733920574188232,0.4588068723678589,-0.04112699255347252,0.6642183065414429,0.42885637283325195,-0.044014833867549896,ILOVEYOU
ILOVEYOU,0.7130012512207031,0.7098509073257446,-5.700394112295726e-08,0.6576620936393738,0.7139835357666016,-0.0193872582167387,0.6068727970123291,0.6830057501792908,-0.02979315258562565,0.5720396637916565,0.6523451805114746,-0.04077919200062752,0.5427557229995728,0.6513913869857788,-0.05092306435108185,0.6010926365852356,0.581028938293457,-0.007155651692301035,0.5730348825454712,0.5146867632865906,-0.019560955464839935,0.5582664608955383,0.47842127084732056,-0.02882523275911808,0.5452359318733215,0.44746634364128113,-0.03619370236992836,0.6288831830024719,0.562639057636261,-0.009501341730356216,0.6019300222396851,0.5024839043617249,-0.037034522742033005,0.6145820617675781,0.5339650511741638,-0.05052218586206436,0.6274799704551697,0.5697156190872192,-0.05245448648929596,0.6603384017944336,0.5533894300460815,-0.014628969132900238,0.6405084729194641,0.4892532229423523,-0.038120947778224945,0.6462650895118713,0.5085618495941162,-0.04494289681315422,0.6529425382614136,0.5379573106765747,-0.04254888370633125,0.6950343251228333,0.5521482825279236,-0.021702993661165237,0.6814544796943665,0.4948480427265167,-0.03410287946462631,0.6722030639648438,0.45964568853378296,-0.040045879781246185,0.6632900834083557,0.4310992360115051,-0.04232858121395111,ILOVEYOU
ILOVEYOU,0.7131887674331665,0.7096686363220215,-5.975546457648306e-08,0.6574851870536804,0.7134119272232056,-0.01802404411137104,0.6071118712425232,0.6818486452102661,-0.027557360008358955,0.5724740028381348,0.6516003608703613,-0.03775689750909805,0.5436686277389526,0.6522060632705688,-0.04718368500471115,0.6021296381950378,0.5829432010650635,-0.006669554393738508,0.5743263959884644,0.5172356963157654,-0.019285256043076515,0.5599660873413086,0.48108458518981934,-0.028609834611415863,0.5476427674293518,0.4509444832801819,-0.035893987864255905,0.6294530034065247,0.5640499591827393,-0.009370971471071243,0.6034446954727173,0.502666711807251,-0.03655747324228287,0.6152810454368591,0.5304163098335266,-0.05000796914100647,0.6272985935211182,0.5644934773445129,-0.05219560116529465,0.66045743227005,0.5539613962173462,-0.01472878735512495,0.6408026218414307,0.490414559841156,-0.038001444190740585,0.6465528607368469,0.5084286332130432,-0.04501943290233612,0.653429388999939,0.5372561812400818,-0.04300598427653313,0.694441556930542,0.5522939562797546,-0.021922839805483818,0.6815135478973389,0.4968009293079376,-0.03460903838276863,0.6723832488059998,0.46183228492736816,-0.04110979288816452,0.6635469794273376,0.43378975987434387,-0.043907295912504196,ILOVEYOU
ILOVEYOU,0.7125105261802673,0.7093415856361389,-8.520292738012358e-08,0.6570411920547485,0.710023045539856,-0.01671557128429413,0.6074575781822205,0.6791040897369385,-0.025881214067339897,0.5733319520950317,0.6505653858184814,-0.036023788154125214,0.5459705591201782,0.650081992149353,-0.045298393815755844,0.6032185554504395,0.581041157245636,-0.0048349471762776375,0.5758378505706787,0.5165086388587952,-0.01772451214492321,0.5603333711624146,0.4807276129722595,-0.02708815596997738,0.5476959347724915,0.45055216550827026,-0.03433900699019432,0.6302259564399719,0.5628730654716492,-0.008321048691868782,0.6029950976371765,0.5009693503379822,-0.03599691763520241,0.6145564317703247,0.5319566130638123,-0.048837557435035706,0.6274248361587524,0.5666829347610474,-0.05024004727602005,0.6610646843910217,0.5538031458854675,-0.014494318515062332,0.6416174173355103,0.4897100329399109,-0.0380096472799778,0.6466470956802368,0.5101210474967957,-0.043819986283779144,0.65325528383255,0.5391725897789001,-0.0407329685986042,0.6949336528778076,0.5532597303390503,-0.022466149181127548,0.6820064783096313,0.4976837933063507,-0.03501920774579048,0.6726996302604675,0.46366292238235474,-0.04055493697524071,0.6638503074645996,0.4352336823940277,-0.04250466451048851,ILOVEYOU
ILOVEYOU,0.7133537530899048,0.7063939571380615,-7.789683564851657e-08,0.658822774887085,0.7084856033325195,-0.01684044860303402,0.6095128059387207,0.6782350540161133,-0.02578957937657833,0.575716495513916,0.6495100259780884,-0.03552401810884476,0.548441469669342,0.6478229761123657,-0.044430505484342575,0.6040356755256653,0.5782450437545776,-0.005164243746548891,0.5764362215995789,0.514742910861969,-0.016746390610933304,0.5623157024383545,0.4795592725276947,-0.025020213797688484,0.5509470701217651,0.44942063093185425,-0.03159831464290619,0.6310827136039734,0.5600201487541199,-0.008037627674639225,0.6047959327697754,0.5015026330947876,-0.03434840962290764,0.6167357563972473,0.5336259007453918,-0.046378523111343384,0.629367470741272,0.5687606334686279,-0.04740317165851593,0.6623620390892029,0.5510172247886658,-0.013513493351638317,0.643650472164154,0.4885810911655426,-0.036245495080947876,0.649040937423706,0.5098720192909241,-0.04191642999649048,0.6554448008537292,0.5393648743629456,-0.038848329335451126,0.6963143348693848,0.5500659942626953,-0.02068549394607544,0.6835025548934937,0.4944726526737213,-0.03300492465496063,0.6748833656311035,0.46065014600753784,-0.038441482931375504,0.6663612127304077,0.4324043393135071,-0.040270525962114334,ILOVEYOU
ILOVEYOU,0.7152180671691895,0.7065417170524597,-1.1018025247722107e-07,0.6602832674980164,0.7074961066246033,-0.015840884298086166,0.6110943555831909,0.6772884130477905,-0.02450426295399666,0.5780693888664246,0.6490200757980347,-0.03429380804300308,0.5506705045700073,0.6452825665473938,-0.04332742840051651,0.6074385643005371,0.5773937106132507,-0.004501298535615206,0.5797948837280273,0.5128049850463867,-0.0160499420017004,0.5652723908424377,0.47937294840812683,-0.024505509063601494,0.5529080033302307,0.45134463906288147,-0.03109586425125599,0.6344960927963257,0.5603904724121094,-0.008189940825104713,0.6073063611984253,0.5001999735832214,-0.0342915803194046,0.6196205615997314,0.531063437461853,-0.0474698580801487,0.6329730749130249,0.5656055808067322,-0.0497828908264637,0.6652906537055969,0.5524162650108337,-0.014382954686880112,0.645488440990448,0.48917338252067566,-0.036633897572755814,0.6508551239967346,0.5087544322013855,-0.04368693381547928,0.6577357053756714,0.5369546413421631,-0.04211452975869179,0.6992580890655518,0.5518157482147217,-0.022212538868188858,0.6866536736488342,0.49503931403160095,-0.03381858021020889,0.6781511306762695,0.4607382118701935,-0.03988104313611984,0.6696926951408386,0.43200546503067017,-0.04270010441541672,ILOVEYOU
ILOVEYOU,0.719343900680542,0.706661581993103,-8.782404847806902e-08,0.6645936369895935,0.7084606289863586,-0.016764365136623383,0.6150742769241333,0.6766770482063293,-0.0258394256234169,0.581234872341156,0.6466365456581116,-0.035799525678157806,0.5532482266426086,0.6457289457321167,-0.04494224488735199,0.6119812726974487,0.5776526927947998,-0.006301784887909889,0.5829329490661621,0.5124717950820923,-0.018615368753671646,0.5681841969490051,0.4775576591491699,-0.02711581066250801,0.5563350915908813,0.4483201503753662,-0.03363090008497238,0.6388906836509705,0.5599763989448547,-0.009534332901239395,0.6123155951499939,0.5004702210426331,-0.03637803718447685,0.6230528354644775,0.5317108035087585,-0.04854493960738182,0.635557234287262,0.5665556788444519,-0.04968748986721039,0.6700356602668762,0.5512735843658447,-0.015375476330518723,0.6511962413787842,0.4888436496257782,-0.03833905607461929,0.6551738381385803,0.5079426765441895,-0.04420527443289757,0.6610698103904724,0.5363031625747681,-0.04123006388545036,0.7039518356323242,0.5502991676330566,-0.02297809161245823,0.69209885597229,0.49294090270996094,-0.03518060967326164,0.6838526129722595,0.4581447243690491,-0.04052215442061424,0.6756872534751892,0.4303601086139679,-0.042285654693841934,ILOVEYOU
ILOVEYOU,0.7213734984397888,0.7111340761184692,-1.428665541425289e-07,0.6664040684700012,0.7096319198608398,-0.013909932225942612,0.6184606552124023,0.6714643836021423,-0.020680062472820282,0.5858514904975891,0.6392164826393127,-0.028540052473545074,0.5592241287231445,0.634988009929657,-0.03542518988251686,0.6194187998771667,0.5765291452407837,-0.004437531344592571,0.591411828994751,0.5080217123031616,-0.016868213191628456,0.5770258903503418,0.4710991084575653,-0.024425938725471497,0.5660799145698547,0.4397423267364502,-0.030115041881799698,0.6459308862686157,0.5611099600791931,-0.008258547633886337,0.6198776960372925,0.4987419843673706,-0.03585073724389076,0.6283906102180481,0.5328682661056519,-0.0461881197988987,0.6392599940299988,0.5702804327011108,-0.04544544965028763,0.6768331527709961,0.5539595484733582,-0.01457911916077137,0.6600955128669739,0.489495187997818,-0.03816205635666847,0.6607856750488281,0.5107195377349854,-0.04156013950705528,0.6642635464668274,0.5406138896942139,-0.03629671409726143,0.7109317779541016,0.5538058876991272,-0.02246253937482834,0.7009005546569824,0.4973202347755432,-0.036344435065984726,0.69309401512146,0.4627579152584076,-0.0417310893535614,0.685168445110321,0.43445950746536255,-0.04279826954007149,ILOVEYOU
ILOVEYOU,0.7200311422348022,0.7116208076477051,-2.3123642733935412e-07,0.6684865355491638,0.7043827176094055,-0.011309935711324215,0.6236206889152527,0.6594515442848206,-0.01655597984790802,0.5953184962272644,0.6252133250236511,-0.022912420332431793,0.5727246999740601,0.6135939955711365,-0.02784438244998455,0.6312082409858704,0.5682180523872375,-0.003404333023354411,0.6102532744407654,0.5022302269935608,-0.01679285615682602,0.5972998738288879,0.46928155422210693,-0.024469411000609398,0.5884827375411987,0.44508910179138184,-0.02946106158196926,0.6571144461631775,0.5571324825286865,-0.0072684320621192455,0.6313905715942383,0.49568575620651245,-0.034541089087724686,0.6291942596435547,0.5320619940757751,-0.04311436414718628,0.6347726583480835,0.5692813396453857,-0.041373901069164276,0.686992347240448,0.554071843624115,-0.01357336062937975,0.6708385944366455,0.4862801432609558,-0.038204800337553024,0.6636223793029785,0.5125452280044556,-0.039133165031671524,0.6629956960678101,0.5452655553817749,-0.0319751538336277,0.7195284366607666,0.5590106248855591,-0.021071912720799446,0.7111557722091675,0.5028777718544006,-0.03751492500305176,0.7019140124320984,0.46672773361206055,-0.04309207201004028,0.6946602463722229,0.43547311425209045,-0.04362674802541733,ILOVEYOU
ILOVEYOU,0.6347127556800842,0.6928071975708008,7.737229879012375e-08,0.6851335167884827,0.6579062342643738,-0.008151962421834469,0.7233822345733643,0.6079724431037903,-0.015276622027158737,0.7513067722320557,0.5634751319885254,-0.018789947032928467,0.7833110094070435,0.5594085454940796,-0.022745002061128616,0.6741575002670288,0.5317674875259399,-0.03138547018170357,0.6816436648368835,0.44231122732162476,-0.035572297871112823,0.6873738169670105,0.3931562006473541,-0.037301234900951385,0.6896337270736694,0.3553500175476074,-0.04086414352059364,0.6367934346199036,0.5257400870323181,-0.028208749368786812,0.6349575519561768,0.44528135657310486,-0.02754279039800167,0.6404138803482056,0.47755980491638184,-0.017991099506616592,0.6446956992149353,0.5095189213752747,-0.013034872710704803,0.6056970357894897,0.5381603240966797,-0.023721298202872276,0.6007624268531799,0.462910920381546,-0.021839044988155365,0.6079599261283875,0.4868737459182739,-0.010820920579135418,0.6121124029159546,0.5151878595352173,-0.005757796112447977,0.5792139172554016,0.557269811630249,-0.01958364248275757,0.5665971040725708,0.4891524016857147,-0.02269328385591507,0.5606997609138489,0.459145188331604,-0.021819500252604485,0.5559096932411194,0.43242302536964417,-0.022047197446227074,ILOVEYOU
ILOVEYOU,0.6499746441841125,0.70305335521698,7.695392412188085e-08,0.699493944644928,0.6660205125808716,-0.0056817298755049706,0.7362911105155945,0.6140303015708923,-0.011966186575591564,0.7639603614807129,0.5695679187774658,-0.015844833105802536,0.7955232858657837,0.5617058277130127,-0.020671634003520012,0.6816995143890381,0.5410217046737671,-0.029237007722258568,0.6914395689964294,0.45069825649261475,-0.035772182047367096,0.7002328038215637,0.401123583316803,-0.03960878774523735,0.7047613263130188,0.36302268505096436,-0.04426548629999161,0.6460615992546082,0.5367701649665833,-0.02735951729118824,0.6391590237617493,0.4570276737213135,-0.028124110773205757,0.6460802555084229,0.48938608169555664,-0.0193803571164608,0.6515941023826599,0.5204565525054932,-0.014788701198995113,0.6162436008453369,0.5504505634307861,-0.02409963682293892,0.6077038049697876,0.4753808379173279,-0.02309127151966095,0.6159704327583313,0.49983489513397217,-0.010693726129829884,0.6215941309928894,0.5286306738853455,-0.004284541588276625,0.5898342132568359,0.5715879797935486,-0.021180547773838043,0.5741814374923706,0.5063528418540955,-0.02510177344083786,0.5678023099899292,0.4751351475715637,-0.02345588244497776,0.5622239112854004,0.44799572229385376,-0.022577516734600067,ILOVEYOU
ILOVEYOU,0.6504685282707214,0.7001498937606812,8.32340703027512e-08,0.7006480693817139,0.6631984114646912,-0.007156107109040022,0.7355379462242126,0.6119040846824646,-0.012937791645526886,0.7619583010673523,0.5678616762161255,-0.015655195340514183,0.7931907176971436,0.5574405789375305,-0.018941061571240425,0.6804271340370178,0.5362500548362732,-0.029210038483142853,0.6899834871292114,0.44695961475372314,-0.0321161150932312,0.6977719664573669,0.39783602952957153,-0.031804993748664856,0.7020049691200256,0.36143258213996887,-0.03352643921971321,0.6434857249259949,0.5337011218070984,-0.02597736194729805,0.6385565996170044,0.45467880368232727,-0.023964999243617058,0.6462154984474182,0.48555809259414673,-0.01285686157643795,0.6522741317749023,0.5167772173881531,-0.006577482912689447,0.6140222549438477,0.5495268106460571,-0.021429654210805893,0.6086592078208923,0.47640693187713623,-0.019389310851693153,0.6176501512527466,0.5009388327598572,-0.007112844381481409,0.6234022378921509,0.5291312336921692,-0.0008165757171809673,0.5891265869140625,0.571300745010376,-0.017200583592057228,0.5735680460929871,0.5071042776107788,-0.021856656298041344,0.5668697357177734,0.475333571434021,-0.02165607176721096,0.5608029961585999,0.44681763648986816,-0.02171427384018898,ILOVEYOU
ILOVEYOU,0.6479808688163757,0.6977282762527466,1.1962325174863508e-07,0.6964156627655029,0.661575198173523,-0.009905974380671978,0.7317184209823608,0.6105064749717712,-0.018703734502196312,0.7597214579582214,0.5670733451843262,-0.024413449689745903,0.7913677096366882,0.5559385418891907,-0.03081083856523037,0.6789408326148987,0.5363226532936096,-0.032088957726955414,0.6862719655036926,0.44538938999176025,-0.03699285537004471,0.693836510181427,0.3953120708465576,-0.03867194801568985,0.6979855298995972,0.3580198287963867,-0.042010966688394547,0.6425097584724426,0.5328201055526733,-0.02902740240097046,0.6357505321502686,0.45412641763687134,-0.030043089762330055,0.6429526805877686,0.48600634932518005,-0.021347256377339363,0.6491727232933044,0.5174587965011597,-0.016535963863134384,0.6127447485923767,0.5474539995193481,-0.024845292791724205,0.6054753065109253,0.472911536693573,-0.02470923773944378,0.613929033279419,0.498090922832489,-0.013261363841593266,0.6198338866233826,0.5266905426979065,-0.007373764179646969,0.5874900817871094,0.5692976713180542,-0.02130434848368168,0.5715363621711731,0.5056238770484924,-0.02646302431821823,0.5646814703941345,0.47477632761001587,-0.026288460940122604,0.5588358640670776,0.4470314085483551,-0.026459788903594017,ILOVEYOU
ILOVEYOU,0.6476870775222778,0.6967217326164246,8.211448232486873e-08,0.6941673755645752,0.6599317789077759,-0.008192905224859715,0.7305496335029602,0.6079264283180237,-0.014165188185870647,0.7575477361679077,0.5650581121444702,-0.01686328463256359,0.7890819311141968,0.5563152432441711,-0.020148232579231262,0.6773701310157776,0.5349912047386169,-0.029980510473251343,0.6845760941505432,0.4450960159301758,-0.03454090654850006,0.6912319660186768,0.3961546719074249,-0.03626270219683647,0.6952850818634033,0.35933196544647217,-0.03960635885596275,0.641350507736206,0.5326071977615356,-0.026698919013142586,0.6324271559715271,0.45606520771980286,-0.027240900322794914,0.6388583779335022,0.4872298836708069,-0.018523814156651497,0.6456679105758667,0.5179039239883423,-0.013852925971150398,0.6119764447212219,0.5476623773574829,-0.022289687767624855,0.6022298336029053,0.4763000011444092,-0.02156086638569832,0.6101587414741516,0.5009090900421143,-0.010469896718859673,0.616996169090271,0.528539776802063,-0.004846498370170593,0.5862793922424316,0.5688574314117432,-0.018394537270069122,0.5707882642745972,0.5060582160949707,-0.023472972214221954,0.563180685043335,0.4753777086734772,-0.023702673614025116,0.5577996373176575,0.44760918617248535,-0.024117721244692802,ILOVEYOU
ILOVEYOU,0.6473585963249207,0.6954575777053833,1.0669911176819369e-07,0.6935347318649292,0.6581696271896362,-0.009496534243226051,0.7274260520935059,0.6072492599487305,-0.01650170050561428,0.7528219223022461,0.563978910446167,-0.019962366670370102,0.7845942974090576,0.5558470487594604,-0.023980550467967987,0.6757431030273438,0.534313440322876,-0.030173372477293015,0.6819263696670532,0.44910094141960144,-0.03425993025302887,0.6878386735916138,0.400879442691803,-0.03639275208115578,0.6912153959274292,0.3645091652870178,-0.0404413603246212,0.6394230127334595,0.5318814516067505,-0.02622879482805729,0.6321117281913757,0.45851725339889526,-0.02540760301053524,0.6377323269844055,0.4889635443687439,-0.016121724620461464,0.6436638832092285,0.5184718370437622,-0.011694492772221565,0.6100046038627625,0.5473705530166626,-0.02136066183447838,0.6020156145095825,0.47864046692848206,-0.01920384168624878,0.6092601418495178,0.500770092010498,-0.008213278837502003,0.6150252819061279,0.5263375639915466,-0.003474737284705043,0.5849671363830566,0.5689402222633362,-0.01718861237168312,0.5705615282058716,0.5093116164207458,-0.021662171930074692,0.5634791254997253,0.48079732060432434,-0.0222310870885849,0.5580157041549683,0.45489925146102905,-0.02338082529604435,ILOVEYOU
ILOVEYOU,0.646333634853363,0.694817066192627,8.490565051033627e-08,0.6930294632911682,0.657781720161438,-0.007307556923478842,0.7277466058731079,0.6068914532661438,-0.012500162236392498,0.7530214786529541,0.5634140968322754,-0.014454360119998455,0.7841765880584717,0.5553614497184753,-0.017094582319259644,0.6750683188438416,0.5344527363777161,-0.027498457580804825,0.6806552410125732,0.4474999010562897,-0.031110452488064766,0.6859359741210938,0.3992256820201874,-0.032877519726753235,0.6891692876815796,0.36301976442337036,-0.036438412964344025,0.6394719481468201,0.5321884751319885,-0.02369602397084236,0.6300376653671265,0.460088849067688,-0.022295428439974785,0.6354607343673706,0.49070003628730774,-0.01277775689959526,0.6418125629425049,0.5199820399284363,-0.008182581514120102,0.6102944016456604,0.5481859445571899,-0.018818747252225876,0.5995891094207764,0.4794190526008606,-0.01663634367287159,0.6063335537910461,0.5029122233390808,-0.005201524123549461,0.6125006079673767,0.5293506979942322,0.0001166841757367365,0.5852199196815491,0.5708906054496765,-0.014379443600773811,0.570493221282959,0.5094780921936035,-0.018682053312659264,0.5634810924530029,0.4803645610809326,-0.018561186268925667,0.5585671067237854,0.45359936356544495,-0.01899104006588459,ILOVEYOU
ILOVEYOU,0.646333634853363,0.694817066192627,8.490565051033627e-08,0.6930294632911682,0.657781720161438,-0.007307556923478842,0.7277466058731079,0.6068914532661438,-0.012500162236392498,0.7530214786529541,0.5634140968322754,-0.014454360119998455,0.7841765880584717,0.5553614497184753,-0.017094582319259644,0.6750683188438416,0.5344527363777161,-0.027498457580804825,0.6806552410125732,0.4474999010562897,-0.031110452488064766,0.6859359741210938,0.3992256820201874,-0.032877519726753235,0.6891692876815796,0.36301976442337036,-0.036438412964344025,0.6394719481468201,0.5321884751319885,-0.02369602397084236,0.6300376653671265,0.460088849067688,-0.022295428439974785,0.6354607343673706,0.49070003628730774,-0.01277775689959526,0.6418125629425049,0.5199820399284363,-0.008182581514120102,0.6102944016456604,0.5481859445571899,-0.018818747252225876,0.5995891094207764,0.4794190526008606,-0.01663634367287159,0.6063335537910461,0.5029122233390808,-0.005201524123549461,0.6125006079673767,0.5293506979942322,0.0001166841757367365,0.5852199196815491,0.5708906054496765,-0.014379443600773811,0.570493221282959,0.5094780921936035,-0.018682053312659264,0.5634810924530029,0.4803645610809326,-0.018561186268925667,0.5585671067237854,0.45359936356544495,-0.01899104006588459,ILOVEYOU
ILOVEYOU,0.6450595259666443,0.6935127973556519,8.990866007252407e-08,0.6922172904014587,0.6573674082756042,-0.007665244396775961,0.7261225581169128,0.6068115234375,-0.013411200605332851,0.750487744808197,0.562656581401825,-0.015910206362605095,0.7821629047393799,0.5543527603149414,-0.019230924546718597,0.6731895208358765,0.5349803566932678,-0.028407331556081772,0.6790056228637695,0.4483165740966797,-0.031984779983758926,0.6842708587646484,0.3998112380504608,-0.033833034336566925,0.6870246529579163,0.36356496810913086,-0.037528134882450104,0.6373738050460815,0.5324614644050598,-0.02456069178879261,0.6298776865005493,0.4612061381340027,-0.023161783814430237,0.6358586549758911,0.4914363622665405,-0.014060542918741703,0.6416382193565369,0.5204176902770996,-0.009843774139881134,0.6086106300354004,0.5481618046760559,-0.019560938701033592,0.5997574329376221,0.47901350259780884,-0.017230141907930374,0.6067546606063843,0.5023232698440552,-0.006196409463882446,0.6123355627059937,0.5288118720054626,-0.0012952169636264443,0.5842409729957581,0.5707638263702393,-0.014995783567428589,0.5695337653160095,0.5092716217041016,-0.01903344690799713,0.5628348588943481,0.481335312128067,-0.01890309900045395,0.5581517815589905,0.4561235010623932,-0.019433559849858284,ILOVEYOU
ILOVEYOU,0.6435724496841431,0.6917694211006165,1.3064720860711532e-07,0.6903207302093506,0.6583853960037231,-0.008878959342837334,0.7246387004852295,0.6077682971954346,-0.016236163675785065,0.7496688365936279,0.5631831884384155,-0.020506152883172035,0.781485915184021,0.5556814074516296,-0.025916647166013718,0.6721401810646057,0.5361658930778503,-0.029774188995361328,0.6783859729766846,0.4510062634944916,-0.03374771773815155,0.6835362315177917,0.4025880694389343,-0.035783689469099045,0.6858438849449158,0.3662182092666626,-0.03967301920056343,0.6368505954742432,0.5336753129959106,-0.02642914652824402,0.6301537752151489,0.4644259512424469,-0.026493722572922707,0.6355420351028442,0.4948410093784332,-0.018476828932762146,0.6416940689086914,0.5227401256561279,-0.014823374338448048,0.6077589988708496,0.5485817790031433,-0.021934133023023605,0.5989508628845215,0.4819270372390747,-0.02077234908938408,0.6061525940895081,0.5040937066078186,-0.010456033051013947,0.6121689677238464,0.5301610827445984,-0.005893997382372618,0.5830587148666382,0.5710365176200867,-0.0179466363042593,0.5688583254814148,0.5101229548454285,-0.021514788269996643,0.5624709129333496,0.4822932183742523,-0.02063051611185074,0.5578693747520447,0.4577469825744629,-0.020808149129152298,ILOVEYOU
ILOVEYOU,0.6440777778625488,0.6941138505935669,8.391802452933916e-08,0.6906476616859436,0.6579372882843018,-0.005829469300806522,0.724484384059906,0.6056371927261353,-0.011796257458627224,0.7494822144508362,0.5609055757522583,-0.01482255756855011,0.7809889316558838,0.553876519203186,-0.019007466733455658,0.6736474633216858,0.5404059290885925,-0.030049553140997887,0.677630603313446,0.4515860974788666,-0.03460065647959709,0.6824328899383545,0.40241849422454834,-0.036627739667892456,0.6848354339599609,0.36564433574676514,-0.04013634845614433,0.6379632949829102,0.5375394821166992,-0.027273133397102356,0.630257785320282,0.4642055034637451,-0.027068255469202995,0.6357436180114746,0.4945515990257263,-0.01812928356230259,0.6414702534675598,0.523826003074646,-0.013639358803629875,0.608508825302124,0.5516566634178162,-0.02292473055422306,0.5991643071174622,0.4825195074081421,-0.020895157009363174,0.6067290902137756,0.5050825476646423,-0.009676421992480755,0.6126056909561157,0.5314764976501465,-0.00446257833391428,0.5834472179412842,0.5728231072425842,-0.018727630376815796,0.5693902373313904,0.5111547708511353,-0.02135372720658779,0.5639461278915405,0.48364362120628357,-0.019778449088335037,0.559768557548523,0.45917320251464844,-0.019425518810749054,ILOVEYOU
ILOVEYOU,0.09082777798175812,0.7693126201629639,1.256192803111844e-07,0.15423209965229034,0.776678204536438,-0.033362023532390594,0.22549454867839813,0.7198919653892517,-0.03170056641101837,0.2635995149612427,0.6585022807121277,-0.027570493519306183,0.29868268966674805,0.6189709305763245,-0.02227994240820408,0.22244976460933685,0.5905477404594421,0.0006181475473567843,0.2581706941127777,0.514703631401062,-0.0037726922892034054,0.28283968567848206,0.4641464948654175,-0.00758300581946969,0.3018524646759033,0.42199844121932983,-0.009465107694268227,0.1827506721019745,0.5694183707237244,0.007000491954386234,0.19988903403282166,0.489452987909317,-0.012041332200169563,0.20314374566078186,0.4709536135196686,-0.02760981395840645,0.20352372527122498,0.46136289834976196,-0.03138069063425064,0.1424441635608673,0.5633032917976379,0.008545387536287308,0.14198294281959534,0.5078566670417786,-0.024452192708849907,0.1212497279047966,0.555853545665741,-0.037013664841651917,0.10768609493970871,0.5951107144355774,-0.03253268450498581,0.10160382091999054,0.5619217753410339,0.007785380352288485,0.11382849514484406,0.4902764558792114,-0.012957568280398846,0.12032418698072433,0.44882237911224365,-0.019947484135627747,0.13033819198608398,0.4099156856536865,-0.019446229562163353,ILOVEYOU
ILOVEYOU,0.14686550199985504,0.7842198610305786,-3.8695624482443236e-08,0.21371881663799286,0.7890255451202393,-0.024046698585152626,0.28131598234176636,0.723671555519104,-0.024865178391337395,0.31996724009513855,0.6652435064315796,-0.0246707946062088,0.35556671023368835,0.6369779109954834,-0.024272151291370392,0.27270230650901794,0.6032194495201111,-0.009453861974179745,0.30113059282302856,0.5146585702896118,-0.017820345237851143,0.3214012086391449,0.46280431747436523,-0.022053446620702744,0.33958619832992554,0.41765308380126953,-0.0271866824477911,0.23045358061790466,0.5841267704963684,-0.011669844388961792,0.2429496943950653,0.5059025883674622,-0.0418461337685585,0.22885821759700775,0.5534780621528625,-0.05654771625995636,0.21727123856544495,0.5975244045257568,-0.05917783081531525,0.18655365705490112,0.5811023712158203,-0.016874458640813828,0.1922282874584198,0.5198885798454285,-0.05210072919726372,0.17965492606163025,0.5792573094367981,-0.059495922178030014,0.1715579628944397,0.6227452754974365,-0.05498138815164566,0.14059656858444214,0.5873874425888062,-0.023747844621539116,0.1473056524991989,0.5095665454864502,-0.04767604172229767,0.15541398525238037,0.4717392921447754,-0.05573736131191254,0.1677260398864746,0.4291049838066101,-0.05832526832818985,ILOVEYOU
ILOVEYOU,0.13635261356830597,0.7835125923156738,-6.082404269136532e-08,0.2032286822795868,0.7878867387771606,-0.028266923502087593,0.27281126379966736,0.7215510606765747,-0.02817651629447937,0.31186896562576294,0.6574381589889526,-0.026844356209039688,0.3483501374721527,0.6282010674476624,-0.02434687688946724,0.2654857635498047,0.592692494392395,-0.006063003093004227,0.2954375147819519,0.5031890869140625,-0.015321148559451103,0.3170478343963623,0.45145702362060547,-0.01929404027760029,0.33695828914642334,0.4105924963951111,-0.02281653881072998,0.22234761714935303,0.5752403736114502,-0.005712493788450956,0.2346293330192566,0.4914438724517822,-0.03962542489171028,0.22322940826416016,0.5350755453109741,-0.05653528869152069,0.21476158499717712,0.582278311252594,-0.058064330369234085,0.17905405163764954,0.5725110769271851,-0.009138920344412327,0.1771065592765808,0.5148587822914124,-0.05017505958676338,0.16252487897872925,0.573817789554596,-0.06170795485377312,0.15544819831848145,0.6187698841094971,-0.05650888383388519,0.13529254496097565,0.5774670839309692,-0.014239445328712463,0.14129316806793213,0.49782106280326843,-0.0406925193965435,0.1475527286529541,0.45409393310546875,-0.050278570502996445,0.15833666920661926,0.4075542092323303,-0.052101701498031616,ILOVEYOU
ILOVEYOU,0.13385918736457825,0.7850581407546997,-6.982433120583664e-08,0.2001556009054184,0.7862876653671265,-0.027809932827949524,0.2706257998943329,0.7215790152549744,-0.02834223210811615,0.31084105372428894,0.6608644127845764,-0.02806796319782734,0.3461925685405731,0.6291955709457397,-0.02675926499068737,0.26502665877342224,0.5897993445396423,-0.005489848088473082,0.29459020495414734,0.5010508894920349,-0.01590346358716488,0.31714117527008057,0.44908174872398376,-0.021549081429839134,0.33729779720306396,0.40728819370269775,-0.02608562633395195,0.22221125662326813,0.5733685493469238,-0.005998195614665747,0.2321668118238449,0.49495619535446167,-0.04040185734629631,0.2219851315021515,0.5373846292495728,-0.058835454285144806,0.21394656598567963,0.5816513299942017,-0.061912164092063904,0.17879778146743774,0.5708288550376892,-0.010277402587234974,0.17631381750106812,0.5151625871658325,-0.05132177844643593,0.1642111837863922,0.5735975503921509,-0.0633450448513031,0.15709002315998077,0.6184651255607605,-0.05896824970841408,0.1346476823091507,0.5758816003799438,-0.016261953860521317,0.14107833802700043,0.494911253452301,-0.04222744330763817,0.14813542366027832,0.45101603865623474,-0.05090796947479248,0.1585572063922882,0.40420740842819214,-0.052289556711912155,ILOVEYOU
ILOVEYOU,0.13471917808055878,0.783167839050293,-8.825775665854962e-08,0.20096588134765625,0.7873792052268982,-0.02805590070784092,0.2716488838195801,0.7210819721221924,-0.028485240414738655,0.3103519082069397,0.6570675373077393,-0.028141288086771965,0.3458367884159088,0.6247829794883728,-0.027065448462963104,0.26300540566444397,0.5900487303733826,-0.005921264179050922,0.29277676343917847,0.5015050172805786,-0.015580641105771065,0.31481054425239563,0.4489648640155792,-0.020939625799655914,0.33380499482154846,0.4059547781944275,-0.02533465251326561,0.21963906288146973,0.5729355216026306,-0.005766859743744135,0.23016679286956787,0.49798715114593506,-0.0417635403573513,0.21946848928928375,0.5410826802253723,-0.06141791492700577,0.2086338996887207,0.584290623664856,-0.06438037008047104,0.17667122185230255,0.5689308047294617,-0.008989620953798294,0.17433452606201172,0.5141664147377014,-0.050867341458797455,0.16223099827766418,0.5769442915916443,-0.063059501349926,0.1537843644618988,0.6236792206764221,-0.05793827027082443,0.1335509717464447,0.5723066329956055,-0.013843695633113384,0.14165432751178741,0.4915698170661926,-0.040381740778684616,0.14800038933753967,0.44868794083595276,-0.049089349806308746,0.1565123349428177,0.40142834186553955,-0.049930743873119354,ILOVEYOU
ILOVEYOU,0.13319528102874756,0.7825140953063965,-1.0643109504826498e-07,0.2004489153623581,0.7892419099807739,-0.02624700218439102,0.27100270986557007,0.7206324934959412,-0.025507314130663872,0.31036412715911865,0.6562233567237854,-0.024799853563308716,0.34577420353889465,0.6251075267791748,-0.02330126240849495,0.2633785307407379,0.5873615145683289,-0.00010343929898226634,0.2919005751609802,0.49804556369781494,-0.00881286896765232,0.3132876455783844,0.44461292028427124,-0.013926458545029163,0.33188602328300476,0.40033066272735596,-0.01856728456914425,0.21916338801383972,0.5708606839179993,-0.000998473959043622,0.2315610647201538,0.49967876076698303,-0.038631685078144073,0.2174651324748993,0.5513904094696045,-0.05935116484761238,0.203446626663208,0.6009158492088318,-0.062202490866184235,0.17631962895393372,0.5670114755630493,-0.00541885057464242,0.17718461155891418,0.5122655630111694,-0.04844100773334503,0.1633109152317047,0.5757690072059631,-0.06109068915247917,0.15188778936862946,0.623360812664032,-0.055622488260269165,0.13370250165462494,0.5702522993087769,-0.01135636679828167,0.14101271331310272,0.48690885305404663,-0.03806224465370178,0.14717338979244232,0.44387397170066833,-0.04702381044626236,0.15530164539813995,0.39750319719314575,-0.04789208620786667,ILOVEYOU
ILOVEYOU,0.13319528102874756,0.7825140953063965,-1.0643109504826498e-07,0.2004489153623581,0.7892419099807739,-0.02624700218439102,0.27100270986557007,0.7206324934959412,-0.025507314130663872,0.31036412715911865,0.6562233567237854,-0.024799853563308716,0.34577420353889465,0.6251075267791748,-0.02330126240849495,0.2633785307407379,0.5873615145683289,-0.00010343929898226634,0.2919005751609802,0.49804556369781494,-0.00881286896765232,0.3132876455783844,0.44461292028427124,-0.013926458545029163,0.33188602328300476,0.40033066272735596,-0.01856728456914425,0.21916338801383972,0.5708606839179993,-0.000998473959043622,0.2315610647201538,0.49967876076698303,-0.038631685078144073,0.2174651324748993,0.5513904094696045,-0.05935116484761238,0.203446626663208,0.6009158492088318,-0.062202490866184235,0.17631962895393372,0.5670114755630493,-0.00541885057464242,0.17718461155891418,0.5122655630111694,-0.04844100773334503,0.1633109152317047,0.5757690072059631,-0.06109068915247917,0.15188778936862946,0.623360812664032,-0.055622488260269165,0.13370250165462494,0.5702522993087769,-0.01135636679828167,0.14101271331310272,0.48690885305404663,-0.03806224465370178,0.14717338979244232,0.44387397170066833,-0.04702381044626236,0.15530164539813995,0.39750319719314575,-0.04789208620786667,ILOVEYOU
ILOVEYOU,0.13284915685653687,0.7817035913467407,-1.068009183313734e-07,0.2015911489725113,0.788105845451355,-0.026934195309877396,0.27250900864601135,0.7227717041969299,-0.027624977752566338,0.31059715151786804,0.6572458148002625,-0.02784908562898636,0.3459567725658417,0.6272160410881042,-0.027218138799071312,0.26190638542175293,0.5902547240257263,-0.005530072376132011,0.289181649684906,0.4985872805118561,-0.016620153561234474,0.3110477924346924,0.44269776344299316,-0.0226095300167799,0.32968980073928833,0.396720826625824,-0.02747632935643196,0.21722087264060974,0.572693407535553,-0.006204214412719011,0.22783136367797852,0.4998539686203003,-0.04643268138170242,0.21234919130802155,0.5605740547180176,-0.06622780859470367,0.19903650879859924,0.6169334650039673,-0.06773983687162399,0.17431576550006866,0.5677552819252014,-0.010182280093431473,0.17472946643829346,0.511016845703125,-0.05362973362207413,0.16144315898418427,0.57730633020401,-0.06354139000177383,0.1516798436641693,0.6270601749420166,-0.0560789592564106,0.13191105425357819,0.5698219537734985,-0.015771789476275444,0.14013364911079407,0.486084520816803,-0.04180844873189926,0.14649821817874908,0.444232702255249,-0.0486748032271862,0.1548105925321579,0.39802199602127075,-0.04781610518693924,ILOVEYOU
ILOVEYOU,0.13257744908332825,0.7861226797103882,-1.5518075713316648e-07,0.20667189359664917,0.786395788192749,-0.02249947376549244,0.2754729688167572,0.7185624241828918,-0.0218840092420578,0.31246206164360046,0.6566753387451172,-0.0215191300958395,0.34678277373313904,0.6287102699279785,-0.019938137382268906,0.26279112696647644,0.5888873338699341,-0.004173888824880123,0.2892058193683624,0.49527472257614136,-0.01578638330101967,0.31026336550712585,0.4385008215904236,-0.021149931475520134,0.3282845616340637,0.39243340492248535,-0.025579333305358887,0.21784386038780212,0.5723164081573486,-0.006998996715992689,0.22456488013267517,0.5119163393974304,-0.04693561792373657,0.20835468173027039,0.5805307030677795,-0.06496450304985046,0.19760200381278992,0.6369020342826843,-0.06612813472747803,0.1745920479297638,0.568446695804596,-0.013172873295843601,0.17286300659179688,0.5193195343017578,-0.05742268264293671,0.16278263926506042,0.5934162735939026,-0.06745653599500656,0.1563165783882141,0.6447808146476746,-0.06088261678814888,0.13175775110721588,0.5704928040504456,-0.020443011075258255,0.13720284402370453,0.48722249269485474,-0.047938164323568344,0.144044429063797,0.4455109238624573,-0.05602753534913063,0.15406566858291626,0.39617711305618286,-0.05656105652451515,ILOVEYOU
ILOVEYOU,0.13797347247600555,0.7891502380371094,-1.329459706767011e-07,0.2050035148859024,0.7903584241867065,-0.025421738624572754,0.2748495042324066,0.719636857509613,-0.02508913166821003,0.31141337752342224,0.6573361158370972,-0.024599820375442505,0.3464428186416626,0.6290972232818604,-0.022807952016592026,0.26117241382598877,0.5893325209617615,-0.0024467017501592636,0.28703683614730835,0.4945205748081207,-0.010740221478044987,0.306720495223999,0.43456876277923584,-0.014399191364645958,0.32294756174087524,0.3858185112476349,-0.017358245328068733,0.21655450761318207,0.5738489031791687,-0.002797389170154929,0.22336092591285706,0.5171991586685181,-0.041472308337688446,0.20625276863574982,0.5840821862220764,-0.06001238152384758,0.19102726876735687,0.6412817239761353,-0.05994062498211861,0.1741589605808258,0.5689781904220581,-0.006231184583157301,0.17361557483673096,0.5228444337844849,-0.04800557717680931,0.16064827144145966,0.5973470211029053,-0.05743208900094032,0.15058991312980652,0.6498998403549194,-0.04945605993270874,0.13321687281131744,0.5680803060531616,-0.011042197234928608,0.1398148387670517,0.4851728081703186,-0.03501931577920914,0.1465510129928589,0.4440513849258423,-0.04090941324830055,0.15600064396858215,0.3972014784812927,-0.03942221403121948,ILOVEYOU
ILOVEYOU,0.1405714452266693,0.7873778343200684,-1.771171156406126e-07,0.21030491590499878,0.7889136075973511,-0.02157564088702202,0.2802674472332001,0.7190721035003662,-0.019876664504408836,0.3164289891719818,0.6589506268501282,-0.018601367250084877,0.3507775068283081,0.6329424381256104,-0.01627514511346817,0.2646712362766266,0.5880699157714844,-0.003629113081842661,0.28903794288635254,0.4922748804092407,-0.012461734935641289,0.3089349865913391,0.43117910623550415,-0.015808207914233208,0.3244858980178833,0.38257893919944763,-0.018696600571274757,0.21860021352767944,0.5723944306373596,-0.005842135287821293,0.22432148456573486,0.5198993682861328,-0.04463328793644905,0.20775781571865082,0.5927082896232605,-0.062175121158361435,0.1930672526359558,0.6538261771202087,-0.062185611575841904,0.17540647089481354,0.5695537328720093,-0.010810825042426586,0.1748064160346985,0.5280788540840149,-0.05255713686347008,0.16476134955883026,0.6018023490905762,-0.062441349029541016,0.1553838849067688,0.6532547473907471,-0.055732328444719315,0.13354770839214325,0.5710604786872864,-0.016790451481938362,0.1411096304655075,0.4878385663032532,-0.04215853288769722,0.14772237837314606,0.44432908296585083,-0.049656324088573456,0.15521633625030518,0.3948628306388855,-0.049712564796209335,ILOVEYOU
ILOVEYOU,0.14150665700435638,0.7874510288238525,-1.9600297207489348e-07,0.21080997586250305,0.7904419898986816,-0.02201094478368759,0.2806408405303955,0.720522403717041,-0.02054109424352646,0.31693655252456665,0.6578713655471802,-0.01923116110265255,0.35233476758003235,0.6326104998588562,-0.016985932365059853,0.26649755239486694,0.588003933429718,-0.004371740855276585,0.2895233631134033,0.49271273612976074,-0.01321395207196474,0.30844244360923767,0.43070363998413086,-0.016560455784201622,0.32219886779785156,0.3814682960510254,-0.019253533333539963,0.22016949951648712,0.572331428527832,-0.0062619708478450775,0.22375227510929108,0.5222126841545105,-0.044495947659015656,0.2069733887910843,0.5950182676315308,-0.061668358743190765,0.1927831918001175,0.654597282409668,-0.06143126264214516,0.17698410153388977,0.5697619318962097,-0.010932189412415028,0.17421773076057434,0.5311357378959656,-0.052714988589286804,0.16418468952178955,0.6064670085906982,-0.06256642192602158,0.15562301874160767,0.6580067873001099,-0.05571497231721878,0.13490767776966095,0.5717101693153381,-0.016553813591599464,0.1417919546365738,0.4875374436378479,-0.04173384606838226,0.14777114987373352,0.4451305866241455,-0.048657793551683426,0.15537592768669128,0.39620500802993774,-0.04820572957396507,ILOVEYOU
ILOVEYOU,0.14256548881530762,0.7898256182670593,-1.8017617264831642e-07,0.21338841319084167,0.7885147929191589,-0.021136466413736343,0.2813909649848938,0.7190768718719482,-0.02006112039089203,0.3158186078071594,0.6571927666664124,-0.019861161708831787,0.3502792716026306,0.6320810317993164,-0.018612073734402657,0.2657634913921356,0.5877177119255066,-0.0019816122949123383,0.28763023018836975,0.4917784631252289,-0.012616210617125034,0.30707529187202454,0.42926764488220215,-0.017292004078626633,0.3218393325805664,0.3799322843551636,-0.02031783200800419,0.21981249749660492,0.5729045867919922,-0.004700432065874338,0.22398190200328827,0.524172306060791,-0.04608460143208504,0.20819298923015594,0.5967936515808105,-0.06459585577249527,0.1939813792705536,0.6574158668518066,-0.06396255642175674,0.17656639218330383,0.570033073425293,-0.010243928991258144,0.1739690899848938,0.5324329137802124,-0.05443340167403221,0.1630128175020218,0.6082813739776611,-0.06345286220312119,0.15284094214439392,0.6609946489334106,-0.05458972603082657,0.13445372879505157,0.5713581442832947,-0.016716551035642624,0.14240488409996033,0.48693475127220154,-0.042831141501665115,0.1499701589345932,0.44452106952667236,-0.04875284805893898,0.15876047313213348,0.3961282968521118,-0.046602457761764526,ILOVEYOU
ILOVEYOU,0.14104874432086945,0.7887976765632629,-2.1383029036314838e-07,0.21226628124713898,0.7852552533149719,-0.021429799497127533,0.2795007526874542,0.7161933183670044,-0.020655708387494087,0.3160412907600403,0.657010555267334,-0.020441515371203423,0.35146981477737427,0.632868766784668,-0.019222134724259377,0.2664954364299774,0.5860503315925598,-0.004900038242340088,0.2889626622200012,0.490250825881958,-0.016335461288690567,0.3082871437072754,0.4270806610584259,-0.021275538951158524,0.32243555784225464,0.3769730031490326,-0.024732526391744614,0.22047960758209229,0.570756733417511,-0.007471500430256128,0.22370710968971252,0.5251283645629883,-0.04880879446864128,0.20568732917308807,0.5985974669456482,-0.06635171920061111,0.19144180417060852,0.6576294898986816,-0.06581912934780121,0.1768486499786377,0.5689850449562073,-0.012994944117963314,0.17346197366714478,0.5315120816230774,-0.05761922895908356,0.16243505477905273,0.6050814986228943,-0.06714954972267151,0.1536446511745453,0.6559835076332092,-0.05938711389899254,0.13432878255844116,0.5723440647125244,-0.019450226798653603,0.14080584049224854,0.4880541265010834,-0.04751947522163391,0.1474888175725937,0.4435091018676758,-0.05542108416557312,0.15595915913581848,0.3936765193939209,-0.054945092648267746,ILOVEYOU
ILOVEYOU,0.14333829283714294,0.7878390550613403,-1.9919772853427276e-07,0.21427801251411438,0.7847748398780823,-0.02472630701959133,0.28076085448265076,0.7171502113342285,-0.026411529630422592,0.31587716937065125,0.6589478254318237,-0.028270848095417023,0.35185083746910095,0.6354645490646362,-0.02906814031302929,0.26539531350135803,0.584204375743866,-0.007272327784448862,0.28772640228271484,0.4902568757534027,-0.01919727772474289,0.3054462671279907,0.4280451536178589,-0.02464325539767742,0.31932833790779114,0.3787038326263428,-0.027989836409687996,0.2188878059387207,0.5708972215652466,-0.007873636670410633,0.22240614891052246,0.5283376574516296,-0.049043625593185425,0.20506799221038818,0.5998786687850952,-0.06643150746822357,0.19062626361846924,0.6587622165679932,-0.06533071398735046,0.1751174032688141,0.5699678659439087,-0.011480732820928097,0.17392276227474213,0.5351555347442627,-0.05604121461510658,0.1619187891483307,0.6103066205978394,-0.06381464749574661,0.1518179327249527,0.6621670126914978,-0.05411618575453758,0.13355961441993713,0.5723573565483093,-0.016240430995821953,0.1413765698671341,0.48846566677093506,-0.04329096898436546,0.14912539720535278,0.44590994715690613,-0.04885730892419815,0.1598484218120575,0.3977622389793396,-0.04614662751555443,ILOVEYOU
ILOVEYOU,0.14219380915164948,0.7890591025352478,-2.044635181164267e-07,0.21230930089950562,0.7865903973579407,-0.02144908905029297,0.28074365854263306,0.7160477638244629,-0.0207425095140934,0.31607142090797424,0.6557546854019165,-0.020899193361401558,0.3515963554382324,0.6308355927467346,-0.020001772791147232,0.2638424038887024,0.5835687518119812,-0.0031664774287492037,0.284190833568573,0.48676198720932007,-0.013425796292722225,0.30236899852752686,0.4235230088233948,-0.017457427456974983,0.31650111079216003,0.37409254908561707,-0.020222144201397896,0.217788428068161,0.5705325603485107,-0.005665935575962067,0.2209911346435547,0.5256044864654541,-0.046820979565382004,0.2030998319387436,0.6002210378646851,-0.0643283873796463,0.18844622373580933,0.6598110795021057,-0.06316746026277542,0.17469605803489685,0.5696978569030762,-0.011041526682674885,0.17311367392539978,0.5332046151161194,-0.055491115897893906,0.1610081046819687,0.6103350520133972,-0.06371837854385376,0.1505240797996521,0.662390410900116,-0.05449405312538147,0.13305048644542694,0.572199285030365,-0.01739204116165638,0.13986103236675262,0.4868693947792053,-0.044695012271404266,0.14745646715164185,0.4427762031555176,-0.05137784406542778,0.15752729773521423,0.3927750587463379,-0.04979338124394417,ILOVEYOU
ILOVEYOU,0.14344531297683716,0.7906357049942017,-1.9252735228292295e-07,0.2123524397611618,0.7846318483352661,-0.025014743208885193,0.2792191803455353,0.7159122228622437,-0.02720135822892189,0.3146458566188812,0.6553640961647034,-0.029439212754368782,0.35176628828048706,0.6326984167098999,-0.030444391071796417,0.2628142237663269,0.5839816927909851,-0.008540713228285313,0.2836846113204956,0.48744669556617737,-0.02143137715756893,0.3013061583042145,0.42465633153915405,-0.027094818651676178,0.31587257981300354,0.37577924132347107,-0.03053726628422737,0.21764525771141052,0.5706390142440796,-0.009213834069669247,0.22067289054393768,0.5284185409545898,-0.05182671174407005,0.20380592346191406,0.6024184823036194,-0.06897293031215668,0.1913454532623291,0.6621465086936951,-0.06758013367652893,0.17429234087467194,0.5696787238121033,-0.01297693606466055,0.17140334844589233,0.5360291004180908,-0.058849036693573,0.1596182882785797,0.6122797131538391,-0.06613907217979431,0.15149083733558655,0.6650059819221497,-0.056010425090789795,0.13250857591629028,0.5724441409111023,-0.017946014180779457,0.13940869271755219,0.48970550298690796,-0.04580717161297798,0.14702868461608887,0.44681277871131897,-0.05170785263180733,0.15820074081420898,0.39827266335487366,-0.04926101863384247,ILOVEYOU
ILOVEYOU,0.14136222004890442,0.7872276306152344,-1.9025459607746598e-07,0.21097134053707123,0.7884615063667297,-0.022600477561354637,0.2803632318973541,0.7160161137580872,-0.021695127710700035,0.3168521523475647,0.6539046764373779,-0.02116115391254425,0.3529702425003052,0.6307280659675598,-0.019592897966504097,0.2642076313495636,0.5847576856613159,-0.002983601065352559,0.2842247784137726,0.4892469048500061,-0.012152091600000858,0.3019219636917114,0.4243316054344177,-0.015995020046830177,0.31490644812583923,0.3731950521469116,-0.018847152590751648,0.21801303327083588,0.5705469846725464,-0.004115008283406496,0.21932661533355713,0.5263442397117615,-0.04302748665213585,0.2012592852115631,0.6031615734100342,-0.05943320319056511,0.1877252459526062,0.6635531783103943,-0.057905133813619614,0.17452573776245117,0.5684932470321655,-0.008243577554821968,0.17049288749694824,0.5324257016181946,-0.051078032702207565,0.1582622528076172,0.6111018061637878,-0.058705803006887436,0.14919161796569824,0.6635635495185852,-0.049317292869091034,0.1319202035665512,0.569659948348999,-0.01348232850432396,0.1396535187959671,0.48440802097320557,-0.03967418521642685,0.14671790599822998,0.44040578603744507,-0.04583645239472389,0.15669386088848114,0.3907095789909363,-0.04404357820749283,ILOVEYOU
ILOVEYOU,0.14093710482120514,0.7878089547157288,-1.5034895284316008e-07,0.2100948542356491,0.7908260822296143,-0.02160995453596115,0.27949053049087524,0.7180390357971191,-0.021665891632437706,0.31640610098838806,0.6591956615447998,-0.02260631136596203,0.3520682752132416,0.6341809034347534,-0.022651348263025284,0.26339244842529297,0.5888279676437378,-0.0040543521754443645,0.2827224135398865,0.4935362935066223,-0.014386437833309174,0.30080294609069824,0.42927420139312744,-0.019150665029883385,0.31496426463127136,0.3782256245613098,-0.022883113473653793,0.21800661087036133,0.5738762021064758,-0.0070435358211398125,0.2212640345096588,0.5283014178276062,-0.04770015925168991,0.20346581935882568,0.6049016714096069,-0.06520885229110718,0.1895427703857422,0.6655181050300598,-0.06437309831380844,0.17436206340789795,0.5703032612800598,-0.01291509997099638,0.1734473556280136,0.5350038409233093,-0.05709336698055267,0.16144061088562012,0.6163279414176941,-0.06445431709289551,0.15127184987068176,0.6697940826416016,-0.05485111474990845,0.13106279075145721,0.5717562437057495,-0.019820259883999825,0.13896316289901733,0.4858167767524719,-0.04698070138692856,0.1474601924419403,0.44152748584747314,-0.052944283932447433,0.15809746086597443,0.39092472195625305,-0.05102994292974472,ILOVEYOU
ILOVEYOU,0.14093710482120514,0.7878089547157288,-1.5034895284316008e-07,0.2100948542356491,0.7908260822296143,-0.02160995453596115,0.27949053049087524,0.7180390357971191,-0.021665891632437706,0.31640610098838806,0.6591956615447998,-0.02260631136596203,0.3520682752132416,0.6341809034347534,-0.022651348263025284,0.26339244842529297,0.5888279676437378,-0.0040543521754443645,0.2827224135398865,0.4935362935066223,-0.014386437833309174,0.30080294609069824,0.42927420139312744,-0.019150665029883385,0.31496426463127136,0.3782256245613098,-0.022883113473653793,0.21800661087036133,0.5738762021064758,-0.0070435358211398125,0.2212640345096588,0.5283014178276062,-0.04770015925168991,0.20346581935882568,0.6049016714096069,-0.06520885229110718,0.1895427703857422,0.6655181050300598,-0.06437309831380844,0.17436206340789795,0.5703032612800598,-0.01291509997099638,0.1734473556280136,0.5350038409233093,-0.05709336698055267,0.16144061088562012,0.6163279414176941,-0.06445431709289551,0.15127184987068176,0.6697940826416016,-0.05485111474990845,0.13106279075145721,0.5717562437057495,-0.019820259883999825,0.13896316289901733,0.4858167767524719,-0.04698070138692856,0.1474601924419403,0.44152748584747314,-0.052944283932447433,0.15809746086597443,0.39092472195625305,-0.05102994292974472,ILOVEYOU
ILOVEYOU,0.14165443181991577,0.7875823974609375,-1.445752673134848e-07,0.21045681834220886,0.7909103631973267,-0.023751001805067062,0.28043240308761597,0.7182480692863464,-0.022870752960443497,0.31630030274391174,0.6592651009559631,-0.022358756512403488,0.3522171974182129,0.6338350772857666,-0.020913252606987953,0.26489195227622986,0.5852851867675781,-0.001972808036953211,0.28391730785369873,0.491113543510437,-0.009584850631654263,0.30270490050315857,0.42802193760871887,-0.012799624353647232,0.31683194637298584,0.37786710262298584,-0.01546721812337637,0.2186328023672104,0.5715550780296326,-0.003320347750559449,0.2206185907125473,0.5241782665252686,-0.04073991999030113,0.20477081835269928,0.5967369079589844,-0.05795770511031151,0.19079411029815674,0.6554612517356873,-0.0570787750184536,0.1744261234998703,0.5690733194351196,-0.007809332571923733,0.17205481231212616,0.5361090302467346,-0.05121981352567673,0.15997344255447388,0.6185034513473511,-0.060339923948049545,0.14984562993049622,0.6716511249542236,-0.05151761323213577,0.1312369406223297,0.5710558295249939,-0.013349269516766071,0.13895045220851898,0.4854632616043091,-0.04048291966319084,0.14603707194328308,0.4417741298675537,-0.04707054793834686,0.155437633395195,0.3919334411621094,-0.04534737765789032,ILOVEYOU
ILOVEYOU,0.14248058199882507,0.7872022390365601,-1.6244312917024217e-07,0.20922087132930756,0.7913013100624084,-0.024401841685175896,0.2795970141887665,0.7191177010536194,-0.024456890299916267,0.316282719373703,0.6600437164306641,-0.024400444701313972,0.3523998558521271,0.6346045732498169,-0.023291785269975662,0.2654228210449219,0.5874179601669312,-0.00598929962143302,0.28499358892440796,0.49364209175109863,-0.014896265231072903,0.30314213037490845,0.4300687313079834,-0.018367858603596687,0.31706878542900085,0.3792946934700012,-0.021102191880345345,0.21915724873542786,0.5736231803894043,-0.007030973676592112,0.22135958075523376,0.5273737907409668,-0.045887675136327744,0.20359940826892853,0.6010076403617859,-0.06226220354437828,0.18963468074798584,0.6594433784484863,-0.06058152765035629,0.17463329434394836,0.5705643892288208,-0.011075998656451702,0.17247384786605835,0.5365961194038391,-0.055228933691978455,0.16036468744277954,0.6186087727546692,-0.06316226720809937,0.1511189341545105,0.6717368364334106,-0.05352585017681122,0.13110004365444183,0.5716730356216431,-0.01614350453019142,0.13871537148952484,0.4850630760192871,-0.043808214366436005,0.14576882123947144,0.44040852785110474,-0.049922239035367966,0.15565438568592072,0.38965392112731934,-0.04773062467575073,ILOVEYOU
ILOVEYOU,0.14053335785865784,0.7884701490402222,-1.458547274069133e-07,0.20911948382854462,0.7927103042602539,-0.024005789309740067,0.2786669433116913,0.7216989398002625,-0.025763697922229767,0.3167133927345276,0.6611940860748291,-0.027651771903038025,0.3541843891143799,0.6363952159881592,-0.028523007407784462,0.2632962763309479,0.5909424424171448,-0.008283723145723343,0.2830914855003357,0.4949374794960022,-0.019220875576138496,0.3009190261363983,0.42940253019332886,-0.023766981437802315,0.3151171803474426,0.3776702284812927,-0.02735544741153717,0.21686924993991852,0.5748876333236694,-0.009965053759515285,0.21908406913280487,0.530207633972168,-0.050051525235176086,0.20067253708839417,0.6089961528778076,-0.06606997549533844,0.18830247223377228,0.6710208654403687,-0.06471408158540726,0.17264235019683838,0.5715879797935486,-0.014635023660957813,0.17055624723434448,0.5361202359199524,-0.05822330713272095,0.15864846110343933,0.6152670383453369,-0.065021812915802,0.15025442838668823,0.6679953336715698,-0.05552367493510246,0.12948693335056305,0.5738660097122192,-0.020537735894322395,0.13811704516410828,0.4887775480747223,-0.04725984111428261,0.14581191539764404,0.44423121213912964,-0.05305297300219536,0.15581724047660828,0.3938053846359253,-0.05121244490146637,ILOVEYOU
ILOVEYOU,0.14185616374015808,0.787702202796936,-1.49191123455239e-07,0.208652064204216,0.7941977977752686,-0.02481122501194477,0.2796827554702759,0.7227224111557007,-0.02608613297343254,0.31680813431739807,0.661012589931488,-0.027223611250519753,0.3538060188293457,0.6347234845161438,-0.027244163677096367,0.26338067650794983,0.5902318954467773,-0.007361749652773142,0.2843874990940094,0.493841290473938,-0.01575435698032379,0.3027079105377197,0.42980653047561646,-0.018464507535099983,0.31694990396499634,0.3791322708129883,-0.02085636556148529,0.21717466413974762,0.5755926966667175,-0.008041552267968655,0.22103776037693024,0.5302371978759766,-0.04518792778253555,0.2021968513727188,0.6080846190452576,-0.059560079127550125,0.1886797845363617,0.6680538058280945,-0.05709296092391014,0.17345118522644043,0.5723657608032227,-0.01170891709625721,0.17466923594474792,0.5367518067359924,-0.05360898748040199,0.16214650869369507,0.6184272766113281,-0.059227216988801956,0.15223321318626404,0.6714358329772949,-0.04897058755159378,0.1309254765510559,0.5734047293663025,-0.016620086506009102,0.13961350917816162,0.4839153289794922,-0.042759187519550323,0.14699409902095795,0.4404257535934448,-0.047776494175195694,0.1569027304649353,0.39262157678604126,-0.045278385281562805,ILOVEYOU
ILOVEYOU,0.14244189858436584,0.787726879119873,-1.7977384914047434e-07,0.2102799117565155,0.79024738073349,-0.025596080347895622,0.28043052554130554,0.7200964093208313,-0.027168288826942444,0.3176020383834839,0.6586924195289612,-0.028372548520565033,0.354103684425354,0.634996771812439,-0.02833498641848564,0.2643234431743622,0.5879243016242981,-0.009576790034770966,0.28391122817993164,0.49281466007232666,-0.02118298038840294,0.30163246393203735,0.4277956485748291,-0.02579546719789505,0.31563037633895874,0.37622594833374023,-0.029046447947621346,0.21786344051361084,0.572684645652771,-0.00959925539791584,0.21941688656806946,0.5296259522438049,-0.050564445555210114,0.19979172945022583,0.6091002225875854,-0.0660003125667572,0.1874256730079651,0.6706795692443848,-0.06361369788646698,0.17428216338157654,0.5696879625320435,-0.012772123329341412,0.1709667444229126,0.5347869396209717,-0.0572410449385643,0.15825088322162628,0.6145080924034119,-0.06349878758192062,0.14997786283493042,0.6681599617004395,-0.05300235375761986,0.1317150592803955,0.5711387991905212,-0.017281387001276016,0.13959646224975586,0.48564428091049194,-0.044636115431785583,0.1457744538784027,0.4407415986061096,-0.05055274814367294,0.15529334545135498,0.391107976436615,-0.04835522174835205,ILOVEYOU
ILOVEYOU,0.14378568530082703,0.7901161313056946,-1.7247987216251204e-07,0.21138402819633484,0.7897395491600037,-0.026657916605472565,0.28118306398391724,0.7200576663017273,-0.029129045084118843,0.31804999709129333,0.6590196490287781,-0.0311315655708313,0.35456383228302,0.6345773935317993,-0.03195231035351753,0.2645461857318878,0.5872865319252014,-0.009795261546969414,0.28340521454811096,0.49182236194610596,-0.020890532061457634,0.3011934161186218,0.42728421092033386,-0.025198567658662796,0.31527963280677795,0.37594762444496155,-0.028129244223237038,0.21795621514320374,0.5729550719261169,-0.00945908110588789,0.21867389976978302,0.5327118039131165,-0.051169004291296005,0.1990860104560852,0.6127798557281494,-0.06750376522541046,0.18442323803901672,0.6748296022415161,-0.06517047435045242,0.17418576776981354,0.5710709691047668,-0.012174298986792564,0.17059698700904846,0.5374509692192078,-0.056677550077438354,0.158775195479393,0.6176410913467407,-0.0631878599524498,0.14972493052482605,0.6717652082443237,-0.052470095455646515,0.13161467015743256,0.5728023648262024,-0.0162753127515316,0.13895516097545624,0.48667508363723755,-0.04298479110002518,0.146505206823349,0.4423314929008484,-0.04842082038521767,0.1572982668876648,0.39286351203918457,-0.0457056500017643,ILOVEYOU
ILOVEYOU,0.14534428715705872,0.7879501581192017,-1.6625055820895795e-07,0.21277597546577454,0.787480354309082,-0.027801524847745895,0.2824017107486725,0.7184798717498779,-0.03033442422747612,0.3202263116836548,0.6582398414611816,-0.03193666413426399,0.35718145966529846,0.6340992450714111,-0.03228660672903061,0.2636670172214508,0.5871215462684631,-0.011667221784591675,0.2825625240802765,0.4921318292617798,-0.023765483871102333,0.3005969524383545,0.4279465675354004,-0.02865702286362648,0.3151688277721405,0.3773093819618225,-0.03180789574980736,0.21844705939292908,0.572627604007721,-0.010192516259849072,0.21957238018512726,0.5301080942153931,-0.052140455693006516,0.20084774494171143,0.6105511784553528,-0.06761904060840607,0.18784239888191223,0.6730645895004272,-0.06465437263250351,0.1753583550453186,0.5702599883079529,-0.011978560127317905,0.17066924273967743,0.5359334349632263,-0.05717756971716881,0.1581054925918579,0.6160256266593933,-0.06312958151102066,0.14986129105091095,0.6700252294540405,-0.05172785744071007,0.13341273367404938,0.5711643099784851,-0.015185664407908916,0.1411839723587036,0.48686784505844116,-0.04240494966506958,0.14792241156101227,0.4429546594619751,-0.04773707315325737,0.15801090002059937,0.393980473279953,-0.04477722570300102,ILOVEYOU
ILOVEYOU,0.14469575881958008,0.7903440594673157,-1.7676563857094152e-07,0.21284879744052887,0.7889255285263062,-0.025791732594370842,0.2825183868408203,0.7194569706916809,-0.027875730767846107,0.32010316848754883,0.6588038206100464,-0.029594073072075844,0.3576219379901886,0.6342011094093323,-0.0301193930208683,0.2639940679073334,0.5887702703475952,-0.010247758589684963,0.2825610935688019,0.4916379749774933,-0.022116443142294884,0.30093932151794434,0.4271249771118164,-0.026926809921860695,0.3156617283821106,0.3763922154903412,-0.030163496732711792,0.21844398975372314,0.5737200379371643,-0.010007171891629696,0.22120416164398193,0.52829909324646,-0.05135592073202133,0.202333003282547,0.6082234978675842,-0.06708505004644394,0.18821537494659424,0.6714185476303101,-0.06466273218393326,0.17514687776565552,0.57172030210495,-0.012789811939001083,0.17248135805130005,0.53509521484375,-0.05716691166162491,0.15928690135478973,0.61491459608078,-0.06296354532241821,0.14952924847602844,0.6690263152122498,-0.0519489161670208,0.132611483335495,0.5733054876327515,-0.01689613237977028,0.14121410250663757,0.4880472421646118,-0.043805450201034546,0.14788521826267242,0.44243407249450684,-0.04922238737344742,0.15706966817378998,0.3910670876502991,-0.046619854867458344,ILOVEYOU
ILOVEYOU,0.14412710070610046,0.7921890616416931,-1.783993610615653e-07,0.21325020492076874,0.7898272275924683,-0.025011589750647545,0.28152182698249817,0.7208700776100159,-0.026252692565321922,0.3178827166557312,0.6615734100341797,-0.02756568230688572,0.3542337715625763,0.6365443468093872,-0.027600407600402832,0.26462289690971375,0.5889334082603455,-0.00707537354901433,0.2839531898498535,0.4914315938949585,-0.018627092242240906,0.3027551770210266,0.426469624042511,-0.023477865383028984,0.3171728551387787,0.37531736493110657,-0.026547329500317574,0.21860304474830627,0.5741540193557739,-0.007727918215095997,0.22026768326759338,0.5314695239067078,-0.050024423748254776,0.20121419429779053,0.6097967624664307,-0.06748136132955551,0.18573600053787231,0.6725925803184509,-0.06576884537935257,0.17533716559410095,0.5717200636863708,-0.011445541866123676,0.1711951047182083,0.5378315448760986,-0.05638047680258751,0.15870407223701477,0.6168245077133179,-0.06357454508543015,0.14912186563014984,0.6708477735519409,-0.05311449617147446,0.13313506543636322,0.5731737017631531,-0.0164545439183712,0.14099888503551483,0.48878052830696106,-0.04318908229470253,0.14843718707561493,0.4442967176437378,-0.04859744757413864,0.1580604910850525,0.3941935896873474,-0.04579809308052063,ILOVEYOU
ILOVEYOU,0.14475665986537933,0.7922219038009644,-1.8536341883645946e-07,0.21177606284618378,0.7902032136917114,-0.02699940837919712,0.2803162634372711,0.7227895259857178,-0.030087875202298164,0.3169776499271393,0.6632322072982788,-0.032874323427677155,0.35380232334136963,0.6368497014045715,-0.03416275233030319,0.2649978697299957,0.591310441493988,-0.010340075939893723,0.28366029262542725,0.49249470233917236,-0.024053549394011497,0.30172404646873474,0.42762935161590576,-0.03013785555958748,0.3157423734664917,0.3772623538970947,-0.03373406454920769,0.2194206714630127,0.5767067074775696,-0.010474923998117447,0.22206330299377441,0.5339267253875732,-0.05408397316932678,0.20140498876571655,0.6117532849311829,-0.07095446437597275,0.18664126098155975,0.6725876927375793,-0.06864048540592194,0.1759173572063446,0.5743868947029114,-0.013939565047621727,0.17293143272399902,0.541395902633667,-0.06035066395998001,0.159778892993927,0.6203454732894897,-0.06665880978107452,0.1506873071193695,0.6735652089118958,-0.05529624968767166,0.1336168497800827,0.5761291980743408,-0.01885206624865532,0.14153389632701874,0.49054011702537537,-0.04668111354112625,0.14889442920684814,0.44563430547714233,-0.05173254758119583,0.15882986783981323,0.39560365676879883,-0.048415351659059525,ILOVEYOU
ILOVEYOU,0.1449948400259018,0.7951127886772156,-1.833018359320704e-07,0.21428248286247253,0.7909398674964905,-0.02646423690021038,0.2823490500450134,0.7220052480697632,-0.029557202011346817,0.31817910075187683,0.6626546382904053,-0.03253341466188431,0.35573330521583557,0.6389412879943848,-0.03438408672809601,0.26409420371055603,0.5908523201942444,-0.010618171654641628,0.2833746373653412,0.49254825711250305,-0.023320933803915977,0.3011571168899536,0.4282070994377136,-0.028505129739642143,0.31572121381759644,0.3781832158565521,-0.031663328409194946,0.21831879019737244,0.5776357054710388,-0.01094800978899002,0.2205594778060913,0.5358311533927917,-0.053648099303245544,0.20156288146972656,0.6115540266036987,-0.07023022323846817,0.18763604760169983,0.6723133325576782,-0.06807096302509308,0.17465147376060486,0.5766662359237671,-0.014445150271058083,0.17214789986610413,0.5436246395111084,-0.0606270395219326,0.15905801951885223,0.6223068237304688,-0.06681988388299942,0.14999347925186157,0.6759713888168335,-0.05545100197196007,0.1325140744447708,0.5792103409767151,-0.019284013658761978,0.1408875733613968,0.49296972155570984,-0.0471096895635128,0.14889611303806305,0.4482564330101013,-0.05213644355535507,0.16020998358726501,0.398603618144989,-0.04886224865913391,ILOVEYOU
ILOVEYOU,0.1445414125919342,0.7930593490600586,-1.6380737122290157e-07,0.2133430540561676,0.7899922728538513,-0.027971286326646805,0.2816881537437439,0.7219002842903137,-0.03124978393316269,0.31819218397140503,0.6616800427436829,-0.033873699605464935,0.35635456442832947,0.6364807486534119,-0.035153135657310486,0.2651423215866089,0.5895788669586182,-0.010927347466349602,0.2841085195541382,0.4935871362686157,-0.023219358175992966,0.3030993640422821,0.42879706621170044,-0.028293129056692123,0.3178626298904419,0.37869536876678467,-0.031483083963394165,0.21929922699928284,0.5751546025276184,-0.010121254250407219,0.221047043800354,0.5332356691360474,-0.05193191394209862,0.20175622403621674,0.6124506592750549,-0.06790774315595627,0.18743956089019775,0.6753079891204834,-0.0653572529554367,0.17585784196853638,0.5737584829330444,-0.012720062397420406,0.17194393277168274,0.5404860973358154,-0.058134716004133224,0.1584688127040863,0.6197002530097961,-0.06444726884365082,0.1493576020002365,0.6731564998626709,-0.053283706307411194,0.1332462579011917,0.5759098529815674,-0.016829492524266243,0.14188313484191895,0.49065911769866943,-0.04452994093298912,0.1490768939256668,0.4452913999557495,-0.050156187266111374,0.15923258662223816,0.39484524726867676,-0.04733918979763985,ILOVEYOU
ILOVEYOU,0.1445414125919342,0.7930593490600586,-1.6380737122290157e-07,0.2133430540561676,0.7899922728538513,-0.027971286326646805,0.2816881537437439,0.7219002842903137,-0.03124978393316269,0.31819218397140503,0.6616800427436829,-0.033873699605464935,0.35635456442832947,0.6364807486534119,-0.035153135657310486,0.2651423215866089,0.5895788669586182,-0.010927347466349602,0.2841085195541382,0.4935871362686157,-0.023219358175992966,0.3030993640422821,0.42879706621170044,-0.028293129056692123,0.3178626298904419,0.37869536876678467,-0.031483083963394165,0.21929922699928284,0.5751546025276184,-0.010121254250407219,0.221047043800354,0.5332356691360474,-0.05193191394209862,0.20175622403621674,0.6124506592750549,-0.06790774315595627,0.18743956089019775,0.6753079891204834,-0.0653572529554367,0.17585784196853638,0.5737584829330444,-0.012720062397420406,0.17194393277168274,0.5404860973358154,-0.058134716004133224,0.1584688127040863,0.6197002530097961,-0.06444726884365082,0.1493576020002365,0.6731564998626709,-0.053283706307411194,0.1332462579011917,0.5759098529815674,-0.016829492524266243,0.14188313484191895,0.49065911769866943,-0.04452994093298912,0.1490768939256668,0.4452913999557495,-0.050156187266111374,0.15923258662223816,0.39484524726867676,-0.04733918979763985,ILOVEYOU
ILOVEYOU,0.14483773708343506,0.7918311357498169,-1.7710893018829665e-07,0.21320167183876038,0.7910568714141846,-0.026391958817839622,0.2825782299041748,0.7221066951751709,-0.029266374185681343,0.3194206953048706,0.6613685488700867,-0.03181948512792587,0.356689453125,0.6363543272018433,-0.033228542655706406,0.2651216983795166,0.5904956459999084,-0.011979739181697369,0.28402525186538696,0.49341881275177,-0.024530623108148575,0.30287453532218933,0.42817264795303345,-0.02964254841208458,0.3174434304237366,0.37712275981903076,-0.03299005329608917,0.21930798888206482,0.5754756331443787,-0.01206129603087902,0.22140687704086304,0.5333775877952576,-0.05443340539932251,0.20261110365390778,0.6115673184394836,-0.07057995349168777,0.18822938203811646,0.6735810041427612,-0.0683775246143341,0.17592409253120422,0.5729805827140808,-0.015175841748714447,0.1728924661874771,0.5400865077972412,-0.06017842888832092,0.15980815887451172,0.6188746094703674,-0.06608755141496658,0.14990824460983276,0.6726431846618652,-0.05513112619519234,0.13365598022937775,0.5745497345924377,-0.019719306379556656,0.14174437522888184,0.4894614517688751,-0.046863704919815063,0.1489943563938141,0.4449934959411621,-0.052128564566373825,0.159158855676651,0.3959193825721741,-0.04937663674354553,ILOVEYOU
ILOVEYOU,0.1456977277994156,0.7933347821235657,-1.9729378664123942e-07,0.21392399072647095,0.7907882928848267,-0.0235237255692482,0.2831398844718933,0.721048891544342,-0.02535310387611389,0.3198137581348419,0.6609469652175903,-0.027700135484337807,0.3563988208770752,0.6381798386573792,-0.029029004275798798,0.2657533884048462,0.588976263999939,-0.009095453657209873,0.2848952114582062,0.48994237184524536,-0.02135380543768406,0.3038717210292816,0.4260503649711609,-0.026210471987724304,0.31946223974227905,0.3768196105957031,-0.029477117583155632,0.22026848793029785,0.574501097202301,-0.010714060626924038,0.22365444898605347,0.5349045991897583,-0.053618766367435455,0.2048044055700302,0.614889919757843,-0.07058516889810562,0.1893056482076645,0.6769341230392456,-0.0690455436706543,0.17711901664733887,0.5729764699935913,-0.015071246773004532,0.17675408720970154,0.5391347408294678,-0.05984129756689072,0.16542623937129974,0.6180481314659119,-0.06613551825284958,0.15517732501029968,0.6719867587089539,-0.055920712649822235,0.13468079268932343,0.5753201246261597,-0.020654281601309776,0.1430741399526596,0.49002981185913086,-0.04804345965385437,0.15117543935775757,0.44548749923706055,-0.05394959822297096,0.16118663549423218,0.3958401083946228,-0.05186145380139351,ILOVEYOU
ILOVEYOU,0.14996621012687683,0.7907981872558594,-1.9920818772334314e-07,0.21728679537773132,0.7871671319007874,-0.025075353682041168,0.2855171859264374,0.71845543384552,-0.027256401255726814,0.32217109203338623,0.6591247916221619,-0.0292266383767128,0.35928964614868164,0.6359997391700745,-0.030179176479578018,0.26744017004966736,0.588900625705719,-0.011563817970454693,0.28606149554252625,0.49181097745895386,-0.02501768060028553,0.3041779696941376,0.42798343300819397,-0.03075375221669674,0.31864243745803833,0.3791521489620209,-0.03418586030602455,0.22177886962890625,0.5737689733505249,-0.01214971486479044,0.2255622148513794,0.5312315821647644,-0.05542966350913048,0.20695628225803375,0.607461154460907,-0.07213708758354187,0.19213974475860596,0.6695685982704163,-0.07004083693027496,0.17866170406341553,0.5721914768218994,-0.015674127265810966,0.17619101703166962,0.5398434996604919,-0.06121527776122093,0.16379573941230774,0.6166277527809143,-0.06792415678501129,0.15447285771369934,0.6701977252960205,-0.057290006428956985,0.13660773634910583,0.5753092169761658,-0.02045690268278122,0.14411373436450958,0.4913009703159332,-0.04801534116268158,0.1514776349067688,0.44647079706192017,-0.05384401977062225,0.16134610772132874,0.39756155014038086,-0.051369886845350266,ILOVEYOU
ILOVEYOU,0.1514304280281067,0.7884820103645325,-2.517534198887006e-07,0.21871984004974365,0.7859296202659607,-0.021312091499567032,0.2875325083732605,0.7163913249969482,-0.02171509712934494,0.3245621919631958,0.6574777960777283,-0.02224856987595558,0.36025241017341614,0.6367773413658142,-0.02208874747157097,0.2707504630088806,0.5896888971328735,-0.011245191097259521,0.29015541076660156,0.4923257529735565,-0.02378748543560505,0.30797359347343445,0.4274126887321472,-0.02877919375896454,0.321066290140152,0.3774346113204956,-0.03195994719862938,0.2256259024143219,0.5737055540084839,-0.012898611836135387,0.22965320944786072,0.5336495041847229,-0.05386393144726753,0.2067745327949524,0.609782874584198,-0.06827319413423538,0.19025596976280212,0.6681313514709473,-0.06549733877182007,0.18268808722496033,0.570945680141449,-0.01704963482916355,0.1807558238506317,0.5401393175125122,-0.06032853573560715,0.16690221428871155,0.6149008274078369,-0.06544064730405807,0.15724799036979675,0.6661500334739685,-0.054973602294921875,0.1400769054889679,0.5730499625205994,-0.02218673564493656,0.1471657007932663,0.4883615970611572,-0.04905225709080696,0.15476500988006592,0.44421064853668213,-0.05457349494099617,0.16548262536525726,0.3976152539253235,-0.0524861104786396,ILOVEYOU
ILOVEYOU,0.15810221433639526,0.7868663668632507,-2.1334157906949258e-07,0.22264578938484192,0.785002589225769,-0.023815514519810677,0.2921085059642792,0.7167340517044067,-0.02562635764479637,0.3298655152320862,0.6606244444847107,-0.026974642649292946,0.36745309829711914,0.6391423940658569,-0.02753928117454052,0.2721512019634247,0.5915136337280273,-0.012893670238554478,0.2917972207069397,0.4958036541938782,-0.02550273947417736,0.30851632356643677,0.43236058950424194,-0.030471205711364746,0.3206385672092438,0.3841550052165985,-0.033149853348731995,0.2275124341249466,0.5748836398124695,-0.013012534938752651,0.23516568541526794,0.5332283973693848,-0.053355924785137177,0.2160690724849701,0.6069957613945007,-0.06779465824365616,0.2009836882352829,0.6662744283676147,-0.06478869915008545,0.18509015440940857,0.5704706311225891,-0.015738490968942642,0.18604370951652527,0.5404289960861206,-0.05841873586177826,0.17248865962028503,0.6152744293212891,-0.0630689486861229,0.16290892660617828,0.6669454574584961,-0.05185458064079285,0.14367900788784027,0.5705365538597107,-0.019603371620178223,0.15244914591312408,0.48908519744873047,-0.0447380505502224,0.16079460084438324,0.4479437470436096,-0.04876282811164856,0.17180019617080688,0.4037938117980957,-0.045497529208660126,ILOVEYOU
ILOVEYOU,0.16714712977409363,0.7821492552757263,-1.881463589370469e-07,0.23104380071163177,0.7820868492126465,-0.023090219125151634,0.29876992106437683,0.7145966291427612,-0.024766622111201286,0.3350678086280823,0.6602885723114014,-0.026300115510821342,0.37232986092567444,0.6378745436668396,-0.02730080671608448,0.277365118265152,0.5884924530982971,-0.011330535635352135,0.2972200810909271,0.494942843914032,-0.022082192823290825,0.31409376859664917,0.4342259466648102,-0.025792188942432404,0.3264281153678894,0.3861377239227295,-0.028033219277858734,0.23377767205238342,0.5741749405860901,-0.011812238954007626,0.24173946678638458,0.5316386222839355,-0.049307551234960556,0.2261957824230194,0.6053142547607422,-0.0627603828907013,0.21360254287719727,0.6625866293907166,-0.06009767949581146,0.19131222367286682,0.5712620615959167,-0.014842916280031204,0.19513660669326782,0.5398702621459961,-0.05646990239620209,0.18348702788352966,0.6165544390678406,-0.06056193262338638,0.174402117729187,0.6680929064750671,-0.04956267774105072,0.14918746054172516,0.5716392993927002,-0.018960347399115562,0.15840791165828705,0.49048301577568054,-0.04462123289704323,0.16809020936489105,0.45007649064064026,-0.04916289821267128,0.18023890256881714,0.4057779312133789,-0.046544283628463745,ILOVEYOU
ILOVEYOU,0.17299799621105194,0.778891384601593,-1.9228590986131167e-07,0.23868688941001892,0.7771650552749634,-0.021675849333405495,0.30478888750076294,0.7122703790664673,-0.02118898555636406,0.33956247568130493,0.6578622460365295,-0.020885536447167397,0.37427210807800293,0.6326765418052673,-0.020099109038710594,0.2828595042228699,0.586927592754364,-0.007097920402884483,0.302083820104599,0.4934893250465393,-0.018393008038401604,0.31840115785598755,0.4327114224433899,-0.02257760427892208,0.33038023114204407,0.38520705699920654,-0.02467215061187744,0.2402518391609192,0.5734429359436035,-0.007996796630322933,0.24882346391677856,0.5261008739471436,-0.04653208702802658,0.23513370752334595,0.5980678796768188,-0.06082914024591446,0.22408828139305115,0.6566466093063354,-0.058053385466337204,0.19888153672218323,0.5711517333984375,-0.01165742240846157,0.201686292886734,0.5377480983734131,-0.05492900684475899,0.19093163311481476,0.6122868657112122,-0.059771839529275894,0.1837344914674759,0.6633524894714355,-0.04825354740023613,0.1577589362859726,0.5716726779937744,-0.016241956502199173,0.16893750429153442,0.49321985244750977,-0.04312530532479286,0.1787152737379074,0.4523772597312927,-0.0477517731487751,0.18990206718444824,0.407978892326355,-0.04450841248035431,ILOVEYOU
ILOVEYOU,0.18177780508995056,0.7748538851737976,-1.8689956959860865e-07,0.24743318557739258,0.7723613381385803,-0.023144135251641273,0.31178945302963257,0.7075457572937012,-0.023565687239170074,0.34648096561431885,0.6525469422340393,-0.023966118693351746,0.3809854984283447,0.6282456517219543,-0.023727621883153915,0.2913651764392853,0.5839260816574097,-0.006542079616338015,0.30971765518188477,0.4934846758842468,-0.01755128800868988,0.324972003698349,0.43455034494400024,-0.02224273607134819,0.3354351818561554,0.38839951157569885,-0.024820566177368164,0.2480384111404419,0.5725027918815613,-0.007072619162499905,0.25391650199890137,0.5242509841918945,-0.04551228508353233,0.24130868911743164,0.5926099419593811,-0.061279624700546265,0.23040476441383362,0.6500962972640991,-0.05978360027074814,0.20707553625106812,0.5725058913230896,-0.010561955161392689,0.20768670737743378,0.5394496321678162,-0.053450386971235275,0.1981167495250702,0.6084762215614319,-0.060847364366054535,0.19057828187942505,0.6558911800384521,-0.05140704661607742,0.16705827414989471,0.5745874643325806,-0.0150768356397748,0.17649874091148376,0.4972343444824219,-0.04131648689508438,0.18472141027450562,0.4551672339439392,-0.04702144116163254,0.1942530870437622,0.40868276357650757,-0.04483908414840698,ILOVEYOU
ILOVEYOU,0.19018492102622986,0.7753902077674866,-1.7978582889099926e-07,0.2537826597690582,0.7720691561698914,-0.022168448194861412,0.31722283363342285,0.7064364552497864,-0.022438598796725273,0.3507319986820221,0.6541576385498047,-0.02261577919125557,0.3838692009449005,0.6289107203483582,-0.022009652107954025,0.29751792550086975,0.5808292627334595,-0.007792692165821791,0.31492453813552856,0.4917048513889313,-0.018397100269794464,0.33059731125831604,0.4340953826904297,-0.022076034918427467,0.3419911861419678,0.39086657762527466,-0.024135179817676544,0.2546072006225586,0.5697261691093445,-0.009033783338963985,0.26541054248809814,0.5206977128982544,-0.04595400393009186,0.25163426995277405,0.5895655155181885,-0.05920907109975815,0.2412939965724945,0.6459912657737732,-0.05635117366909981,0.21336498856544495,0.5706697702407837,-0.013230695389211178,0.21698880195617676,0.5398080945014954,-0.0565895177423954,0.20686185359954834,0.6128883361816406,-0.06200459972023964,0.20071753859519958,0.6620396971702576,-0.0514005646109581,0.17307235300540924,0.5749894380569458,-0.018315600231289864,0.1820494532585144,0.49964553117752075,-0.04585682600736618,0.19133196771144867,0.4599933922290802,-0.05158112198114395,0.20288603007793427,0.4159502685070038,-0.049615856260061264,ILOVEYOU
ILOVEYOU,0.19108933210372925,0.7734508514404297,-1.9171957887920144e-07,0.2569334805011749,0.7729713320732117,-0.01935596950352192,0.32015395164489746,0.707211971282959,-0.017780262976884842,0.3543369174003601,0.6533487439155579,-0.016598742455244064,0.38554397225379944,0.6306285262107849,-0.014910226687788963,0.3020428419113159,0.5862177014350891,-0.005378332454711199,0.3210522532463074,0.49426349997520447,-0.01403845101594925,0.33597517013549805,0.4369729161262512,-0.01698179915547371,0.3486040234565735,0.3931000828742981,-0.0193175058811903,0.2603932321071625,0.5753254294395447,-0.007465810049325228,0.26692289113998413,0.5276971459388733,-0.04176052659749985,0.2547524869441986,0.5914334654808044,-0.05583140626549721,0.2455790936946869,0.6440959572792053,-0.05526546388864517,0.22005286812782288,0.5754408240318298,-0.012141942046582699,0.222985178232193,0.538977861404419,-0.051017019897699356,0.2159280627965927,0.6070502996444702,-0.05836673825979233,0.2092939019203186,0.655421257019043,-0.051377784460783005,0.18081465363502502,0.5777876973152161,-0.017728423699736595,0.18862006068229675,0.5018303990364075,-0.043346505612134933,0.19795039296150208,0.46240583062171936,-0.05100308358669281,0.20878952741622925,0.419159471988678,-0.051604148000478745,ILOVEYOU
ILOVEYOU,0.1909969002008438,0.7739647626876831,-2.1391268489878712e-07,0.2580903172492981,0.7744165062904358,-0.01569303683936596,0.3233776092529297,0.7080289721488953,-0.011872624978423119,0.3583691120147705,0.6534184813499451,-0.009213952347636223,0.38738077878952026,0.6312837600708008,-0.006445945240557194,0.30435457825660706,0.589099109172821,-0.002609378658235073,0.32435664534568787,0.4965260624885559,-0.01145702600479126,0.3407045006752014,0.4416969418525696,-0.014461609534919262,0.3546927571296692,0.39923885464668274,-0.01715298928320408,0.2629972994327545,0.5783271789550781,-0.007142116781324148,0.27005553245544434,0.5262061953544617,-0.04327850043773651,0.25859490036964417,0.5891426801681519,-0.0592220239341259,0.24845610558986664,0.6414247155189514,-0.05993995815515518,0.22272536158561707,0.5775337219238281,-0.014027386903762817,0.22604584693908691,0.5379625558853149,-0.05468950420618057,0.21889853477478027,0.6071881055831909,-0.06382603943347931,0.211054265499115,0.6556037664413452,-0.05787118524312973,0.18308144807815552,0.5797033309936523,-0.02141517959535122,0.18943941593170166,0.5009967088699341,-0.04835737124085426,0.1992652416229248,0.4612538814544678,-0.05746255815029144,0.20992136001586914,0.4161790609359741,-0.05927491933107376,ILOVEYOU
ILOVEYOU,0.14404185116291046,0.7843391299247742,-5.272207204143342e-07,0.09547466039657593,0.7035518884658813,0.00897954497486353,0.07172159850597382,0.6225720047950745,0.003297389019280672,0.056428417563438416,0.552569568157196,-0.0030579478479921818,0.025131359696388245,0.5141423344612122,-0.011594532057642937,0.13933226466178894,0.5474435687065125,-0.033725347369909286,0.17075219750404358,0.42923349142074585,-0.04167667031288147,0.18452686071395874,0.3663075566291809,-0.03821360319852829,0.19060848653316498,0.32017970085144043,-0.0326199010014534,0.18446271121501923,0.5682417750358582,-0.03632909804582596,0.22780537605285645,0.49741077423095703,-0.037369512021541595,0.21534334123134613,0.5318872928619385,-0.025442028418183327,0.19894155859947205,0.561402440071106,-0.016259033232927322,0.2212802916765213,0.6031126379966736,-0.034691717475652695,0.25321391224861145,0.5427916049957275,-0.03298807516694069,0.24756266176700592,0.570699155330658,-0.021512411534786224,0.2336113005876541,0.5925131440162659,-0.014626540243625641,0.2535015046596527,0.6322488784790039,-0.03049469366669655,0.2780444622039795,0.5387485027313232,-0.027374327182769775,0.2877943515777588,0.4982759952545166,-0.018496129661798477,0.29132774472236633,0.4612045884132385,-0.012204807251691818,ILOVEYOU
ILOVEYOU,0.1516742706298828,0.7890640497207642,-4.769952397509769e-07,0.10594549775123596,0.7088008522987366,0.009401436895132065,0.08369128406047821,0.6252415180206299,0.0037009057123214006,0.06950096786022186,0.5560547709465027,-0.00329479668289423,0.03977365791797638,0.5128120183944702,-0.01289801299571991,0.1506064385175705,0.5495412945747375,-0.028170350939035416,0.1808536946773529,0.436046838760376,-0.033151548355817795,0.19357597827911377,0.3726988434791565,-0.03227878734469414,0.1992727518081665,0.3259187638759613,-0.03029390424489975,0.19325047731399536,0.5705047845840454,-0.03247039020061493,0.23550954461097717,0.5153828263282776,-0.02798173762857914,0.2214662879705429,0.5498672723770142,-0.01861504465341568,0.20450511574745178,0.5764978528022766,-0.014493981376290321,0.22792929410934448,0.6066712737083435,-0.03274684026837349,0.2613055408000946,0.5568670630455017,-0.026026304811239243,0.2514301836490631,0.5902210474014282,-0.014688489958643913,0.2358235865831375,0.613937258720398,-0.01078846026211977,0.25886261463165283,0.6402600407600403,-0.031004363670945168,0.29085755348205566,0.5462560057640076,-0.02523667924106121,0.30679184198379517,0.5060440897941589,-0.015448414720594883,0.3174152076244354,0.4681968092918396,-0.010228412225842476,ILOVEYOU
ILOVEYOU,0.15524202585220337,0.7861040830612183,-4.5592608444167126e-07,0.10698728263378143,0.7070252895355225,0.009413647465407848,0.08459343016147614,0.62319415807724,0.004330069292336702,0.06930705904960632,0.5565997362136841,-0.0018049442442134023,0.03862227499485016,0.5149691700935364,-0.010514437220990658,0.15370097756385803,0.5519334673881531,-0.026677999645471573,0.18188929557800293,0.44044730067253113,-0.030665094032883644,0.19367730617523193,0.37811410427093506,-0.029866516590118408,0.1994924247264862,0.33099400997161865,-0.027919773012399673,0.19630739092826843,0.5737582445144653,-0.029753606766462326,0.23112976551055908,0.5190730690956116,-0.02363341674208641,0.2166215181350708,0.5507494211196899,-0.014296682551503181,0.2024645358324051,0.5754414200782776,-0.010329687967896461,0.229862779378891,0.6090325117111206,-0.028582820668816566,0.2602793276309967,0.5579454302787781,-0.020999770611524582,0.2512918710708618,0.587583065032959,-0.009310861118137836,0.23812222480773926,0.6110387444496155,-0.004685800056904554,0.2588790953159332,0.6390875577926636,-0.025221293792128563,0.29281240701675415,0.5462738275527954,-0.018617119640111923,0.3077758252620697,0.5046937465667725,-0.0074298446998000145,0.3180340528488159,0.4665783643722534,-0.0006808801554143429,ILOVEYOU
ILOVEYOU,0.15372014045715332,0.7879764437675476,-4.2895891283478704e-07,0.1072971373796463,0.7080047130584717,0.0087570296600461,0.08645837008953094,0.6258770823478699,0.0026407516561448574,0.0719132274389267,0.5576486587524414,-0.004847683943808079,0.04024471342563629,0.5150299072265625,-0.015033470466732979,0.1532433182001114,0.5503771901130676,-0.025919586420059204,0.181593120098114,0.44020575284957886,-0.03014998510479927,0.1933717131614685,0.3769005537033081,-0.029988855123519897,0.19859474897384644,0.3283420205116272,-0.028866304084658623,0.19727949798107147,0.5705985426902771,-0.030281037092208862,0.2373669445514679,0.5166431069374084,-0.02561185136437416,0.2249378263950348,0.5490151643753052,-0.018320517614483833,0.21024250984191895,0.5738376379013062,-0.01551931630820036,0.2325655072927475,0.6052190661430359,-0.030530380085110664,0.26823511719703674,0.5506767630577087,-0.023112492635846138,0.2653038799762726,0.5751435160636902,-0.013004765845835209,0.25387728214263916,0.5941731333732605,-0.009941188618540764,0.26173385977745056,0.6361138820648193,-0.028786731883883476,0.293958842754364,0.5422059893608093,-0.020848937332630157,0.3090861141681671,0.5006757974624634,-0.008978890255093575,0.3175112307071686,0.4631319046020508,-0.0023417852353304625,ILOVEYOU
ILOVEYOU,0.1564350575208664,0.7913109064102173,-4.7337860564766743e-07,0.10999742150306702,0.7101922035217285,0.012429527007043362,0.08839130401611328,0.6237908005714417,0.009770501405000687,0.07136988639831543,0.554176390171051,0.006110901478677988,0.0383511483669281,0.5123015642166138,-0.00017065969586838037,0.1523274928331375,0.5522730350494385,-0.024234356358647346,0.18221235275268555,0.441464900970459,-0.027726715430617332,0.1957070678472519,0.37828606367111206,-0.026014702394604683,0.20205458998680115,0.33031684160232544,-0.023316990584135056,0.19497813284397125,0.5724640488624573,-0.027818014845252037,0.23584675788879395,0.5116875767707825,-0.020664308220148087,0.22175878286361694,0.5444656014442444,-0.009947228245437145,0.20551155507564545,0.5689113736152649,-0.004700933583080769,0.23056824505329132,0.6072405576705933,-0.026903266087174416,0.2632710039615631,0.5521427989006042,-0.018339328467845917,0.2555464208126068,0.5808953046798706,-0.006145203020423651,0.24141965806484222,0.602354109287262,-0.0011972746578976512,0.2609736919403076,0.638319730758667,-0.02345961704850197,0.2933272123336792,0.5433377623558044,-0.016632890328764915,0.30856189131736755,0.5023206472396851,-0.0056453547440469265,0.31787365674972534,0.4639502763748169,0.0009382674470543861,ILOVEYOU
ILOVEYOU,0.15730124711990356,0.784771203994751,-4.979895038559334e-07,0.10961258411407471,0.7055858969688416,0.015161723829805851,0.08932775259017944,0.6237767338752747,0.014806722290813923,0.07386565208435059,0.555550217628479,0.01349450834095478,0.04381674528121948,0.5129976272583008,0.009387764148414135,0.15449932217597961,0.5504829287528992,-0.022591866552829742,0.18360084295272827,0.4385029673576355,-0.02637171931564808,0.19648580253124237,0.37482979893684387,-0.025630341842770576,0.20310674607753754,0.32725465297698975,-0.023746134713292122,0.19753465056419373,0.5702512264251709,-0.02575921267271042,0.23787114024162292,0.5064374804496765,-0.014755153097212315,0.22762103378772736,0.5399098992347717,-0.0008846802520565689,0.21422512829303741,0.5663694143295288,0.005525253247469664,0.23240546882152557,0.6049297451972961,-0.024468453601002693,0.26293709874153137,0.5447972416877747,-0.01085168868303299,0.25388163328170776,0.5734452605247498,0.005128778517246246,0.23938210308551788,0.5942351222038269,0.011140690185129642,0.26223450899124146,0.6357458829879761,-0.02087363414466381,0.29507309198379517,0.5433273911476135,-0.014308370649814606,0.311527818441391,0.5036805868148804,-0.004068539012223482,0.3222483694553375,0.46461910009384155,0.0020219688303768635,ILOVEYOU
ILOVEYOU,0.16042670607566833,0.7787309885025024,-4.852854544878937e-07,0.11166475713253021,0.7022777199745178,0.013519689440727234,0.08979687094688416,0.6225799322128296,0.011445858515799046,0.07499723136425018,0.5555295944213867,0.008860084228217602,0.04505012929439545,0.5117504596710205,0.0036039254628121853,0.15564066171646118,0.5521997213363647,-0.027596943080425262,0.1851128339767456,0.43917709589004517,-0.030773939564824104,0.19811850786209106,0.37710151076316833,-0.028122374787926674,0.20494183897972107,0.3296760320663452,-0.024844326078891754,0.19962939620018005,0.5717737078666687,-0.029924727976322174,0.24002429842948914,0.5048916339874268,-0.023043949156999588,0.22656774520874023,0.5405889749526978,-0.010347658768296242,0.21118925511837006,0.5692952275276184,-0.0031169643625617027,0.23486652970314026,0.6042929291725159,-0.027327019721269608,0.26519104838371277,0.5404121279716492,-0.017625076696276665,0.25692513585090637,0.5653318762779236,-0.0034594512544572353,0.24293500185012817,0.5848953127861023,0.002713056281208992,0.26518386602401733,0.6310689449310303,-0.02202853374183178,0.2968027889728546,0.5388389825820923,-0.016348743811249733,0.31064945459365845,0.4982237219810486,-0.006237700115889311,0.3179128170013428,0.45914843678474426,5.7531888160156086e-05,ILOVEYOU
ILOVEYOU,0.15807822346687317,0.7836109399795532,-4.938626716466388e-07,0.11213168501853943,0.7039355635643005,0.013763418421149254,0.0915701687335968,0.6228530406951904,0.012679023668169975,0.07543304562568665,0.5541130900382996,0.011407451704144478,0.04576246440410614,0.5092387199401855,0.007436660584062338,0.15517747402191162,0.5503916144371033,-0.027500871568918228,0.1864997148513794,0.4405859410762787,-0.032098136842250824,0.19986723363399506,0.37813249230384827,-0.03109649568796158,0.20651152729988098,0.3297244906425476,-0.029241900891065598,0.1982327699661255,0.5704286694526672,-0.0302298404276371,0.2425990104675293,0.5042551159858704,-0.02042912319302559,0.2317916601896286,0.5364955067634583,-0.005497470498085022,0.2170828878879547,0.5617666840553284,0.0018627869430929422,0.23335248231887817,0.6044888496398926,-0.02853211760520935,0.26822584867477417,0.5380364060401917,-0.016097886487841606,0.25951945781707764,0.5608303546905518,0.0007294031092897058,0.24433523416519165,0.5777678489685059,0.00726621737703681,0.26364579796791077,0.634421169757843,-0.024621978402137756,0.2969042658805847,0.5417470335960388,-0.02070646919310093,0.313720166683197,0.5019118785858154,-0.011781459674239159,0.32387977838516235,0.46388673782348633,-0.006441898178309202,ILOVEYOU
ILOVEYOU,0.1605834811925888,0.7784319519996643,-4.7260303404073056e-07,0.11260786652565002,0.7015483379364014,0.01589828170835972,0.09113067388534546,0.6213457584381104,0.015845783054828644,0.07667587697505951,0.554275631904602,0.014709736220538616,0.048382773995399475,0.5090860724449158,0.010626663453876972,0.15780192613601685,0.5472831130027771,-0.02156338095664978,0.1874840259552002,0.43654733896255493,-0.02292644791305065,0.2002086341381073,0.3754427433013916,-0.02023298479616642,0.20647118985652924,0.32820457220077515,-0.01727340929210186,0.2008582353591919,0.5674134492874146,-0.02468170039355755,0.24383287131786346,0.5046192407608032,-0.01491959672421217,0.2338523417711258,0.5390662550926208,-0.002538189524784684,0.21954496204853058,0.566452145576477,0.003653764259070158,0.2355329841375351,0.6015956401824951,-0.023027880117297173,0.26865220069885254,0.5409653186798096,-0.010703888721764088,0.2629528045654297,0.5643130540847778,0.0026632349472492933,0.24978506565093994,0.5811854600906372,0.007391228340566158,0.2650221586227417,0.6306621432304382,-0.018646758049726486,0.2967018187046051,0.541444718837738,-0.012012950144708157,0.3117753863334656,0.5017183423042297,-0.002778691239655018,0.3203997015953064,0.46274542808532715,0.002519161207601428,ILOVEYOU
ILOVEYOU,0.15786689519882202,0.7840861082077026,-5.008936341255321e-07,0.11205919086933136,0.7036179900169373,0.018871797248721123,0.09218636155128479,0.6203535199165344,0.02112707681953907,0.07685568928718567,0.5537080764770508,0.021962914615869522,0.04729132354259491,0.5105446577072144,0.019839180633425713,0.15847715735435486,0.5468500256538391,-0.0162104032933712,0.18927216529846191,0.4386560320854187,-0.016274219378829002,0.20286515355110168,0.3776159882545471,-0.013750070706009865,0.2095971554517746,0.3301936388015747,-0.010871532373130322,0.20035599172115326,0.5669668316841125,-0.020066576078534126,0.24359530210494995,0.510648250579834,-0.005630779545754194,0.23382417857646942,0.543907642364502,0.00810240674763918,0.2204568237066269,0.569060742855072,0.013999915681779385,0.23466874659061432,0.6017533540725708,-0.019134968519210815,0.2693027853965759,0.5446313619613647,-0.0027204356156289577,0.2622292935848236,0.5721844434738159,0.012229906395077705,0.24883629381656647,0.591792106628418,0.017033645883202553,0.26400095224380493,0.6329630613327026,-0.015449521131813526,0.2971210181713104,0.5419356226921082,-0.0056986683048307896,0.3139006495475769,0.5029104948043823,0.005447386763989925,0.32481616735458374,0.46434900164604187,0.011714888736605644,ILOVEYOU
ILOVEYOU,0.15603718161582947,0.7831729054450989,-2.7276209380033833e-07,0.10991176962852478,0.7044947147369385,0.011158778332173824,0.08978387713432312,0.6241079568862915,0.005278417374938726,0.07677055895328522,0.5578204989433289,-0.001623434596695006,0.04938691854476929,0.511954128742218,-0.011023512110114098,0.15764236450195312,0.5502499938011169,-0.027163945138454437,0.18622775375843048,0.43703222274780273,-0.03484678640961647,0.1994238793849945,0.3744088113307953,-0.03576154261827469,0.20682811737060547,0.3256317377090454,-0.03364235535264015,0.20347285270690918,0.5709716081619263,-0.029029758647084236,0.2517433762550354,0.5119345784187317,-0.019490914419293404,0.25305914878845215,0.5351095199584961,-0.003503328887745738,0.24539102613925934,0.5549523830413818,0.006888087373226881,0.23842842876911163,0.6042881011962891,-0.02724785916507244,0.27969810366630554,0.5343888401985168,-0.013041116297245026,0.29150789976119995,0.5270575881004333,0.00589032331481576,0.2916647791862488,0.5194392800331116,0.01567293331027031,0.2662152945995331,0.632939338684082,-0.02372000738978386,0.29861751198768616,0.5473124980926514,-0.012715745717287064,0.3145979940891266,0.5082367658615112,0.004225191660225391,0.32245612144470215,0.4686761498451233,0.016836421564221382,ILOVEYOU
ILOVEYOU,0.1561519205570221,0.7837200164794922,-2.733246446950943e-07,0.10668693482875824,0.7065445184707642,0.013578338548541069,0.08645345270633698,0.6254491209983826,0.009458945132791996,0.07555830478668213,0.5576791763305664,0.0038439228665083647,0.05018775165081024,0.5118535757064819,-0.0038180616684257984,0.15725499391555786,0.5507672429084778,-0.01945170946419239,0.18717509508132935,0.44003739953041077,-0.027108486741781235,0.19950829446315765,0.37903285026550293,-0.027966981753706932,0.206613689661026,0.33006566762924194,-0.025121357291936874,0.2036833018064499,0.5708659887313843,-0.02161148376762867,0.24792928993701935,0.5207616090774536,-0.013602001592516899,0.2506624162197113,0.5426478981971741,0.002030059928074479,0.24556982517242432,0.5622367262840271,0.014047853648662567,0.2382228970527649,0.6045719385147095,-0.020625518634915352,0.27842801809310913,0.5336364507675171,-0.009711774997413158,0.2973082661628723,0.5102942585945129,0.006038527470082045,0.3055982291698456,0.4899026155471802,0.01566792093217373,0.26464831829071045,0.6333651542663574,-0.01730434037744999,0.29398012161254883,0.5517216920852661,-0.00616603996604681,0.3107835352420807,0.5150405764579773,0.010868185199797153,0.3219474256038666,0.4774642288684845,0.024405309930443764,ILOVEYOU
ILOVEYOU,0.14156904816627502,0.8302000761032104,-1.7395002771536383e-07,0.20616456866264343,0.8389436602592468,-0.025167876854538918,0.2751571238040924,0.7851349711418152,-0.03310059756040573,0.3196012079715729,0.7378043532371521,-0.04080673307180405,0.36028027534484863,0.7203203439712524,-0.04789231717586517,0.2692655324935913,0.6616491079330444,-0.029074782505631447,0.3009432554244995,0.5690560936927795,-0.05099940299987793,0.32993125915527344,0.5088204145431519,-0.061180491000413895,0.35306310653686523,0.46171852946281433,-0.06760426610708237,0.22515200078487396,0.6391462087631226,-0.03180444985628128,0.2267623245716095,0.6163403987884521,-0.08356405794620514,0.20005887746810913,0.6955920457839966,-0.09956595301628113,0.18357431888580322,0.7528314590454102,-0.09745076298713684,0.1809023916721344,0.6317223310470581,-0.0372205451130867,0.1751488745212555,0.6188706755638123,-0.08845290541648865,0.16267940402030945,0.6957923769950867,-0.09354576468467712,0.15528512001037598,0.7472236752510071,-0.08247225731611252,0.1379469633102417,0.6329962015151978,-0.04371941089630127,0.14834944903850555,0.553695797920227,-0.07521086931228638,0.157176673412323,0.5091055035591125,-0.08088125288486481,0.1689741313457489,0.46055829524993896,-0.07838580757379532,ILOVEYOU
ILOVEYOU,0.15635359287261963,0.8219687342643738,-1.9485396762775054e-07,0.21560697257518768,0.8338525295257568,-0.02334325574338436,0.28322985768318176,0.7837565541267395,-0.030218524858355522,0.32892873883247375,0.745332658290863,-0.03700827434659004,0.3685435652732849,0.7313656806945801,-0.044062308967113495,0.27969062328338623,0.6624405980110168,-0.028534434735774994,0.31951600313186646,0.5761494040489197,-0.04917651787400246,0.35173138976097107,0.520962119102478,-0.05935584753751755,0.3756619691848755,0.47595226764678955,-0.06599977612495422,0.23899537324905396,0.6404011845588684,-0.03128986060619354,0.24660354852676392,0.6162858009338379,-0.08071612566709518,0.21958337724208832,0.6925432682037354,-0.09624402225017548,0.20060890913009644,0.7479708790779114,-0.09456412494182587,0.19750180840492249,0.6324095129966736,-0.03624003008008003,0.1969647854566574,0.6154892444610596,-0.08550103008747101,0.1822313368320465,0.6877884864807129,-0.08942873775959015,0.1719728708267212,0.7375990748405457,-0.0778471976518631,0.15668976306915283,0.6315199136734009,-0.042198702692985535,0.1718168556690216,0.5520790815353394,-0.07359007745981216,0.184088796377182,0.506534218788147,-0.0790536105632782,0.19790343940258026,0.4585268795490265,-0.07633364200592041,ILOVEYOU
ILOVEYOU,0.15985740721225739,0.8232412934303284,-1.7770842930531217e-07,0.2180311530828476,0.8344112634658813,-0.024608006700873375,0.2861348092556,0.7839714288711548,-0.031574271619319916,0.3314288854598999,0.7450110912322998,-0.03808495029807091,0.371290385723114,0.7322918176651001,-0.04473341628909111,0.2824082672595978,0.6622774004936218,-0.028257805854082108,0.32079941034317017,0.5786183476448059,-0.04858488216996193,0.3525819778442383,0.5240256786346436,-0.05888211727142334,0.3764672875404358,0.4798796772956848,-0.06563153117895126,0.24225729703903198,0.6402944922447205,-0.030081141740083694,0.24847084283828735,0.6180365085601807,-0.07817219197750092,0.22225120663642883,0.6938551068305969,-0.0934738889336586,0.20474134385585785,0.7488791346549988,-0.09198600798845291,0.2009226381778717,0.6321950554847717,-0.03426652401685715,0.19893133640289307,0.6151948571205139,-0.08248142898082733,0.18368691205978394,0.6867347359657288,-0.08648654818534851,0.1737743616104126,0.7362385988235474,-0.07526388019323349,0.15993008017539978,0.6310012340545654,-0.03958931565284729,0.1754535734653473,0.5534932017326355,-0.0704517662525177,0.18695934116840363,0.5091379880905151,-0.07582306861877441,0.1997942328453064,0.4620857834815979,-0.07314695417881012,ILOVEYOU
ILOVEYOU,0.16049878299236298,0.8234703540802002,-1.8057065176435572e-07,0.21972626447677612,0.8341259956359863,-0.025289656594395638,0.28878870606422424,0.7833734154701233,-0.032822784036397934,0.33508050441741943,0.7439104914665222,-0.03960570693016052,0.375971257686615,0.7322019338607788,-0.04640497267246246,0.28312763571739197,0.663481593132019,-0.030802186578512192,0.32227230072021484,0.5801657438278198,-0.052107736468315125,0.3540317118167877,0.5252930521965027,-0.06302300095558167,0.3783743977546692,0.48111581802368164,-0.0702156350016594,0.242913156747818,0.6407462358474731,-0.03206583485007286,0.24954824149608612,0.6201632022857666,-0.08078516274690628,0.22349832952022552,0.6959052085876465,-0.09592481702566147,0.20626507699489594,0.7514181733131409,-0.09439976513385773,0.20183923840522766,0.6320479512214661,-0.035713858902454376,0.20088964700698853,0.6164683103561401,-0.0837128609418869,0.1865553855895996,0.6882664561271667,-0.08730294555425644,0.17698487639427185,0.7386480569839478,-0.07604806125164032,0.16133713722229004,0.6310349702835083,-0.04066350311040878,0.17795315384864807,0.5549992918968201,-0.07162691652774811,0.18993017077445984,0.5100127458572388,-0.07742098718881607,0.20307046175003052,0.4629456400871277,-0.075150266289711,ILOVEYOU
ILOVEYOU,0.16055621206760406,0.8214961290359497,-1.5551941601188446e-07,0.21953868865966797,0.8354407548904419,-0.027656326070427895,0.28869113326072693,0.7854335904121399,-0.03589845821261406,0.334086537361145,0.7427197098731995,-0.043363895267248154,0.3753679394721985,0.7303181886672974,-0.05041023716330528,0.2839893102645874,0.6665689945220947,-0.0300887543708086,0.32164111733436584,0.5820984840393066,-0.05305612087249756,0.3532344400882721,0.5270602107048035,-0.06427804380655289,0.3776872456073761,0.48320168256759644,-0.07122877240180969,0.2435099482536316,0.6422978639602661,-0.03052913397550583,0.25174903869628906,0.6184868812561035,-0.08127373456954956,0.2261686623096466,0.693252682685852,-0.09693007171154022,0.2094314992427826,0.7487906813621521,-0.0948421061038971,0.20287227630615234,0.6317480802536011,-0.03396904468536377,0.20334306359291077,0.6142041683197021,-0.08354443311691284,0.18751990795135498,0.686166524887085,-0.08756306767463684,0.1773509830236435,0.7369036674499512,-0.07577136158943176,0.16300462186336517,0.62961345911026,-0.03897993266582489,0.17962852120399475,0.5552651286125183,-0.07036770135164261,0.19020730257034302,0.5122480988502502,-0.07661716639995575,0.2022547721862793,0.46711599826812744,-0.07436066120862961,ILOVEYOU
ILOVEYOU,0.15896376967430115,0.8243916630744934,-1.4375602575000812e-07,0.21894744038581848,0.8366377353668213,-0.02731199935078621,0.28927189111709595,0.7864442467689514,-0.03442857041954994,0.33481529355049133,0.7415392398834229,-0.04047390818595886,0.37499815225601196,0.7272452712059021,-0.0457577109336853,0.2843937575817108,0.6684758067131042,-0.0290099885314703,0.32151666283607483,0.5819440484046936,-0.050413910299539566,0.35271936655044556,0.5252578854560852,-0.059898700565099716,0.3773926794528961,0.48016631603240967,-0.06593578308820724,0.24361273646354675,0.643332839012146,-0.029218537732958794,0.25380271673202515,0.6169858574867249,-0.07863517105579376,0.22733712196350098,0.6916742324829102,-0.09354113042354584,0.2094200849533081,0.7468011379241943,-0.0911138728260994,0.20309291779994965,0.6322401762008667,-0.03237028047442436,0.20640826225280762,0.6119397282600403,-0.08090682327747345,0.1898949146270752,0.6851841807365417,-0.08527718484401703,0.17840459942817688,0.7355656027793884,-0.07424522191286087,0.16278254985809326,0.6288817524909973,-0.03704885393381119,0.17922663688659668,0.5558497309684753,-0.06833548098802567,0.1894291341304779,0.5135453939437866,-0.07574167847633362,0.20174279808998108,0.4667149782180786,-0.07470432668924332,ILOVEYOU
ILOVEYOU,0.16017958521842957,0.8244690895080566,-1.459189462593713e-07,0.22019487619400024,0.8366091251373291,-0.02770337648689747,0.2890287935733795,0.7877830266952515,-0.03582543879747391,0.3341965079307556,0.7428514361381531,-0.0427723154425621,0.37467700242996216,0.7284848093986511,-0.04897976294159889,0.28536710143089294,0.669664204120636,-0.03129559010267258,0.32211819291114807,0.5830715298652649,-0.054077595472335815,0.35308215022087097,0.5264949202537537,-0.06444632261991501,0.3775731027126312,0.481069952249527,-0.07103246450424194,0.24447974562644958,0.6439268589019775,-0.0315980464220047,0.2536408603191376,0.6167328953742981,-0.08197076618671417,0.2265031337738037,0.692466676235199,-0.09644395112991333,0.2090848982334137,0.7469573020935059,-0.09369875490665436,0.20365816354751587,0.6323029398918152,-0.034905869513750076,0.2053079605102539,0.6109828352928162,-0.0845835879445076,0.1890869289636612,0.6851678490638733,-0.08831553161144257,0.17864257097244263,0.7358711361885071,-0.07673100382089615,0.16342243552207947,0.6289786696434021,-0.039711739867925644,0.17976143956184387,0.5553189516067505,-0.0721108689904213,0.1898367702960968,0.5137651562690735,-0.07938861101865768,0.2020586133003235,0.46740952134132385,-0.07809130102396011,ILOVEYOU
ILOVEYOU,0.15998874604701996,0.8266378045082092,-1.999944032604617e-07,0.21981611847877502,0.8353598713874817,-0.025105375796556473,0.28927549719810486,0.7840113043785095,-0.03170007839798927,0.33499830961227417,0.7420032024383545,-0.037932466715574265,0.37526804208755493,0.7281980514526367,-0.0437593013048172,0.28696852922439575,0.6652833819389343,-0.02733214944601059,0.3230992555618286,0.5797070860862732,-0.047751352190971375,0.35369792580604553,0.5247032046318054,-0.05669026076793671,0.3773705065250397,0.4815828204154968,-0.062250684946775436,0.24550122022628784,0.6414780616760254,-0.029467731714248657,0.25460007786750793,0.6152138710021973,-0.07951903343200684,0.22848543524742126,0.6902490854263306,-0.09531954675912857,0.20978984236717224,0.7462527751922607,-0.09317076951265335,0.20409704744815826,0.6325656175613403,-0.034195803105831146,0.2049572467803955,0.6155425906181335,-0.08386459201574326,0.18848496675491333,0.6879693269729614,-0.08903312683105469,0.17675602436065674,0.7370150089263916,-0.07800627499818802,0.16381147503852844,0.631762683391571,-0.04012634605169296,0.1789253056049347,0.5549983382225037,-0.07141432166099548,0.19055446982383728,0.5119467973709106,-0.07814396172761917,0.2037377953529358,0.4646429717540741,-0.07644403725862503,ILOVEYOU
ILOVEYOU,0.1575307995080948,0.8260834217071533,-1.6351748399756616e-07,0.2181524932384491,0.8383504748344421,-0.02681790664792061,0.28812211751937866,0.7891033887863159,-0.03399304673075676,0.33421197533607483,0.7452908158302307,-0.04034065082669258,0.37413811683654785,0.7310954928398132,-0.04604434594511986,0.28341734409332275,0.6693933606147766,-0.029086610302329063,0.3213823139667511,0.5825821161270142,-0.05091425031423569,0.3530120849609375,0.5266110897064209,-0.06057899072766304,0.3777572512626648,0.4823090434074402,-0.06654080003499985,0.242531418800354,0.6446620225906372,-0.029935836791992188,0.25244733691215515,0.6172572374343872,-0.08033473044633865,0.22681310772895813,0.6915465593338013,-0.09558750689029694,0.2096618264913559,0.7464920878410339,-0.09320513904094696,0.20204246044158936,0.6336982250213623,-0.033709097653627396,0.20397154986858368,0.6132901906967163,-0.08359955996274948,0.18857911229133606,0.6865079998970032,-0.08840607106685638,0.17808625102043152,0.7371929883956909,-0.07729987800121307,0.16244764626026154,0.6309306621551514,-0.03888753801584244,0.17895619571208954,0.5557118654251099,-0.07101811468601227,0.19003146886825562,0.5122368335723877,-0.07850384712219238,0.2027367651462555,0.4647638201713562,-0.0773262158036232,ILOVEYOU
ILOVEYOU,0.15640060603618622,0.8276355862617493,-1.813385779314558e-07,0.21697592735290527,0.840059757232666,-0.026438631117343903,0.287124365568161,0.7900563478469849,-0.03399992734193802,0.3344860374927521,0.7465947270393372,-0.040780872106552124,0.3755299746990204,0.734431266784668,-0.046996720135211945,0.2831701636314392,0.670783519744873,-0.030244098976254463,0.32104822993278503,0.5835068821907043,-0.052448030561208725,0.3525456488132477,0.5279487371444702,-0.06244495511054993,0.3771856129169464,0.48336029052734375,-0.06878785789012909,0.24179434776306152,0.6460124254226685,-0.03142601624131203,0.2508206069469452,0.6180872321128845,-0.08195307105779648,0.223471537232399,0.6935206651687622,-0.0969092920422554,0.20589247345924377,0.7478759288787842,-0.09452854096889496,0.20091810822486877,0.6353709697723389,-0.035380106419324875,0.20239923894405365,0.611884593963623,-0.0848427265882492,0.1861891746520996,0.6847962737083435,-0.08868016302585602,0.1755509078502655,0.7351022958755493,-0.07728493213653564,0.16126012802124023,0.6332834959030151,-0.04075358435511589,0.17689472436904907,0.5569718480110168,-0.0725187361240387,0.18726661801338196,0.5136708617210388,-0.07929974049329758,0.19974693655967712,0.4656224250793457,-0.07778050750494003,ILOVEYOU
ILOVEYOU,0.15360410511493683,0.8318490982055664,-2.0543288314911479e-07,0.21471425890922546,0.8431558609008789,-0.024505972862243652,0.2837902307510376,0.7928555011749268,-0.03106296807527542,0.3297145962715149,0.7497817873954773,-0.037282370030879974,0.36946749687194824,0.7357022166252136,-0.04305437579751015,0.2821102738380432,0.6715697050094604,-0.02802807278931141,0.3196070194244385,0.5852153301239014,-0.048835594207048416,0.350879043340683,0.5295813083648682,-0.05811372399330139,0.37494945526123047,0.48578161001205444,-0.06406485289335251,0.2408488243818283,0.6462124586105347,-0.0301207322627306,0.24907393753528595,0.6206095218658447,-0.07979732751846313,0.2206694632768631,0.6971337199211121,-0.09480718523263931,0.20190636813640594,0.752884566783905,-0.09249019622802734,0.1996489018201828,0.6356989741325378,-0.034709494560956955,0.20037218928337097,0.6148517727851868,-0.08378135412931442,0.18291237950325012,0.6886086463928223,-0.08775027096271515,0.1710008680820465,0.7394231557846069,-0.07651267200708389,0.15912345051765442,0.6339614391326904,-0.04051674157381058,0.1743508279323578,0.5564818382263184,-0.07238215953111649,0.18524034321308136,0.5125012397766113,-0.0792362168431282,0.19826024770736694,0.4644151031970978,-0.07773736119270325,ILOVEYOU
ILOVEYOU,0.14936617016792297,0.8331106305122375,-2.2661805587631534e-07,0.21084275841712952,0.84377521276474,-0.023444483056664467,0.28146305680274963,0.7938216328620911,-0.03018273413181305,0.3286586105823517,0.7525871992111206,-0.036709126085042953,0.37038230895996094,0.7415531873703003,-0.0432012714445591,0.27812889218330383,0.6718569993972778,-0.028759129345417023,0.31752026081085205,0.5869985222816467,-0.048777367919683456,0.3499669134616852,0.5323265790939331,-0.05815095081925392,0.37402796745300293,0.48823001980781555,-0.06405781954526901,0.2376175969839096,0.6468991041183472,-0.0312826931476593,0.24266739189624786,0.6265555024147034,-0.07981648296117783,0.21360613405704498,0.7031278610229492,-0.0950469821691513,0.19369256496429443,0.7581280469894409,-0.09327447414398193,0.19632995128631592,0.637087881565094,-0.03590681403875351,0.19297601282596588,0.622518002986908,-0.0845252275466919,0.17627741396427155,0.6947958469390869,-0.08912044018507004,0.164751797914505,0.7439308762550354,-0.07822084426879883,0.15559765696525574,0.6350417137145996,-0.041428808122873306,0.17295703291893005,0.5559194684028625,-0.07204928249120712,0.1850188672542572,0.5111578106880188,-0.07719160616397858,0.19770239293575287,0.46339014172554016,-0.07435327768325806,ILOVEYOU
ILOVEYOU,0.14902566373348236,0.8336191177368164,-2.174679991640005e-07,0.2100110650062561,0.845431923866272,-0.02382570505142212,0.28053903579711914,0.7946430444717407,-0.030469905585050583,0.3274989724159241,0.7541003227233887,-0.036850426346063614,0.3687288165092468,0.7434033751487732,-0.04333077743649483,0.27611544728279114,0.6738516688346863,-0.030359461903572083,0.31677618622779846,0.5868414044380188,-0.051434025168418884,0.3493571877479553,0.5309699773788452,-0.06108839809894562,0.37399402260780334,0.48670291900634766,-0.06673572957515717,0.234132319688797,0.6502765417098999,-0.03250544145703316,0.23934674263000488,0.6308667659759521,-0.08349566906690598,0.20933958888053894,0.7081531286239624,-0.09845124185085297,0.1893794983625412,0.765202522277832,-0.09548421204090118,0.19199572503566742,0.6405960321426392,-0.0367623046040535,0.18881970643997192,0.6269088983535767,-0.08661884814500809,0.17188329994678497,0.6995135545730591,-0.08984463661909103,0.16133691370487213,0.7506280541419983,-0.07707919180393219,0.1506139636039734,0.6381115913391113,-0.042079050093889236,0.16737648844718933,0.5593625903129578,-0.07223748415708542,0.18027912080287933,0.5150041580200195,-0.07627411186695099,0.19480639696121216,0.46990787982940674,-0.07219679653644562,ILOVEYOU
ILOVEYOU,0.1427200436592102,0.8538550138473511,-2.6236526196043997e-07,0.2058633416891098,0.8603157997131348,-0.02325715310871601,0.27469128370285034,0.8069318532943726,-0.030923200771212578,0.31978219747543335,0.7663537263870239,-0.03927765041589737,0.3606214225292206,0.7557418942451477,-0.04758000001311302,0.2718038558959961,0.6817945837974548,-0.02780611254274845,0.31195127964019775,0.5957492589950562,-0.049721237272024155,0.34291860461235046,0.5398832559585571,-0.05968010425567627,0.3665611147880554,0.49535489082336426,-0.065325066447258,0.22965893149375916,0.6578007936477661,-0.031108571216464043,0.23349982500076294,0.6426226496696472,-0.08406238257884979,0.20341601967811584,0.7229466438293457,-0.0999988242983818,0.18266084790229797,0.7805794477462769,-0.09709315001964569,0.1864006221294403,0.6501653790473938,-0.03653939440846443,0.18382009863853455,0.6382947564125061,-0.08846307545900345,0.16699783504009247,0.7141984701156616,-0.09144793450832367,0.155938059091568,0.7655851244926453,-0.07795680314302444,0.14399811625480652,0.6517657041549683,-0.04302659630775452,0.1578977406024933,0.5718027949333191,-0.07398755848407745,0.1705876588821411,0.5271485447883606,-0.07756742835044861,0.18445254862308502,0.48084592819213867,-0.0727795958518982,ILOVEYOU
ILOVEYOU,0.1868581920862198,0.7987541556358337,-1.6638142597003025e-07,0.24423696100711823,0.807863175868988,-0.024432364851236343,0.3096071183681488,0.7617846727371216,-0.03062090091407299,0.35147804021835327,0.722909152507782,-0.036185238510370255,0.38858112692832947,0.7094603180885315,-0.041351623833179474,0.3070700168609619,0.6487998366355896,-0.023992570117115974,0.34589993953704834,0.5694853067398071,-0.04074251651763916,0.37518298625946045,0.5197754502296448,-0.048400525003671646,0.3978212773799896,0.4787384271621704,-0.05342055857181549,0.2693426311016083,0.6254726648330688,-0.025450052693486214,0.28160691261291504,0.5931916832923889,-0.06687144190073013,0.2587919235229492,0.6565631628036499,-0.08062540739774704,0.24188771843910217,0.7064814567565918,-0.0794653445482254,0.230613112449646,0.6149702072143555,-0.0292837992310524,0.2376810610294342,0.592483401298523,-0.07140142470598221,0.22367528080940247,0.6560196876525879,-0.07517608255147934,0.2131718248128891,0.701768159866333,-0.06554340571165085,0.19222810864448547,0.6107641458511353,-0.034560199826955795,0.21107825636863708,0.5373581647872925,-0.06118379160761833,0.22578375041484833,0.49736136198043823,-0.06614569574594498,0.24166183173656464,0.4559055268764496,-0.06436986476182938,ILOVEYOU
ILOVEYOU,0.1927921324968338,0.7904971837997437,-1.5930093866245443e-07,0.248191699385643,0.8023707866668701,-0.024409832432866096,0.3126000761985779,0.7575867176055908,-0.030120566487312317,0.35382750630378723,0.7203643918037415,-0.03518211469054222,0.39013028144836426,0.7074916362762451,-0.04000159353017807,0.3102736473083496,0.6464102864265442,-0.023289337754249573,0.34922686219215393,0.5682682394981384,-0.03945907950401306,0.3787219524383545,0.5198449492454529,-0.04663585498929024,0.4016692638397217,0.4800254702568054,-0.05131317302584648,0.27275174856185913,0.6232116222381592,-0.024361155927181244,0.28764408826828003,0.588916540145874,-0.06438399106264114,0.2631443738937378,0.6509301066398621,-0.07717597484588623,0.2448280155658722,0.699384868144989,-0.07537491619586945,0.23446974158287048,0.6120975017547607,-0.027819398790597916,0.24333229660987854,0.5879334807395935,-0.0688566341996193,0.22687339782714844,0.6494637727737427,-0.07170756161212921,0.21497459709644318,0.6934279799461365,-0.061424534767866135,0.19668732583522797,0.6061100959777832,-0.03275579586625099,0.21570172905921936,0.5333981513977051,-0.058663252741098404,0.23031730949878693,0.49427539110183716,-0.06311587244272232,0.24610352516174316,0.45427364110946655,-0.060970377177000046,ILOVEYOU
ILOVEYOU,0.1947486400604248,0.7900826930999756,-1.5152146204400196e-07,0.25027942657470703,0.8025399446487427,-0.023544792085886,0.3149598240852356,0.7565777897834778,-0.028477855026721954,0.3556002974510193,0.7182273864746094,-0.032936885952949524,0.391765296459198,0.7058464884757996,-0.037244051694869995,0.3127238154411316,0.645063579082489,-0.02227291464805603,0.35178717970848083,0.5676015615463257,-0.037650082260370255,0.3807830810546875,0.519801139831543,-0.0440860316157341,0.4038667678833008,0.48022329807281494,-0.048352111130952835,0.27514246106147766,0.6219933032989502,-0.02370104379951954,0.29033899307250977,0.5857476592063904,-0.0629127100110054,0.26786714792251587,0.6488017439842224,-0.07554168254137039,0.25089436769485474,0.6985325813293457,-0.07386354357004166,0.23671627044677734,0.6110527515411377,-0.02739933505654335,0.24585847556591034,0.5854594707489014,-0.06792790442705154,0.22887688875198364,0.6472456455230713,-0.07058371603488922,0.21658897399902344,0.6901361346244812,-0.06032174825668335,0.19896724820137024,0.6049309372901917,-0.03251790255308151,0.2186979353427887,0.5320370197296143,-0.05827261880040169,0.23434221744537354,0.49410200119018555,-0.06278587877750397,0.2509184777736664,0.45432010293006897,-0.06076005846261978,ILOVEYOU
ILOVEYOU,0.19210784137248993,0.7879810333251953,-1.5115189455627842e-07,0.2488126903772354,0.8014432191848755,-0.026296580210328102,0.3148179352283478,0.7585038542747498,-0.032524701207876205,0.3568044900894165,0.7207210659980774,-0.037408072501420975,0.3939046561717987,0.7058661580085754,-0.041676752269268036,0.31440016627311707,0.6469718813896179,-0.025357216596603394,0.3532137870788574,0.5685213208198547,-0.04039309546351433,0.38244423270225525,0.5195459127426147,-0.04671761766076088,0.4052378535270691,0.47901156544685364,-0.051322292536497116,0.2760697305202484,0.6235346794128418,-0.025931889191269875,0.29051053524017334,0.5865142345428467,-0.06535661220550537,0.2675284743309021,0.6511362195014954,-0.0786113440990448,0.24948368966579437,0.7021452784538269,-0.07779563963413239,0.23769822716712952,0.6118988990783691,-0.028941938653588295,0.24668218195438385,0.5833603739738464,-0.06884942948818207,0.23181456327438354,0.6437371373176575,-0.07259167730808258,0.21982726454734802,0.6860235929489136,-0.0639256164431572,0.20071810483932495,0.6036804914474487,-0.03363897651433945,0.22126592695713043,0.5295054912567139,-0.05914919823408127,0.23764461278915405,0.4916110634803772,-0.06452935189008713,0.25449472665786743,0.4509698748588562,-0.06373754888772964,ILOVEYOU
ILOVEYOU,0.19220632314682007,0.7891253232955933,-1.527821780200611e-07,0.24801984429359436,0.8038673996925354,-0.02522439695894718,0.31384438276290894,0.7592892646789551,-0.03145766258239746,0.3560079038143158,0.7207098007202148,-0.03670233488082886,0.39315131306648254,0.7057319283485413,-0.04142891243100166,0.3138348162174225,0.6483745574951172,-0.025095904245972633,0.35317161679267883,0.569642186164856,-0.04096930846571922,0.38295701146125793,0.519615888595581,-0.04762357100844383,0.4055054783821106,0.47799307107925415,-0.052393075078725815,0.2754765748977661,0.6242545247077942,-0.026419999077916145,0.2909949719905853,0.5892314314842224,-0.06667616963386536,0.2670014202594757,0.6550494432449341,-0.07942771911621094,0.24898916482925415,0.7051922082901001,-0.07806983590126038,0.236805260181427,0.6127125024795532,-0.03016318380832672,0.24717092514038086,0.5854730010032654,-0.07090461254119873,0.23099833726882935,0.6473954916000366,-0.07343334704637527,0.2183620184659958,0.6896501779556274,-0.06371982395648956,0.19916141033172607,0.6057149171829224,-0.035561081022024155,0.21926811337471008,0.5316789150238037,-0.06195424497127533,0.23537074029445648,0.49325093626976013,-0.06709631532430649,0.2522623538970947,0.45167410373687744,-0.06590034067630768,ILOVEYOU
