label,x0,y0,z0,x1,y1,z1,x2,y2,z2,x3,y3,z3,x4,y4,z4,x5,y5,z5,x6,y6,z6,x7,y7,z7,x8,y8,z8,x9,y9,z9,x10,y10,z10,x11,y11,z11,x12,y12,z12,x13,y13,z13,x14,y14,z14,x15,y15,z15,x16,y16,z16,x17,y17,z17,x18,y18,z18,x19,y19,z19,x20,y20,z20
PLEASE,0.5219889879226685,0.8107882142066956,1.8372104193531413e-07,0.5244973301887512,0.7417064309120178,-0.004702707752585411,0.5003007650375366,0.6891382932662964,-0.01315770298242569,0.4726758599281311,0.6565846800804138,-0.01991093158721924,0.46013185381889343,0.623572051525116,-0.02928132191300392,0.4606679677963257,0.6966711282730103,-0.04090416803956032,0.40330812335014343,0.6588718295097351,-0.057007916271686554,0.3696475625038147,0.6354524493217468,-0.06504018604755402,0.3423427641391754,0.6161172389984131,-0.07078652828931808,0.4437186121940613,0.7369290590286255,-0.04701630398631096,0.38338324427604675,0.6932340860366821,-0.06634820997714996,0.34471964836120605,0.6659939289093018,-0.07684966176748276,0.3161352276802063,0.6443008780479431,-0.08472214639186859,0.43431511521339417,0.7773692607879639,-0.05080728605389595,0.38032132387161255,0.7381442785263062,-0.06755932420492172,0.3432147800922394,0.7132492065429688,-0.07680922746658325,0.3152354955673218,0.694491982460022,-0.08298178017139435,0.43134844303131104,0.8154858350753784,-0.053320109844207764,0.38650429248809814,0.7895522117614746,-0.06860654801130295,0.35769757628440857,0.7756991982460022,-0.07507830858230591,0.3330078721046448,0.7634678483009338,-0.07866762578487396
PLEASE,0.5172637701034546,0.7818472385406494,1.4556314908986678e-07,0.5209131836891174,0.715086042881012,-0.001583449775353074,0.4997948706150055,0.6611553430557251,-0.006452488712966442,0.47222310304641724,0.6269184947013855,-0.010581359267234802,0.4595240354537964,0.5958760976791382,-0.017111603170633316,0.4576074182987213,0.6654937267303467,-0.025976218283176422,0.4058912992477417,0.6262086033821106,-0.038173094391822815,0.37407737970352173,0.6037396192550659,-0.045115988701581955,0.348132461309433,0.5863056182861328,-0.05015689879655838,0.4399149417877197,0.7008469700813293,-0.032247625291347504,0.38509202003479004,0.6544206738471985,-0.04555035009980202,0.35100871324539185,0.6273044347763062,-0.05457170680165291,0.32643184065818787,0.6061024069786072,-0.06174911931157112,0.42945602536201477,0.7378328442573547,-0.036803726106882095,0.38036641478538513,0.6957738399505615,-0.04910258576273918,0.34755101799964905,0.6706550121307373,-0.057143017649650574,0.32306841015815735,0.6517059206962585,-0.0627056211233139,0.4252246022224426,0.7748394012451172,-0.04014354944229126,0.38375645875930786,0.7456010580062866,-0.051906220614910126,0.3584769666194916,0.7312597036361694,-0.05681787431240082,0.3369767665863037,0.7177059054374695,-0.0593879409134388
PLEASE,0.5161691904067993,0.7817688584327698,1.2653207193125127e-07,0.5196450352668762,0.7150452733039856,-0.0006573511054739356,0.4996699094772339,0.6619853973388672,-0.005275305826216936,0.4727310836315155,0.6283308267593384,-0.009287381544709206,0.460375040769577,0.5974065661430359,-0.015709245577454567,0.45717287063598633,0.6663267016410828,-0.0253083948045969,0.40486234426498413,0.6269052624702454,-0.03663100674748421,0.373136043548584,0.6046722531318665,-0.04274588078260422,0.3472997546195984,0.5870698690414429,-0.047401487827301025,0.43947818875312805,0.7004901766777039,-0.03208117187023163,0.3842497766017914,0.6545554399490356,-0.04439004510641098,0.35017627477645874,0.6278208494186401,-0.052377283573150635,0.3258678913116455,0.6069907546043396,-0.05898711085319519,0.4290849268436432,0.7375857830047607,-0.03710637614130974,0.37901148200035095,0.6963895559310913,-0.04853862524032593,0.3460965156555176,0.6711798310279846,-0.05597398057579994,0.32177263498306274,0.6520212292671204,-0.06144611909985542,0.4254082441329956,0.7752189040184021,-0.04088627174496651,0.38335490226745605,0.7477213144302368,-0.05262830853462219,0.35745471715927124,0.7338601350784302,-0.05762406811118126,0.3354684114456177,0.7203714847564697,-0.06034461036324501
PLEASE,0.516509473323822,0.7824887037277222,1.2818181005513907e-07,0.5196916460990906,0.7142532467842102,0.0004434840811882168,0.49898847937583923,0.6622893214225769,-0.0031189569272100925,0.4724467992782593,0.629271388053894,-0.006450357381254435,0.4591405391693115,0.5990778207778931,-0.01210073847323656,0.4546235203742981,0.667125940322876,-0.021724268794059753,0.40380242466926575,0.6279689073562622,-0.03224364295601845,0.3727622330188751,0.6056180596351624,-0.038197413086891174,0.34742167592048645,0.5883455276489258,-0.04280475154519081,0.43699750304222107,0.7004449367523193,-0.02876923605799675,0.3827764391899109,0.6557870507240295,-0.04087486118078232,0.3491751253604889,0.6294053792953491,-0.049229696393013,0.3250489830970764,0.6089707016944885,-0.05595926567912102,0.42720651626586914,0.7371200323104858,-0.03413691744208336,0.3774651885032654,0.6970452666282654,-0.045513030141592026,0.344728946685791,0.6723242998123169,-0.05339445918798447,0.32016900181770325,0.6538110971450806,-0.05903061479330063,0.4245098829269409,0.7747416496276855,-0.03820788115262985,0.3825201690196991,0.7481111288070679,-0.04989699274301529,0.35644182562828064,0.7347625494003296,-0.05526522174477577,0.3340417444705963,0.7220509648323059,-0.05818088725209236
PLEASE,0.516509473323822,0.7824887037277222,1.2818181005513907e-07,0.5196916460990906,0.7142532467842102,0.0004434840811882168,0.49898847937583923,0.6622893214225769,-0.0031189569272100925,0.4724467992782593,0.629271388053894,-0.006450357381254435,0.4591405391693115,0.5990778207778931,-0.01210073847323656,0.4546235203742981,0.667125940322876,-0.021724268794059753,0.40380242466926575,0.6279689073562622,-0.03224364295601845,0.3727622330188751,0.6056180596351624,-0.038197413086891174,0.34742167592048645,0.5883455276489258,-0.04280475154519081,0.43699750304222107,0.7004449367523193,-0.02876923605799675,0.3827764391899109,0.6557870507240295,-0.04087486118078232,0.3491751253604889,0.6294053792953491,-0.049229696393013,0.3250489830970764,0.6089707016944885,-0.05595926567912102,0.42720651626586914,0.7371200323104858,-0.03413691744208336,0.3774651885032654,0.6970452666282654,-0.045513030141592026,0.344728946685791,0.6723242998123169,-0.05339445918798447,0.32016900181770325,0.6538110971450806,-0.05903061479330063,0.4245098829269409,0.7747416496276855,-0.03820788115262985,0.3825201690196991,0.7481111288070679,-0.04989699274301529,0.35644182562828064,0.7347625494003296,-0.05526522174477577,0.3340417444705963,0.7220509648323059,-0.05818088725209236
PLEASE,0.5199794173240662,0.7862467765808105,1.0553088003462108e-07,0.5211674571037292,0.7171425223350525,0.001229107496328652,0.49928781390190125,0.664395809173584,-0.0026714319828897715,0.4719727337360382,0.6316283941268921,-0.0063302889466285706,0.45736217498779297,0.6015629172325134,-0.012544814497232437,0.45619505643844604,0.66895991563797,-0.02495882660150528,0.40373510122299194,0.631384015083313,-0.03611680492758751,0.3721455931663513,0.6100843548774719,-0.04216679930686951,0.34601467847824097,0.5931551456451416,-0.046881578862667084,0.43867263197898865,0.7029014825820923,-0.032815996557474136,0.38311123847961426,0.6585857272148132,-0.045494772493839264,0.3480112850666046,0.63309246301651,-0.053587786853313446,0.32240501046180725,0.6137107610702515,-0.06041119992733002,0.42885881662368774,0.7407242059707642,-0.03865732625126839,0.37810105085372925,0.7000560760498047,-0.050480104982852936,0.34441012144088745,0.6763837337493896,-0.058044809848070145,0.3191349506378174,0.6593227982521057,-0.06367376446723938,0.4261074960231781,0.7798874378204346,-0.04305402562022209,0.38335803151130676,0.7526348233222961,-0.05513293296098709,0.3565250635147095,0.7395564317703247,-0.0603477880358696,0.3334105610847473,0.7278974056243896,-0.06325554102659225
PLEASE,0.5163195133209229,0.7870382070541382,1.4045778584659274e-07,0.5197259187698364,0.7191231846809387,-0.0006539142341352999,0.4982398748397827,0.6664592027664185,-0.005362788215279579,0.4712999761104584,0.6326128840446472,-0.009349345229566097,0.4575068950653076,0.6015304923057556,-0.015709975734353065,0.4546489417552948,0.6714178919792175,-0.02694689854979515,0.4023139476776123,0.6330320239067078,-0.03846104070544243,0.37052491307258606,0.6101247072219849,-0.044574469327926636,0.3447049558162689,0.5918941497802734,-0.04937645420432091,0.43639281392097473,0.7057512402534485,-0.033812154084444046,0.38137146830558777,0.6610819101333618,-0.04730190336704254,0.3471464216709137,0.6351401209831238,-0.055751971900463104,0.3227570056915283,0.6153289675712585,-0.06247720122337341,0.42612022161483765,0.7431347966194153,-0.03871817886829376,0.3751479685306549,0.7028325796127319,-0.0508115291595459,0.3415358364582062,0.6784539818763733,-0.05829685553908348,0.3167404532432556,0.6606336236000061,-0.06372304260730743,0.4231376647949219,0.781302809715271,-0.04234334081411362,0.3805345296859741,0.7548768520355225,-0.054478131234645844,0.35402679443359375,0.7412778735160828,-0.05966969206929207,0.3314773142337799,0.7287454605102539,-0.062461286783218384
PLEASE,0.514972448348999,0.7866795659065247,1.512441372142348e-07,0.5183882713317871,0.7197299599647522,-0.0012547641526907682,0.495887815952301,0.6671807765960693,-0.006210621912032366,0.4694356620311737,0.6338340044021606,-0.010180216282606125,0.45642930269241333,0.6024184823036194,-0.016660772264003754,0.4548185169696808,0.6720954775810242,-0.031404320150613785,0.4015794098377228,0.6335411071777344,-0.044171277433633804,0.36954623460769653,0.6103852987289429,-0.05049474909901619,0.34352970123291016,0.5917622447013855,-0.05536019057035446,0.4368869960308075,0.7078344821929932,-0.03840772062540054,0.3804163336753845,0.6639139652252197,-0.05311606451869011,0.3445886969566345,0.6382632255554199,-0.061717353761196136,0.3188472390174866,0.6180798411369324,-0.06848085671663284,0.42720067501068115,0.7470420598983765,-0.04333154112100601,0.3772282004356384,0.7068634033203125,-0.05682975426316261,0.34299376606941223,0.682358980178833,-0.0652119442820549,0.318030446767807,0.6635211110115051,-0.0710756853222847,0.42479223012924194,0.7867628335952759,-0.046885546296834946,0.38245418667793274,0.7599114179611206,-0.060528893023729324,0.35542193055152893,0.7463086247444153,-0.06648360192775726,0.33253633975982666,0.7339171171188354,-0.06972441077232361
PLEASE,0.5159161686897278,0.7913730144500732,1.331785313141154e-07,0.5185230374336243,0.7234259843826294,0.00010598609515000135,0.49517491459846497,0.6716536283493042,-0.0043324376456439495,0.4688462018966675,0.6382366418838501,-0.008167517371475697,0.4539538323879242,0.607860267162323,-0.014544326812028885,0.45428377389907837,0.6753025054931641,-0.030012309551239014,0.40043869614601135,0.6371527910232544,-0.04251477122306824,0.3682253658771515,0.6142263412475586,-0.04886408895254135,0.3418525457382202,0.5965064167976379,-0.05379263311624527,0.4360714554786682,0.7108802795410156,-0.03774005174636841,0.37875062227249146,0.6679507493972778,-0.052433744072914124,0.3423351049423218,0.6412814259529114,-0.061433229595422745,0.3154699206352234,0.6207569241523743,-0.06869810074567795,0.4256674349308014,0.7501169443130493,-0.0432882234454155,0.3750480115413666,0.7102574706077576,-0.05695652216672897,0.3406435251235962,0.6853755116462708,-0.0661190003156662,0.3146764039993286,0.6665763854980469,-0.07270532101392746,0.4225670099258423,0.790045976638794,-0.047328442335128784,0.3806212246417999,0.7638151049613953,-0.06131838262081146,0.35365191102027893,0.750320553779602,-0.06802192330360413,0.33062976598739624,0.7383602261543274,-0.0719340443611145
PLEASE,0.5177423357963562,0.795111894607544,1.6165162719516957e-07,0.5197382569313049,0.7269877791404724,9.483125904807821e-05,0.49656084179878235,0.6730366945266724,-0.0033640481997281313,0.46931755542755127,0.640262246131897,-0.006291691679507494,0.45519521832466125,0.6093616485595703,-0.011698547750711441,0.45326516032218933,0.6788411140441895,-0.02652965858578682,0.40017229318618774,0.6414930820465088,-0.03810109570622444,0.36821404099464417,0.618323802947998,-0.044287435710430145,0.34226134419441223,0.6004073023796082,-0.04903357848525047,0.43521928787231445,0.7148935794830322,-0.03407489135861397,0.37822800874710083,0.6708730459213257,-0.0469602569937706,0.34177345037460327,0.6436922550201416,-0.05558047071099281,0.3151884078979492,0.6227396726608276,-0.062385011464357376,0.4259493350982666,0.7544161677360535,-0.0397077351808548,0.3749193549156189,0.712806224822998,-0.05234188213944435,0.34019315242767334,0.687617301940918,-0.061669085174798965,0.3144068717956543,0.6683107018470764,-0.06823891401290894,0.42395561933517456,0.7946988940238953,-0.04390554130077362,0.3819873332977295,0.7678967714309692,-0.057642385363578796,0.3545435667037964,0.7539416551589966,-0.06436216086149216,0.3311595320701599,0.7412921190261841,-0.06804130226373672
PLEASE,0.5165727734565735,0.7943516373634338,1.7048859035639907e-07,0.519909679889679,0.7273209095001221,-0.0019136997871100903,0.4972230792045593,0.6737228035926819,-0.006748910527676344,0.4700288474559784,0.6401946544647217,-0.01040392741560936,0.45453283190727234,0.6093846559524536,-0.016449017450213432,0.45547381043434143,0.6804153919219971,-0.03136187046766281,0.4012985825538635,0.6416624188423157,-0.04355856031179428,0.36908552050590515,0.6180117130279541,-0.04963596910238266,0.34294795989990234,0.5995641946792603,-0.05430040508508682,0.43711456656455994,0.7169860005378723,-0.03780648112297058,0.3797399401664734,0.671978771686554,-0.05165599659085274,0.342619925737381,0.6452188491821289,-0.06003492325544357,0.3160613775253296,0.6250163316726685,-0.06667455285787582,0.42735621333122253,0.75639808177948,-0.04226769879460335,0.376056432723999,0.7144013047218323,-0.05530591309070587,0.34090909361839294,0.6888266801834106,-0.06440257281064987,0.3154350519180298,0.6694865822792053,-0.07087399065494537,0.4249866306781769,0.7956224679946899,-0.04540279507637024,0.381926953792572,0.7687877416610718,-0.059420131146907806,0.3536917567253113,0.754993200302124,-0.06635730713605881,0.33005067706108093,0.7422241568565369,-0.0702560544013977
PLEASE,0.5172876119613647,0.7974552512168884,1.599781853656168e-07,0.520500898361206,0.7307030558586121,-0.003159710206091404,0.4969584345817566,0.6769692301750183,-0.00900606531649828,0.4697287976741791,0.6441603899002075,-0.013672723434865475,0.45577874779701233,0.6127845048904419,-0.020874647423624992,0.4556773900985718,0.6836662888526917,-0.03410523012280464,0.401886910200119,0.644865870475769,-0.04802551120519638,0.3686352074146271,0.6210119128227234,-0.05526357889175415,0.3414795398712158,0.6023819446563721,-0.06072735786437988,0.43756118416786194,0.7203865051269531,-0.04072609543800354,0.38009604811668396,0.6764606237411499,-0.05618339404463768,0.3422895073890686,0.6496697664260864,-0.06555088609457016,0.3145580589771271,0.6287670135498047,-0.07296335697174072,0.4277651607990265,0.7600595355033875,-0.045388057827949524,0.37633398175239563,0.7192362546920776,-0.05959892272949219,0.34036773443222046,0.694176197052002,-0.0689743161201477,0.3139723241329193,0.6752829551696777,-0.07559341937303543,0.42526787519454956,0.7997109293937683,-0.04884577542543411,0.38207101821899414,0.774641752243042,-0.06357955187559128,0.35309985280036926,0.7616414427757263,-0.07060208171606064,0.3288613557815552,0.7500571608543396,-0.07453218102455139
PLEASE,0.5164632797241211,0.7997410297393799,1.60510538194103e-07,0.5197004079818726,0.7329822182655334,-0.0025271617341786623,0.4953189194202423,0.679628312587738,-0.00846705213189125,0.46735718846321106,0.6466361284255981,-0.01313245203346014,0.45521804690361023,0.6146200299263,-0.02032986283302307,0.4561839997768402,0.686672031879425,-0.03510846197605133,0.4011908173561096,0.6469576358795166,-0.04918023943901062,0.36779549717903137,0.6230548024177551,-0.055931154638528824,0.3406483232975006,0.6039416193962097,-0.060970574617385864,0.438306987285614,0.7232331037521362,-0.04181664437055588,0.3792531192302704,0.6779381632804871,-0.05761169642210007,0.3415030837059021,0.6512030363082886,-0.06634171307086945,0.314395010471344,0.6301288604736328,-0.07309050858020782,0.4280863404273987,0.7627576589584351,-0.046390410512685776,0.37526702880859375,0.72230064868927,-0.060692790895700455,0.3395848870277405,0.6970442533493042,-0.06923698633909225,0.3137440085411072,0.6774241328239441,-0.07511960715055466,0.4248369634151459,0.8023165464401245,-0.04963752254843712,0.38091015815734863,0.7766990661621094,-0.06399699300527573,0.3524450361728668,0.7634392976760864,-0.07026559859514236,0.3285079598426819,0.7510622143745422,-0.07364505529403687
PLEASE,0.5152652859687805,0.8016732931137085,1.7737153257257887e-07,0.5185876488685608,0.7349686622619629,-0.0024395324289798737,0.4948886036872864,0.6823955774307251,-0.008643046952784061,0.4686901271343231,0.6485134959220886,-0.013747114688158035,0.455521821975708,0.6162645816802979,-0.021397789940238,0.4540865123271942,0.687454104423523,-0.03432247042655945,0.3992888629436493,0.6477547287940979,-0.048481058329343796,0.3662099242210388,0.6226255893707275,-0.05579429492354393,0.33975571393966675,0.6026366949081421,-0.06121980398893356,0.43622881174087524,0.7245317101478577,-0.04113662242889404,0.37853020429611206,0.6797001957893372,-0.05734190344810486,0.3405713737010956,0.6523318886756897,-0.06673968583345413,0.3134099841117859,0.6318173408508301,-0.07405479997396469,0.42648622393608093,0.7644520998001099,-0.045849647372961044,0.37478625774383545,0.7237237691879272,-0.06024831905961037,0.3383142650127411,0.6984356641769409,-0.06900184601545334,0.31202447414398193,0.679657518863678,-0.07511796057224274,0.4238792061805725,0.8041800260543823,-0.04929298534989357,0.38063207268714905,0.7783718109130859,-0.06364918500185013,0.35202914476394653,0.7650400400161743,-0.07001814991235733,0.3279416263103485,0.7530365586280823,-0.07354488968849182
PLEASE,0.5187230706214905,0.8027855157852173,1.953516317598769e-07,0.5204783082008362,0.7362061738967896,-0.004602352157235146,0.4974677860736847,0.6815833449363708,-0.011652729474008083,0.469212144613266,0.6481614112854004,-0.017154676839709282,0.45706936717033386,0.6141713857650757,-0.024958526715636253,0.45405063033103943,0.6872094869613647,-0.03400489315390587,0.4010031521320343,0.6489309072494507,-0.048400040715932846,0.36775270104408264,0.6257247924804688,-0.05595020577311516,0.34009063243865967,0.6068646311759949,-0.06157214939594269,0.4363737106323242,0.7256426215171814,-0.03990067541599274,0.37849757075309753,0.6814744472503662,-0.05685274675488472,0.34094852209091187,0.6550207734107971,-0.06702969968318939,0.3134256601333618,0.6332931518554688,-0.07468729466199875,0.4272480010986328,0.7660106420516968,-0.04392639547586441,0.376112699508667,0.7258419990539551,-0.05898508429527283,0.3405163884162903,0.7010277509689331,-0.06793655455112457,0.3139813542366028,0.6818230748176575,-0.07380879670381546,0.42499199509620667,0.8062320351600647,-0.0468352809548378,0.38217729330062866,0.7798261046409607,-0.061082370579242706,0.35414233803749084,0.7662461996078491,-0.06733649969100952,0.32965993881225586,0.7533798813819885,-0.07059915363788605
PLEASE,0.5177795886993408,0.8018898963928223,1.72197999859236e-07,0.5206575393676758,0.7343990206718445,-0.0017143418081104755,0.4964684844017029,0.6808039546012878,-0.006663122680038214,0.46823927760124207,0.6489433646202087,-0.01073522586375475,0.4564242362976074,0.6176490187644958,-0.017289290204644203,0.4553174078464508,0.6879031658172607,-0.03080984205007553,0.4009687900543213,0.6488564610481262,-0.04380407929420471,0.3674163520336151,0.6251688599586487,-0.050161123275756836,0.33959680795669556,0.6064019203186035,-0.05503613129258156,0.4371458888053894,0.7253599762916565,-0.037781693041324615,0.37904971837997437,0.6802653670310974,-0.05314909666776657,0.34172284603118896,0.6527239084243774,-0.06245729327201843,0.3142068386077881,0.6305797696113586,-0.06955952942371368,0.4275742471218109,0.765296995639801,-0.04274556040763855,0.37599706649780273,0.7242005467414856,-0.0570678636431694,0.3404996395111084,0.6985558271408081,-0.06639233231544495,0.313839852809906,0.6789458394050598,-0.07259152829647064,0.4250437319278717,0.8049213886260986,-0.04632551595568657,0.38178396224975586,0.7778907418251038,-0.06078265234827995,0.3531699776649475,0.7639248967170715,-0.06767464429140091,0.32835763692855835,0.7512321472167969,-0.07138827443122864
PLEASE,0.5137864351272583,0.7968335151672363,1.758999133016914e-07,0.5201658010482788,0.7317374348640442,-0.005689411889761686,0.4970634877681732,0.6792234778404236,-0.012518757954239845,0.4702564477920532,0.6464179754257202,-0.017855826765298843,0.4579438269138336,0.6139477491378784,-0.0255834199488163,0.45570439100265503,0.6845685243606567,-0.03490002080798149,0.40291425585746765,0.6448467373847961,-0.04950028285384178,0.37003135681152344,0.6199830770492554,-0.057394202798604965,0.3428683280944824,0.60056471824646,-0.06330874562263489,0.4370233118534088,0.7210409045219421,-0.04029536619782448,0.3813043534755707,0.6765963435173035,-0.05617612600326538,0.3448182940483093,0.6489088535308838,-0.0661124661564827,0.3174394965171814,0.6262969374656677,-0.07391046732664108,0.42664021253585815,0.7600061893463135,-0.044052887707948685,0.3769007921218872,0.719601035118103,-0.05869893729686737,0.34159529209136963,0.6941865682601929,-0.06844010204076767,0.3149756193161011,0.6744896173477173,-0.07519148290157318,0.4234217405319214,0.7979639768600464,-0.04685630276799202,0.381950318813324,0.7729842066764832,-0.06179571524262428,0.3538701832294464,0.7587227821350098,-0.0691654160618782,0.3301224410533905,0.7457162737846375,-0.07333336025476456
PLEASE,0.5137864351272583,0.7968335151672363,1.758999133016914e-07,0.5201658010482788,0.7317374348640442,-0.005689411889761686,0.4970634877681732,0.6792234778404236,-0.012518757954239845,0.4702564477920532,0.6464179754257202,-0.017855826765298843,0.4579438269138336,0.6139477491378784,-0.0255834199488163,0.45570439100265503,0.6845685243606567,-0.03490002080798149,0.40291425585746765,0.6448467373847961,-0.04950028285384178,0.37003135681152344,0.6199830770492554,-0.057394202798604965,0.3428683280944824,0.60056471824646,-0.06330874562263489,0.4370233118534088,0.7210409045219421,-0.04029536619782448,0.3813043534755707,0.6765963435173035,-0.05617612600326538,0.3448182940483093,0.6489088535308838,-0.0661124661564827,0.3174394965171814,0.6262969374656677,-0.07391046732664108,0.42664021253585815,0.7600061893463135,-0.044052887707948685,0.3769007921218872,0.719601035118103,-0.05869893729686737,0.34159529209136963,0.6941865682601929,-0.06844010204076767,0.3149756193161011,0.6744896173477173,-0.07519148290157318,0.4234217405319214,0.7979639768600464,-0.04685630276799202,0.381950318813324,0.7729842066764832,-0.06179571524262428,0.3538701832294464,0.7587227821350098,-0.0691654160618782,0.3301224410533905,0.7457162737846375,-0.07333336025476456
PLEASE,0.5141355991363525,0.7924206852912903,1.5268558684056188e-07,0.5181224346160889,0.7236887812614441,-0.0017638897988945246,0.4947216212749481,0.6719337701797485,-0.006953863427042961,0.46870526671409607,0.6400004625320435,-0.011303601786494255,0.4569528102874756,0.6099077463150024,-0.018210580572485924,0.4556766450405121,0.6789465546607971,-0.03184981644153595,0.40135687589645386,0.6395423412322998,-0.045267608016729355,0.3692730963230133,0.6147869229316711,-0.052145108580589294,0.34308958053588867,0.5954076647758484,-0.05728970468044281,0.43697911500930786,0.7152103781700134,-0.038623228669166565,0.38028931617736816,0.6706453561782837,-0.05388884246349335,0.3439501225948334,0.6427962183952332,-0.06290777772665024,0.3172423839569092,0.6213846206665039,-0.06990522891283035,0.4260704517364502,0.753816545009613,-0.043422140181064606,0.37583792209625244,0.7133864760398865,-0.05736449360847473,0.34092095494270325,0.6875054240226746,-0.06635750085115433,0.3147655129432678,0.6680634617805481,-0.07256612926721573,0.4222056567668915,0.7918358445167542,-0.04690268635749817,0.3800271153450012,0.7654253244400024,-0.06082708016037941,0.35262200236320496,0.7514895796775818,-0.06719687581062317,0.3296784460544586,0.7390914559364319,-0.07072819024324417
PLEASE,0.5151340365409851,0.7885203957557678,1.7305121957633673e-07,0.5190891027450562,0.7222151756286621,-0.00316932937130332,0.49720194935798645,0.6700490713119507,-0.009381462819874287,0.4717768132686615,0.6371074914932251,-0.014237802475690842,0.4591671824455261,0.6054398417472839,-0.021458186209201813,0.4561316967010498,0.6747110486030579,-0.03299874812364578,0.4035789370536804,0.6350765824317932,-0.04618244618177414,0.3714349567890167,0.610968291759491,-0.05301868915557861,0.34505629539489746,0.5919749736785889,-0.05813869461417198,0.4377983510494232,0.7110792398452759,-0.0388718880712986,0.3818119764328003,0.6664701700210571,-0.05457199364900589,0.34604209661483765,0.6390806436538696,-0.06394635140895844,0.3198179602622986,0.6174103617668152,-0.07108116894960403,0.4273134768009186,0.7495522499084473,-0.042714640498161316,0.3769005835056305,0.7095102667808533,-0.05641535297036171,0.3425157964229584,0.683883547782898,-0.06509128957986832,0.3167075514793396,0.663890540599823,-0.07107608020305634,0.4241696000099182,0.787575900554657,-0.04532138630747795,0.3821448087692261,0.7615836262702942,-0.05843840539455414,0.35498183965682983,0.7476202249526978,-0.06432420015335083,0.33184441924095154,0.7345400452613831,-0.06753014028072357
PLEASE,0.5159309506416321,0.7861999869346619,1.3558747014030814e-07,0.5183651447296143,0.7183815240859985,-0.00019509792036842555,0.496757835149765,0.6654039025306702,-0.004938469734042883,0.4707687497138977,0.6327516436576843,-0.009063142351806164,0.4585860073566437,0.6018875241279602,-0.015663055703043938,0.4549308717250824,0.6693293452262878,-0.02816234901547432,0.4020925462245941,0.6310902237892151,-0.040379032492637634,0.3705385625362396,0.6073980331420898,-0.04677538946270943,0.345211923122406,0.5880909562110901,-0.051659442484378815,0.43715155124664307,0.7044255137443542,-0.035303838551044464,0.3807069957256317,0.6606103181838989,-0.049619562923908234,0.3458786606788635,0.6339285373687744,-0.05806206911802292,0.3208838701248169,0.6125400066375732,-0.06467141956090927,0.42707377672195435,0.7424548268318176,-0.04041117802262306,0.3757607936859131,0.7030758261680603,-0.05301998555660248,0.3420875370502472,0.6784367561340332,-0.06040376052260399,0.31730449199676514,0.6593723893165588,-0.06561727821826935,0.4240173101425171,0.7811895608901978,-0.04419524595141411,0.3809588551521301,0.7550899386405945,-0.05659422650933266,0.3540910482406616,0.7414098381996155,-0.0617809072136879,0.3312571346759796,0.7283408641815186,-0.06450579315423965
PLEASE,0.5137071013450623,0.7830315232276917,1.333109196366422e-07,0.5178123712539673,0.7154877781867981,-0.0013592205941677094,0.49792981147766113,0.6624029278755188,-0.006508274935185909,0.47179779410362244,0.6299554109573364,-0.011128146201372147,0.4603838622570038,0.5993670225143433,-0.018269212916493416,0.4560081958770752,0.6672011613845825,-0.026318877935409546,0.4050612449645996,0.6294111013412476,-0.03877094015479088,0.3731902241706848,0.6059136390686035,-0.04593946039676666,0.3471706509590149,0.5868608355522156,-0.051456268876791,0.437303751707077,0.7010972499847412,-0.03349728509783745,0.383087158203125,0.6569498777389526,-0.04774045944213867,0.34848228096961975,0.6295101046562195,-0.05727420002222061,0.32306593656539917,0.6073757410049438,-0.06479933857917786,0.4262388050556183,0.7385050058364868,-0.03892045468091965,0.3770933449268341,0.6975550651550293,-0.05234407261013985,0.3440908193588257,0.6720386743545532,-0.06076066941022873,0.31906044483184814,0.6520581841468811,-0.06656456738710403,0.42217937111854553,0.7770659923553467,-0.04307381063699722,0.38057422637939453,0.7500579357147217,-0.05604199692606926,0.3547118902206421,0.7356774806976318,-0.061424970626831055,0.3325868248939514,0.722014307975769,-0.06425566226243973
PLEASE,0.5124340057373047,0.7798353433609009,1.4456034591603384e-07,0.5178488492965698,0.7125940322875977,-0.002679012715816498,0.4984839856624603,0.6594158411026001,-0.00818521250039339,0.47262465953826904,0.6273906826972961,-0.012992079369723797,0.45961397886276245,0.5975281000137329,-0.020212136209011078,0.45475655794143677,0.6635414958000183,-0.02675323560833931,0.405022531747818,0.6249589323997498,-0.039378054440021515,0.3740004897117615,0.6015271544456482,-0.04694163426756859,0.34861671924591064,0.5828076601028442,-0.052666082978248596,0.43639734387397766,0.697446346282959,-0.03323172405362129,0.38402989506721497,0.6523754000663757,-0.047054730355739594,0.3500792682170868,0.6249892115592957,-0.05653180554509163,0.3250662386417389,0.603131890296936,-0.0641496554017067,0.4259549081325531,0.7342591285705566,-0.03815774992108345,0.37813228368759155,0.693078875541687,-0.05098128691315651,0.3451497554779053,0.6678341031074524,-0.05944247916340828,0.3201143741607666,0.6483933925628662,-0.06550772488117218,0.42240020632743835,0.7717154026031494,-0.042032018303871155,0.3823293149471283,0.7445488572120667,-0.05472278222441673,0.35668686032295227,0.7305530905723572,-0.06016789376735687,0.3346753418445587,0.7177215814590454,-0.06314842402935028
PLEASE,0.5151561498641968,0.7771206498146057,1.1028073743091227e-07,0.518571674823761,0.7084307670593262,0.002349048387259245,0.49978452920913696,0.6550385355949402,-9.17440265766345e-05,0.47312915325164795,0.6222044825553894,-0.002821082714945078,0.4591484069824219,0.5932891368865967,-0.007854239083826542,0.45443060994148254,0.65702223777771,-0.01920519769191742,0.40401968359947205,0.6177316308021545,-0.028942277655005455,0.3751450181007385,0.5951448678970337,-0.034621600061655045,0.35159623622894287,0.577282190322876,-0.03902127966284752,0.43596351146698,0.6902682781219482,-0.02709466591477394,0.3826022446155548,0.6457335948944092,-0.03820847347378731,0.3495675027370453,0.6195563673973083,-0.04601282626390457,0.3250269293785095,0.5992544889450073,-0.05241163820028305,0.4253857135772705,0.7267119288444519,-0.0332217812538147,0.3780774474143982,0.6866368651390076,-0.04345676302909851,0.3464288115501404,0.662345290184021,-0.05067175626754761,0.32240718603134155,0.6433546543121338,-0.05609661340713501,0.421587198972702,0.7639172077178955,-0.03806353360414505,0.3827625811100006,0.7366237044334412,-0.04865799844264984,0.35813555121421814,0.7225173115730286,-0.05334244668483734,0.33678901195526123,0.7091484665870667,-0.055911991745233536
PLEASE,0.5141909122467041,0.7747025489807129,1.0646942172343188e-07,0.5181899666786194,0.7071320414543152,0.0011364861857146025,0.49985596537590027,0.6547165513038635,-0.0020889099687337875,0.4724183678627014,0.6215223073959351,-0.005256065633147955,0.45801907777786255,0.5927320718765259,-0.010647663846611977,0.4531920850276947,0.6566569209098816,-0.020731201395392418,0.40383201837539673,0.6155116558074951,-0.03042563423514366,0.375483900308609,0.5930736064910889,-0.035722654312849045,0.35257598757743835,0.5753682851791382,-0.03978307545185089,0.43477073311805725,0.6899892091751099,-0.02784646861255169,0.3815149962902069,0.6432427763938904,-0.03860198333859444,0.3487340807914734,0.6162088513374329,-0.04588307812809944,0.32470768690109253,0.5955356955528259,-0.05211948603391647,0.4246184527873993,0.7262850999832153,-0.033249590545892715,0.376564085483551,0.6849042177200317,-0.04350578039884567,0.34545162320137024,0.6598272323608398,-0.050547584891319275,0.3221377730369568,0.6402536034584045,-0.05593723803758621,0.4214964509010315,0.7630237340927124,-0.03739522397518158,0.38204270601272583,0.735352635383606,-0.048421572893857956,0.35749995708465576,0.7205055356025696,-0.05338546261191368,0.33661192655563354,0.7062626481056213,-0.05614769458770752
PLEASE,0.5144448280334473,0.774924635887146,7.389261469370467e-08,0.5170400142669678,0.7068095803260803,0.002563420683145523,0.4982340633869171,0.6541252136230469,-0.0001993496116483584,0.4712499976158142,0.6211147904396057,-0.0031796321272850037,0.45871615409851074,0.5918554663658142,-0.008479329757392406,0.45371636748313904,0.6568791270256042,-0.021775180473923683,0.4039772152900696,0.6158881783485413,-0.03200497478246689,0.3750511407852173,0.5934920310974121,-0.03695094212889671,0.35173529386520386,0.5750392079353333,-0.040792953222990036,0.4361414611339569,0.6900250315666199,-0.029868118464946747,0.3824462592601776,0.6437181234359741,-0.04239102825522423,0.3491995334625244,0.6162453889846802,-0.05025315657258034,0.32482123374938965,0.5947448015213013,-0.0567498616874218,0.42641931772232056,0.7264645099639893,-0.03591542690992355,0.37817585468292236,0.6857097148895264,-0.0476534441113472,0.3466481864452362,0.660169243812561,-0.05502466484904289,0.32298916578292847,0.6399213671684265,-0.060450613498687744,0.4228571355342865,0.7637643814086914,-0.0404907763004303,0.3832044005393982,0.7355270981788635,-0.052886947989463806,0.3588012158870697,0.7204752564430237,-0.05843306705355644,0.3373014032840729,0.7064728140830994,-0.06153110787272453
PLEASE,0.37261223793029785,0.8524548411369324,2.4626339722999546e-07,0.36152827739715576,0.7768299579620361,-0.021848421543836594,0.3727281093597412,0.7150471806526184,-0.040792662650346756,0.3894460201263428,0.6663942933082581,-0.05650186911225319,0.3904733657836914,0.6252447962760925,-0.07339770346879959,0.44762006402015686,0.7221807241439819,-0.047274280339479446,0.5014294981956482,0.679604172706604,-0.06795084476470947,0.5364195108413696,0.6515246629714966,-0.08040691912174225,0.5633441209793091,0.6294792890548706,-0.088143490254879,0.46680691838264465,0.7623270750045776,-0.045621223747730255,0.5233374834060669,0.7165464162826538,-0.06262253224849701,0.5601687431335449,0.6859872937202454,-0.07270853966474533,0.5899320244789124,0.6633173823356628,-0.07971294224262238,0.47619208693504333,0.8031008839607239,-0.04432880878448486,0.5279830694198608,0.7601374983787537,-0.059000395238399506,0.5615949630737305,0.732768714427948,-0.06977719068527222,0.5856319665908813,0.7127619385719299,-0.07642199099063873,0.48013269901275635,0.8436095714569092,-0.044148895889520645,0.5250279903411865,0.8250690698623657,-0.055722881108522415,0.5529061555862427,0.8108956813812256,-0.06272080540657043,0.5757224559783936,0.7984061241149902,-0.0667063295841217
PLEASE,0.3784314692020416,0.8472892045974731,2.1470077626872808e-07,0.36643269658088684,0.7713191509246826,-0.023671837523579597,0.37563544511795044,0.7134503722190857,-0.04344963654875755,0.3926052153110504,0.6641485691070557,-0.0597379170358181,0.39506906270980835,0.6256951093673706,-0.07724791765213013,0.4522666931152344,0.7183487415313721,-0.04639037325978279,0.5067462921142578,0.6715665459632874,-0.06541313230991364,0.5405105948448181,0.6428397297859192,-0.07724311947822571,0.5670074224472046,0.6208384037017822,-0.08454383909702301,0.4728423058986664,0.7568182349205017,-0.041792355477809906,0.5287744998931885,0.7056476473808289,-0.05646568909287453,0.5645525455474854,0.6743826866149902,-0.06539654731750488,0.5929661989212036,0.6514224410057068,-0.07189764082431793,0.48320046067237854,0.794891357421875,-0.03755149990320206,0.5352397561073303,0.7487826943397522,-0.04852496460080147,0.5671597719192505,0.7208729386329651,-0.058065179735422134,0.5899936556816101,0.7003257274627686,-0.06448015570640564,0.4884481728076935,0.8317657113075256,-0.034713875502347946,0.5326889753341675,0.8080054521560669,-0.04267730936408043,0.5593485832214355,0.7923106551170349,-0.04815433546900749,0.5811882615089417,0.7790953516960144,-0.05147058889269829
PLEASE,0.3794900178909302,0.8455862402915955,2.155260290237493e-07,0.3677198886871338,0.7710447311401367,-0.023377444595098495,0.37475401163101196,0.713611364364624,-0.044485751539468765,0.3906416893005371,0.6619503498077393,-0.062106821686029434,0.39610329270362854,0.6232398748397827,-0.08079797774553299,0.45178908109664917,0.7166069746017456,-0.050970349460840225,0.5076245069503784,0.669220507144928,-0.07217638194561005,0.5417677164077759,0.6399702429771423,-0.0839826762676239,0.5677750110626221,0.6182422637939453,-0.09057526290416718,0.47177180647850037,0.7544272541999817,-0.04658418148756027,0.5293435454368591,0.7030324339866638,-0.06371133774518967,0.5653030276298523,0.6719162464141846,-0.07221312820911407,0.5932575464248657,0.6493623852729797,-0.07780089229345322,0.48195356130599976,0.793013334274292,-0.042337507009506226,0.5338894128799438,0.7476156949996948,-0.05514511093497276,0.5663310289382935,0.7200836539268494,-0.064080610871315,0.5891227126121521,0.700018584728241,-0.06943993270397186,0.4871673583984375,0.8304152488708496,-0.03931182622909546,0.5327833890914917,0.807323157787323,-0.04793930426239967,0.5596736669540405,0.7916997671127319,-0.052955325692892075,0.5813314914703369,0.7788417339324951,-0.05555621162056923
PLEASE,0.37911656498908997,0.8447860479354858,2.324079986237848e-07,0.3662228584289551,0.7703434228897095,-0.024683084338903427,0.37452825903892517,0.7120948433876038,-0.045103881508111954,0.3923099637031555,0.6621933579444885,-0.06169382855296135,0.39813804626464844,0.6236040592193604,-0.07910937070846558,0.4511866271495819,0.7164690494537354,-0.05045495554804802,0.5062909126281738,0.6681012511253357,-0.07163793593645096,0.5405516624450684,0.6381542086601257,-0.08408179879188538,0.5672612190246582,0.6157552599906921,-0.0913708359003067,0.47176751494407654,0.7542203664779663,-0.046002622693777084,0.528614342212677,0.7023752927780151,-0.06304095685482025,0.5647473335266113,0.6707605123519897,-0.0721263512969017,0.5934984087944031,0.647960901260376,-0.07828178256750107,0.4821714460849762,0.7919495701789856,-0.04200040176510811,0.5345280766487122,0.7457020282745361,-0.055458977818489075,0.567251443862915,0.7175489068031311,-0.06494113802909851,0.5905587673187256,0.6973351836204529,-0.07072490453720093,0.48682308197021484,0.8284721374511719,-0.03940771520137787,0.5316413640975952,0.8059448599815369,-0.04934481903910637,0.5587663650512695,0.7902106642723083,-0.055294062942266464,0.5807223320007324,0.7770406007766724,-0.058530133217573166
PLEASE,0.37910929322242737,0.8432081937789917,2.28888282549633e-07,0.3669089078903198,0.7680196166038513,-0.022744908928871155,0.3758160173892975,0.7085791826248169,-0.041765905916690826,0.3929349184036255,0.6597706079483032,-0.057474322617053986,0.397064208984375,0.6215535998344421,-0.07403996586799622,0.45256197452545166,0.7138120532035828,-0.04542721435427666,0.50655198097229,0.6669757962226868,-0.06499248743057251,0.5401646494865417,0.637802243232727,-0.07682041078805923,0.5662249326705933,0.615454912185669,-0.08396074175834656,0.47252851724624634,0.7521469593048096,-0.04231787100434303,0.528311014175415,0.701268196105957,-0.057932835072278976,0.5644165873527527,0.669977068901062,-0.0671929344534874,0.5932130217552185,0.6471444964408875,-0.0736197903752327,0.48253631591796875,0.7907254099845886,-0.03975835070014,0.5338668823242188,0.7444441914558411,-0.052613791078329086,0.5660634636878967,0.7162638306617737,-0.0625055655837059,0.5891393423080444,0.695835292339325,-0.06870199739933014,0.48712190985679626,0.8282816410064697,-0.03848949819803238,0.5308144092559814,0.8047866821289062,-0.048376910388469696,0.5575357675552368,0.7892968654632568,-0.054408345371484756,0.5793948769569397,0.7762512564659119,-0.057728417217731476
PLEASE,0.377341091632843,0.8444116711616516,2.3132628257371834e-07,0.3655408024787903,0.7678486108779907,-0.02276339940726757,0.374856561422348,0.7093417048454285,-0.04235449805855751,0.39246866106987,0.6594511270523071,-0.05865960195660591,0.39606955647468567,0.6196405291557312,-0.07609115540981293,0.45270028710365295,0.7130100727081299,-0.04454652592539787,0.5074895024299622,0.6659768223762512,-0.06244714558124542,0.5412393808364868,0.6374824643135071,-0.07341906428337097,0.567694902420044,0.6153870820999146,-0.08022812753915787,0.4727940857410431,0.7517774105072021,-0.0404205285012722,0.5281982421875,0.7004113793373108,-0.05409184470772743,0.5638017654418945,0.6696621775627136,-0.06271284073591232,0.5918033719062805,0.6475191116333008,-0.06909999996423721,0.4823880195617676,0.790544331073761,-0.03664644435048103,0.5337511301040649,0.7442845106124878,-0.04748660326004028,0.5658718943595886,0.716066837310791,-0.05730026587843895,0.5882500410079956,0.6956175565719604,-0.06391048431396484,0.48741647601127625,0.828612208366394,-0.03411677107214928,0.5315796136856079,0.8047292828559875,-0.04203866049647331,0.558073103427887,0.7890307903289795,-0.04763924330472946,0.5793624520301819,0.7756291627883911,-0.05111261457204819
PLEASE,0.37709271907806396,0.8439279198646545,2.1947148809431383e-07,0.36587947607040405,0.7691777348518372,-0.022933613508939743,0.37474197149276733,0.7089254856109619,-0.042613234370946884,0.3913443684577942,0.658606767654419,-0.059115421026945114,0.3959655165672302,0.6195111870765686,-0.07658949494361877,0.4524100422859192,0.7138687968254089,-0.046052273362874985,0.5070508718490601,0.66594398021698,-0.06569692492485046,0.5408565402030945,0.6373065114021301,-0.07757651060819626,0.5672804117202759,0.6155885457992554,-0.0848371610045433,0.47201693058013916,0.7524853348731995,-0.042829640209674835,0.52742999792099,0.701117753982544,-0.05855608358979225,0.5631000995635986,0.670868992805481,-0.06786678731441498,0.5915751457214355,0.6491004228591919,-0.07445285469293594,0.4817860424518585,0.7916348576545715,-0.04016764461994171,0.5331822633743286,0.7452302575111389,-0.052719566971063614,0.5657861828804016,0.7176275849342346,-0.0627373456954956,0.5889880061149597,0.6978048086166382,-0.06925859302282333,0.48683226108551025,0.8305557370185852,-0.038860879838466644,0.5309698581695557,0.8067522644996643,-0.0485641285777092,0.5578587651252747,0.790973424911499,-0.0547376424074173,0.5794986486434937,0.777625560760498,-0.05828039348125458
PLEASE,0.3794875741004944,0.8454983830451965,2.2696495705076813e-07,0.36695653200149536,0.7701350450515747,-0.022455250844359398,0.3755584955215454,0.7107937335968018,-0.041695110499858856,0.39233511686325073,0.6621888279914856,-0.05783717334270477,0.39751148223876953,0.6234222650527954,-0.07492885738611221,0.4536789357662201,0.7147446870803833,-0.0451807826757431,0.5068969130516052,0.6689059138298035,-0.06516753137111664,0.5402604341506958,0.6401671767234802,-0.07708793878555298,0.5661757588386536,0.6181516647338867,-0.08437264710664749,0.47334301471710205,0.7539591789245605,-0.042779047042131424,0.5280164480209351,0.7035306692123413,-0.059125129133462906,0.563696026802063,0.6728760600090027,-0.06866166740655899,0.5926539301872253,0.6505444049835205,-0.07516252994537354,0.4823399782180786,0.7938281893730164,-0.04103667289018631,0.5331175327301025,0.7478945255279541,-0.05505795404314995,0.5650007724761963,0.7202923893928528,-0.06521040946245193,0.5883260369300842,0.7010045051574707,-0.07140776515007019,0.4859433174133301,0.8336306810379028,-0.04051036387681961,0.5290231704711914,0.8107929825782776,-0.05180180445313454,0.5563808679580688,0.795844554901123,-0.05851422995328903,0.5792653560638428,0.7836893796920776,-0.06213522329926491
PLEASE,0.37693271040916443,0.8459327220916748,2.1944802597317903e-07,0.365585058927536,0.7712688446044922,-0.022122671827673912,0.37439945340156555,0.7120903730392456,-0.041697047650814056,0.39112240076065063,0.6639654040336609,-0.05846758559346199,0.3976632356643677,0.6256217956542969,-0.07624294608831406,0.45191141963005066,0.7179308533668518,-0.045804597437381744,0.5054255723953247,0.6703094244003296,-0.0668390691280365,0.5394114255905151,0.641502857208252,-0.07945442199707031,0.5657622218132019,0.6197124719619751,-0.08712182193994522,0.47143790125846863,0.7574512958526611,-0.044229499995708466,0.5275259017944336,0.7074242830276489,-0.06129946932196617,0.5640866756439209,0.6774423718452454,-0.07125846296548843,0.5934568643569946,0.6558583974838257,-0.07803602516651154,0.48052486777305603,0.7978342771530151,-0.043327681720256805,0.5326869487762451,0.75224769115448,-0.0574745275080204,0.5653632283210754,0.7248579859733582,-0.06757406890392303,0.5889127254486084,0.7056176662445068,-0.07384640723466873,0.4839925169944763,0.8381898403167725,-0.04371214285492897,0.527877926826477,0.8162806630134583,-0.05518750473856926,0.5554665327072144,0.8012806177139282,-0.06179928779602051,0.5779205560684204,0.7882755994796753,-0.06532599031925201
PLEASE,0.3760184347629547,0.8519240021705627,2.1437999464524182e-07,0.364300400018692,0.7756386399269104,-0.023079166188836098,0.37314826250076294,0.7169634699821472,-0.04382570460438728,0.3913605511188507,0.6663373112678528,-0.06131294369697571,0.39674654603004456,0.6252365112304688,-0.07995961606502533,0.44897139072418213,0.7222535610198975,-0.04975332319736481,0.5046166181564331,0.674630343914032,-0.07191718369722366,0.5394028425216675,0.6454254388809204,-0.08503374457359314,0.5663446187973022,0.6238404512405396,-0.0927591398358345,0.4697071313858032,0.7621160745620728,-0.04682765528559685,0.5269685387611389,0.7113612294197083,-0.06437475979328156,0.5634968876838684,0.6811490654945374,-0.07389429956674576,0.5924359560012817,0.6591008305549622,-0.08032004535198212,0.4800615608692169,0.8022229671478271,-0.04429345205426216,0.532586932182312,0.7569106817245483,-0.05829901993274689,0.5653588175773621,0.730254054069519,-0.06799369305372238,0.5885744094848633,0.7113320231437683,-0.07389067858457565,0.48469245433807373,0.8415734171867371,-0.04298210144042969,0.529198944568634,0.8185264468193054,-0.05330866575241089,0.5567677617073059,0.8036794066429138,-0.05918043106794357,0.5790373086929321,0.7912694811820984,-0.0622839592397213
PLEASE,0.3739340305328369,0.8527296185493469,2.0361324004625203e-07,0.3635217547416687,0.7761690616607666,-0.021983414888381958,0.372456431388855,0.7157580852508545,-0.0418451726436615,0.38921135663986206,0.6655413508415222,-0.058838341385126114,0.393085777759552,0.6251081824302673,-0.07699494063854218,0.44970011711120605,0.7251129746437073,-0.04682738333940506,0.5055042505264282,0.6771854758262634,-0.067532017827034,0.5401219725608826,0.6484376788139343,-0.07934422045946121,0.5666751861572266,0.6261873841285706,-0.08631742745637894,0.46941202878952026,0.7658528685569763,-0.04494226351380348,0.526944100856781,0.7144942283630371,-0.06230634078383446,0.5634397864341736,0.6837877035140991,-0.07190898805856705,0.5920746922492981,0.6609779000282288,-0.07825884222984314,0.47929537296295166,0.8062884211540222,-0.04353252425789833,0.5327767729759216,0.7605793476104736,-0.05801834166049957,0.5654454231262207,0.733130156993866,-0.06817267090082169,0.5882773399353027,0.7128896117210388,-0.07414223998785019,0.4843163788318634,0.8456505537033081,-0.04324929788708687,0.5300986170768738,0.8221077919006348,-0.05417713522911072,0.5576331615447998,0.8076927065849304,-0.060302749276161194,0.5796145796775818,0.7950763702392578,-0.06342761218547821
PLEASE,0.3723914325237274,0.8589105606079102,1.8766593257169006e-07,0.3624270558357239,0.7818934321403503,-0.02115415222942829,0.3725610375404358,0.7210424542427063,-0.040147244930267334,0.38949090242385864,0.6716840267181396,-0.056395530700683594,0.3933787941932678,0.6308712363243103,-0.07397820055484772,0.4478585422039032,0.7292278409004211,-0.046071700751781464,0.5036690831184387,0.6822059750556946,-0.06677486002445221,0.5386080145835876,0.65323805809021,-0.0790521577000618,0.5651594996452332,0.6305318474769592,-0.08643054217100143,0.46784257888793945,0.7699716687202454,-0.044804107397794724,0.5255338549613953,0.7200536131858826,-0.061326365917921066,0.5624507665634155,0.689812958240509,-0.07109595835208893,0.5915591716766357,0.6673221588134766,-0.07787250727415085,0.47804689407348633,0.8112486004829407,-0.04399880766868591,0.5310651063919067,0.7656815052032471,-0.05776887759566307,0.5641926527023315,0.7388663291931152,-0.06803453713655472,0.5877395272254944,0.7195114493370056,-0.07447025179862976,0.483183354139328,0.8517616987228394,-0.04431644827127457,0.5284873843193054,0.8281436562538147,-0.05511145293712616,0.5565206408500671,0.8139816522598267,-0.06128428131341934,0.5792828798294067,0.8017423748970032,-0.06464608758687973
PLEASE,0.37022554874420166,0.8644683957099915,1.8755112307644595e-07,0.3616522550582886,0.7866497039794922,-0.02090495638549328,0.3729816675186157,0.7254832983016968,-0.039025988429784775,0.39004433155059814,0.675320029258728,-0.05428510159254074,0.39293786883354187,0.6346538066864014,-0.07079920917749405,0.44787976145744324,0.7347489595413208,-0.04480335861444473,0.5031554102897644,0.6888807415962219,-0.06453173607587814,0.538474440574646,0.6604725122451782,-0.07672255486249924,0.5659503936767578,0.6382001042366028,-0.08423402160406113,0.4684823453426361,0.7742801904678345,-0.04272514954209328,0.5257068872451782,0.7260088324546814,-0.05762576311826706,0.5627527832984924,0.6948386430740356,-0.06642008572816849,0.5918880105018616,0.6715141534805298,-0.07294365763664246,0.47860628366470337,0.8143214583396912,-0.041003141552209854,0.5314451456069946,0.7713192701339722,-0.05264633148908615,0.5652990341186523,0.7444643378257751,-0.0615762360394001,0.5891115069389343,0.7242233753204346,-0.06761205196380615,0.48263826966285706,0.8532504439353943,-0.04059620201587677,0.5283801555633545,0.8326368927955627,-0.04958640784025192,0.556405782699585,0.8189216256141663,-0.05463723838329315,0.5789419412612915,0.8067888021469116,-0.05746113881468773
PLEASE,0.37153077125549316,0.8670264482498169,2.011964710391112e-07,0.36225441098213196,0.7885011434555054,-0.022611109539866447,0.37229108810424805,0.7275832891464233,-0.04212765023112297,0.38890060782432556,0.6768031120300293,-0.05864514783024788,0.39194291830062866,0.6352617144584656,-0.07647954672574997,0.4496878385543823,0.7367008924484253,-0.04712212458252907,0.5052124857902527,0.6896218657493591,-0.06760337948799133,0.5402941703796387,0.6619136333465576,-0.07983367890119553,0.5674501657485962,0.6405773162841797,-0.087101511657238,0.469463050365448,0.7776106595993042,-0.044316742569208145,0.526993989944458,0.7282100915908813,-0.06046021357178688,0.5641217827796936,0.6981357932090759,-0.06958639621734619,0.5935155153274536,0.6761291027069092,-0.07607695460319519,0.4789201617240906,0.8186766505241394,-0.04200977087020874,0.5323016047477722,0.7750275135040283,-0.05510275065898895,0.5659264326095581,0.748075544834137,-0.06474772095680237,0.5898298025131226,0.7278432846069336,-0.07081814855337143,0.4829583764076233,0.8578351140022278,-0.0410282202064991,0.529735267162323,0.8363245725631714,-0.051023151725530624,0.5580403208732605,0.8228539824485779,-0.056677691638469696,0.5809602737426758,0.8111717104911804,-0.059712398797273636
PLEASE,0.36987730860710144,0.8693262934684753,2.1457287857629126e-07,0.3619527518749237,0.7910740971565247,-0.022096095606684685,0.3727191090583801,0.7283431887626648,-0.040710363537073135,0.389644593000412,0.6775263547897339,-0.056005436927080154,0.3900420665740967,0.634040117263794,-0.07259318232536316,0.4473925530910492,0.7418333888053894,-0.04908113554120064,0.50462806224823,0.694023847579956,-0.06738030165433884,0.5403742790222168,0.6670350432395935,-0.0774206668138504,0.5687153935432434,0.645959734916687,-0.08369674533605576,0.4677376449108124,0.7821319103240967,-0.04564313217997551,0.52663654088974,0.7290201783180237,-0.06130276992917061,0.564185619354248,0.6974114775657654,-0.06971593201160431,0.5940397381782532,0.6746541261672974,-0.07607104629278183,0.4780920445919037,0.8220753073692322,-0.04212389141321182,0.5320070385932922,0.7765312194824219,-0.055151697248220444,0.5665759444236755,0.7488512992858887,-0.06478330492973328,0.590619683265686,0.7278453707695007,-0.07110763341188431,0.4831539988517761,0.8602713346481323,-0.03973028063774109,0.5304582118988037,0.8402295708656311,-0.04998684301972389,0.558197557926178,0.8277387022972107,-0.055991385132074356,0.5799658298492432,0.816081702709198,-0.05954131484031677
PLEASE,0.37106889486312866,0.870298445224762,2.3114857583550474e-07,0.36290258169174194,0.7930922508239746,-0.02140071615576744,0.3727525770664215,0.7317633032798767,-0.040472403168678284,0.3891744911670685,0.6800768971443176,-0.056323204189538956,0.390095055103302,0.6357908844947815,-0.0734744593501091,0.44653111696243286,0.7434845566749573,-0.04994742572307587,0.504150927066803,0.6954759359359741,-0.06900151073932648,0.5399899482727051,0.6678735017776489,-0.07926158607006073,0.5685303211212158,0.646066427230835,-0.0855896919965744,0.4666333496570587,0.7846559882164001,-0.04737958312034607,0.5255929827690125,0.731569766998291,-0.06443411111831665,0.5635032653808594,0.6994467377662659,-0.07361888140439987,0.5947009325027466,0.6757720708847046,-0.08015108853578568,0.47718116641044617,0.8250727653503418,-0.04456857591867447,0.5314874649047852,0.7783379554748535,-0.05898705869913101,0.5665662288665771,0.7499416470527649,-0.06913105398416519,0.5917257070541382,0.728166937828064,-0.07544545829296112,0.4828457534313202,0.8628880381584167,-0.04269254207611084,0.5302154421806335,0.8416902422904968,-0.054252397269010544,0.5582907795906067,0.8282797932624817,-0.06060843542218208,0.5804451704025269,0.8153440952301025,-0.06408022344112396
PLEASE,0.3742869794368744,0.8679208159446716,2.405813290806691e-07,0.36531904339790344,0.7918083071708679,-0.02138875611126423,0.3750326931476593,0.7306375503540039,-0.04034116491675377,0.39088302850723267,0.6823433637619019,-0.056287385523319244,0.39153745770454407,0.6394302845001221,-0.0737500712275505,0.44848737120628357,0.7417043447494507,-0.04895943030714989,0.5049314498901367,0.6953997015953064,-0.06767282634973526,0.5405215620994568,0.6687332391738892,-0.0778895914554596,0.5689293742179871,0.6476271152496338,-0.08429551869630814,0.46820634603500366,0.7835479378700256,-0.04701909050345421,0.52702796459198,0.7318810224533081,-0.06372402608394623,0.5643278360366821,0.7005952596664429,-0.07295063883066177,0.5945999622344971,0.677924633026123,-0.07950776815414429,0.47841739654541016,0.8246506452560425,-0.04493981972336769,0.5326300859451294,0.7789133191108704,-0.059503503143787384,0.5671619176864624,0.7506378293037415,-0.06967127323150635,0.5918259620666504,0.7294319868087769,-0.07590382546186447,0.4838693141937256,0.863846480846405,-0.0438026525080204,0.5319846868515015,0.8421927690505981,-0.05572524666786194,0.5594934821128845,0.8285304307937622,-0.06183572858572006,0.5807288885116577,0.815016508102417,-0.06500710546970367
PLEASE,0.37352511286735535,0.8696388006210327,2.1581101350420795e-07,0.3639293313026428,0.7929685711860657,-0.020799169316887856,0.37443870306015015,0.732352077960968,-0.03872721269726753,0.3929416537284851,0.6855612397193909,-0.053521208465099335,0.39659345149993896,0.6431084871292114,-0.0696851834654808,0.44845932722091675,0.7436085939407349,-0.04854346811771393,0.5046635866165161,0.6957231760025024,-0.06711756438016891,0.5406262874603271,0.6681270599365234,-0.07714485377073288,0.5695031881332397,0.6466817855834961,-0.08335845917463303,0.46860530972480774,0.7843488454818726,-0.0464271605014801,0.5267428159713745,0.7312987446784973,-0.0635271891951561,0.5645651817321777,0.6991137266159058,-0.07282121479511261,0.5954784154891968,0.6764329075813293,-0.07934465259313583,0.4789372384548187,0.8245587348937988,-0.04408779367804527,0.5322993397712708,0.7787638902664185,-0.05896541476249695,0.5674846768379211,0.7502305507659912,-0.0692724660038948,0.5926952362060547,0.7288218140602112,-0.07555035501718521,0.48423558473587036,0.8628261089324951,-0.04261161386966705,0.53141850233078,0.842086672782898,-0.05450505390763283,0.5595341920852661,0.8281972408294678,-0.06099391728639603,0.5814651250839233,0.8144423365592957,-0.06453318893909454
PLEASE,0.3737548589706421,0.8696134090423584,2.0843307879658823e-07,0.36555221676826477,0.7932102084159851,-0.019935367628932,0.37661436200141907,0.7321497797966003,-0.0373937152326107,0.3941199481487274,0.684282124042511,-0.052127838134765625,0.3966051936149597,0.6409939527511597,-0.06817987561225891,0.45079129934310913,0.7425974607467651,-0.04564029723405838,0.5068597793579102,0.6938954591751099,-0.06382772326469421,0.5419397950172424,0.6660574674606323,-0.07390988618135452,0.5699414014816284,0.6444958448410034,-0.08025205880403519,0.47011837363243103,0.7822672724723816,-0.0442630760371685,0.5285537838935852,0.7296712398529053,-0.060509439557790756,0.5663812160491943,0.697818398475647,-0.06982996314764023,0.5969522595405579,0.6753420233726501,-0.07662107795476913,0.4799225628376007,0.8219617009162903,-0.04289811849594116,0.5333170890808105,0.7761281728744507,-0.05698110908269882,0.5684025287628174,0.7485538721084595,-0.0675065815448761,0.5935404300689697,0.7282642126083374,-0.07429171353578568,0.484944224357605,0.8606742024421692,-0.042472608387470245,0.5319022536277771,0.8401440978050232,-0.05414017289876938,0.5599778294563293,0.8264847993850708,-0.06094752252101898,0.5822373628616333,0.8131327033042908,-0.06492463499307632
PLEASE,0.3748859763145447,0.8657088279724121,1.9329333156292705e-07,0.3658619523048401,0.7870867848396301,-0.02267451584339142,0.37704718112945557,0.726704478263855,-0.042102064937353134,0.3959747552871704,0.6776890754699707,-0.05828722566366196,0.40034109354019165,0.6355466842651367,-0.07559605687856674,0.45297735929489136,0.7354126572608948,-0.04830269142985344,0.509631872177124,0.6867066025733948,-0.06813771277666092,0.5443751215934753,0.6576759815216064,-0.07968460768461227,0.5709889531135559,0.6352391242980957,-0.08665571361780167,0.47255682945251465,0.7761545181274414,-0.04553881287574768,0.5309149026870728,0.7239602208137512,-0.0616467259824276,0.5672566890716553,0.6924743056297302,-0.07048827409744263,0.5960559248924255,0.6695944666862488,-0.0767638310790062,0.4820290803909302,0.8166341781616211,-0.04308890551328659,0.5361613035202026,0.769780695438385,-0.05567725747823715,0.5701759457588196,0.7428994178771973,-0.06454280763864517,0.5945057272911072,0.7235471606254578,-0.07034824788570404,0.4859502613544464,0.8552970886230469,-0.04200157895684242,0.5322763323783875,0.8312017321586609,-0.05118667334318161,0.5598469376564026,0.816960871219635,-0.05611174926161766,0.5818170309066772,0.8052759766578674,-0.05886095017194748
PLEASE,0.3749849200248718,0.8623819947242737,1.8902620979588391e-07,0.3661232590675354,0.7848857045173645,-0.023850681260228157,0.3767809569835663,0.7243742346763611,-0.04402383044362068,0.39486125111579895,0.6740664839744568,-0.060657333582639694,0.3997039198875427,0.6330569982528687,-0.07850414514541626,0.4528643786907196,0.732811450958252,-0.04989192262291908,0.5082535743713379,0.6837589740753174,-0.06962853670120239,0.5427118539810181,0.6551205515861511,-0.08107338100671768,0.5693843960762024,0.6333610415458679,-0.0879700779914856,0.47284558415412903,0.7737001180648804,-0.04605220630764961,0.5306048393249512,0.7208649516105652,-0.06212355196475983,0.5666412115097046,0.6887427568435669,-0.0710168182849884,0.5949289798736572,0.6660191416740417,-0.07738139480352402,0.48217517137527466,0.8139486312866211,-0.04243398830294609,0.5363008379936218,0.7654743194580078,-0.055201753973960876,0.5698728561401367,0.7363876104354858,-0.06452687829732895,0.5933923721313477,0.7158267498016357,-0.0706079825758934,0.48620256781578064,0.852198600769043,-0.040146853774785995,0.5331170558929443,0.8276646733283997,-0.04975695163011551,0.5607140064239502,0.812984824180603,-0.05521342530846596,0.5826894044876099,0.8015743494033813,-0.058257125318050385
PLEASE,0.37493687868118286,0.858376145362854,1.7670680563242058e-07,0.3653627634048462,0.7806572318077087,-0.021981537342071533,0.3763742446899414,0.7215060591697693,-0.040925443172454834,0.3953721821308136,0.6735570430755615,-0.05677475035190582,0.39986783266067505,0.6327226758003235,-0.07374127954244614,0.452401340007782,0.7300202250480652,-0.045937854796648026,0.5087634325027466,0.6805638074874878,-0.0652366429567337,0.5430344939231873,0.6512369513511658,-0.07668446004390717,0.5695450901985168,0.628678560256958,-0.08357538282871246,0.47234827280044556,0.769724428653717,-0.04299265891313553,0.529868483543396,0.7175127267837524,-0.05834626778960228,0.566011905670166,0.6863385438919067,-0.067109614610672,0.5947504043579102,0.6640520691871643,-0.07343540340662003,0.48203417658805847,0.8092474341392517,-0.04041958972811699,0.5351346731185913,0.7634251117706299,-0.052600886672735214,0.5686585307121277,0.73585045337677,-0.061997443437576294,0.5924137830734253,0.7157519459724426,-0.06812010705471039,0.4867722988128662,0.8479913473129272,-0.0391043946146965,0.5331405401229858,0.8247794508934021,-0.04810285195708275,0.5611578822135925,0.8097440600395203,-0.05342307314276695,0.5835902690887451,0.7969459295272827,-0.05648478865623474
PLEASE,0.37520331144332886,0.8572603464126587,1.9759404779051692e-07,0.3663499057292938,0.7799378633499146,-0.022269748151302338,0.3763624429702759,0.7198405861854553,-0.04213571548461914,0.394376277923584,0.668519139289856,-0.05870693922042847,0.4002392590045929,0.6270268559455872,-0.07628216594457626,0.45389261841773987,0.7283734679222107,-0.04858151078224182,0.5100027322769165,0.6790341138839722,-0.06849729269742966,0.5442773103713989,0.6501796245574951,-0.07988249510526657,0.570803701877594,0.6279243230819702,-0.08659325540065765,0.4733108580112457,0.7681176662445068,-0.04543810710310936,0.5308097004890442,0.7156605124473572,-0.06150337681174278,0.5667148232460022,0.6847140789031982,-0.07013649493455887,0.5951662063598633,0.6621511578559875,-0.07624655216932297,0.48255741596221924,0.8078749775886536,-0.0424848347902298,0.5356322526931763,0.7621639966964722,-0.05491968244314194,0.5691152811050415,0.7352398633956909,-0.06394734233617783,0.5927420854568481,0.7154183983802795,-0.06977801024913788,0.48655298352241516,0.8460714817047119,-0.04076648876070976,0.5328412055969238,0.823113739490509,-0.04986470937728882,0.560545802116394,0.8086158633232117,-0.055114444345235825,0.5827386975288391,0.796554684638977,-0.057996299117803574
PLEASE,0.3765714168548584,0.8531261086463928,2.1209127964993968e-07,0.36824798583984375,0.776745617389679,-0.023808758705854416,0.37805303931236267,0.718497633934021,-0.044256359338760376,0.39550790190696716,0.6703411340713501,-0.06132914125919342,0.40084338188171387,0.6283103823661804,-0.07945489883422852,0.45532137155532837,0.726516604423523,-0.049032051116228104,0.5102002024650574,0.6785547733306885,-0.06897183507680893,0.5444217920303345,0.6506961584091187,-0.08083060383796692,0.571449875831604,0.6290326118469238,-0.08814319968223572,0.47458308935165405,0.7667751908302307,-0.0456891804933548,0.5311099290847778,0.7153152823448181,-0.06239784136414528,0.5670807957649231,0.6842817664146423,-0.0719618946313858,0.5957890152931213,0.6611829996109009,-0.0787525475025177,0.4838320016860962,0.8069791197776794,-0.04265614226460457,0.5359947681427002,0.7619476318359375,-0.05551426112651825,0.569259762763977,0.735306441783905,-0.06476432830095291,0.5930052995681763,0.7154890298843384,-0.07081373780965805,0.4881964325904846,0.8457384705543518,-0.04105343669652939,0.5338059663772583,0.8233770132064819,-0.05048675462603569,0.5609943866729736,0.8095862865447998,-0.055527739226818085,0.5824196934700012,0.7973036170005798,-0.05827031284570694
PLEASE,0.37877577543258667,0.8548869490623474,1.8132004697690718e-07,0.3693434000015259,0.7785781621932983,-0.02212102897465229,0.37859246134757996,0.7194362282752991,-0.041861239820718765,0.39687636494636536,0.671638548374176,-0.05853600427508354,0.4024588465690613,0.6310026049613953,-0.07646225392818451,0.4553832411766052,0.7272515296936035,-0.04908493533730507,0.5107884407043457,0.6785967946052551,-0.06890331208705902,0.5449311137199402,0.6509770750999451,-0.08014814555644989,0.5716396570205688,0.6297299861907959,-0.08700481802225113,0.47490841150283813,0.7675221562385559,-0.046317096799612045,0.5324001312255859,0.7155295014381409,-0.06284502148628235,0.5679475665092468,0.6846267580986023,-0.07177776098251343,0.5960676074028015,0.6624966859817505,-0.07829780131578445,0.48362404108047485,0.8077621459960938,-0.043653879314661026,0.5373546481132507,0.7618396282196045,-0.056880876421928406,0.5700654983520508,0.7344120144844055,-0.06598925590515137,0.5930868983268738,0.7146451473236084,-0.0720105692744255,0.48702096939086914,0.8470094203948975,-0.04218662157654762,0.5332648158073425,0.8247160911560059,-0.05247066915035248,0.5605471134185791,0.8097050786018372,-0.05816839635372162,0.5827626585960388,0.7968533039093018,-0.06145001947879791
PLEASE,0.3779616951942444,0.8553300499916077,1.6460531071516016e-07,0.36955833435058594,0.7787940502166748,-0.021344512701034546,0.3788621425628662,0.7199510335922241,-0.04020750895142555,0.3969086706638336,0.67115318775177,-0.05617982894182205,0.4023015797138214,0.6313114762306213,-0.07336129248142242,0.45777255296707153,0.7277867197990417,-0.045158736407756805,0.5112580060958862,0.6796337366104126,-0.06319276988506317,0.5445667505264282,0.6523345708847046,-0.07376296818256378,0.5708191394805908,0.6316054463386536,-0.08040163666009903,0.4774166941642761,0.7676877975463867,-0.04204145818948746,0.5335897207260132,0.7157759070396423,-0.056827060878276825,0.568476676940918,0.6854594945907593,-0.06513383239507675,0.5959046483039856,0.6640628576278687,-0.07142423093318939,0.485577791929245,0.8080604672431946,-0.039087679237127304,0.5380374789237976,0.7624363303184509,-0.05090808495879173,0.5704711675643921,0.73505699634552,-0.059708643704652786,0.5929940938949585,0.7145484089851379,-0.06562187522649765,0.48846739530563354,0.8475201725959778,-0.037315141409635544,0.5352858901023865,0.8256205320358276,-0.046266570687294006,0.5617756843566895,0.8112170696258545,-0.051284849643707275,0.5828237533569336,0.7983059287071228,-0.05418020859360695
PLEASE,0.3771406412124634,0.8590488433837891,1.87640537774314e-07,0.36919966340065,0.7801831364631653,-0.022046901285648346,0.3789883852005005,0.7203828692436218,-0.04139385372400284,0.3975096046924591,0.6715556383132935,-0.05768832564353943,0.40305590629577637,0.6298114061355591,-0.0751931220293045,0.4558551609516144,0.7299085259437561,-0.046413030475378036,0.5118301510810852,0.6811233162879944,-0.06467102468013763,0.5456534028053284,0.6531411409378052,-0.07497178018093109,0.5718746185302734,0.631507396697998,-0.08127456903457642,0.47457656264305115,0.7701495289802551,-0.04351823031902313,0.5330241322517395,0.716407060623169,-0.05892563238739967,0.5690568685531616,0.6853645443916321,-0.067686066031456,0.5974658727645874,0.6638057231903076,-0.0740114077925682,0.48338526487350464,0.8103116750717163,-0.04088345915079117,0.5373055338859558,0.76144939661026,-0.05342402309179306,0.5714290738105774,0.7342616319656372,-0.06336524337530136,0.5958304405212402,0.7153351902961731,-0.06994118541479111,0.4879221022129059,0.8495771884918213,-0.039405450224876404,0.5342928171157837,0.8251685500144958,-0.04920291155576706,0.5617380738258362,0.8115545511245728,-0.055224161595106125,0.5835602283477783,0.8003350496292114,-0.058732014149427414
PLEASE,0.3788527846336365,0.8594337701797485,1.860551179788672e-07,0.37028199434280396,0.7828555703163147,-0.023988958448171616,0.3791697919368744,0.7231238484382629,-0.04394451156258583,0.3980810046195984,0.6743183135986328,-0.060488469898700714,0.404863566160202,0.6328182220458984,-0.07804177701473236,0.45546337962150574,0.7313823699951172,-0.049180615693330765,0.5105688571929932,0.6821637153625488,-0.06838187575340271,0.5446509122848511,0.6537854075431824,-0.07927858829498291,0.5712447166442871,0.6322270035743713,-0.08594167232513428,0.4752611517906189,0.7711739540100098,-0.04525613412261009,0.5330899357795715,0.718178927898407,-0.06138904392719269,0.5695157051086426,0.6866897344589233,-0.07021131366491318,0.5978684425354004,0.6647932529449463,-0.0766550675034523,0.48451367020606995,0.8108912706375122,-0.0416695773601532,0.5375198721885681,0.7636098265647888,-0.05465875566005707,0.5711312890052795,0.735804557800293,-0.06418135017156601,0.5948514938354492,0.7160192728042603,-0.07050760835409164,0.48889869451522827,0.8495268821716309,-0.03947656974196434,0.5347587466239929,0.8268612623214722,-0.04961598664522171,0.5615615248680115,0.8128963112831116,-0.055652450770139694,0.5828447341918945,0.8008888959884644,-0.05921308323740959
PLEASE,0.3784787058830261,0.8597650527954102,1.925890984466605e-07,0.3696286082267761,0.7825804948806763,-0.023648828268051147,0.37840837240219116,0.7222520709037781,-0.04383049160242081,0.3969945013523102,0.6732102632522583,-0.060584671795368195,0.403754860162735,0.6321883797645569,-0.07834264636039734,0.4536418616771698,0.7321958541870117,-0.05026952177286148,0.5100507140159607,0.6827857494354248,-0.06994565576314926,0.544869601726532,0.6547319889068604,-0.08047471940517426,0.5719434022903442,0.6336291432380676,-0.08671228587627411,0.47355571389198303,0.7719286680221558,-0.046642839908599854,0.5327420830726624,0.7180497646331787,-0.0638132393360138,0.5696659088134766,0.6868772506713867,-0.07251253724098206,0.5985010862350464,0.6656566858291626,-0.07852597534656525,0.48368728160858154,0.8116827011108398,-0.04329472780227661,0.5379517674446106,0.7637577056884766,-0.057398684322834015,0.5724970698356628,0.7362993359565735,-0.067215196788311,0.596967875957489,0.7170134782791138,-0.07335406541824341,0.48909270763397217,0.8506060838699341,-0.04118063300848007,0.5360677242279053,0.827252209186554,-0.0520457848906517,0.5634564161300659,0.8135385513305664,-0.058340348303318024,0.5851280093193054,0.8015285730361938,-0.06187060475349426
PLEASE,0.37720680236816406,0.8602410554885864,1.8348278274515906e-07,0.3701656758785248,0.7828831076622009,-0.02308272384107113,0.37937724590301514,0.7224965691566467,-0.04296058043837547,0.3972010016441345,0.6722404956817627,-0.05971512198448181,0.40445205569267273,0.6315243244171143,-0.0775795429944992,0.4561057388782501,0.732505202293396,-0.0478365384042263,0.5115893483161926,0.6823837757110596,-0.0669582411646843,0.546112060546875,0.6543642282485962,-0.07754377275705338,0.5730395317077637,0.6331984400749207,-0.08396080136299133,0.47536230087280273,0.7725513577461243,-0.04438764229416847,0.5338078141212463,0.7179045081138611,-0.06117899715900421,0.5704644918441772,0.6869285702705383,-0.07038767635822296,0.5991345643997192,0.6660970449447632,-0.07688276469707489,0.4838358759880066,0.8124514818191528,-0.041227471083402634,0.5381876230239868,0.7636445164680481,-0.05506888031959534,0.5726032853126526,0.7360414862632751,-0.06476599723100662,0.5970258712768555,0.716859757900238,-0.07090593874454498,0.4877188503742218,0.8516863584518433,-0.03926704451441765,0.5345062017440796,0.8273308277130127,-0.04986253380775452,0.5619217157363892,0.8131101727485657,-0.05579608678817749,0.5841256976127625,0.8014695048332214,-0.059096284210681915
PLEASE,0.37899136543273926,0.8590522408485413,1.7795801454667526e-07,0.3708451986312866,0.7822538614273071,-0.022712204605340958,0.3803408741950989,0.7226085662841797,-0.04255484417080879,0.3977951109409332,0.6743758320808411,-0.0592341274023056,0.40308111906051636,0.6364426612854004,-0.07707478106021881,0.4570786654949188,0.7309536337852478,-0.04814772307872772,0.5119584798812866,0.682637095451355,-0.06755116581916809,0.5461337566375732,0.6551761031150818,-0.0784364715218544,0.5723239779472351,0.634559154510498,-0.0849718451499939,0.4766823351383209,0.771257758140564,-0.044703975319862366,0.5341513156890869,0.7194793224334717,-0.060709673911333084,0.5697934031486511,0.6894811987876892,-0.06912145018577576,0.5969825983047485,0.6684438586235046,-0.07519560307264328,0.48570746183395386,0.8115547895431519,-0.041550006717443466,0.53830486536026,0.7652230858802795,-0.05412902310490608,0.5710356831550598,0.7370390892028809,-0.0633130818605423,0.5936588048934937,0.7168678045272827,-0.0693303644657135,0.4895007908344269,0.8507203459739685,-0.0396878682076931,0.5354180335998535,0.8273186683654785,-0.04916458576917648,0.5622258186340332,0.8133221864700317,-0.05483398586511612,0.5837022066116333,0.8023174405097961,-0.058084458112716675
PLEASE,0.3800087571144104,0.8617037534713745,1.9105978310562932e-07,0.37148821353912354,0.7842981219291687,-0.023156141862273216,0.3797309994697571,0.7249841690063477,-0.04288528114557266,0.3986693322658539,0.6755213141441345,-0.059297434985637665,0.40621572732925415,0.6349179744720459,-0.07669026404619217,0.45819997787475586,0.7329126000404358,-0.047711875289678574,0.5132161378860474,0.683573305606842,-0.06631844490766525,0.5470290184020996,0.6556036472320557,-0.07665149867534637,0.5734889507293701,0.6344548463821411,-0.08283814787864685,0.47760480642318726,0.7728050947189331,-0.0436466820538044,0.5353569984436035,0.7190831899642944,-0.059643153101205826,0.5713450312614441,0.6877366304397583,-0.06807997077703476,0.5993586182594299,0.665988564491272,-0.07404003292322159,0.4859701693058014,0.8123765587806702,-0.039833854883909225,0.5390774011611938,0.7646991014480591,-0.053072817623615265,0.5726296305656433,0.7366119623184204,-0.06231677159667015,0.5960501432418823,0.716593861579895,-0.06811293959617615,0.48939016461372375,0.8508766889572144,-0.03720851615071297,0.5361415147781372,0.8276013731956482,-0.04722529649734497,0.5629791617393494,0.8140345811843872,-0.05275563523173332,0.5843294858932495,0.8028073906898499,-0.05576019734144211
PLEASE,0.37854743003845215,0.8601391911506653,1.7441158206565888e-07,0.37062859535217285,0.7830999493598938,-0.02281865105032921,0.37963372468948364,0.7241408824920654,-0.04267430305480957,0.39695900678634644,0.6741969585418701,-0.05916270986199379,0.4021928608417511,0.6338584423065186,-0.07682951539754868,0.4563771188259125,0.7321434617042542,-0.04917381331324577,0.5126001238822937,0.6839994192123413,-0.06830348074436188,0.5469487905502319,0.6561645865440369,-0.07887329906225204,0.5735560059547424,0.6351772546768188,-0.08525008708238602,0.47642362117767334,0.7722808122634888,-0.04522232338786125,0.5350542664527893,0.7200837135314941,-0.06085715815424919,0.5704233646392822,0.6896160840988159,-0.06879451870918274,0.5977699756622314,0.6680431365966797,-0.0745805874466896,0.48543357849121094,0.8124346137046814,-0.04137411341071129,0.5393887162208557,0.7656707167625427,-0.053480636328458786,0.5720561742782593,0.7381367683410645,-0.062073539942502975,0.5950192809104919,0.7180811166763306,-0.06778686493635178,0.48902761936187744,0.8507047295570374,-0.03878488019108772,0.535636305809021,0.8274012804031372,-0.0479096844792366,0.5625020265579224,0.8133196234703064,-0.05311620607972145,0.5842913389205933,0.8022381067276001,-0.056082986295223236
PLEASE,0.3792330324649811,0.8608932495117188,1.8319870775940217e-07,0.3704783022403717,0.7823852300643921,-0.022230304777622223,0.3791872262954712,0.7234652638435364,-0.04219241812825203,0.3964603543281555,0.6742095351219177,-0.05900167301297188,0.4013562798500061,0.6344304084777832,-0.07715915143489838,0.4552671015262604,0.7324928641319275,-0.0491676963865757,0.5112519860267639,0.6847630739212036,-0.06869141757488251,0.5458455085754395,0.6569039225578308,-0.07942202687263489,0.5726664662361145,0.6358709931373596,-0.08582449704408646,0.4751860499382019,0.7725880742073059,-0.04566620662808418,0.5337961316108704,0.7208258509635925,-0.061528366059064865,0.5695416927337646,0.6899335384368896,-0.06958869099617004,0.5970367789268494,0.6680909991264343,-0.07546723634004593,0.4841747283935547,0.8124460577964783,-0.04223951697349548,0.5386298298835754,0.765588641166687,-0.05462253466248512,0.5718218684196472,0.7377186417579651,-0.06357330828905106,0.5948306322097778,0.717911958694458,-0.06951755285263062,0.48816996812820435,0.8504651188850403,-0.03999324515461922,0.5351693630218506,0.8277246356010437,-0.04937414452433586,0.5626853108406067,0.8140295743942261,-0.05497421324253082,0.5848181843757629,0.8035005331039429,-0.0582391694188118
PLEASE,0.37765219807624817,0.8590264916419983,1.9721586852483597e-07,0.3687083125114441,0.7814087271690369,-0.024121249094605446,0.37864574790000916,0.722227931022644,-0.04457710683345795,0.3971354365348816,0.6744993925094604,-0.06153477728366852,0.4025629162788391,0.6365218758583069,-0.07962006330490112,0.45460987091064453,0.7323935031890869,-0.04955245181918144,0.5110320448875427,0.6850353479385376,-0.06913021206855774,0.5457413792610168,0.6577732563018799,-0.08046610653400421,0.5728499293327332,0.6366097331047058,-0.08755632489919662,0.4747712016105652,0.7732079029083252,-0.04542757198214531,0.5326541066169739,0.7206079363822937,-0.06136983633041382,0.5685725808143616,0.6896877288818359,-0.07013256847858429,0.5969340801239014,0.666960597038269,-0.07663717120885849,0.48387837409973145,0.8132835626602173,-0.041598595678806305,0.538399338722229,0.7664427161216736,-0.05400848388671875,0.5713247656822205,0.7392286062240601,-0.06313318759202957,0.5945687294006348,0.7197614312171936,-0.06936714053153992,0.4877975583076477,0.8522315621376038,-0.03918794170022011,0.533025860786438,0.8303855061531067,-0.04882634058594704,0.5603880882263184,0.8158460855484009,-0.05477364733815193,0.5823895335197449,0.8035959005355835,-0.058379191905260086
PLEASE,0.37698495388031006,0.8578150868415833,1.913347915660779e-07,0.3667168617248535,0.7808749675750732,-0.023390263319015503,0.3776986002922058,0.7232611179351807,-0.04234827682375908,0.40006765723228455,0.6790396571159363,-0.05762320011854172,0.4115007817745209,0.6389676332473755,-0.07364984601736069,0.45287761092185974,0.7301738262176514,-0.048929743468761444,0.5095536112785339,0.6826440095901489,-0.06836258620023727,0.5444397926330566,0.654741644859314,-0.0791877806186676,0.572086751461029,0.6331289410591125,-0.08568952232599258,0.4721909165382385,0.7712752223014832,-0.04508790746331215,0.52972811460495,0.7185851335525513,-0.0622648261487484,0.5659013986587524,0.6870685815811157,-0.07158064842224121,0.5954242944717407,0.6642369031906128,-0.07800672948360443,0.4815921187400818,0.8116434216499329,-0.041474442929029465,0.5345397591590881,0.7648240327835083,-0.0555528923869133,0.5682735443115234,0.736993670463562,-0.06494089215993881,0.5924968719482422,0.7167158722877502,-0.07069887965917587,0.4863165020942688,0.8510974645614624,-0.039108242839574814,0.5325441956520081,0.8286337852478027,-0.049780286848545074,0.559839129447937,0.8142823576927185,-0.055688027292490005,0.5812867283821106,0.8012276291847229,-0.05884799733757973
PLEASE,0.3767077922821045,0.8605589270591736,1.6251038914560922e-07,0.36784857511520386,0.7835574150085449,-0.022995879873633385,0.3784811496734619,0.7237087488174438,-0.041866056621074677,0.40009987354278564,0.6752462387084961,-0.05707356706261635,0.4122110903263092,0.6355186700820923,-0.07292522490024567,0.45265454053878784,0.7337086796760559,-0.048962101340293884,0.5097973346710205,0.6836880445480347,-0.06863052397966385,0.5444566011428833,0.6554378867149353,-0.07950881868600845,0.5717998147010803,0.6341221332550049,-0.0858594998717308,0.47215235233306885,0.7732608914375305,-0.04466438293457031,0.5298095941543579,0.7175425291061401,-0.06124614179134369,0.5656906366348267,0.6859301924705505,-0.06974203139543533,0.5942485928535461,0.6643071174621582,-0.07570483535528183,0.48148587346076965,0.8124583959579468,-0.04059762507677078,0.5348814129829407,0.7633154392242432,-0.05388650298118591,0.5677241086959839,0.7346710562705994,-0.06245550140738487,0.5908968448638916,0.7144466042518616,-0.06771650910377502,0.48623836040496826,0.8504579067230225,-0.0377921499311924,0.5330612063407898,0.8262810707092285,-0.047851622104644775,0.5601555705070496,0.8113976716995239,-0.053341664373874664,0.5819190740585327,0.7997715473175049,-0.056214116513729095
PLEASE,0.3767285943031311,0.8591036796569824,1.306780461618473e-07,0.36724692583084106,0.7825849652290344,-0.02170771174132824,0.37928545475006104,0.723993182182312,-0.03966028615832329,0.4032128155231476,0.6774303317070007,-0.05407115817070007,0.41845935583114624,0.6399811506271362,-0.06901895999908447,0.4518357813358307,0.7324102520942688,-0.04766308143734932,0.5098268389701843,0.682166576385498,-0.06805716454982758,0.5447577238082886,0.6539221405982971,-0.07913674414157867,0.5717722177505493,0.6329559087753296,-0.08540253341197968,0.4713238477706909,0.7715144753456116,-0.04403432086110115,0.5304069519042969,0.7165511250495911,-0.060623154044151306,0.5663484930992126,0.6858053207397461,-0.06855457276105881,0.5947704911231995,0.6641931533813477,-0.07382938265800476,0.4810731112957001,0.8112850189208984,-0.040724728256464005,0.535818338394165,0.7620877027511597,-0.05378137156367302,0.5685085654258728,0.7340176105499268,-0.06152946501970291,0.5917479991912842,0.7140946388244629,-0.06604669988155365,0.48566320538520813,0.8507658839225769,-0.03866259381175041,0.5319815278053284,0.8262189626693726,-0.04863611236214638,0.5596218109130859,0.8103870749473572,-0.05395824462175369,0.5820021033287048,0.7975654006004333,-0.05652153119444847
PLEASE,0.3796040415763855,0.8584812879562378,1.1791349407985763e-07,0.3684670031070709,0.7822864651679993,-0.021213067695498466,0.38043659925460815,0.7248159646987915,-0.03808261826634407,0.40593603253364563,0.6809789538383484,-0.05144476890563965,0.42231833934783936,0.6437479257583618,-0.0653868168592453,0.45119214057922363,0.7327184081077576,-0.04722767695784569,0.5097975730895996,0.6833237409591675,-0.06739150732755661,0.5448935031890869,0.655458927154541,-0.07802329957485199,0.5721814036369324,0.6345375180244446,-0.08396545052528381,0.4713285565376282,0.7720177173614502,-0.04380673170089722,0.5301562547683716,0.7173469066619873,-0.06061946973204613,0.5658055543899536,0.6858458518981934,-0.06873853504657745,0.5943032503128052,0.6633780598640442,-0.07416575402021408,0.4817405045032501,0.8111298680305481,-0.04064835608005524,0.5355662703514099,0.7632954716682434,-0.054384879767894745,0.5679617524147034,0.734598696231842,-0.06244032457470894,0.5911779999732971,0.7136248350143433,-0.06703773140907288,0.48710015416145325,0.8492947220802307,-0.03863917663693428,0.5329864025115967,0.8253244161605835,-0.049174364656209946,0.5601514577865601,0.8095576763153076,-0.05474073439836502,0.5819931030273438,0.7959167957305908,-0.05743958055973053
PLEASE,0.38139423727989197,0.8563920259475708,1.5571177414130943e-07,0.36927276849746704,0.7800158262252808,-0.024422215297818184,0.38096490502357483,0.7244542241096497,-0.04278172180056572,0.4085543751716614,0.683692991733551,-0.05670948699116707,0.4247702956199646,0.6476210355758667,-0.07121293246746063,0.45233744382858276,0.7323933243751526,-0.05268159508705139,0.5105336308479309,0.682905912399292,-0.07382459193468094,0.5456435084342957,0.655046284198761,-0.08490440249443054,0.5738294124603271,0.6343051195144653,-0.09109242260456085,0.4727199673652649,0.7719104290008545,-0.0472743883728981,0.5306550860404968,0.7156849503517151,-0.06565685570240021,0.5667645931243896,0.684176504611969,-0.07390473783016205,0.5957356095314026,0.6627035737037659,-0.07921335101127625,0.4828264117240906,0.8106173872947693,-0.042072948068380356,0.5352523326873779,0.7616442441940308,-0.05696035549044609,0.5682386755943298,0.7328070998191833,-0.06483160704374313,0.5917696356773376,0.7121602296829224,-0.06899901479482651,0.4879874289035797,0.8477975726127625,-0.038210514932870865,0.534059464931488,0.823136031627655,-0.0493093878030777,0.5610160231590271,0.8072589635848999,-0.054707713425159454,0.582203209400177,0.7936582565307617,-0.05713111162185669
PLEASE,0.3802500367164612,0.8558893203735352,9.7062766712952e-08,0.3684866428375244,0.7809008955955505,-0.019642459228634834,0.3839474618434906,0.7264312505722046,-0.03400544449687004,0.4171528220176697,0.6911505460739136,-0.04455455020070076,0.439344584941864,0.6613041758537292,-0.05528963357210159,0.451692670583725,0.7307462096214294,-0.04370427131652832,0.5100870728492737,0.6828904747962952,-0.0627821609377861,0.5448342561721802,0.6557546257972717,-0.07282570749521255,0.5719709992408752,0.6360898017883301,-0.07837215811014175,0.47207915782928467,0.7693501710891724,-0.04028327763080597,0.5307988524436951,0.7145264744758606,-0.055556681007146835,0.5669387578964233,0.68348228931427,-0.06274837255477905,0.5954782962799072,0.661907434463501,-0.06756739318370819,0.48298880457878113,0.8081575036048889,-0.03718467801809311,0.5359864234924316,0.7595126628875732,-0.04998839646577835,0.56838458776474,0.7305352091789246,-0.05762959271669388,0.5913779735565186,0.7093368768692017,-0.061960864812135696,0.48850616812705994,0.8463984727859497,-0.03516096621751785,0.533446192741394,0.8212467432022095,-0.04569565877318382,0.5600066184997559,0.8054141402244568,-0.05157923698425293,0.5812199711799622,0.7920394539833069,-0.05439222231507301
PLEASE,0.3814079463481903,0.8551653027534485,1.0341445033645869e-07,0.37012001872062683,0.7804282903671265,-0.019512774422764778,0.38516560196876526,0.7266620993614197,-0.03372984752058983,0.418183296918869,0.6950997710227966,-0.04395259544253349,0.4413732588291168,0.6646787524223328,-0.0543706938624382,0.4516609013080597,0.730034589767456,-0.04662558436393738,0.510087251663208,0.6816374063491821,-0.06559719145298004,0.5456436276435852,0.6553834676742554,-0.07443646341562271,0.5736112594604492,0.636114239692688,-0.0790349468588829,0.471219003200531,0.7699877619743347,-0.04331915080547333,0.5298746228218079,0.7132703065872192,-0.060042090713977814,0.5663135051727295,0.6823945045471191,-0.0670691505074501,0.5955074429512024,0.6615402698516846,-0.0714862123131752,0.4815961718559265,0.8088588118553162,-0.04009445011615753,0.535170316696167,0.7588979601860046,-0.05510743707418442,0.5681789517402649,0.730431318283081,-0.06310634315013885,0.5917266011238098,0.7098914384841919,-0.0671057179570198,0.48738187551498413,0.8467244505882263,-0.03766239434480667,0.533602774143219,0.821290135383606,-0.05001416429877281,0.5607712268829346,0.8055810332298279,-0.05655998736619949,0.582074761390686,0.7919304966926575,-0.059540387243032455
PLEASE,0.3818562626838684,0.8552263975143433,1.118487560347603e-07,0.37101155519485474,0.7796317338943481,-0.02036636881530285,0.3867378234863281,0.7265785932540894,-0.03466212376952171,0.42038166522979736,0.6952751278877258,-0.04473530873656273,0.44411903619766235,0.6643104553222656,-0.05495843663811684,0.45274290442466736,0.730682373046875,-0.047070860862731934,0.5109005570411682,0.6806219220161438,-0.06581606715917587,0.5457791090011597,0.6543582677841187,-0.07445918023586273,0.5732691884040833,0.6360123753547668,-0.07893996685743332,0.4718843698501587,0.7703773975372314,-0.04303327947854996,0.5303026437759399,0.7126026153564453,-0.0601315014064312,0.5663997530937195,0.6811915040016174,-0.067263662815094,0.5954580903053284,0.6605924367904663,-0.07168415188789368,0.48157668113708496,0.8087992072105408,-0.03910588100552559,0.5354848504066467,0.7592804431915283,-0.054988566786050797,0.5683602690696716,0.7303829193115234,-0.06353878229856491,0.5919491648674011,0.710059642791748,-0.06767317652702332,0.4869369864463806,0.8468045592308044,-0.03589033707976341,0.5327438116073608,0.822641909122467,-0.04910077899694443,0.5608533024787903,0.8061860203742981,-0.056471262127161026,0.5827969908714294,0.7917274236679077,-0.05996460095047951
PLEASE,0.38108405470848083,0.8569715023040771,9.566325331888947e-08,0.36991503834724426,0.7804898619651794,-0.01837150566279888,0.3871394097805023,0.7271649241447449,-0.03130267187952995,0.4223799407482147,0.6969112753868103,-0.04014668986201286,0.4459652006626129,0.6661644577980042,-0.04929596185684204,0.45378193259239197,0.7292395234107971,-0.04448516666889191,0.5114717483520508,0.6806679964065552,-0.062225546687841415,0.5462101697921753,0.654462993144989,-0.07077032327651978,0.5736300349235535,0.6360074281692505,-0.07524175196886063,0.47290369868278503,0.7682677507400513,-0.040728747844696045,0.530890166759491,0.7110109329223633,-0.0556732639670372,0.5667851567268372,0.6798463463783264,-0.06180856004357338,0.5952167510986328,0.6596071124076843,-0.06581775844097137,0.4823422133922577,0.8069264888763428,-0.0369599349796772,0.5366696119308472,0.7565208673477173,-0.05090131238102913,0.5695148706436157,0.7275843024253845,-0.05852365121245384,0.5925256013870239,0.7073253393173218,-0.06232861801981926,0.4870835840702057,0.8456817865371704,-0.03380895033478737,0.5334625840187073,0.8206689953804016,-0.04535823315382004,0.5609440207481384,0.8044962882995605,-0.0517243929207325,0.5823090076446533,0.79066002368927,-0.054700035601854324
PLEASE,0.38070040941238403,0.858144998550415,7.330877593858531e-08,0.3692927658557892,0.7810447216033936,-0.017874768003821373,0.3868894577026367,0.7265016436576843,-0.030235176905989647,0.4224547743797302,0.695827305316925,-0.03883115202188492,0.4472348690032959,0.6667582988739014,-0.047530531883239746,0.4522639214992523,0.7300395369529724,-0.04162297770380974,0.5109481811523438,0.6812368631362915,-0.059155382215976715,0.5454948544502258,0.6543421149253845,-0.06778288632631302,0.5727427005767822,0.6352375149726868,-0.07231846451759338,0.4715467691421509,0.7681401968002319,-0.03831535205245018,0.5296584367752075,0.7124557495117188,-0.052734047174453735,0.5655110478401184,0.6812634468078613,-0.05919045954942703,0.5934969186782837,0.6608935594558716,-0.0635172575712204,0.4812604784965515,0.8059871196746826,-0.03523430600762367,0.5341711640357971,0.7569083571434021,-0.048427026718854904,0.5667389631271362,0.7267339825630188,-0.05672822147607803,0.5896102786064148,0.7053208351135254,-0.0613083615899086,0.486296147108078,0.8439526557922363,-0.032877106219530106,0.5320879220962524,0.8195038437843323,-0.04376506432890892,0.5593299865722656,0.803774893283844,-0.050487957894802094,0.5809680223464966,0.7910109758377075,-0.05397018790245056
PLEASE,0.38053321838378906,0.857008695602417,7.579136962476696e-08,0.3705975413322449,0.7803217172622681,-0.01671786978840828,0.3888774812221527,0.726273238658905,-0.028595570474863052,0.4239504039287567,0.6964443922042847,-0.03718478977680206,0.44678741693496704,0.6656433343887329,-0.04616440832614899,0.4545504152774811,0.729119062423706,-0.04056220129132271,0.5109350085258484,0.6793345212936401,-0.05828633904457092,0.5451630353927612,0.6533221006393433,-0.06745073944330215,0.572557270526886,0.6349930763244629,-0.07243534922599792,0.4731292128562927,0.7675811052322388,-0.03837846592068672,0.5297458171844482,0.7101308703422546,-0.053353868424892426,0.5659024119377136,0.6793090105056763,-0.0606088750064373,0.5947644114494324,0.6592466831207275,-0.06546992063522339,0.48248913884162903,0.8061439990997314,-0.03631577268242836,0.5349482297897339,0.7550011873245239,-0.05025364086031914,0.5676432847976685,0.7256624102592468,-0.058769047260284424,0.5906753540039062,0.7050734758377075,-0.06328905373811722,0.4876501262187958,0.8448851704597473,-0.03490874171257019,0.5336306691169739,0.8185653686523438,-0.046661414206027985,0.5609846711158752,0.8021420240402222,-0.05341664329171181,0.5824142694473267,0.7887571454048157,-0.05670211836695671
PLEASE,0.38092541694641113,0.8567237257957458,6.575259448027282e-08,0.36967718601226807,0.7805761694908142,-0.01652033068239689,0.387588769197464,0.7269860506057739,-0.028252921998500824,0.4231833219528198,0.6970005631446838,-0.03642323613166809,0.44664913415908813,0.6664848923683167,-0.044887568801641464,0.45248520374298096,0.7299591898918152,-0.040993258357048035,0.5101392865180969,0.6801241040229797,-0.05823557823896408,0.5447627305984497,0.6535112261772156,-0.06658346951007843,0.5719364881515503,0.6346933841705322,-0.07097937166690826,0.47139304876327515,0.768958330154419,-0.03846330568194389,0.5295528173446655,0.7100479602813721,-0.053146712481975555,0.565279483795166,0.6786991953849792,-0.059484466910362244,0.5938885807991028,0.6584508419036865,-0.06356124579906464,0.48099589347839355,0.8071979284286499,-0.03593692556023598,0.5358221530914307,0.755036473274231,-0.049793753772974014,0.5686751008033752,0.7257853150367737,-0.0573619045317173,0.5921112895011902,0.7057112455368042,-0.0610845610499382,0.48620927333831787,0.8452336192131042,-0.03396313637495041,0.5324667692184448,0.8179836869239807,-0.04544185474514961,0.5600852966308594,0.8013697266578674,-0.051652681082487106,0.5820018649101257,0.787959635257721,-0.054485972970724106
PLEASE,0.38192883133888245,0.8561646938323975,7.048900130257607e-08,0.3699018955230713,0.7795388698577881,-0.018235323950648308,0.3869307041168213,0.7250913977622986,-0.029985947534441948,0.42282634973526,0.6951701641082764,-0.03782788664102554,0.44721513986587524,0.6659733653068542,-0.04570579156279564,0.45292454957962036,0.7277357578277588,-0.04128864407539368,0.5100958347320557,0.6796371936798096,-0.05766885727643967,0.5443100333213806,0.652989387512207,-0.06529776006937027,0.5713822841644287,0.6336245536804199,-0.06942681223154068,0.4727664589881897,0.7658295631408691,-0.03759372979402542,0.5293406248092651,0.708774209022522,-0.05189472436904907,0.5650384426116943,0.6772394180297852,-0.058390747755765915,0.5935333967208862,0.656985878944397,-0.06283160299062729,0.4828084707260132,0.8037775158882141,-0.034042343497276306,0.5349987745285034,0.7537437081336975,-0.04768228530883789,0.567324161529541,0.7244480848312378,-0.05600108206272125,0.5902331471443176,0.7040921449661255,-0.060476239770650864,0.48819881677627563,0.8421414494514465,-0.03120538219809532,0.5334922075271606,0.816753625869751,-0.04290702939033508,0.56020587682724,0.8007807731628418,-0.049922991544008255,0.5811086893081665,0.7873212695121765,-0.053499504923820496
PLEASE,0.3811551630496979,0.8526557087898254,8.44773495600748e-08,0.37026670575141907,0.7760925889015198,-0.018427953124046326,0.38807791471481323,0.7230778336524963,-0.031135672703385353,0.42355525493621826,0.69450443983078,-0.039871253073215485,0.4471147656440735,0.6641141772270203,-0.04876646399497986,0.4532840847969055,0.7261271476745605,-0.04403641074895859,0.5104963779449463,0.6766176819801331,-0.06192326918244362,0.5449628829956055,0.6505647301673889,-0.0704619288444519,0.5721699595451355,0.632366418838501,-0.07491558790206909,0.4722798466682434,0.7647217512130737,-0.04055293649435043,0.5295277833938599,0.7067541480064392,-0.05566836893558502,0.565335214138031,0.6760509014129639,-0.06198306009173393,0.5940016508102417,0.6564732789993286,-0.06619536876678467,0.48214665055274963,0.802548348903656,-0.037160202860832214,0.5346895456314087,0.7518114447593689,-0.051460277289152145,0.5670868754386902,0.722983717918396,-0.059370771050453186,0.5898553133010864,0.7030790448188782,-0.06342163681983948,0.487512469291687,0.8407453298568726,-0.0344732329249382,0.5328616499900818,0.8148483633995056,-0.04647339880466461,0.5599429607391357,0.7985332608222961,-0.05311892181634903,0.5810365676879883,0.7850122451782227,-0.056316837668418884
PLEASE,0.3832113742828369,0.8504616022109985,8.726137679104795e-08,0.3714067041873932,0.7735493779182434,-0.019089365378022194,0.38897252082824707,0.7208975553512573,-0.03214741870760918,0.4237483739852905,0.6928797364234924,-0.04157033562660217,0.446255624294281,0.6620453596115112,-0.05144890397787094,0.45503997802734375,0.7233947515487671,-0.042549531906843185,0.5100963115692139,0.6747561097145081,-0.06118439510464668,0.5441187620162964,0.6491456627845764,-0.07153243571519852,0.5716708302497864,0.631261944770813,-0.07755084335803986,0.4738864302635193,0.761999785900116,-0.039654627442359924,0.5291115641593933,0.7053115367889404,-0.054548945277929306,0.5644351243972778,0.6749042272567749,-0.06222929432988167,0.5929067730903625,0.6553249359130859,-0.06783550977706909,0.483340859413147,0.800545334815979,-0.03715995326638222,0.5346208810806274,0.7507810592651367,-0.05099162459373474,0.5667203068733215,0.7223415374755859,-0.05954141914844513,0.5896168351173401,0.7027552127838135,-0.06450722366571426,0.4883735775947571,0.8393765091896057,-0.035652000457048416,0.5329029560089111,0.8146151900291443,-0.047656748443841934,0.559399425983429,0.7989302277565002,-0.05472789704799652,0.5803248882293701,0.7857379913330078,-0.05847228318452835
PLEASE,0.38194549083709717,0.853773832321167,8.437100973424094e-08,0.36999082565307617,0.776972770690918,-0.01820077933371067,0.38737937808036804,0.7234522104263306,-0.03040754422545433,0.4221037030220032,0.6942957639694214,-0.03870997950434685,0.4449479579925537,0.66310715675354,-0.04718140512704849,0.4547913670539856,0.7261438369750977,-0.0421908013522625,0.5105752944946289,0.6779813766479492,-0.05946868285536766,0.54433673620224,0.6520169973373413,-0.06803800910711288,0.5710811614990234,0.6332829594612122,-0.07281529158353806,0.4734346866607666,0.7641708254814148,-0.03906527906656265,0.5296216011047363,0.7070085406303406,-0.053948163986206055,0.5647843480110168,0.6760522127151489,-0.06068630516529083,0.5932884812355042,0.6556377410888672,-0.06534924358129501,0.48265960812568665,0.8021214604377747,-0.03616916015744209,0.5353447198867798,0.7518470883369446,-0.05068720504641533,0.5675484538078308,0.7228688597679138,-0.05928836390376091,0.5906126499176025,0.7020780444145203,-0.06392825394868851,0.4872787594795227,0.840744137763977,-0.03394916653633118,0.5324041247367859,0.8166698217391968,-0.0469319112598896,0.5599537491798401,0.7996234893798828,-0.054788265377283096,0.5817084312438965,0.7839843034744263,-0.05888955295085907
PLEASE,0.38077032566070557,0.8519886136054993,8.207068447063648e-08,0.3695639967918396,0.7768861055374146,-0.018862873315811157,0.3875994086265564,0.7243712544441223,-0.03151298314332962,0.4230394959449768,0.6938426494598389,-0.04023651406168938,0.4483121633529663,0.6655046939849854,-0.04897727444767952,0.4527348279953003,0.7263417840003967,-0.04094095900654793,0.5093669891357422,0.6795657873153687,-0.05885859206318855,0.5434008836746216,0.6531884074211121,-0.06839597970247269,0.5706377029418945,0.6341116428375244,-0.0736185684800148,0.47195467352867126,0.7647234797477722,-0.03730185329914093,0.5284237265586853,0.7096892595291138,-0.05174361169338226,0.5644309520721436,0.6782538890838623,-0.058641787618398666,0.5936099290847778,0.6565558910369873,-0.06320536136627197,0.4822823405265808,0.8028846383094788,-0.03401784971356392,0.5337724685668945,0.7534977793693542,-0.04688915237784386,0.5660356879234314,0.7239114046096802,-0.05437469109892845,0.5888293981552124,0.7024756073951721,-0.0582486167550087,0.4878159463405609,0.8402973413467407,-0.03171629458665848,0.5323519706726074,0.8146679401397705,-0.042329031974077225,0.5588218569755554,0.7989078164100647,-0.048172254115343094,0.5793926119804382,0.7861480712890625,-0.050748832523822784
PLEASE,0.38028526306152344,0.8539788722991943,6.942954655642097e-08,0.3685722351074219,0.7770359516143799,-0.018574701622128487,0.3862472176551819,0.7228633165359497,-0.030988354235887527,0.4216633439064026,0.6929768919944763,-0.03956768289208412,0.44627776741981506,0.6639226078987122,-0.048337507992982864,0.4528149664402008,0.7256132364273071,-0.04130500182509422,0.5101307034492493,0.6768638491630554,-0.05918225273489952,0.5444469451904297,0.6509275436401367,-0.06866444647312164,0.5715976357460022,0.6327635049819946,-0.07402532547712326,0.47219157218933105,0.7639929056167603,-0.03796868026256561,0.5293681025505066,0.7067078351974487,-0.05245499312877655,0.564588189125061,0.6753891706466675,-0.059471189975738525,0.5928027629852295,0.654899537563324,-0.06433963775634766,0.48219460248947144,0.8023481369018555,-0.03499516844749451,0.5351842641830444,0.7516759634017944,-0.048159077763557434,0.5673829913139343,0.7220706939697266,-0.0560966357588768,0.5904197692871094,0.7014303207397461,-0.060567792505025864,0.48710933327674866,0.8412642478942871,-0.03292819857597351,0.5316675901412964,0.8158209323883057,-0.044333405792713165,0.5585164427757263,0.7994794249534607,-0.051061324775218964,0.5796781778335571,0.7856966853141785,-0.05445925518870354
PLEASE,0.38184991478919983,0.8535181283950806,7.936169765798695e-08,0.3698584735393524,0.7770633101463318,-0.0187897477298975,0.38737714290618896,0.7231816649436951,-0.031401097774505615,0.4224918782711029,0.6932840943336487,-0.04043540731072426,0.44651877880096436,0.664334774017334,-0.04979464411735535,0.45388978719711304,0.7265229821205139,-0.041165512055158615,0.5097735524177551,0.6774094104766846,-0.05938967317342758,0.5440553426742554,0.6511337757110596,-0.06925316900014877,0.5714408159255981,0.6329823732376099,-0.07487597316503525,0.473222553730011,0.7645943760871887,-0.0380401574075222,0.5293400287628174,0.7077475786209106,-0.052915871143341064,0.5651558637619019,0.6766504645347595,-0.060416433960199356,0.5939263701438904,0.6564590930938721,-0.06563885509967804,0.48294052481651306,0.8024724721908569,-0.03532101586461067,0.5346595644950867,0.7530620694160461,-0.048890046775341034,0.5666885375976562,0.7242861986160278,-0.05705922096967697,0.5895768404006958,0.7043070793151855,-0.0616123303771019,0.4876802861690521,0.8403427600860596,-0.03358144313097,0.5317569971084595,0.814888596534729,-0.04525235667824745,0.5584063529968262,0.7987657785415649,-0.05208505317568779,0.5796889066696167,0.7857104539871216,-0.055532295256853104
PLEASE,0.38248541951179504,0.8527794480323792,8.982587473838066e-08,0.3703618347644806,0.7768814563751221,-0.018828175961971283,0.387731671333313,0.7239487171173096,-0.03156711161136627,0.422952800989151,0.6954851150512695,-0.04052391275763512,0.4463895559310913,0.665107250213623,-0.04969721660017967,0.45434656739234924,0.7267333269119263,-0.04231075942516327,0.5100783705711365,0.6780613660812378,-0.06042348966002464,0.5442394614219666,0.6523005962371826,-0.06978192180395126,0.5714695453643799,0.6341710686683655,-0.07488971948623657,0.4729738235473633,0.7647769451141357,-0.03914505988359451,0.5288479328155518,0.7083441019058228,-0.054743774235248566,0.5649197697639465,0.67756187915802,-0.06221122294664383,0.5939338803291321,0.6573814153671265,-0.06715193390846252,0.48238450288772583,0.8027492761611938,-0.03626128286123276,0.5340284109115601,0.7531528472900391,-0.050615474581718445,0.5668193101882935,0.7244076728820801,-0.05906075984239578,0.590499997138977,0.7042590379714966,-0.06347289681434631,0.48748084902763367,0.8407877683639526,-0.03423710912466049,0.5328237414360046,0.8154325485229492,-0.046086110174655914,0.5598138570785522,0.7994315028190613,-0.052888017147779465,0.5812081098556519,0.7860450148582458,-0.05622098222374916
PLEASE,0.3831649422645569,0.8530049920082092,8.98676972838075e-08,0.37087371945381165,0.7766069769859314,-0.01807343028485775,0.3879413604736328,0.7235060930252075,-0.030355729162693024,0.4227387309074402,0.6953991055488586,-0.038844864815473557,0.4460236430168152,0.664699137210846,-0.04763909801840782,0.45407742261886597,0.7260276675224304,-0.042633794248104095,0.5101255178451538,0.6777751445770264,-0.06050990894436836,0.5442081689834595,0.6523451805114746,-0.06950686872005463,0.5714027881622314,0.6339913606643677,-0.0745193138718605,0.47293034195899963,0.7645613551139832,-0.03976008668541908,0.529128909111023,0.7078053951263428,-0.05545060336589813,0.5646280646324158,0.6769533157348633,-0.06284428387880325,0.5935353636741638,0.6564214825630188,-0.06785164773464203,0.48245441913604736,0.8027853965759277,-0.03705507889389992,0.5344326496124268,0.7529301047325134,-0.051940806210041046,0.5667515993118286,0.7236413955688477,-0.06081535667181015,0.5901861786842346,0.7027820348739624,-0.06563340872526169,0.48746705055236816,0.8411731719970703,-0.03502901643514633,0.53221595287323,0.8166130185127258,-0.04817798733711243,0.5594320893287659,0.7999436259269714,-0.05609384924173355,0.5811997056007385,0.7852551341056824,-0.060231905430555344
PLEASE,0.381575345993042,0.8524701595306396,8.095754111536735e-08,0.3696735203266144,0.7762778997421265,-0.01842835731804371,0.3881953954696655,0.7236422300338745,-0.030418965965509415,0.4241395592689514,0.6947759389877319,-0.03865165263414383,0.4483742415904999,0.6649627685546875,-0.04714338108897209,0.45349663496017456,0.7267711162567139,-0.04057833179831505,0.5102343559265137,0.6776958703994751,-0.05800062417984009,0.544453501701355,0.6509936451911926,-0.06709747016429901,0.57184237241745,0.6321787238121033,-0.0722653940320015,0.47233840823173523,0.7658746838569641,-0.0373217947781086,0.529190182685852,0.708467423915863,-0.05236605554819107,0.5646072030067444,0.6769366264343262,-0.059981394559144974,0.5936185121536255,0.6562104225158691,-0.06516407430171967,0.48178038001060486,0.804035484790802,-0.034340403974056244,0.5344835519790649,0.7543556690216064,-0.04831308871507645,0.5666756629943848,0.7245904207229614,-0.0567190907895565,0.590029239654541,0.7034689784049988,-0.06123194843530655,0.48668617010116577,0.8422452211380005,-0.03215882554650307,0.5313433408737183,0.8173456788063049,-0.0438658781349659,0.558544933795929,0.800346851348877,-0.050752729177474976,0.5802658796310425,0.7856746912002563,-0.05424947291612625
PLEASE,0.38389134407043457,0.851683497428894,9.276224943732814e-08,0.3717805743217468,0.7759115099906921,-0.017436159774661064,0.3886212706565857,0.7240904569625854,-0.02940492145717144,0.42358919978141785,0.6962283849716187,-0.03759721666574478,0.4469955563545227,0.6662020683288574,-0.04617094248533249,0.45213961601257324,0.7267938852310181,-0.04293619841337204,0.5084478855133057,0.6776568293571472,-0.06021978333592415,0.5423343777656555,0.651161253452301,-0.06817369163036346,0.5690794587135315,0.6325075626373291,-0.07248223572969437,0.47130829095840454,0.76490318775177,-0.04026852920651436,0.5288712978363037,0.7073890566825867,-0.0563761405646801,0.5644131898880005,0.6756556034088135,-0.06347755342721939,0.5933557748794556,0.6547864675521851,-0.0680551528930664,0.48133787512779236,0.802625298500061,-0.037577707320451736,0.5348898768424988,0.7531264424324036,-0.05287517234683037,0.566983163356781,0.7243344783782959,-0.06147510185837746,0.590217113494873,0.7040399312973022,-0.06587381660938263,0.48679912090301514,0.8408914804458618,-0.03538040071725845,0.5315849184989929,0.8168960809707642,-0.048746682703495026,0.558862566947937,0.8001163005828857,-0.05657969415187836,0.5804386138916016,0.7852922677993774,-0.06054903194308281
PLEASE,0.3813237249851227,0.8536310791969299,8.987052524389583e-08,0.3689156770706177,0.7769424319267273,-0.017552969977259636,0.3867146372795105,0.7237812280654907,-0.02934948541224003,0.42308852076530457,0.694840133190155,-0.03735731914639473,0.446597158908844,0.6636946201324463,-0.04560144245624542,0.45208096504211426,0.7277353405952454,-0.03980698809027672,0.5095374584197998,0.6797547340393066,-0.05636874958872795,0.5440372228622437,0.6532126069068909,-0.06470926851034164,0.5713469386100769,0.6334701776504517,-0.06928982585668564,0.47122976183891296,0.7659583687782288,-0.03669015318155289,0.5285435914993286,0.7095251083374023,-0.051019053906202316,0.5641695857048035,0.6784083843231201,-0.05765068903565407,0.5929923057556152,0.6575108170509338,-0.06195184215903282,0.4812707006931305,0.8036795258522034,-0.03373539075255394,0.5341877937316895,0.7531185746192932,-0.046798888593912125,0.5669783353805542,0.7237194776535034,-0.054107073694467545,0.5903406739234924,0.702723503112793,-0.057844098657369614,0.4868122339248657,0.8416391015052795,-0.03154667094349861,0.5320629477500916,0.8153514862060547,-0.04211857542395592,0.5586361885070801,0.7989541888237,-0.047784723341464996,0.5793991684913635,0.7850695848464966,-0.05036246404051781
PLEASE,0.38273105025291443,0.853715181350708,9.357332686477093e-08,0.37051790952682495,0.7778381705284119,-0.01861492358148098,0.3874283730983734,0.7241912484169006,-0.031031671911478043,0.42256075143814087,0.6937130689620972,-0.03956611081957817,0.446319043636322,0.6629813313484192,-0.04817225784063339,0.45509445667266846,0.7270082235336304,-0.040240656584501266,0.5111886262893677,0.6781464219093323,-0.05635465309023857,0.544333815574646,0.6522088646888733,-0.06446553766727448,0.5709471702575684,0.6333553194999695,-0.06904008239507675,0.47381529211997986,0.7648534774780273,-0.03661227598786354,0.5300730466842651,0.7078689336776733,-0.05032142996788025,0.5646974444389343,0.6763231158256531,-0.05683644115924835,0.5926802754402161,0.6555415391921997,-0.06143762171268463,0.48270532488822937,0.8020663261413574,-0.03325531631708145,0.53523188829422,0.7529394030570984,-0.04646769165992737,0.5671101808547974,0.7233834266662598,-0.054218191653490067,0.589728593826294,0.7027081847190857,-0.058464109897613525,0.4871368706226349,0.8398087024688721,-0.030714204534888268,0.5320223569869995,0.8161048293113708,-0.04186105728149414,0.5589585304260254,0.8000812530517578,-0.04826150834560394,0.5801166296005249,0.7864213585853577,-0.05153684318065643
PLEASE,0.38283267617225647,0.8530140519142151,1.0912312120581191e-07,0.37021657824516296,0.7778164148330688,-0.018618321046233177,0.38653865456581116,0.7244735360145569,-0.031025202944874763,0.4211686849594116,0.6961016058921814,-0.03949546441435814,0.446307510137558,0.6672561168670654,-0.04813877120614052,0.4506107568740845,0.728449285030365,-0.042961109429597855,0.5079180598258972,0.6789731979370117,-0.060446303337812424,0.5425049066543579,0.6521810293197632,-0.06881915777921677,0.5700441598892212,0.6328492760658264,-0.07333013415336609,0.4693511128425598,0.7667613625526428,-0.039988599717617035,0.5271139144897461,0.7096734642982483,-0.055967506021261215,0.5635184049606323,0.6774828433990479,-0.06358354538679123,0.5931658148765564,0.6558096408843994,-0.0685281828045845,0.47954288125038147,0.8043243288993835,-0.03715649992227554,0.5326367616653442,0.7548600435256958,-0.05218273028731346,0.565864622592926,0.7244656682014465,-0.061060719192028046,0.589702844619751,0.7026439905166626,-0.0656949058175087,0.4860772490501404,0.8419895172119141,-0.034989167004823685,0.531337559223175,0.8176745176315308,-0.04796256497502327,0.558778703212738,0.8009170889854431,-0.05551087111234665,0.5802255868911743,0.7858718633651733,-0.059286437928676605
PLEASE,0.3819568157196045,0.8513938784599304,9.892602292893571e-08,0.37034937739372253,0.7756799459457397,-0.018940504640340805,0.38786882162094116,0.7230756878852844,-0.03183690458536148,0.42294713854789734,0.6944733262062073,-0.040794339030981064,0.4469674825668335,0.6638025641441345,-0.05003206431865692,0.45371192693710327,0.7272406220436096,-0.043511491268873215,0.5102084279060364,0.6775110960006714,-0.06134513020515442,0.5441797971725464,0.6507832407951355,-0.07016344368457794,0.5711396336555481,0.6317766904830933,-0.0750042274594307,0.4722500443458557,0.7657627463340759,-0.0404093861579895,0.5291988253593445,0.7076778411865234,-0.056217923760414124,0.564629852771759,0.6763045191764832,-0.06342942267656326,0.5933212041854858,0.6561070084571838,-0.06812828779220581,0.4811877906322479,0.8033600449562073,-0.037508659064769745,0.5344560742378235,0.7526814341545105,-0.05216637998819351,0.567219614982605,0.7231159806251526,-0.060443904250860214,0.5910078883171082,0.7027749419212341,-0.06476850807666779,0.485541433095932,0.8410746455192566,-0.03539358824491501,0.5309695601463318,0.8163319230079651,-0.047973260283470154,0.5582540035247803,0.8000880479812622,-0.055043939501047134,0.5797220468521118,0.786369264125824,-0.05850708857178688
PLEASE,0.38370418548583984,0.8519909977912903,1.1481652961720101e-07,0.3709942698478699,0.7763151526451111,-0.021281549707055092,0.3874526619911194,0.7232665419578552,-0.03524205461144447,0.4224230945110321,0.6942033171653748,-0.04489053413271904,0.4469849467277527,0.6637238264083862,-0.05467431992292404,0.45296475291252136,0.7262657880783081,-0.04487452283501625,0.5091112852096558,0.6774242520332336,-0.06336652487516403,0.5432937741279602,0.6503391861915588,-0.07295415550470352,0.5705025792121887,0.6311953663825989,-0.07835334539413452,0.47225072979927063,0.7640881538391113,-0.040692511945962906,0.5281508564949036,0.7078096270561218,-0.05665450915694237,0.5640579462051392,0.6759616732597351,-0.06433513015508652,0.5931640863418579,0.6549567580223083,-0.06949523091316223,0.48227059841156006,0.8014982342720032,-0.03695781156420708,0.5335862040519714,0.753170907497406,-0.05123548582196236,0.5663192272186279,0.7239271402359009,-0.059502534568309784,0.5902808308601379,0.703273594379425,-0.06403864175081253,0.4875871539115906,0.8393515348434448,-0.03431324288249016,0.531589686870575,0.8150116801261902,-0.046294134110212326,0.5581707954406738,0.7987910509109497,-0.05300154909491539,0.5792955160140991,0.7847483158111572,-0.056338004767894745
PLEASE,0.3824751377105713,0.8546372652053833,1.0511595149864661e-07,0.3694804310798645,0.7778739333152771,-0.02057778276503086,0.3870276212692261,0.7240846753120422,-0.03363862633705139,0.4224533438682556,0.6944552063941956,-0.04254470393061638,0.4468812942504883,0.6642510294914246,-0.05159231647849083,0.4531535506248474,0.7266647219657898,-0.04265085980296135,0.5087549686431885,0.6780571341514587,-0.06083269789814949,0.5426705479621887,0.651121199131012,-0.07044728100299835,0.5698991417884827,0.6321003437042236,-0.07592198252677917,0.47188618779182434,0.7647152543067932,-0.03885011002421379,0.527483344078064,0.7085923552513123,-0.054830506443977356,0.5634346604347229,0.6770137548446655,-0.06281665712594986,0.5926588773727417,0.6558574438095093,-0.06811293959617615,0.4815559387207031,0.8023064732551575,-0.035604022443294525,0.5329866409301758,0.7533437013626099,-0.05030769854784012,0.5655028820037842,0.7246596813201904,-0.059061989188194275,0.5892338752746582,0.7042818069458008,-0.06366702169179916,0.4867834150791168,0.8400461673736572,-0.03340841829776764,0.5316475629806519,0.8154578804969788,-0.04620294272899628,0.5589485168457031,0.7990503907203674,-0.05378973111510277,0.5803398489952087,0.7849671244621277,-0.05757328122854233
PLEASE,0.381133496761322,0.8545883893966675,9.074915396922734e-08,0.36854153871536255,0.7784497141838074,-0.0196171123534441,0.38675573468208313,0.7237418293952942,-0.033042535185813904,0.42338353395462036,0.6939136385917664,-0.0424683652818203,0.44802895188331604,0.6631233096122742,-0.05222663655877113,0.45141729712486267,0.7267340421676636,-0.0442119836807251,0.5092250108718872,0.6772705316543579,-0.06261149048805237,0.5435627102851868,0.6504803895950317,-0.07207202911376953,0.5710679292678833,0.6314347982406616,-0.07734538614749908,0.47028565406799316,0.7654688358306885,-0.04096156358718872,0.5277262330055237,0.7085574269294739,-0.05638306215405464,0.5640358328819275,0.6771736145019531,-0.0641043409705162,0.5933061838150024,0.6565748453140259,-0.06942348182201385,0.4800150990486145,0.8038520216941833,-0.03797619417309761,0.5326576828956604,0.7534114122390747,-0.05193287879228592,0.5656128525733948,0.7239899635314941,-0.060761116445064545,0.5894545316696167,0.7036820650100708,-0.06580150872468948,0.4855221211910248,0.8422122001647949,-0.03588835895061493,0.5308511257171631,0.8155016899108887,-0.04793291538953781,0.5580241680145264,0.7995508313179016,-0.055171988904476166,0.5795709490776062,0.7869441509246826,-0.05894428491592407
PLEASE,0.38366132974624634,0.8498830795288086,1.0922195770035614e-07,0.3712913393974304,0.7756444811820984,-0.020331060513854027,0.38813894987106323,0.7224552631378174,-0.0339294970035553,0.42245644330978394,0.6939007639884949,-0.04371325299143791,0.44742551445961,0.6647944450378418,-0.05378631502389908,0.4539322853088379,0.7251786589622498,-0.04225911945104599,0.5091333985328674,0.6791717410087585,-0.06070983409881592,0.5431548357009888,0.6529662013053894,-0.07081884890794754,0.5706138610839844,0.6332889795303345,-0.0767064169049263,0.47256723046302795,0.7637011408805847,-0.03920527547597885,0.5276367664337158,0.7104582190513611,-0.05531520023941994,0.5636292695999146,0.6790181398391724,-0.06409257650375366,0.5933977365493774,0.6565396785736084,-0.06999731808900833,0.4820505380630493,0.8020339012145996,-0.036644648760557175,0.5328584313392639,0.7550132274627686,-0.05119285359978676,0.5656535029411316,0.7259963750839233,-0.060210999101400375,0.5898188352584839,0.7044137716293335,-0.06514395773410797,0.486995667219162,0.8401349782943726,-0.03513183817267418,0.5316674709320068,0.8154776096343994,-0.04763844236731529,0.5588738322257996,0.7990564703941345,-0.054839588701725006,0.5806257128715515,0.784695565700531,-0.05839354544878006
PLEASE,0.38293492794036865,0.8516445159912109,1.0070236555748124e-07,0.3703092932701111,0.7757694125175476,-0.018011584877967834,0.38732531666755676,0.7227076292037964,-0.030355382710695267,0.42203301191329956,0.6935871839523315,-0.038996439427137375,0.44589656591415405,0.6635197401046753,-0.04795356094837189,0.4538649022579193,0.7246468663215637,-0.041076723486185074,0.5101151466369629,0.6774674654006958,-0.058206431567668915,0.5444570779800415,0.6519606113433838,-0.06677532196044922,0.571447491645813,0.6331724524497986,-0.07148601859807968,0.4724648892879486,0.7631376385688782,-0.03837347775697708,0.5289247632026672,0.7079870104789734,-0.052971016615629196,0.5644753575325012,0.677246630191803,-0.05999448150396347,0.5928270220756531,0.6562092304229736,-0.06473587453365326,0.4817357361316681,0.801372766494751,-0.03594230115413666,0.5345399379730225,0.7524912357330322,-0.04970436543226242,0.5670548677444458,0.7235283851623535,-0.05803794041275978,0.5900320410728455,0.7028849124908447,-0.06253743916749954,0.48641782999038696,0.8395324945449829,-0.03426758944988251,0.5315018892288208,0.8144916296005249,-0.04617545008659363,0.5585665702819824,0.7986686825752258,-0.05322324112057686,0.5797374248504639,0.7851349115371704,-0.05674523860216141
PLEASE,0.3822327256202698,0.8543267250061035,1.0526414939704409e-07,0.3686680793762207,0.7774673700332642,-0.01984580233693123,0.38627877831459045,0.7243642807006836,-0.03223758935928345,0.42294931411743164,0.6953768730163574,-0.0401589497923851,0.44787558913230896,0.6653576493263245,-0.048098914325237274,0.45183056592941284,0.7267822027206421,-0.042939163744449615,0.5080917477607727,0.6800074577331543,-0.05964411422610283,0.5422698855400085,0.6532912254333496,-0.06798306852579117,0.5695079565048218,0.6335917115211487,-0.0726662278175354,0.4713175296783447,0.7647780776023865,-0.03840118274092674,0.5274055600166321,0.7096956968307495,-0.05337819084525108,0.5631449818611145,0.6771611571311951,-0.06045416742563248,0.5923019051551819,0.6546926498413086,-0.06512025743722916,0.4816950261592865,0.8019129037857056,-0.0340086929500103,0.5336161255836487,0.7543027997016907,-0.04771784320473671,0.5660567283630371,0.7246755957603455,-0.05589121952652931,0.5892327427864075,0.7029078006744385,-0.06010851263999939,0.4874465763568878,0.8389274477958679,-0.030477730557322502,0.5321599245071411,0.8155803084373474,-0.04213961586356163,0.5596318244934082,0.7987042665481567,-0.049224141985177994,0.581052303314209,0.7838134169578552,-0.05269195884466171
PLEASE,0.38280409574508667,0.8505250215530396,1.0891560719983318e-07,0.37000253796577454,0.776915967464447,-0.01982872001826763,0.38715851306915283,0.7244861125946045,-0.032898321747779846,0.4219707250595093,0.6950201392173767,-0.0419965535402298,0.4471750855445862,0.6649739146232605,-0.0511738546192646,0.4518420696258545,0.7267604470252991,-0.04246974736452103,0.5083221793174744,0.6793081164360046,-0.06060773879289627,0.5427557826042175,0.6524901986122131,-0.06999046355485916,0.5702245831489563,0.6329166889190674,-0.07521863281726837,0.47077006101608276,0.7646832466125488,-0.03910033032298088,0.5271289944648743,0.7095851898193359,-0.05504855886101723,0.5632022619247437,0.6776747107505798,-0.06292134523391724,0.5925154685974121,0.6555168032646179,-0.06799989193677902,0.48102161288261414,0.8023660182952881,-0.03611750900745392,0.5331084132194519,0.7546775937080383,-0.05043059214949608,0.5657755136489868,0.7252934575080872,-0.05861752852797508,0.5894196629524231,0.7036640048027039,-0.06275687366724014,0.486775666475296,0.8399890065193176,-0.034109458327293396,0.5319031476974487,0.8161741495132446,-0.045947637408971786,0.559023380279541,0.7997798323631287,-0.05245310440659523,0.5800747871398926,0.7850073575973511,-0.055419597774744034
PLEASE,0.38169723749160767,0.8517367839813232,1.016319330915394e-07,0.3698327839374542,0.7761185169219971,-0.019824352115392685,0.3866882920265198,0.7230690121650696,-0.033280469477176666,0.4217236638069153,0.6938731670379639,-0.04268352687358856,0.4472707509994507,0.6654167175292969,-0.05230560153722763,0.4523666203022003,0.7262888550758362,-0.04394315555691719,0.5089354515075684,0.6774595379829407,-0.06256385892629623,0.5432465076446533,0.6505074501037598,-0.07207368314266205,0.5704443454742432,0.6313216090202332,-0.07723472267389297,0.4712238013744354,0.764639139175415,-0.04034160077571869,0.5278747081756592,0.7076451778411865,-0.05656745284795761,0.5636320114135742,0.6763930320739746,-0.06413158774375916,0.5924535989761353,0.6556228995323181,-0.06895223259925842,0.48092859983444214,0.802531898021698,-0.03706221655011177,0.5333125591278076,0.753251850605011,-0.051746077835559845,0.5661407709121704,0.7245420217514038,-0.059877678751945496,0.5898319482803345,0.7041897177696228,-0.06395416706800461,0.4862365126609802,0.8405885696411133,-0.03467300534248352,0.5315058827400208,0.815428614616394,-0.04682837054133415,0.5588309168815613,0.7990161776542664,-0.053442515432834625,0.5803466439247131,0.7848889827728271,-0.05646494776010513
PLEASE,0.38327181339263916,0.848839282989502,1.1764822005488895e-07,0.37105199694633484,0.7736688256263733,-0.02034548670053482,0.38769689202308655,0.7216437458992004,-0.03415016829967499,0.4222397804260254,0.694345235824585,-0.04368370771408081,0.4475346505641937,0.6645691394805908,-0.05341457203030586,0.45270994305610657,0.7260458469390869,-0.04505883529782295,0.5083386898040771,0.6788532733917236,-0.06354361027479172,0.5427289009094238,0.6523833274841309,-0.07291156053543091,0.570343017578125,0.6328638792037964,-0.07813804596662521,0.4714009165763855,0.7649804949760437,-0.04165021330118179,0.5273034572601318,0.7104777693748474,-0.058504682034254074,0.5633388757705688,0.6789574027061462,-0.06689808517694473,0.5929612517356873,0.6571028232574463,-0.07232767343521118,0.4810858368873596,0.8029676079750061,-0.038436733186244965,0.5326080322265625,0.7556915283203125,-0.05376078560948372,0.5658325552940369,0.726197361946106,-0.06262321770191193,0.5899292230606079,0.7045749425888062,-0.06720134615898132,0.4861798882484436,0.8406807780265808,-0.036080338060855865,0.5317013263702393,0.8167414665222168,-0.04882587119936943,0.5589298009872437,0.8008421659469604,-0.055729325860738754,0.5800334215164185,0.7862976789474487,-0.05895766243338585
PLEASE,0.38333675265312195,0.8513510823249817,1.0404065875491142e-07,0.3706216812133789,0.7748608589172363,-0.01741148717701435,0.38739317655563354,0.7226529121398926,-0.029073147103190422,0.422260046005249,0.6959437727928162,-0.036984797567129135,0.4466388523578644,0.6670954823493958,-0.045225199311971664,0.4539850056171417,0.726578950881958,-0.04111175984144211,0.5095074772834778,0.6788052320480347,-0.057180121541023254,0.5432456731796265,0.6528147459030151,-0.0648941844701767,0.5701682567596436,0.634096622467041,-0.06917097419500351,0.47245317697525024,0.7646424174308777,-0.03829062357544899,0.5287852883338928,0.7089817523956299,-0.05314416438341141,0.5642843842506409,0.6771320104598999,-0.06032738462090492,0.5934202075004578,0.6557694673538208,-0.06511957943439484,0.481655478477478,0.802560031414032,-0.03546901419758797,0.5339151620864868,0.755236029624939,-0.04978534206748009,0.5667011737823486,0.7258982062339783,-0.058683592826128006,0.5905426144599915,0.7051247358322144,-0.06341438740491867,0.4866907596588135,0.840822696685791,-0.03318387642502785,0.5320538282394409,0.8181291818618774,-0.04545031115412712,0.5593828558921814,0.801845371723175,-0.05283242091536522,0.5809181928634644,0.7874789237976074,-0.05658330023288727
PLEASE,0.38271254301071167,0.850890040397644,1.0241299008839633e-07,0.3706133961677551,0.7739428877830505,-0.019255366176366806,0.3883647918701172,0.7219061851501465,-0.03172028437256813,0.4237373173236847,0.695152759552002,-0.0402531772851944,0.44737789034843445,0.6648092865943909,-0.049177877604961395,0.4540347456932068,0.7269455790519714,-0.04237620532512665,0.50943523645401,0.6794429421424866,-0.05953609198331833,0.5431662797927856,0.6534443497657776,-0.06838449090719223,0.5703318119049072,0.6343185901641846,-0.07357184588909149,0.4725232720375061,0.7654336094856262,-0.03904081508517265,0.5286406874656677,0.7091110348701477,-0.0549590140581131,0.5643036961555481,0.6772016882896423,-0.06313516944646835,0.5939570665359497,0.6552411317825317,-0.0686383917927742,0.48155227303504944,0.8036170601844788,-0.035864800214767456,0.5340267419815063,0.7551409006118774,-0.05064932629466057,0.5666475296020508,0.7260972261428833,-0.059588681906461716,0.5908140540122986,0.7052235007286072,-0.06446276605129242,0.48618802428245544,0.8419731259346008,-0.03347973898053169,0.5306673049926758,0.8189152479171753,-0.046529658138751984,0.5581119656562805,0.8021183013916016,-0.054305028170347214,0.580264151096344,0.7873663902282715,-0.05831167846918106
PLEASE,0.3825509548187256,0.8528602123260498,1.1798048404898509e-07,0.3700301945209503,0.7765196561813354,-0.020113062113523483,0.3871827721595764,0.724478542804718,-0.032617874443531036,0.4224066734313965,0.697367250919342,-0.04098689928650856,0.44698989391326904,0.6675955057144165,-0.04955459386110306,0.45237237215042114,0.7273725867271423,-0.04200530797243118,0.5077826380729675,0.6814939975738525,-0.05935857072472572,0.5421226024627686,0.6553739309310913,-0.06825608760118484,0.5697848200798035,0.6358720660209656,-0.07341019809246063,0.4713584780693054,0.7661191821098328,-0.03850088641047478,0.5269796252250671,0.711603045463562,-0.05474791303277016,0.5630882382392883,0.6793459057807922,-0.06339291483163834,0.5935596823692322,0.6568871140480042,-0.0690898671746254,0.4813142418861389,0.8041771650314331,-0.03534118831157684,0.532856822013855,0.7566950917243958,-0.05059849098324776,0.5658549070358276,0.7271401882171631,-0.060272879898548126,0.590618908405304,0.70551997423172,-0.06543777137994766,0.48705723881721497,0.8422407507896423,-0.03303898498415947,0.531672477722168,0.8191248178482056,-0.04639039933681488,0.5591467618942261,0.802503764629364,-0.054518699645996094,0.581145167350769,0.7875133156776428,-0.058652665466070175
PLEASE,0.3821008801460266,0.8525518178939819,1.0203007860809521e-07,0.37021222710609436,0.7763773202896118,-0.021021824330091476,0.38778796792030334,0.7234935164451599,-0.03438768908381462,0.42277923226356506,0.6949714422225952,-0.04360939562320709,0.44727253913879395,0.6648755669593811,-0.05291847512125969,0.45438963174819946,0.7270707488059998,-0.04240431636571884,0.5096983909606934,0.6797298192977905,-0.06020815670490265,0.543677806854248,0.6534351110458374,-0.06976528465747833,0.5708815455436707,0.6344928741455078,-0.07532118260860443,0.47326892614364624,0.7658578157424927,-0.03837183117866516,0.5283069610595703,0.7108280658721924,-0.05410180985927582,0.5639669895172119,0.6791152954101562,-0.0625075250864029,0.5932607054710388,0.6572616696357727,-0.06825383752584457,0.4830622971057892,0.8039435744285583,-0.034858863800764084,0.5338431000709534,0.7562776207923889,-0.049161504954099655,0.566260039806366,0.7273390293121338,-0.05811137706041336,0.5901833176612854,0.7059979438781738,-0.06308773905038834,0.48847702145576477,0.8419345617294312,-0.03244577348232269,0.5327394008636475,0.8188616037368774,-0.044633958488702774,0.5597294569015503,0.8023019433021545,-0.05191643908619881,0.5811771154403687,0.7870317697525024,-0.055657804012298584
PLEASE,0.3812370002269745,0.854610025882721,1.1637021657406876e-07,0.3692152500152588,0.7781068086624146,-0.01962086372077465,0.3857925534248352,0.7250815629959106,-0.032659582793712616,0.420809268951416,0.6967504620552063,-0.041546814143657684,0.4457376003265381,0.667405366897583,-0.05054761469364166,0.45087930560112,0.7293078899383545,-0.0443122573196888,0.5074481964111328,0.6812291145324707,-0.06238863617181778,0.5419825911521912,0.6543465256690979,-0.07115727663040161,0.5695542097091675,0.6348241567611694,-0.07597918808460236,0.46986234188079834,0.7683333158493042,-0.04085320979356766,0.5269923210144043,0.7112185955047607,-0.05793547257781029,0.5633454918861389,0.6790395379066467,-0.06587448716163635,0.5935810804367065,0.6572237014770508,-0.07082121074199677,0.4799852669239044,0.8065757751464844,-0.03755353391170502,0.5326298475265503,0.75725919008255,-0.05341097339987755,0.5658977031707764,0.7280988693237305,-0.062337812036275864,0.5902878046035767,0.7072991132736206,-0.06670402735471725,0.48596999049186707,0.844985842704773,-0.03499490022659302,0.5312942266464233,0.8210294246673584,-0.04853883013129234,0.558994472026825,0.8039136528968811,-0.056242670863866806,0.5806858539581299,0.7888549566268921,-0.059874504804611206
PLEASE,0.38150081038475037,0.8563106060028076,1.1770092100960028e-07,0.3681120276451111,0.779059112071991,-0.01970044896006584,0.38494110107421875,0.7253127098083496,-0.032458025962114334,0.42071905732154846,0.69716876745224,-0.04099033400416374,0.4456237256526947,0.6668395400047302,-0.04979235678911209,0.45025521516799927,0.7285963892936707,-0.04425908997654915,0.50682133436203,0.6813824772834778,-0.06185949593782425,0.5414279103279114,0.6550601124763489,-0.07034361362457275,0.5689825415611267,0.6359431743621826,-0.07515619695186615,0.46961134672164917,0.7678691148757935,-0.04056931287050247,0.5272209644317627,0.7113606929779053,-0.057581569999456406,0.5634903907775879,0.6796755790710449,-0.06554339826107025,0.5938453078269958,0.6581155061721802,-0.07054998725652695,0.47970253229141235,0.8068916201591492,-0.03696408495306969,0.5333393812179565,0.7573450803756714,-0.052822161465883255,0.5663691759109497,0.7283964157104492,-0.06169596686959267,0.5908676981925964,0.7076897621154785,-0.06608648598194122,0.4852715730667114,0.8464272022247314,-0.03405129164457321,0.5306646227836609,0.8216498494148254,-0.04769899696111679,0.5581435561180115,0.8044009804725647,-0.05547851696610451,0.580009937286377,0.7896375060081482,-0.059223100543022156
PLEASE,0.37919843196868896,0.8551979064941406,1.0595442745398032e-07,0.3677208721637726,0.7800488471984863,-0.021095525473356247,0.38533714413642883,0.7258253693580627,-0.03541988134384155,0.42062869668006897,0.6954980492591858,-0.04548996686935425,0.44737738370895386,0.6667284369468689,-0.0557127483189106,0.4499818682670593,0.7303696274757385,-0.044778741896152496,0.5067716836929321,0.6826075911521912,-0.06397601962089539,0.5410128235816956,0.6561800241470337,-0.07423364371061325,0.5685514807701111,0.6370689868927002,-0.08004824072122574,0.4693222641944885,0.7697660326957703,-0.04126448184251785,0.5263291001319885,0.7137362957000732,-0.05784830451011658,0.5625382661819458,0.6816636919975281,-0.06627395004034042,0.5922485589981079,0.6595808267593384,-0.07171281427145004,0.4792685806751251,0.8089056611061096,-0.038154054433107376,0.5318883657455444,0.7591627240180969,-0.05242270603775978,0.5650898218154907,0.7296419739723206,-0.060460831969976425,0.5897718071937561,0.7088271975517273,-0.0646805390715599,0.4839388430118561,0.8476778864860535,-0.03614533692598343,0.5293906331062317,0.8216379284858704,-0.04791438952088356,0.5568532943725586,0.8056989312171936,-0.05404672399163246,0.5789830684661865,0.7929671406745911,-0.05675871670246124
PLEASE,0.37950921058654785,0.8539350628852844,1.2873367438714922e-07,0.365877628326416,0.77785325050354,-0.02018369548022747,0.3824578821659088,0.7234238386154175,-0.033887796103954315,0.41742509603500366,0.6926027536392212,-0.04338385909795761,0.44318538904190063,0.66230309009552,-0.05278729647397995,0.4469470977783203,0.7269316911697388,-0.04326420649886131,0.504243791103363,0.6784176230430603,-0.061965182423591614,0.5388460755348206,0.6505058407783508,-0.07150760293006897,0.5660822987556458,0.6298675537109375,-0.0767826959490776,0.467502236366272,0.7658097743988037,-0.04017418250441551,0.5252538919448853,0.7121732234954834,-0.05635004863142967,0.5618453025817871,0.6814155578613281,-0.06417828053236008,0.591354250907898,0.6599279046058655,-0.06906593590974808,0.479089617729187,0.8040454983711243,-0.037591177970170975,0.5317472815513611,0.7569692730903625,-0.05177174508571625,0.5649008750915527,0.7280752658843994,-0.05994262546300888,0.5888813138008118,0.7073901295661926,-0.06423117220401764,0.48509424924850464,0.8418733477592468,-0.03602885454893112,0.5291810631752014,0.8167701363563538,-0.04782717674970627,0.556061863899231,0.800133228302002,-0.05425802618265152,0.5771111845970154,0.7859055995941162,-0.05718809366226196
PLEASE,0.3799690306186676,0.8514108657836914,9.926418442773866e-08,0.3673841059207916,0.7761216759681702,-0.019166313111782074,0.3858197331428528,0.7226390838623047,-0.032234471291303635,0.4211990237236023,0.6912248134613037,-0.041286155581474304,0.44710350036621094,0.6610220074653625,-0.050512973219156265,0.45015838742256165,0.7264743447303772,-0.04206354543566704,0.5063490271568298,0.6779923439025879,-0.06005292385816574,0.5403110980987549,0.6506105065345764,-0.06953680515289307,0.5670396685600281,0.6306298971176147,-0.07481959462165833,0.4697067439556122,0.7658806443214417,-0.03895936533808708,0.5264312624931335,0.7101214528083801,-0.05398857966065407,0.5621159672737122,0.6784720420837402,-0.061333827674388885,0.5910418033599854,0.6565049886703491,-0.06607481092214584,0.48002517223358154,0.8049254417419434,-0.03615599125623703,0.5327160954475403,0.755571722984314,-0.04899020865559578,0.5655910968780518,0.7262886762619019,-0.05595691129565239,0.5896893739700317,0.7052749395370483,-0.059577059000730515,0.4848111867904663,0.8431280255317688,-0.03436131030321121,0.529981791973114,0.8176072835922241,-0.044688984751701355,0.5567439198493958,0.8010338544845581,-0.049747712910175323,0.5776271224021912,0.7871271967887878,-0.05177824944257736
PLEASE,0.3797281086444855,0.8573021292686462,1.0187021359797654e-07,0.3675972521305084,0.7790083885192871,-0.016844630241394043,0.3856627345085144,0.7245118618011475,-0.02862083911895752,0.4217265844345093,0.6939998865127563,-0.036643341183662415,0.4469256103038788,0.6635430455207825,-0.04494914039969444,0.4510478675365448,0.7277796864509583,-0.03988441452383995,0.5078871846199036,0.6799853444099426,-0.05607843026518822,0.5420929193496704,0.6529762744903564,-0.06403382122516632,0.5693615674972534,0.6328432559967041,-0.0683591291308403,0.47066888213157654,0.7670861482620239,-0.03712917119264603,0.5277323722839355,0.7117770910263062,-0.051485829055309296,0.5636196136474609,0.6797792911529541,-0.05823127180337906,0.592894971370697,0.6573330760002136,-0.06251028925180435,0.4804393947124481,0.8060952425003052,-0.03433001786470413,0.5331403613090515,0.7570366859436035,-0.04710065945982933,0.5666119456291199,0.7275472283363342,-0.05455861985683441,0.5909265279769897,0.7065739631652832,-0.05837352201342583,0.4848686754703522,0.8444850444793701,-0.03216072916984558,0.5300339460372925,0.8183866739273071,-0.04229798540472984,0.5572009086608887,0.801405668258667,-0.04776984453201294,0.5784369707107544,0.7877662777900696,-0.05013876035809517
PLEASE,0.48415908217430115,0.8607920408248901,2.0486608320879895e-07,0.4978610575199127,0.7850437164306641,-0.007692154962569475,0.47626107931137085,0.7246251106262207,-0.012676749378442764,0.4393502175807953,0.6891962289810181,-0.014861089177429676,0.4111935496330261,0.6764829158782959,-0.018953390419483185,0.41709694266319275,0.7375078201293945,-0.032802190631628036,0.3604357838630676,0.6881186962127686,-0.04311711713671684,0.32586658000946045,0.6600849628448486,-0.04795171320438385,0.2980283498764038,0.640613317489624,-0.052123237401247025,0.3936769366264343,0.7760547995567322,-0.0350365936756134,0.3323820233345032,0.721088171005249,-0.046971000730991364,0.29409897327423096,0.6876959204673767,-0.05575520545244217,0.2655441164970398,0.6635894775390625,-0.06308428198099136,0.3834274709224701,0.8149675726890564,-0.03545702248811722,0.3297111690044403,0.7671374678611755,-0.04753750562667847,0.2935307025909424,0.7382806539535522,-0.05943290516734123,0.2662477493286133,0.7174426913261414,-0.06833061575889587,0.3837800621986389,0.8509160876274109,-0.0348520427942276,0.33766770362854004,0.8301895260810852,-0.04894855245947838,0.3082224428653717,0.8195281028747559,-0.05815623328089714,0.2840414345264435,0.8095033764839172,-0.06399500370025635
PLEASE,0.4849209785461426,0.8599359393119812,1.9591999489421141e-07,0.49743255972862244,0.7849645018577576,-0.00646581593900919,0.4750964939594269,0.7259376645088196,-0.011061559431254864,0.4375261068344116,0.6910502910614014,-0.0131134744733572,0.40900394320487976,0.6773492693901062,-0.016911683604121208,0.41617289185523987,0.735234260559082,-0.031192518770694733,0.35913828015327454,0.6833752989768982,-0.04063482582569122,0.3252922296524048,0.6548959612846375,-0.04465416818857193,0.29830479621887207,0.6347125768661499,-0.048103924840688705,0.39336100220680237,0.7728677988052368,-0.03327164798974991,0.3314644694328308,0.717299222946167,-0.04463072493672371,0.29296407103538513,0.6841885447502136,-0.05225507542490959,0.26486313343048096,0.6617467403411865,-0.058652039617300034,0.3830317258834839,0.8117329478263855,-0.03343481570482254,0.32804006338119507,0.7635363340377808,-0.044433966279029846,0.29136401414871216,0.7358229160308838,-0.0545695461332798,0.26415640115737915,0.7174814343452454,-0.062157195061445236,0.38296952843666077,0.8479272127151489,-0.032562144100666046,0.33599555492401123,0.8249121308326721,-0.045417580753564835,0.30602192878723145,0.8133929967880249,-0.05359988287091255,0.28167861700057983,0.8042148351669312,-0.05861106887459755
PLEASE,0.47063684463500977,0.8401541113853455,1.8664664480638749e-07,0.48701241612434387,0.7680895924568176,-0.006840115413069725,0.4718092679977417,0.706279456615448,-0.011770065873861313,0.43742960691452026,0.6664870977401733,-0.01474742591381073,0.40978336334228516,0.6444089412689209,-0.019266309216618538,0.41242361068725586,0.7057223320007324,-0.026920856907963753,0.36423540115356445,0.6479772329330444,-0.03770645335316658,0.3355637192726135,0.6168110370635986,-0.04337506741285324,0.3117624521255493,0.5933642983436584,-0.04767142981290817,0.38881316781044006,0.7384777069091797,-0.02986251376569271,0.3391798734664917,0.6758084297180176,-0.04342103376984596,0.3061421513557434,0.6371378898620605,-0.05296390503644943,0.28032442927360535,0.609794557094574,-0.060193926095962524,0.3756207227706909,0.7756308317184448,-0.031346846371889114,0.330696165561676,0.7209639549255371,-0.04382862523198128,0.30148524045944214,0.6857685446739197,-0.05317196995019913,0.27898624539375305,0.659970760345459,-0.05952901765704155,0.3702327609062195,0.8144246935844421,-0.03209984302520752,0.33117470145225525,0.7781813740730286,-0.04491659626364708,0.30683475732803345,0.757859468460083,-0.051499973982572556,0.2854383885860443,0.7412958145141602,-0.05509313568472862
PLEASE,0.472150593996048,0.842308759689331,1.8255417444379418e-07,0.48692554235458374,0.769946813583374,-0.0004719671851489693,0.47418683767318726,0.7082299590110779,-0.0028279966209083796,0.44191065430641174,0.6679381132125854,-0.004022461362183094,0.41280221939086914,0.6504233479499817,-0.007150680758059025,0.41361433267593384,0.703646719455719,-0.021165620535612106,0.3628525733947754,0.6483275890350342,-0.029977502301335335,0.332623690366745,0.6191099286079407,-0.03473343700170517,0.30750539898872375,0.5972505807876587,-0.038357023149728775,0.39010658860206604,0.7374935746192932,-0.026334870606660843,0.3370266258716583,0.6774423718452454,-0.03811577707529068,0.3026566505432129,0.640863299369812,-0.046764977276325226,0.27653563022613525,0.6144640445709229,-0.053432904183864594,0.3761802315711975,0.7752195596694946,-0.02951687015593052,0.33026018738746643,0.7200371026992798,-0.040252089500427246,0.29981690645217896,0.6858445405960083,-0.04892093315720558,0.2763320803642273,0.6607262492179871,-0.05497472360730171,0.3700343668460846,0.8142051100730896,-0.031381070613861084,0.332081139087677,0.7751412391662598,-0.04210154339671135,0.3083721995353699,0.7531336545944214,-0.0475616455078125,0.28742504119873047,0.7343990802764893,-0.05054669827222824
PLEASE,0.4689848721027374,0.8395987153053284,1.373660722947534e-07,0.4825303554534912,0.7648420333862305,-0.0031691475305706263,0.47004079818725586,0.7047196626663208,-0.007608886808156967,0.4369509518146515,0.6655114889144897,-0.010914716869592667,0.4076898992061615,0.6474539041519165,-0.0161267276853323,0.4115264415740967,0.7030816078186035,-0.022907370701432228,0.36045530438423157,0.6490364670753479,-0.034171417355537415,0.3301622271537781,0.6207874417304993,-0.041152339428663254,0.30519264936447144,0.5991320013999939,-0.04602724313735962,0.38773590326309204,0.7363736033439636,-0.027267085388302803,0.33389919996261597,0.6770433783531189,-0.040596842765808105,0.29910019040107727,0.6418938636779785,-0.050374262034893036,0.2724250555038452,0.6166637539863586,-0.05795401334762573,0.3727932274341583,0.7726045846939087,-0.02995552122592926,0.325840562582016,0.7185559868812561,-0.04140354320406914,0.2958793342113495,0.6857801675796509,-0.049379315227270126,0.27292943000793457,0.6617491245269775,-0.055002596229314804,0.36541539430618286,0.809583842754364,-0.03175417333841324,0.3264180123806,0.7699791789054871,-0.042444631457328796,0.30286869406700134,0.7487508654594421,-0.04693432152271271,0.28191938996315,0.7313682436943054,-0.04925717040896416
