label,x0,y0,z0,x1,y1,z1,x2,y2,z2,x3,y3,z3,x4,y4,z4,x5,y5,z5,x6,y6,z6,x7,y7,z7,x8,y8,z8,x9,y9,z9,x10,y10,z10,x11,y11,z11,x12,y12,z12,x13,y13,z13,x14,y14,z14,x15,y15,z15,x16,y16,z16,x17,y17,z17,x18,y18,z18,x19,y19,z19,x20,y20,z20
THANK_YOU,0.5336511731147766,0.6599065065383911,1.682563919302993e-07,0.5223026871681213,0.59627765417099,0.002181221731007099,0.4945107698440552,0.5468698143959045,-0.00020847140694968402,0.47239741683006287,0.5068182349205017,-0.0036883929278701544,0.4664866328239441,0.4708355665206909,-0.009880400262773037,0.43472200632095337,0.5545833110809326,-0.015428323298692703,0.38152167201042175,0.5198720693588257,-0.023781713098287582,0.3469855785369873,0.5004231929779053,-0.028863009065389633,0.32028722763061523,0.48333102464675903,-0.034161750227212906,0.4262906312942505,0.587763786315918,-0.025689544156193733,0.3559897243976593,0.5627730488777161,-0.03597893565893173,0.3130936026573181,0.5457009673118591,-0.04578527435660362,0.2824750244617462,0.5292251110076904,-0.05444968864321709,0.4279872477054596,0.6301000714302063,-0.03429734706878662,0.3614538609981537,0.6069498062133789,-0.047844111919403076,0.3201698064804077,0.5937687754631042,-0.05896803364157677,0.2909421920776367,0.5806740522384644,-0.06730230152606964,0.4390246868133545,0.6748157739639282,-0.0414271280169487,0.3899494409561157,0.6773704290390015,-0.058815691620111465,0.3581163287162781,0.6782200336456299,-0.06799358129501343,0.3313736021518707,0.6771161556243896,-0.07331322133541107
THANK_YOU,0.7037043571472168,0.7299755215644836,4.5575910689876764e-07,0.7458238005638123,0.7216081619262695,-0.0637848898768425,0.7679113149642944,0.6771898865699768,-0.10105440765619278,0.788224458694458,0.6304022669792175,-0.12912966310977936,0.8125763535499573,0.5895867943763733,-0.1567777842283249,0.6883662343025208,0.6362659335136414,-0.09598921984434128,0.6766563653945923,0.5758441090583801,-0.13177528977394104,0.6713731288909912,0.5371938347816467,-0.15386679768562317,0.662039577960968,0.49619925022125244,-0.16934563219547272,0.6447436809539795,0.6276529431343079,-0.08109701424837112,0.6172687411308289,0.5561860203742981,-0.1139545664191246,0.5958178639411926,0.5114490985870361,-0.1323150247335434,0.5725913643836975,0.4720824062824249,-0.14566989243030548,0.6114915609359741,0.628768801689148,-0.06915148347616196,0.5749441385269165,0.5591182708740234,-0.10004441440105438,0.5452824831008911,0.5135812759399414,-0.11801009625196457,0.5173438191413879,0.4765646159648895,-0.12941834330558777,0.5892540216445923,0.6383597254753113,-0.061466749757528305,0.5583871006965637,0.573984682559967,-0.0849376991391182,0.536475419998169,0.5387663245201111,-0.09684187918901443,0.5164077877998352,0.5153071880340576,-0.10530168563127518
THANK_YOU,0.7054152488708496,0.7174956202507019,3.802331889346533e-07,0.7426967620849609,0.7152793407440186,-0.06671766191720963,0.7658442854881287,0.6708700656890869,-0.10591122508049011,0.7923229336738586,0.6223182678222656,-0.13502924144268036,0.8216850161552429,0.5858450531959534,-0.16334722936153412,0.6862021684646606,0.626061737537384,-0.10094300657510757,0.6762368083000183,0.5670593976974487,-0.13898667693138123,0.6716533303260803,0.528856098651886,-0.1630472093820572,0.6616477370262146,0.48819705843925476,-0.17989659309387207,0.6445268988609314,0.6129208207130432,-0.08450870215892792,0.6223759651184082,0.5474489331245422,-0.1194828674197197,0.6013893485069275,0.5083955526351929,-0.13954728841781616,0.5776808261871338,0.4721872806549072,-0.15427525341510773,0.6131150126457214,0.6085500121116638,-0.07098778337240219,0.5870126485824585,0.5412399172782898,-0.10270732641220093,0.5612177848815918,0.4970378577709198,-0.12198632210493088,0.5350705981254578,0.4597945809364319,-0.1343301385641098,0.5918905735015869,0.6132577061653137,-0.06201495975255966,0.5625249743461609,0.5495248436927795,-0.08599871397018433,0.5388191938400269,0.5120713114738464,-0.09916539490222931,0.5174861550331116,0.4854009449481964,-0.10846655070781708
THANK_YOU,0.6659749150276184,0.7033411264419556,4.0535994116908114e-07,0.7054375410079956,0.7146449089050293,-0.06382855027914047,0.7348730564117432,0.678617000579834,-0.10244445502758026,0.7650272846221924,0.6316124200820923,-0.13063114881515503,0.7943965792655945,0.5972520112991333,-0.158310666680336,0.667616605758667,0.6301603317260742,-0.10498122125864029,0.6592746376991272,0.5752604007720947,-0.14216214418411255,0.6503484845161438,0.5365146994590759,-0.16426362097263336,0.6396542191505432,0.49739503860473633,-0.1794893890619278,0.6244031190872192,0.6061407923698425,-0.08900129050016403,0.5976372957229614,0.5456266403198242,-0.12460273504257202,0.573493480682373,0.5105296969413757,-0.1431591957807541,0.5496947169303894,0.4797062873840332,-0.15575408935546875,0.5940121412277222,0.5932962894439697,-0.07478970289230347,0.5609129071235657,0.5298182368278503,-0.10700927674770355,0.5318945646286011,0.48943087458610535,-0.12526242434978485,0.5047324895858765,0.45734328031539917,-0.1361418068408966,0.5752007961273193,0.5920100212097168,-0.06438204646110535,0.5510168075561523,0.5287313461303711,-0.08802681416273117,0.5272709131240845,0.4898513853549957,-0.10023348033428192,0.504887044429779,0.4635958671569824,-0.10832007229328156
THANK_YOU,0.6802079677581787,0.6982955932617188,1.925776871303242e-07,0.6227555274963379,0.6460739374160767,-0.00044507754500955343,0.5633463263511658,0.5927626490592957,-0.007265040650963783,0.532738208770752,0.5426633358001709,-0.016114192083477974,0.5186446905136108,0.4980207681655884,-0.02765137515962124,0.5493071675300598,0.5851776003837585,-0.02190440148115158,0.4944344162940979,0.5484017729759216,-0.048835959285497665,0.4491068124771118,0.5165953040122986,-0.07162347435951233,0.41281643509864807,0.48875731229782104,-0.08846212178468704,0.5596571564674377,0.5999065041542053,-0.03635741397738457,0.4967798590660095,0.5618839859962463,-0.05945703759789467,0.4480515718460083,0.5301856398582458,-0.07808007299900055,0.4063457250595093,0.5001127123832703,-0.09334299713373184,0.5744068622589111,0.6243551969528198,-0.050590574741363525,0.5172867178916931,0.589218020439148,-0.07038018852472305,0.4769700765609741,0.5601040720939636,-0.08115813881158829,0.4424649178981781,0.5346707701683044,-0.09032785147428513,0.5932313799858093,0.661422848701477,-0.0648256465792656,0.5621774196624756,0.646274209022522,-0.08353637158870697,0.5371916890144348,0.6299950480461121,-0.09055591374635696,0.514068603515625,0.6156980395317078,-0.09599355608224869
THANK_YOU,0.6528690457344055,0.6808325052261353,1.395319202401879e-07,0.60288006067276,0.6249831914901733,0.001555322902277112,0.5474007725715637,0.5745819211006165,-0.008052356541156769,0.5179416537284851,0.5310513973236084,-0.019325479865074158,0.5053561925888062,0.48708799481391907,-0.03418199345469475,0.5299198627471924,0.5544038414955139,-0.04635341092944145,0.46275824308395386,0.52099609375,-0.07777609676122665,0.4197503924369812,0.4947027564048767,-0.09924904257059097,0.38258734345436096,0.4749429225921631,-0.11548721790313721,0.5381636023521423,0.5789273977279663,-0.06513384729623795,0.4655831456184387,0.5470686554908752,-0.09563446044921875,0.4164160490036011,0.5234068632125854,-0.11434362828731537,0.3741670846939087,0.5080525279045105,-0.13078279793262482,0.5529441237449646,0.6212841868400574,-0.08229091018438339,0.4896053075790405,0.604057252407074,-0.11045131087303162,0.4527653455734253,0.5844316482543945,-0.12838812172412872,0.42152151465415955,0.567255437374115,-0.14423425495624542,0.5696713924407959,0.677668035030365,-0.09827180206775665,0.5484468936920166,0.6807652115821838,-0.12952320277690887,0.5329968929290771,0.6689572930335999,-0.1484490931034088,0.5150285363197327,0.6555721759796143,-0.16357111930847168
THANK_YOU,0.6528690457344055,0.6808325052261353,1.395319202401879e-07,0.60288006067276,0.6249831914901733,0.001555322902277112,0.5474007725715637,0.5745819211006165,-0.008052356541156769,0.5179416537284851,0.5310513973236084,-0.019325479865074158,0.5053561925888062,0.48708799481391907,-0.03418199345469475,0.5299198627471924,0.5544038414955139,-0.04635341092944145,0.46275824308395386,0.52099609375,-0.07777609676122665,0.4197503924369812,0.4947027564048767,-0.09924904257059097,0.38258734345436096,0.4749429225921631,-0.11548721790313721,0.5381636023521423,0.5789273977279663,-0.06513384729623795,0.4655831456184387,0.5470686554908752,-0.09563446044921875,0.4164160490036011,0.5234068632125854,-0.11434362828731537,0.3741670846939087,0.5080525279045105,-0.13078279793262482,0.5529441237449646,0.6212841868400574,-0.08229091018438339,0.4896053075790405,0.604057252407074,-0.11045131087303162,0.4527653455734253,0.5844316482543945,-0.12838812172412872,0.42152151465415955,0.567255437374115,-0.14423425495624542,0.5696713924407959,0.677668035030365,-0.09827180206775665,0.5484468936920166,0.6807652115821838,-0.12952320277690887,0.5329968929290771,0.6689572930335999,-0.1484490931034088,0.5150285363197327,0.6555721759796143,-0.16357111930847168
THANK_YOU,0.6253310441970825,0.6738438606262207,2.2259990828388254e-07,0.584377646446228,0.6202126741409302,0.002974012866616249,0.5365381836891174,0.5727132558822632,-0.006179796997457743,0.5104362964630127,0.5307348966598511,-0.016349826008081436,0.5012064576148987,0.4858585298061371,-0.029868606477975845,0.5141068696975708,0.5722142457962036,-0.04531533643603325,0.44333451986312866,0.5314352512359619,-0.06976909935474396,0.3987851142883301,0.504908561706543,-0.0828445702791214,0.36179566383361816,0.4835229516029358,-0.09280150383710861,0.5160460472106934,0.5970814824104309,-0.06219308078289032,0.4371292293071747,0.5650047063827515,-0.08558586239814758,0.3859483003616333,0.5405951142311096,-0.09857595711946487,0.3434693217277527,0.5215484499931335,-0.10993755608797073,0.5251554250717163,0.6392393708229065,-0.07646093517541885,0.45841097831726074,0.6132497191429138,-0.09915178269147873,0.42144572734832764,0.591101348400116,-0.11342363059520721,0.3900608420372009,0.5693935751914978,-0.12568804621696472,0.5386685132980347,0.6901307106018066,-0.08882539719343185,0.5058111548423767,0.6848059892654419,-0.11465009301900864,0.4811980724334717,0.6795393824577332,-0.12773260474205017,0.45553964376449585,0.6734875440597534,-0.13733209669589996
THANK_YOU,0.5925230383872986,0.6628243923187256,1.7222811266037752e-07,0.5657362341880798,0.6114333868026733,0.0026522462721914053,0.5269228219985962,0.5614999532699585,-0.004524792078882456,0.5022082328796387,0.519886314868927,-0.01295729260891676,0.4985398054122925,0.47635048627853394,-0.025821896269917488,0.48994505405426025,0.5645783543586731,-0.033274900168180466,0.4227789044380188,0.5233660340309143,-0.05153224244713783,0.3815631568431854,0.49776574969291687,-0.06181434914469719,0.34821194410324097,0.47621792554855347,-0.06950967013835907,0.48955854773521423,0.5936588644981384,-0.04739564657211304,0.40904319286346436,0.5638335943222046,-0.065095454454422,0.35751503705978394,0.5426008105278015,-0.07738111168146133,0.3174596428871155,0.5240221619606018,-0.08737997710704803,0.4946823716163635,0.6373763084411621,-0.05888509750366211,0.4171794652938843,0.6069267988204956,-0.08348347246646881,0.37280064821243286,0.5877245664596558,-0.09986045211553574,0.3392091989517212,0.5683534145355225,-0.11071132123470306,0.5030696988105774,0.6897612810134888,-0.06737922877073288,0.4508630037307739,0.6876788139343262,-0.09376082569360733,0.44291767477989197,0.6896423101425171,-0.10208989679813385,0.4406622648239136,0.6910879015922546,-0.10589264333248138
THANK_YOU,0.5679394602775574,0.6638243198394775,2.469276978445123e-07,0.5504859685897827,0.6031968593597412,-0.0013261801796033978,0.517719030380249,0.5502721667289734,-0.007144345436245203,0.4963306486606598,0.5075206756591797,-0.013815797865390778,0.49293163418769836,0.4687899351119995,-0.023618198931217194,0.46759268641471863,0.56043541431427,-0.027055773884058,0.4115105867385864,0.519719660282135,-0.04276002198457718,0.3730301260948181,0.4928813576698303,-0.05239184573292732,0.34270548820495605,0.47108083963394165,-0.06029336154460907,0.4600360095500946,0.5919325947761536,-0.03886270895600319,0.3912804126739502,0.5628618001937866,-0.05523333698511124,0.3440110683441162,0.5404053926467896,-0.06814611703157425,0.3076150417327881,0.5198609232902527,-0.07837527245283127,0.4618772864341736,0.6355320811271667,-0.049196258187294006,0.39903509616851807,0.6078611016273499,-0.0687674805521965,0.3572094142436981,0.5894519090652466,-0.0838262215256691,0.32507699728012085,0.5717832446098328,-0.09415392577648163,0.4721459150314331,0.6833993196487427,-0.057996008545160294,0.4263305962085724,0.685716986656189,-0.07970575988292694,0.39602741599082947,0.686816394329071,-0.09045444428920746,0.370070219039917,0.6865047216415405,-0.0965237095952034
THANK_YOU,0.549201250076294,0.6628749966621399,2.4136662091223116e-07,0.5341277122497559,0.5995962023735046,0.0004694752860814333,0.5048611164093018,0.5494094491004944,-0.00570345763117075,0.48405900597572327,0.5062416195869446,-0.012615375220775604,0.4845331013202667,0.46529421210289,-0.02257935144007206,0.45486336946487427,0.5604850053787231,-0.028937630355358124,0.399376779794693,0.5173402428627014,-0.04346603527665138,0.3627498149871826,0.4932800531387329,-0.05061115324497223,0.3343230187892914,0.4741757810115814,-0.05643389746546745,0.4443701505661011,0.5957821607589722,-0.04016435146331787,0.3758716583251953,0.5644627809524536,-0.05587476119399071,0.33044975996017456,0.5426124930381775,-0.06703746318817139,0.2964140772819519,0.52320396900177,-0.07588724792003632,0.44367969036102295,0.640347421169281,-0.04932340234518051,0.38247203826904297,0.6113662719726562,-0.06645113229751587,0.34222137928009033,0.5900947451591492,-0.08008184283971786,0.3110889792442322,0.5704865455627441,-0.08989270031452179,0.4519517421722412,0.6874996423721313,-0.056684043258428574,0.40814536809921265,0.6874827742576599,-0.07560442388057709,0.3793352246284485,0.6867014169692993,-0.08547191321849823,0.35348376631736755,0.6839584708213806,-0.09129345417022705
THANK_YOU,0.5269173383712769,0.6606248617172241,1.6057053642271057e-07,0.5153900384902954,0.595035195350647,-0.00046145980013534427,0.4893040955066681,0.5443837642669678,-0.005911652464419603,0.47122102975845337,0.5026429295539856,-0.011791560798883438,0.47062912583351135,0.4646739959716797,-0.020476292818784714,0.43450239300727844,0.5557789206504822,-0.026511069387197495,0.3818725347518921,0.5162317752838135,-0.03867434710264206,0.35020193457603455,0.4917117953300476,-0.04481932148337364,0.32590943574905396,0.47189995646476746,-0.05038554221391678,0.42428791522979736,0.5917029976844788,-0.0362648144364357,0.35460978746414185,0.5627025365829468,-0.048908963799476624,0.31443411111831665,0.5427194833755493,-0.05763601139187813,0.2858244776725769,0.5248215794563293,-0.06542213261127472,0.4232739210128784,0.6346451044082642,-0.04451916366815567,0.35924750566482544,0.6051924228668213,-0.060376737266778946,0.32054251432418823,0.5847492218017578,-0.07270918786525726,0.29162949323654175,0.566753625869751,-0.0819852277636528,0.4312547445297241,0.6781696677207947,-0.051235709339380264,0.3847300410270691,0.6781303882598877,-0.07037849724292755,0.3538721799850464,0.6779593229293823,-0.08075228333473206,0.3270922899246216,0.6765207648277283,-0.08716266602277756
THANK_YOU,0.519946813583374,0.658498227596283,1.5487994176055508e-07,0.5092982053756714,0.5943917632102966,-0.0015186610398814082,0.48602479696273804,0.5443857312202454,-0.007620438002049923,0.4682711064815521,0.5047467947006226,-0.014128314331173897,0.46577751636505127,0.4689558446407318,-0.023381445556879044,0.42984795570373535,0.5549188256263733,-0.025939231738448143,0.378726989030838,0.5157991051673889,-0.03811407461762428,0.34768596291542053,0.49186792969703674,-0.04468594864010811,0.32350391149520874,0.4723920226097107,-0.05047426000237465,0.420207679271698,0.5895704627037048,-0.03547756373882294,0.35381436347961426,0.5585953593254089,-0.048710521310567856,0.31339675188064575,0.5387013554573059,-0.057998429983854294,0.2843426465988159,0.5218511819839478,-0.06604211032390594,0.41908103227615356,0.6312650442123413,-0.0436912439763546,0.35683396458625793,0.6003609895706177,-0.05998045206069946,0.3167884349822998,0.5805875658988953,-0.07209713011980057,0.2869182229042053,0.5635554194450378,-0.08099094778299332,0.4258694350719452,0.6741429567337036,-0.05052245035767555,0.3786035478115082,0.6720001101493835,-0.06974418461322784,0.3472806215286255,0.6704920530319214,-0.079656220972538,0.3202012777328491,0.6683413982391357,-0.08559902757406235
THANK_YOU,0.5149421691894531,0.6546153426170349,1.3172814306017244e-07,0.5055543780326843,0.5910492539405823,-0.0014009029837325215,0.4852168560028076,0.5422453284263611,-0.006720161531120539,0.4688149690628052,0.5033403635025024,-0.01259560789912939,0.4655010998249054,0.4695485234260559,-0.021108098328113556,0.4254705607891083,0.550256073474884,-0.02209700085222721,0.37644118070602417,0.5117588639259338,-0.033075105398893356,0.3465944826602936,0.48879408836364746,-0.03946152329444885,0.3229717016220093,0.47043824195861816,-0.04511845484375954,0.41566959023475647,0.5828477144241333,-0.03101278468966484,0.35139113664627075,0.5514705181121826,-0.04299595579504967,0.3129606246948242,0.5311481356620789,-0.05207210034132004,0.28484833240509033,0.5138846635818481,-0.06011245399713516,0.4138250946998596,0.6228151321411133,-0.038794420659542084,0.3531256318092346,0.5926488041877747,-0.053902287036180496,0.31527844071388245,0.5722542405128479,-0.06576887518167496,0.2870645225048065,0.5547856092453003,-0.07465771585702896,0.4196501672267914,0.6649108529090881,-0.04533364996314049,0.37266722321510315,0.6640718579292297,-0.06361956149339676,0.34172379970550537,0.6620227694511414,-0.0732385590672493,0.31503623723983765,0.6593524217605591,-0.07906758040189743
THANK_YOU,0.515850841999054,0.6475984454154968,1.225526489179174e-07,0.5053950548171997,0.5863683223724365,0.0011452208273112774,0.4836835563182831,0.5398964285850525,-0.003253262024372816,0.46681278944015503,0.5000885128974915,-0.008632059209048748,0.4671134650707245,0.464983731508255,-0.016467494890093803,0.4253517687320709,0.5453996658325195,-0.02001061476767063,0.3774510324001312,0.5048490762710571,-0.03066488355398178,0.3493427634239197,0.4812183082103729,-0.036410316824913025,0.32732588052749634,0.46232733130455017,-0.04143979772925377,0.41419869661331177,0.5769482254981995,-0.029357237741351128,0.3511427342891693,0.5451210737228394,-0.040867991745471954,0.3130338191986084,0.5240319967269897,-0.04868097975850105,0.2852013111114502,0.5072427988052368,-0.05552690848708153,0.4114312529563904,0.6160026788711548,-0.03742586821317673,0.3532891273498535,0.5854408740997314,-0.051487140357494354,0.3167128264904022,0.5635385513305664,-0.062297068536281586,0.28917914628982544,0.5456700325012207,-0.070357546210289,0.4159502387046814,0.6578491926193237,-0.04407590627670288,0.36935752630233765,0.6552559733390808,-0.06102496013045311,0.3393302857875824,0.653252363204956,-0.06986138969659805,0.31340885162353516,0.6507371068000793,-0.07512561231851578
THANK_YOU,0.5158377289772034,0.6458089351654053,1.0391747196081269e-07,0.503851592540741,0.5833743214607239,6.099023448769003e-05,0.48168593645095825,0.5350881814956665,-0.004724594764411449,0.46659523248672485,0.49548640847206116,-0.01041560061275959,0.46730899810791016,0.4620559811592102,-0.018573511391878128,0.4277647137641907,0.5407577157020569,-0.021093346178531647,0.3785638213157654,0.5005571246147156,-0.03310788795351982,0.34959784150123596,0.4764530062675476,-0.03990573808550835,0.32663971185684204,0.4571984112262726,-0.04558676853775978,0.4169578552246094,0.5716872215270996,-0.03055189922451973,0.3516128957271576,0.5381771922111511,-0.042928434908390045,0.31373608112335205,0.5169479846954346,-0.05121411383152008,0.28606116771698,0.5000972747802734,-0.05834444612264633,0.41380739212036133,0.610791027545929,-0.03894871845841408,0.3535892963409424,0.5787869691848755,-0.0539875365793705,0.31727510690689087,0.5573850274085999,-0.06472993642091751,0.2900746464729309,0.5394515991210938,-0.07259329408407211,0.4173591136932373,0.653075635433197,-0.04608507454395294,0.37045666575431824,0.6495987176895142,-0.06396955996751785,0.3405015468597412,0.6464143991470337,-0.07287290692329407,0.31448155641555786,0.643079400062561,-0.07807943969964981
THANK_YOU,0.5150083899497986,0.642656683921814,1.3297041334681126e-07,0.5049129128456116,0.5815364718437195,0.002038682345300913,0.4838629961013794,0.5320546627044678,-0.0012294516200199723,0.4687590003013611,0.49224939942359924,-0.0054832384921610355,0.46875283122062683,0.45961764454841614,-0.012233798392117023,0.42898818850517273,0.5367286801338196,-0.017623599618673325,0.3811161518096924,0.49607139825820923,-0.027673231437802315,0.3518192172050476,0.47226279973983765,-0.03310328722000122,0.3297995924949646,0.4539247751235962,-0.037774696946144104,0.4172692596912384,0.5687519311904907,-0.027162466198205948,0.3527164161205292,0.5337927937507629,-0.038015224039554596,0.31507137417793274,0.5124478340148926,-0.04553854838013649,0.28820958733558655,0.4945475459098816,-0.0518488846719265,0.4132949411869049,0.6071450710296631,-0.035427309572696686,0.35393694043159485,0.5737111568450928,-0.04871438443660736,0.3179287910461426,0.5509904623031616,-0.05895756930112839,0.29150691628456116,0.5319677591323853,-0.0664496049284935,0.4167245030403137,0.6473069190979004,-0.042254552245140076,0.37005943059921265,0.6425946950912476,-0.058558203279972076,0.34060829877853394,0.6390883922576904,-0.0669657438993454,0.3155602514743805,0.6346240043640137,-0.07182160019874573
THANK_YOU,0.5171498656272888,0.640748918056488,1.5020185628600302e-07,0.5069475173950195,0.580061674118042,0.0008002463728189468,0.4852273464202881,0.5319230556488037,-0.0034616896882653236,0.46901702880859375,0.4925767779350281,-0.00861180666834116,0.4680291712284088,0.45887142419815063,-0.016257455572485924,0.4285174310207367,0.5343000292778015,-0.01856842264533043,0.37987688183784485,0.49460163712501526,-0.029456984251737595,0.35095563530921936,0.46976238489151,-0.03558017686009407,0.32954907417297363,0.45004069805145264,-0.04055199399590492,0.4179878830909729,0.5662112236022949,-0.027709752321243286,0.35409611463546753,0.5326868295669556,-0.03859410062432289,0.3159070909023285,0.5112508535385132,-0.0461667962372303,0.2887006998062134,0.4927941858768463,-0.052554626017808914,0.4147542119026184,0.6052404642105103,-0.035813964903354645,0.355654776096344,0.5723726153373718,-0.04917005077004433,0.3190690279006958,0.5499464273452759,-0.05967959761619568,0.2923499345779419,0.5304645895957947,-0.06739124655723572,0.4190133810043335,0.6467124223709106,-0.04261474311351776,0.3729090094566345,0.6422444581985474,-0.05884404107928276,0.34357309341430664,0.6380515694618225,-0.06740236282348633,0.3187626600265503,0.6324899792671204,-0.07237479835748672
THANK_YOU,0.5204098224639893,0.6415048241615295,1.500488906458486e-07,0.5075036883354187,0.5809297561645508,0.0022198930382728577,0.48437246680259705,0.5326762199401855,-0.001776664168573916,0.46707218885421753,0.494200199842453,-0.0070710619911551476,0.4679909944534302,0.46030884981155396,-0.015202830545604229,0.4314502477645874,0.5354209542274475,-0.01830170676112175,0.3813840448856354,0.49552345275878906,-0.029473548755049706,0.3509886860847473,0.4703892171382904,-0.03578132018446922,0.32785564661026,0.4502529203891754,-0.04106437787413597,0.42107537388801575,0.5666459798812866,-0.028803633525967598,0.35495615005493164,0.5338952541351318,-0.04015778750181198,0.3156655430793762,0.5120608806610107,-0.04839042201638222,0.28717389702796936,0.49334049224853516,-0.05527874827384949,0.4181908965110779,0.6060632467269897,-0.03804171830415726,0.357323557138443,0.5739412903785706,-0.0521182119846344,0.32010143995285034,0.5522658228874207,-0.06330897659063339,0.292095422744751,0.5327874422073364,-0.07152263820171356,0.42271459102630615,0.6483457088470459,-0.04576395824551582,0.3773728609085083,0.6436503529548645,-0.06278995424509048,0.3484629988670349,0.6395797729492188,-0.0717206671833992,0.3233097493648529,0.6338393092155457,-0.07697443664073944
THANK_YOU,0.5204098224639893,0.6415048241615295,1.500488906458486e-07,0.5075036883354187,0.5809297561645508,0.0022198930382728577,0.48437246680259705,0.5326762199401855,-0.001776664168573916,0.46707218885421753,0.494200199842453,-0.0070710619911551476,0.4679909944534302,0.46030884981155396,-0.015202830545604229,0.4314502477645874,0.5354209542274475,-0.01830170676112175,0.3813840448856354,0.49552345275878906,-0.029473548755049706,0.3509886860847473,0.4703892171382904,-0.03578132018446922,0.32785564661026,0.4502529203891754,-0.04106437787413597,0.42107537388801575,0.5666459798812866,-0.028803633525967598,0.35495615005493164,0.5338952541351318,-0.04015778750181198,0.3156655430793762,0.5120608806610107,-0.04839042201638222,0.28717389702796936,0.49334049224853516,-0.05527874827384949,0.4181908965110779,0.6060632467269897,-0.03804171830415726,0.357323557138443,0.5739412903785706,-0.0521182119846344,0.32010143995285034,0.5522658228874207,-0.06330897659063339,0.292095422744751,0.5327874422073364,-0.07152263820171356,0.42271459102630615,0.6483457088470459,-0.04576395824551582,0.3773728609085083,0.6436503529548645,-0.06278995424509048,0.3484629988670349,0.6395797729492188,-0.0717206671833992,0.3233097493648529,0.6338393092155457,-0.07697443664073944
THANK_YOU,0.5277678370475769,0.6464534401893616,1.297533458455291e-07,0.5108652710914612,0.58819979429245,0.0020463953260332346,0.48236122727394104,0.5384221076965332,-0.0018834513612091541,0.4643496870994568,0.498602956533432,-0.007649237290024757,0.46566686034202576,0.46226438879966736,-0.016299884766340256,0.43155738711357117,0.5402703881263733,-0.018050281330943108,0.379696249961853,0.5005554556846619,-0.030466703698039055,0.3473466634750366,0.4759335219860077,-0.037808775901794434,0.32190871238708496,0.456269234418869,-0.043924275785684586,0.4239776134490967,0.5694080591201782,-0.02996346913278103,0.3561035990715027,0.5361109375953674,-0.04202798381447792,0.3154275417327881,0.5143002867698669,-0.051158174872398376,0.2847050428390503,0.4956430196762085,-0.058834828436374664,0.42370104789733887,0.6091099381446838,-0.04083682596683502,0.36150625348091125,0.576482355594635,-0.055859435349702835,0.32309141755104065,0.5562614798545837,-0.06803160160779953,0.2931950092315674,0.5374848246574402,-0.07701373845338821,0.430286705493927,0.6535258889198303,-0.05031469464302063,0.3868328928947449,0.647659182548523,-0.06843389570713043,0.35721567273139954,0.6432007551193237,-0.07818544656038284,0.33062535524368286,0.6381694078445435,-0.0841779038310051
THANK_YOU,0.5309269428253174,0.6516592502593994,1.3689263766991644e-07,0.5105776786804199,0.5947683453559875,0.0033979250583797693,0.478855699300766,0.5463343262672424,-0.0008174742106348276,0.4605122208595276,0.5072916746139526,-0.006773571949452162,0.4617326557636261,0.47146841883659363,-0.015642616897821426,0.43152615427970886,0.5469068884849548,-0.021406492218375206,0.3776048421859741,0.5095707774162292,-0.0354098305106163,0.34370237588882446,0.48604220151901245,-0.043424200266599655,0.31705403327941895,0.4665066599845886,-0.04972800612449646,0.42551958560943604,0.5750108957290649,-0.033813025802373886,0.35678285360336304,0.5418245196342468,-0.04764369875192642,0.3137446343898773,0.519355833530426,-0.057173989713191986,0.28055793046951294,0.50008225440979,-0.06498100608587265,0.42708051204681396,0.6144887208938599,-0.04462020844221115,0.36527594923973083,0.5807374715805054,-0.05997786670923233,0.32657676935195923,0.5604312419891357,-0.07164930552244186,0.29598838090896606,0.5415216088294983,-0.0802643671631813,0.4350036382675171,0.6597760915756226,-0.05377986282110214,0.3935297429561615,0.6512472629547119,-0.07174721360206604,0.36564260721206665,0.6450157761573792,-0.08096932619810104,0.33963435888290405,0.638194739818573,-0.08660821616649628
THANK_YOU,0.5334733128547668,0.6559733152389526,1.2186455933260731e-07,0.5041565299034119,0.6014003157615662,0.004337738733738661,0.4702889919281006,0.5595664978027344,-0.00103083869908005,0.4526503384113312,0.5248391628265381,-0.0084492526948452,0.45649653673171997,0.48849374055862427,-0.018434671685099602,0.4317589998245239,0.5564670562744141,-0.023570001125335693,0.37848231196403503,0.5197093486785889,-0.03992506116628647,0.3440094292163849,0.4976573586463928,-0.04925597831606865,0.3161439299583435,0.47982144355773926,-0.056471697986125946,0.42884230613708496,0.5814875364303589,-0.03785806894302368,0.3602195382118225,0.54880690574646,-0.054257504642009735,0.31746891140937805,0.5252355933189392,-0.06468534469604492,0.28303277492523193,0.5061631202697754,-0.07315568625926971,0.4333561360836029,0.6194946765899658,-0.05052453279495239,0.3719478249549866,0.590233564376831,-0.06875104457139969,0.3357386291027069,0.5679500699043274,-0.08221916854381561,0.3057553768157959,0.5459246635437012,-0.09240798652172089,0.44360053539276123,0.6641708016395569,-0.06147747114300728,0.4088687002658844,0.6554243564605713,-0.08336658030748367,0.38459059596061707,0.6484585404396057,-0.09506787359714508,0.3606905937194824,0.6412966251373291,-0.10274349898099899
THANK_YOU,0.5631928443908691,0.6775037050247192,1.6509309830325947e-07,0.5224593281745911,0.6304511427879333,0.012319695204496384,0.4760337173938751,0.59456866979599,0.009534915909171104,0.44898948073387146,0.559940755367279,0.004369253292679787,0.44389650225639343,0.5210834741592407,-0.003404446644708514,0.45106691122055054,0.5905967950820923,-0.02614910900592804,0.3906208574771881,0.5492082238197327,-0.04671086370944977,0.3470725417137146,0.5223968029022217,-0.057739730924367905,0.3129355311393738,0.5009923577308655,-0.06656259298324585,0.45283982157707214,0.6095231175422668,-0.044859472662210464,0.37806999683380127,0.5725884437561035,-0.06836606562137604,0.3274603486061096,0.5412454009056091,-0.08146800845861435,0.28637242317199707,0.5127274394035339,-0.09190890938043594,0.4599270224571228,0.641226053237915,-0.060949333012104034,0.39279472827911377,0.6028038859367371,-0.0847911685705185,0.3537161946296692,0.573180615901947,-0.09945409744977951,0.3212049603462219,0.5448168516159058,-0.11084332317113876,0.4718710780143738,0.6783209443092346,-0.07425279915332794,0.4417821764945984,0.658974289894104,-0.10503353178501129,0.4180486798286438,0.6429411172866821,-0.12280198186635971,0.39306047558784485,0.6276397705078125,-0.13477198779582977
THANK_YOU,0.6130867600440979,0.7466983795166016,1.7092870052692888e-07,0.5639987587928772,0.7029441595077515,0.010028431192040443,0.4991835057735443,0.6556254625320435,0.007193228229880333,0.460693895816803,0.6155378818511963,0.003399529028683901,0.4480033218860626,0.5674455165863037,-0.005110614001750946,0.4763217866420746,0.6527369618415833,-0.044910039752721786,0.39899078011512756,0.6142894625663757,-0.06460341066122055,0.3501017093658447,0.5951259732246399,-0.07410275191068649,0.30844002962112427,0.5769824981689453,-0.08308064937591553,0.48340752720832825,0.6848863363265991,-0.06506351381540298,0.3965867757797241,0.6625335216522217,-0.08781635016202927,0.3396388590335846,0.6470018029212952,-0.1050175130367279,0.29130661487579346,0.6342968344688416,-0.12029317766427994,0.49986258149147034,0.7334350943565369,-0.0803641602396965,0.4246893525123596,0.7208490371704102,-0.10914197564125061,0.37992575764656067,0.7019636034965515,-0.13342058658599854,0.3406130075454712,0.684500515460968,-0.1525164097547531,0.5193985104560852,0.7905184030532837,-0.0914473831653595,0.47666847705841064,0.8134165406227112,-0.12416915595531464,0.46524131298065186,0.8285539150238037,-0.140943244099617,0.4519295394420624,0.8410004377365112,-0.15311598777770996
THANK_YOU,0.6694805026054382,0.781749427318573,4.075725357211013e-08,0.6006500124931335,0.7283873558044434,0.008056756108999252,0.5355679392814636,0.6805174350738525,0.004039873369038105,0.4992269277572632,0.638236939907074,-0.004010898992419243,0.4783271253108978,0.5958592295646667,-0.014494123868644238,0.5226765871047974,0.6775736212730408,-0.01305827684700489,0.45693665742874146,0.6505194306373596,-0.036371245980262756,0.4167318046092987,0.6272740960121155,-0.05538124963641167,0.3826290965080261,0.6062283515930176,-0.06990031898021698,0.5319296717643738,0.6923965215682983,-0.03154207393527031,0.46033552289009094,0.6589816212654114,-0.05306907370686531,0.41217947006225586,0.6370701193809509,-0.06941092014312744,0.3694300949573517,0.6209118366241455,-0.08394802361726761,0.5444153547286987,0.7175355553627014,-0.05004340410232544,0.4783453941345215,0.6838049292564392,-0.06942053139209747,0.43498170375823975,0.664158284664154,-0.08118380606174469,0.39714062213897705,0.6504503488540649,-0.09161286056041718,0.5598364472389221,0.7535244226455688,-0.06768640875816345,0.5229985117912292,0.7345845103263855,-0.0845944881439209,0.4972570240497589,0.71940016746521,-0.09359174221754074,0.4716438353061676,0.7096335291862488,-0.10191746801137924
THANK_YOU,0.642530620098114,0.781652569770813,9.190333116748661e-08,0.5754397511482239,0.721551239490509,0.010955519042909145,0.5143081545829773,0.672966480255127,0.007391583640128374,0.4830494225025177,0.6307792663574219,6.839826528448611e-05,0.464755654335022,0.5864156484603882,-0.010419856756925583,0.4955154061317444,0.6706277132034302,-0.0191461481153965,0.431643009185791,0.6337250471115112,-0.04496757313609123,0.3939945697784424,0.6011918187141418,-0.06516129523515701,0.36460259556770325,0.5694391131401062,-0.0804770216345787,0.5053228735923767,0.6843728423118591,-0.03904404118657112,0.43194708228111267,0.6495137810707092,-0.06424801796674728,0.3860265016555786,0.6234813928604126,-0.08288770914077759,0.34652721881866455,0.5982850193977356,-0.09921845048666,0.5180927515029907,0.7089453935623169,-0.05786755308508873,0.4503090977668762,0.6723661422729492,-0.07948364317417145,0.4060951769351959,0.6491060853004456,-0.09363017231225967,0.36890339851379395,0.6301423907279968,-0.10623770952224731,0.5344591736793518,0.7440486550331116,-0.07522325962781906,0.4964572489261627,0.7219861745834351,-0.09604241698980331,0.46887660026550293,0.7039760947227478,-0.10837864875793457,0.4411885142326355,0.6890537738800049,-0.11919641494750977
THANK_YOU,0.6175728440284729,0.7601112127304077,3.345424488543358e-07,0.5628601908683777,0.7152946591377258,0.004430974833667278,0.5034506916999817,0.6678080558776855,-0.003923936281353235,0.46952441334724426,0.6274209022521973,-0.014246340841054916,0.45363497734069824,0.5817793607711792,-0.02796732634305954,0.4844653606414795,0.6584491729736328,-0.04158115014433861,0.4296531081199646,0.5899530649185181,-0.07278282940387726,0.4054470956325531,0.5275962352752686,-0.09512119740247726,0.3886493742465973,0.47309285402297974,-0.11132360994815826,0.4927830696105957,0.6748167872428894,-0.05875934660434723,0.41934725642204285,0.6385371685028076,-0.08821091055870056,0.37047260999679565,0.6113333702087402,-0.10656274110078812,0.329801470041275,0.5901524424552917,-0.12229394912719727,0.5073276162147522,0.7042354345321655,-0.07390811294317245,0.4395759403705597,0.6668849587440491,-0.09899704158306122,0.3950067460536957,0.6388615369796753,-0.1119828075170517,0.35727086663246155,0.6190089583396912,-0.12345665693283081,0.5254495739936829,0.7440899014472961,-0.08765134960412979,0.48747873306274414,0.7198468446731567,-0.11378275603055954,0.4595696032047272,0.6988869309425354,-0.12682145833969116,0.4319809377193451,0.6823033690452576,-0.13680557906627655
THANK_YOU,0.5701324343681335,0.7359097599983215,2.9915742061348283e-07,0.5246297717094421,0.6898148059844971,0.009787661023437977,0.4772017002105713,0.6511076092720032,0.006233717780560255,0.45409974455833435,0.6183125972747803,-0.0009116171859204769,0.44322386384010315,0.5814228653907776,-0.010640707798302174,0.4510349631309509,0.6417794227600098,-0.018025139346718788,0.41569334268569946,0.5775827765464783,-0.040612127631902695,0.3984508514404297,0.522428035736084,-0.05779191851615906,0.3876497447490692,0.4735521972179413,-0.07018198072910309,0.4576864540576935,0.6534745693206787,-0.034681614488363266,0.3994482755661011,0.6220863461494446,-0.0566704198718071,0.353293776512146,0.598186731338501,-0.07295805960893631,0.3171510696411133,0.5770522952079773,-0.08675272762775421,0.46911343932151794,0.6735271215438843,-0.04996299743652344,0.4127279222011566,0.6417912840843201,-0.07005860656499863,0.368436723947525,0.6188607215881348,-0.08137806504964828,0.33158913254737854,0.6002220511436462,-0.09068416804075241,0.4856368601322174,0.7015736699104309,-0.06356111168861389,0.44625985622406006,0.6795629262924194,-0.08325892686843872,0.41610318422317505,0.6603232622146606,-0.09227025508880615,0.3863315284252167,0.6427556872367859,-0.09906115382909775
THANK_YOU,0.5857879519462585,0.7454634308815002,1.789307191302214e-07,0.5357881784439087,0.7047736048698425,0.009665161371231079,0.4798695743083954,0.6614490151405334,0.007207563612610102,0.44790008664131165,0.624642550945282,0.0018202962819486856,0.4331057369709015,0.5859430432319641,-0.006147777196019888,0.46733152866363525,0.6555689573287964,-0.01753663457930088,0.4172861874103546,0.6059170365333557,-0.03953947871923447,0.38681256771087646,0.5613652467727661,-0.05577424541115761,0.36399608850479126,0.5214002132415771,-0.06710594892501831,0.4714106023311615,0.6640295386314392,-0.03333309665322304,0.4040292501449585,0.628901481628418,-0.05507669970393181,0.35200366377830505,0.5983893871307373,-0.0706566572189331,0.3067646026611328,0.5714137554168701,-0.08345060050487518,0.47734877467155457,0.6823668479919434,-0.047483548521995544,0.41453471779823303,0.6436630487442017,-0.06613880395889282,0.36649221181869507,0.616024911403656,-0.07640086859464645,0.3253791332244873,0.5937888622283936,-0.0843365490436554,0.48548009991645813,0.7113189697265625,-0.06011591851711273,0.4420357346534729,0.6800495982170105,-0.07710330933332443,0.41203612089157104,0.6559718251228333,-0.08470511436462402,0.38441866636276245,0.6360003352165222,-0.09041264653205872
THANK_YOU,0.5721927881240845,0.7179812788963318,3.874840501794097e-07,0.5254718065261841,0.6813109517097473,0.019198598340153694,0.4703531265258789,0.6445547342300415,0.01687954179942608,0.43595632910728455,0.6124950647354126,0.010450332425534725,0.42707908153533936,0.5723703503608704,-3.40606457029935e-05,0.4480935335159302,0.6340516805648804,-0.028630005195736885,0.39144107699394226,0.5845785140991211,-0.05226624384522438,0.3594438135623932,0.5432922840118408,-0.06777895241975784,0.33479684591293335,0.5049076080322266,-0.07981724292039871,0.45058345794677734,0.6488640904426575,-0.05302097648382187,0.37337881326675415,0.6128181219100952,-0.07959552854299545,0.32172879576683044,0.5784443616867065,-0.10170456022024155,0.2804417610168457,0.5517253279685974,-0.11992210149765015,0.4599659740924835,0.6812959909439087,-0.07249850034713745,0.38999927043914795,0.6504905819892883,-0.10050558298826218,0.3482651710510254,0.6227104663848877,-0.1235789954662323,0.3135353624820709,0.6049771904945374,-0.14122094213962555,0.47364935278892517,0.7265223860740662,-0.08773963153362274,0.43635323643684387,0.72568279504776,-0.1188359335064888,0.41826894879341125,0.732311487197876,-0.13545311987400055,0.39786943793296814,0.7469218373298645,-0.14707203209400177
THANK_YOU,0.5597593784332275,0.7119002342224121,2.0634617214909667e-07,0.5191100835800171,0.6666474938392639,0.009782384149730206,0.47161659598350525,0.6277271509170532,0.006840124726295471,0.443745493888855,0.5945863127708435,0.002066109562292695,0.4398549497127533,0.556216299533844,-0.005629329010844231,0.44091907143592834,0.6223196387290955,-0.029470186680555344,0.3769281506538391,0.5821384191513062,-0.04818841814994812,0.3332201838493347,0.5578399300575256,-0.057289935648441315,0.2981545329093933,0.5394026041030884,-0.06440328806638718,0.4414481818675995,0.6465054750442505,-0.0467713288962841,0.36394718289375305,0.6142355799674988,-0.06651883572340012,0.31317049264907837,0.587154746055603,-0.07739785313606262,0.27140551805496216,0.5641425848007202,-0.08599472045898438,0.45008358359336853,0.6857268810272217,-0.06132608279585838,0.3815138339996338,0.6538559198379517,-0.08338199555873871,0.3416750133037567,0.6254543662071228,-0.09885526448488235,0.3078778386116028,0.5979819297790527,-0.1102951243519783,0.46446332335472107,0.7331402897834778,-0.07304008305072784,0.4285230040550232,0.7251547574996948,-0.10139383375644684,0.4017060697078705,0.719176173210144,-0.11671356856822968,0.3745962977409363,0.713977575302124,-0.12640099227428436
THANK_YOU,0.5367342233657837,0.6999448537826538,1.8806724710884737e-07,0.5048456788063049,0.6462916731834412,0.007034758571535349,0.46704429388046265,0.6028924584388733,0.0030322468373924494,0.4440379738807678,0.5666651725769043,-0.002705945633351803,0.43966513872146606,0.5292187333106995,-0.011117365211248398,0.42937108874320984,0.6057677865028381,-0.0290392879396677,0.3682316541671753,0.5636376142501831,-0.04605929180979729,0.32767224311828613,0.5400974750518799,-0.05417443439364433,0.29570120573043823,0.520940363407135,-0.06018597632646561,0.42659011483192444,0.6335088014602661,-0.04397156089544296,0.35304877161979675,0.6012685298919678,-0.06293893605470657,0.3038608729839325,0.5766358375549316,-0.07476697117090225,0.26468443870544434,0.555444598197937,-0.08384249359369278,0.4322533905506134,0.6740922927856445,-0.055933836847543716,0.36823219060897827,0.6460697650909424,-0.07543683052062988,0.3275543451309204,0.620908796787262,-0.08978382498025894,0.29458996653556824,0.596483588218689,-0.10026434808969498,0.4427061676979065,0.7222816944122314,-0.0654633641242981,0.4039783477783203,0.7208723425865173,-0.08860038220882416,0.3769489824771881,0.7175546884536743,-0.1004081442952156,0.35104942321777344,0.7129048705101013,-0.10752079635858536
THANK_YOU,0.5192344784736633,0.6876254081726074,1.27181408515753e-07,0.496232807636261,0.6288782954216003,0.004699992947280407,0.46385693550109863,0.586426317691803,0.0013020043261349201,0.4446270763874054,0.5529009103775024,-0.004406414460390806,0.4434472918510437,0.5169261693954468,-0.012496020644903183,0.41532373428344727,0.5872756838798523,-0.021260935813188553,0.36106759309768677,0.5455087423324585,-0.03554174676537514,0.3244651257991791,0.5226510763168335,-0.04292277619242668,0.29480957984924316,0.5045747756958008,-0.048990122973918915,0.41009825468063354,0.6162357926368713,-0.03530244529247284,0.343850314617157,0.58444744348526,-0.0510590523481369,0.2980154752731323,0.5595663785934448,-0.06142855063080788,0.2607201337814331,0.5388882756233215,-0.06958907842636108,0.41507095098495483,0.6581655740737915,-0.04762598127126694,0.35397499799728394,0.6300285458564758,-0.06577372550964355,0.31638580560684204,0.6067604422569275,-0.07974115759134293,0.2852868437767029,0.5850180983543396,-0.0898076742887497,0.42695537209510803,0.7059603929519653,-0.0581926591694355,0.38848379254341125,0.7082788944244385,-0.08113907277584076,0.3600779175758362,0.7082555294036865,-0.09347720444202423,0.3333001434803009,0.7077696323394775,-0.10074416548013687
THANK_YOU,0.5194198489189148,0.6810671091079712,1.0889419144177737e-07,0.49649375677108765,0.620190441608429,0.006949554197490215,0.4652945399284363,0.5755913853645325,0.00471951300278306,0.447587251663208,0.5395705699920654,0.00022803871252108365,0.4475606679916382,0.5041226148605347,-0.006955246906727552,0.4153953194618225,0.5772550702095032,-0.02069251984357834,0.36059093475341797,0.5341176390647888,-0.03391723707318306,0.3255229592323303,0.510127604007721,-0.04021305963397026,0.29766958951950073,0.4912227690219879,-0.04546535015106201,0.40900230407714844,0.6078320145606995,-0.034919653087854385,0.34060901403427124,0.5729689002037048,-0.05054575204849243,0.2954440116882324,0.5489913821220398,-0.06022026389837265,0.2598922550678253,0.5292803645133972,-0.06757525354623795,0.41239699721336365,0.650677502155304,-0.04699822515249252,0.3488939702510834,0.6176589727401733,-0.06518787890672684,0.308681458234787,0.5952425599098206,-0.07854409515857697,0.27618318796157837,0.5753695964813232,-0.08777149766683578,0.42309099435806274,0.6994240880012512,-0.05685916915535927,0.37827837467193604,0.7001341581344604,-0.07967584580183029,0.34682855010032654,0.7001195549964905,-0.09150971472263336,0.31826460361480713,0.7002080082893372,-0.09808935970067978
THANK_YOU,0.5159086585044861,0.6756349205970764,1.5611169601470465e-07,0.49493408203125,0.611265242099762,0.006842197850346565,0.4638311266899109,0.5638002157211304,0.003991263452917337,0.44731056690216064,0.5256778001785278,-0.0006949841044843197,0.45143967866897583,0.4892556667327881,-0.008468051441013813,0.4179037809371948,0.5690854787826538,-0.023105517029762268,0.36321961879730225,0.5249143838882446,-0.036214061081409454,0.3283485472202301,0.499450147151947,-0.042356327176094055,0.3010004162788391,0.4789954423904419,-0.047659099102020264,0.40951740741729736,0.6022228002548218,-0.03706222400069237,0.3404883146286011,0.5665369033813477,-0.05241743102669716,0.2953740060329437,0.5410603284835815,-0.062310393899679184,0.26086971163749695,0.5194586515426636,-0.06995662301778793,0.41024595499038696,0.6464192867279053,-0.04864201694726944,0.3453477621078491,0.6126946210861206,-0.06661971658468246,0.30464625358581543,0.5884708166122437,-0.08013324439525604,0.2723202407360077,0.5662338137626648,-0.08947648853063583,0.4185762107372284,0.6949045062065125,-0.05784217640757561,0.3704228401184082,0.6915018558502197,-0.08081521093845367,0.33838561177253723,0.6904879808425903,-0.09281148761510849,0.3091285228729248,0.6887388229370117,-0.09945906698703766
THANK_YOU,0.5149950981140137,0.6650540232658386,1.4401773285044328e-07,0.5022475123405457,0.6003856658935547,0.002256509382277727,0.4754750430583954,0.5490737557411194,-0.0008826689445413649,0.4554309546947479,0.508924663066864,-0.00496289087459445,0.45331472158432007,0.4734077453613281,-0.012095932848751545,0.42229893803596497,0.5466920137405396,-0.021627813577651978,0.3696940243244171,0.5040516257286072,-0.033927470445632935,0.33552342653274536,0.4792882800102234,-0.040739476680755615,0.30845606327056885,0.45902201533317566,-0.04668835178017616,0.4124736487865448,0.5786373019218445,-0.033163487911224365,0.3430548310279846,0.5428692698478699,-0.04727055877447128,0.29925429821014404,0.5183168649673462,-0.057970158755779266,0.26654937863349915,0.49760890007019043,-0.06669691205024719,0.41058534383773804,0.6219469308853149,-0.04312808811664581,0.3449455201625824,0.5864083170890808,-0.06136404350399971,0.30370137095451355,0.5632734298706055,-0.07573934644460678,0.2724112272262573,0.542727530002594,-0.08568241447210312,0.4164251983165741,0.6699016094207764,-0.0511278361082077,0.36480259895324707,0.6661261320114136,-0.07332024723291397,0.332058310508728,0.6640411019325256,-0.08530840277671814,0.3034444749355316,0.6601717472076416,-0.09224343299865723
THANK_YOU,0.5181537866592407,0.6588286757469177,1.490322034669589e-07,0.5056304931640625,0.5954529643058777,0.0019083097577095032,0.47767868638038635,0.5437138676643372,-0.0014902359107509255,0.4580608308315277,0.5035104155540466,-0.006249974947422743,0.4578402638435364,0.46814775466918945,-0.013926167972385883,0.42693987488746643,0.5389590263366699,-0.019337043166160583,0.37549474835395813,0.49625298380851746,-0.03113953024148941,0.34238848090171814,0.4700935184955597,-0.03801693394780159,0.31644728779792786,0.44933271408081055,-0.04414067789912224,0.41557058691978455,0.5717664957046509,-0.031067028641700745,0.3468698263168335,0.5336282849311829,-0.043902210891246796,0.3042939305305481,0.5075867772102356,-0.054001882672309875,0.27237677574157715,0.48667028546333313,-0.062327973544597626,0.4118967354297638,0.6154126524925232,-0.04153705760836601,0.34747886657714844,0.5793097615242004,-0.058588966727256775,0.30700910091400146,0.5548074841499329,-0.07259157299995422,0.2758488953113556,0.5342613458633423,-0.08248034864664078,0.41574737429618835,0.6636544466018677,-0.050257615745067596,0.36592480540275574,0.6596543192863464,-0.07102542370557785,0.3333621919155121,0.6571719646453857,-0.08231400698423386,0.30474039912223816,0.6535947322845459,-0.08895406872034073
THANK_YOU,0.5925912857055664,0.6365278959274292,1.9420080832333042e-07,0.5512192249298096,0.6417169570922852,-0.008338622748851776,0.511277973651886,0.6114195585250854,-0.016303032636642456,0.491486132144928,0.5843766331672668,-0.025432657450437546,0.47407394647598267,0.560642659664154,-0.03558352217078209,0.476764976978302,0.5292314291000366,-0.019940322265028954,0.4360494017601013,0.4731244742870331,-0.04101448878645897,0.4074932634830475,0.44509151577949524,-0.05578477308154106,0.3814099431037903,0.4242517948150635,-0.06549427658319473,0.4938122034072876,0.5160485506057739,-0.03053705208003521,0.4520157277584076,0.4471096098423004,-0.051757995039224625,0.42300623655319214,0.40178975462913513,-0.068063884973526,0.3976486027240753,0.3634786009788513,-0.07851739972829819,0.5185912251472473,0.5159040093421936,-0.04255247116088867,0.4841470718383789,0.4477996528148651,-0.06568501144647598,0.46017059683799744,0.40364575386047363,-0.08207911252975464,0.438379168510437,0.36483174562454224,-0.09180079400539398,0.5481411218643188,0.5258627533912659,-0.054614145308732986,0.5330567359924316,0.4666863679885864,-0.07662606984376907,0.5218459963798523,0.42638981342315674,-0.08814030885696411,0.5103155374526978,0.3886241614818573,-0.09508556127548218
THANK_YOU,0.5931209921836853,0.6483346819877625,1.4283284599514445e-07,0.55100017786026,0.6525917649269104,-0.0058344281278550625,0.5114139914512634,0.621914803981781,-0.01298615150153637,0.4923386573791504,0.5921006798744202,-0.02127973735332489,0.47574591636657715,0.5645710825920105,-0.030883362516760826,0.47844481468200684,0.5469335913658142,-0.02354523353278637,0.43596816062927246,0.48765304684638977,-0.04559088870882988,0.4055185914039612,0.4582594037055969,-0.05968860536813736,0.37869974970817566,0.43606188893318176,-0.06871947646141052,0.4955236315727234,0.5341611504554749,-0.03516077622771263,0.45157450437545776,0.4618334174156189,-0.05832058936357498,0.41921356320381165,0.4144894480705261,-0.0750507265329361,0.3916698694229126,0.37431639432907104,-0.08560648560523987,0.5209677219390869,0.5338147282600403,-0.0475325770676136,0.4854288101196289,0.46304982900619507,-0.07230617851018906,0.4585537910461426,0.4150283932685852,-0.090544193983078,0.4353494942188263,0.373884916305542,-0.1016506552696228,0.551641047000885,0.5425199866294861,-0.05933140963315964,0.5379460453987122,0.4819754958152771,-0.08398326486349106,0.5272008180618286,0.4400399923324585,-0.09796509891748428,0.5157010555267334,0.40121811628341675,-0.10668373852968216
THANK_YOU,0.5931209921836853,0.6483346819877625,1.4283284599514445e-07,0.55100017786026,0.6525917649269104,-0.0058344281278550625,0.5114139914512634,0.621914803981781,-0.01298615150153637,0.4923386573791504,0.5921006798744202,-0.02127973735332489,0.47574591636657715,0.5645710825920105,-0.030883362516760826,0.47844481468200684,0.5469335913658142,-0.02354523353278637,0.43596816062927246,0.48765304684638977,-0.04559088870882988,0.4055185914039612,0.4582594037055969,-0.05968860536813736,0.37869974970817566,0.43606188893318176,-0.06871947646141052,0.4955236315727234,0.5341611504554749,-0.03516077622771263,0.45157450437545776,0.4618334174156189,-0.05832058936357498,0.41921356320381165,0.4144894480705261,-0.0750507265329361,0.3916698694229126,0.37431639432907104,-0.08560648560523987,0.5209677219390869,0.5338147282600403,-0.0475325770676136,0.4854288101196289,0.46304982900619507,-0.07230617851018906,0.4585537910461426,0.4150283932685852,-0.090544193983078,0.4353494942188263,0.373884916305542,-0.1016506552696228,0.551641047000885,0.5425199866294861,-0.05933140963315964,0.5379460453987122,0.4819754958152771,-0.08398326486349106,0.5272008180618286,0.4400399923324585,-0.09796509891748428,0.5157010555267334,0.40121811628341675,-0.10668373852968216
THANK_YOU,0.5980567932128906,0.6561387181282043,8.80046400197898e-08,0.5530598163604736,0.6561068892478943,-0.0033985236659646034,0.5124687552452087,0.6238240599632263,-0.010268955491483212,0.49163001775741577,0.5940287709236145,-0.01865115948021412,0.4733661413192749,0.5682872533798218,-0.028910744935274124,0.4783535599708557,0.5491558909416199,-0.027066774666309357,0.43464818596839905,0.49123504757881165,-0.0496809221804142,0.4040594696998596,0.46087712049484253,-0.06356607377529144,0.3777022957801819,0.4353887140750885,-0.07275760918855667,0.49578481912612915,0.5395587682723999,-0.04027523472905159,0.45106926560401917,0.46497756242752075,-0.06572293490171432,0.42006319761276245,0.4163329601287842,-0.08307861536741257,0.39534854888916016,0.3738578259944916,-0.09418496489524841,0.5221835374832153,0.5421301126480103,-0.05355280637741089,0.48706212639808655,0.4679771065711975,-0.08048359304666519,0.462205171585083,0.4188764989376068,-0.09967907518148422,0.44097793102264404,0.3759121596813202,-0.11151614785194397,0.5537267327308655,0.5530189871788025,-0.06578142195940018,0.5413286089897156,0.49150532484054565,-0.09287797659635544,0.531463623046875,0.4478752911090851,-0.1085742935538292,0.5208664536476135,0.4061852693557739,-0.11863871663808823
THANK_YOU,0.5994554162025452,0.6581189036369324,9.909403075880618e-08,0.553801953792572,0.6596104502677917,-0.00575857562944293,0.5135311484336853,0.6270328760147095,-0.014300746843218803,0.49440237879753113,0.5983582735061646,-0.024156952276825905,0.4750497043132782,0.5738759636878967,-0.03629516437649727,0.47731146216392517,0.5477741956710815,-0.029627500101923943,0.4335620701313019,0.4907877743244171,-0.05251385271549225,0.4036838412284851,0.46073493361473083,-0.06734253466129303,0.3773297071456909,0.4355488121509552,-0.07750062644481659,0.49640119075775146,0.5383548736572266,-0.04281729832291603,0.45170527696609497,0.4635181128978729,-0.0674782320857048,0.42052507400512695,0.4165068566799164,-0.08549399673938751,0.3947566747665405,0.37595033645629883,-0.09766673296689987,0.5239419937133789,0.5420832633972168,-0.05634094774723053,0.4888957142829895,0.4671933650970459,-0.08291284739971161,0.4628264605998993,0.41736704111099243,-0.10328328609466553,0.440459668636322,0.37428921461105347,-0.11656863242387772,0.5559934377670288,0.5547756552696228,-0.0689893364906311,0.5435003042221069,0.4928089380264282,-0.09562654048204422,0.5343489646911621,0.44869187474250793,-0.11122843623161316,0.5247032046318054,0.40726393461227417,-0.12172796577215195
THANK_YOU,0.6027678847312927,0.6607876420021057,6.9218351939071e-08,0.556404173374176,0.6616788506507874,-0.004967907909303904,0.5128529667854309,0.6263753175735474,-0.012790296226739883,0.49112534523010254,0.5931500792503357,-0.021616661921143532,0.471701979637146,0.5667551755905151,-0.032455042004585266,0.4783264398574829,0.548424482345581,-0.03302878513932228,0.43381500244140625,0.48975685238838196,-0.05697726085782051,0.4023967385292053,0.46051090955734253,-0.0714791938662529,0.37479400634765625,0.43576374650001526,-0.08137772977352142,0.4984893500804901,0.5399038791656494,-0.046017684042453766,0.45301583409309387,0.4646681547164917,-0.07289385795593262,0.42188560962677,0.4174800515174866,-0.09061320126056671,0.3973034620285034,0.3766508400440216,-0.1022370234131813,0.5276854634284973,0.5444785356521606,-0.059009846299886703,0.49213525652885437,0.4706296920776367,-0.08698088675737381,0.46627485752105713,0.4220110774040222,-0.10676569491624832,0.4446161389350891,0.3796931505203247,-0.1193421259522438,0.5616899728775024,0.5577682852745056,-0.07101057469844818,0.5493864417076111,0.4955345392227173,-0.0996093899011612,0.5383922457695007,0.45141366124153137,-0.11655082553625107,0.5267809629440308,0.41057074069976807,-0.12770360708236694
THANK_YOU,0.6084136366844177,0.663993239402771,8.511747040529372e-08,0.5596540570259094,0.6649621725082397,-0.006586207542568445,0.5169746279716492,0.6304227113723755,-0.016387049108743668,0.4957886338233948,0.5993084907531738,-0.027260256931185722,0.47324228286743164,0.5732290744781494,-0.040393438190221786,0.4811658263206482,0.5503717660903931,-0.03564196825027466,0.4345257580280304,0.49157917499542236,-0.06059637665748596,0.4024447202682495,0.46207985281944275,-0.07614263892173767,0.37443143129348755,0.4364687502384186,-0.08697819709777832,0.5024643540382385,0.5416380167007446,-0.04897956922650337,0.4559798240661621,0.46629780530929565,-0.07679250836372375,0.42522671818733215,0.41874217987060547,-0.09653202444314957,0.4006122052669525,0.37638941407203674,-0.11015176773071289,0.5317026972770691,0.5455601215362549,-0.062442321330308914,0.4953489303588867,0.47238242626190186,-0.09144989401102066,0.46887096762657166,0.42267200350761414,-0.11360496282577515,0.44683146476745605,0.3797188401222229,-0.12823346257209778,0.5655985474586487,0.5579253435134888,-0.07495597749948502,0.5522230863571167,0.4952825605869293,-0.10396814346313477,0.5417300462722778,0.45109719038009644,-0.1221272200345993,0.5308215618133545,0.4110197126865387,-0.1346740871667862
THANK_YOU,0.6140885353088379,0.6659852862358093,1.2545525729379392e-09,0.5622519254684448,0.6681842803955078,-0.006199600175023079,0.5186955332756042,0.6333296298980713,-0.015822701156139374,0.49654343724250793,0.6035819053649902,-0.02660110592842102,0.4741164445877075,0.5788638591766357,-0.03990504518151283,0.4843066334724426,0.5524147152900696,-0.03954459726810455,0.4381028413772583,0.49136221408843994,-0.06702324748039246,0.4046819806098938,0.46473732590675354,-0.08357270061969757,0.37611663341522217,0.44125989079475403,-0.09511463344097137,0.5063989758491516,0.5432623624801636,-0.05374150350689888,0.45926913619041443,0.4657377004623413,-0.08516357094049454,0.4274825155735016,0.4212462902069092,-0.10630866140127182,0.40177440643310547,0.3786838948726654,-0.12096662819385529,0.5361091494560242,0.5468525886535645,-0.06798364222049713,0.5004710555076599,0.4732455611228943,-0.10036174207925797,0.4734767973423004,0.42429736256599426,-0.12464946508407593,0.45101815462112427,0.38028088212013245,-0.14074909687042236,0.5705834031105042,0.5585055947303772,-0.08111623674631119,0.5575512051582336,0.49541035294532776,-0.11369079351425171,0.5457667112350464,0.4506378769874573,-0.1351776421070099,0.533431887626648,0.4103395342826843,-0.15044209361076355
THANK_YOU,0.6158275604248047,0.6701716184616089,5.622822740747324e-08,0.5651451349258423,0.670674204826355,-0.009972662664949894,0.5208027958869934,0.635928213596344,-0.021296460181474686,0.49904665350914,0.6067337989807129,-0.033720795065164566,0.4785647690296173,0.5816812515258789,-0.048178184777498245,0.48656296730041504,0.5528684258460999,-0.034741319715976715,0.43936794996261597,0.49293607473373413,-0.061019718647003174,0.4072907567024231,0.46654847264289856,-0.07812678813934326,0.37913548946380615,0.4429861307144165,-0.08987345546483994,0.5093291401863098,0.5410172939300537,-0.047310762107372284,0.4609884023666382,0.4630737602710724,-0.07432176917791367,0.429917573928833,0.4182646870613098,-0.09346479177474976,0.40460503101348877,0.3767865300178528,-0.10671260952949524,0.5404050350189209,0.5440996289253235,-0.06080137938261032,0.5026043653488159,0.4686307907104492,-0.08936195820569992,0.47615933418273926,0.42016977071762085,-0.11029781401157379,0.45321688055992126,0.37569451332092285,-0.12416580319404602,0.576103925704956,0.5575670003890991,-0.07396622747182846,0.5627470016479492,0.4950142502784729,-0.10190495103597641,0.5512529015541077,0.451233446598053,-0.11835666000843048,0.5393355488777161,0.4101090431213379,-0.1297765076160431
THANK_YOU,0.6234962344169617,0.6736774444580078,5.5476203186799466e-08,0.5707526803016663,0.6734996438026428,-0.010892505757510662,0.5242760181427002,0.6420340538024902,-0.02241206169128418,0.5005019903182983,0.6133092045783997,-0.03488186374306679,0.47882339358329773,0.587591290473938,-0.048814285546541214,0.48999491333961487,0.5562685132026672,-0.03097756952047348,0.4409884512424469,0.4937165379524231,-0.055696506053209305,0.40918031334877014,0.46464958786964417,-0.07174266129732132,0.3807629346847534,0.43966910243034363,-0.08267423510551453,0.5140019059181213,0.5411893129348755,-0.04281964525580406,0.46332043409347534,0.46281886100769043,-0.06777480244636536,0.43200254440307617,0.4178970754146576,-0.08525288850069046,0.4058184027671814,0.37708616256713867,-0.09715071320533752,0.5465061068534851,0.5413631200790405,-0.055889926850795746,0.5073060393333435,0.46543505787849426,-0.0822436660528183,0.4819783568382263,0.41693419218063354,-0.10030558705329895,0.4592846632003784,0.3719996213912964,-0.11212048679590225,0.5836508870124817,0.5522465705871582,-0.06896918267011642,0.5692270398139954,0.4904455542564392,-0.09384699910879135,0.5593545436859131,0.4472636878490448,-0.1067754477262497,0.5492843389511108,0.4056015610694885,-0.1154581606388092
THANK_YOU,0.6272057294845581,0.6757428050041199,1.3527578346383962e-07,0.5774468183517456,0.6779713034629822,-0.014006822369992733,0.5281041264533997,0.6473890542984009,-0.02693764679133892,0.5018054246902466,0.6166249513626099,-0.040239837020635605,0.47547879815101624,0.5900627970695496,-0.054926082491874695,0.49706536531448364,0.556243896484375,-0.03485208377242088,0.44615674018859863,0.4941714406013489,-0.06103776767849922,0.41391491889953613,0.4661230444908142,-0.07799416780471802,0.3838457465171814,0.443837970495224,-0.08927581459283829,0.5226691365242004,0.5401021242141724,-0.04579285532236099,0.47320082783699036,0.46178707480430603,-0.07171716541051865,0.4418128430843353,0.41537606716156006,-0.08986882120370865,0.41443127393722534,0.3746216595172882,-0.1020546406507492,0.5559934973716736,0.5395512580871582,-0.058335013687610626,0.5152457356452942,0.46500059962272644,-0.08605806529521942,0.4877156615257263,0.4176943302154541,-0.105132095515728,0.462699830532074,0.37363266944885254,-0.11736012250185013,0.5938454270362854,0.5500743389129639,-0.07105452567338943,0.5797324776649475,0.4857741892337799,-0.09671653807163239,0.570583164691925,0.44173476099967957,-0.1100875735282898,0.560869574546814,0.3991772532463074,-0.11894802004098892
THANK_YOU,0.6319611072540283,0.6810253858566284,1.2705149288194661e-07,0.5796775817871094,0.6860436201095581,-0.011438694782555103,0.526239812374115,0.6524583697319031,-0.020842665806412697,0.49865904450416565,0.6181778311729431,-0.03060869872570038,0.4710920453071594,0.5964395403862,-0.041703883558511734,0.504813015460968,0.559175968170166,-0.02909301407635212,0.45136919617652893,0.500596821308136,-0.05323391407728195,0.4172592759132385,0.4717845916748047,-0.06992578506469727,0.38536471128463745,0.4500974416732788,-0.08093913644552231,0.5320829153060913,0.5393476486206055,-0.03983969986438751,0.482143372297287,0.4614790678024292,-0.06240455061197281,0.4498593807220459,0.41367894411087036,-0.0799374207854271,0.42118144035339355,0.37258827686309814,-0.09165450185537338,0.5669286847114563,0.5364793539047241,-0.051986824721097946,0.5280514359474182,0.46228426694869995,-0.07620172947645187,0.5014312267303467,0.4139142632484436,-0.09420572966337204,0.47670188546180725,0.37092724442481995,-0.10561534762382507,0.6062601208686829,0.5452521443367004,-0.06423991173505783,0.5940988063812256,0.47984033823013306,-0.08592420071363449,0.5846164226531982,0.4352790415287018,-0.09691744297742844,0.5735785365104675,0.39291608333587646,-0.10401727259159088
THANK_YOU,0.6429344415664673,0.6896778345108032,1.5098768813004426e-07,0.5883318781852722,0.6968732476234436,-0.012647677212953568,0.5323424339294434,0.6605014801025391,-0.02177899330854416,0.503171443939209,0.6241565942764282,-0.03074377216398716,0.47233158349990845,0.6076381802558899,-0.04116485267877579,0.5162776112556458,0.5660057663917542,-0.0297352634370327,0.46315863728523254,0.5075638294219971,-0.054484933614730835,0.42858296632766724,0.478140652179718,-0.07213735580444336,0.3962489366531372,0.4564734995365143,-0.08377856016159058,0.5465065836906433,0.5448053479194641,-0.039813220500946045,0.49671775102615356,0.46714404225349426,-0.062387239187955856,0.46496841311454773,0.4167625308036804,-0.08031576126813889,0.43693527579307556,0.37214601039886475,-0.0925455316901207,0.5847198963165283,0.5402914881706238,-0.05144984647631645,0.5459555387496948,0.46220943331718445,-0.07602447271347046,0.5191486477851868,0.4130343794822693,-0.09414055943489075,0.49426326155662537,0.367791086435318,-0.10586041957139969,0.6271921396255493,0.547018826007843,-0.06324663013219833,0.6161657571792603,0.4798482060432434,-0.08583477884531021,0.6080003976821899,0.4340435266494751,-0.09698568284511566,0.5982522368431091,0.38883763551712036,-0.10417647659778595
THANK_YOU,0.6522947549819946,0.6943081617355347,1.3315107594280562e-07,0.5963037014007568,0.7002061009407043,-0.013379717245697975,0.5382770299911499,0.6638191938400269,-0.022862741723656654,0.5072746872901917,0.6266957521438599,-0.03216780722141266,0.47427529096603394,0.609442412853241,-0.042662765830755234,0.5234321355819702,0.5665780901908875,-0.02924218215048313,0.46964478492736816,0.508030891418457,-0.053923144936561584,0.43423914909362793,0.4778423309326172,-0.0715775266289711,0.4009851813316345,0.45554018020629883,-0.0834188461303711,0.5538368821144104,0.5448638200759888,-0.03923824429512024,0.5036241412162781,0.4659743309020996,-0.06191716715693474,0.4718414545059204,0.4153939485549927,-0.07929851859807968,0.44383376836776733,0.3717063367366791,-0.09108227491378784,0.5927678346633911,0.5403258800506592,-0.05100260674953461,0.5534358024597168,0.46099841594696045,-0.07569213956594467,0.5272716879844666,0.4102896749973297,-0.09281174838542938,0.5028083324432373,0.3635947108268738,-0.10373924672603607,0.6366516351699829,0.546494722366333,-0.06314713507890701,0.6264864206314087,0.4780573844909668,-0.08558691293001175,0.6187445521354675,0.43105143308639526,-0.09620463103055954,0.6092081665992737,0.3847894072532654,-0.10294537991285324
THANK_YOU,0.6569558382034302,0.6955300569534302,1.2082705325155985e-07,0.5995030403137207,0.7002864480018616,-0.013398590497672558,0.5412008762359619,0.6634010076522827,-0.022786665707826614,0.509345293045044,0.6263463497161865,-0.03206375241279602,0.4760099947452545,0.6079148054122925,-0.04251517727971077,0.5297790765762329,0.5665168166160583,-0.027595046907663345,0.47669386863708496,0.5069772005081177,-0.05165306106209755,0.4418110251426697,0.4768133759498596,-0.06906372308731079,0.40966951847076416,0.4544176757335663,-0.08064278215169907,0.5602917671203613,0.5451474785804749,-0.03716285526752472,0.5114067196846008,0.4649234712123871,-0.05852052569389343,0.48090091347694397,0.41422420740127563,-0.07517421245574951,0.4547063708305359,0.3703120946884155,-0.08656921237707138,0.5995553135871887,0.5405617952346802,-0.04865049943327904,0.5611143112182617,0.4604259133338928,-0.0721149817109108,0.5357950329780579,0.4092986285686493,-0.08878735452890396,0.5130160450935364,0.3627626895904541,-0.09957539290189743,0.6442762613296509,0.5463809370994568,-0.060585495084524155,0.6358489394187927,0.4782558083534241,-0.08174152672290802,0.6298486590385437,0.43275487422943115,-0.09171808511018753,0.6219384074211121,0.3888983428478241,-0.09815265238285065
THANK_YOU,0.6569558382034302,0.6955300569534302,1.2082705325155985e-07,0.5995030403137207,0.7002864480018616,-0.013398590497672558,0.5412008762359619,0.6634010076522827,-0.022786665707826614,0.509345293045044,0.6263463497161865,-0.03206375241279602,0.4760099947452545,0.6079148054122925,-0.04251517727971077,0.5297790765762329,0.5665168166160583,-0.027595046907663345,0.47669386863708496,0.5069772005081177,-0.05165306106209755,0.4418110251426697,0.4768133759498596,-0.06906372308731079,0.40966951847076416,0.4544176757335663,-0.08064278215169907,0.5602917671203613,0.5451474785804749,-0.03716285526752472,0.5114067196846008,0.4649234712123871,-0.05852052569389343,0.48090091347694397,0.41422420740127563,-0.07517421245574951,0.4547063708305359,0.3703120946884155,-0.08656921237707138,0.5995553135871887,0.5405617952346802,-0.04865049943327904,0.5611143112182617,0.4604259133338928,-0.0721149817109108,0.5357950329780579,0.4092986285686493,-0.08878735452890396,0.5130160450935364,0.3627626895904541,-0.09957539290189743,0.6442762613296509,0.5463809370994568,-0.060585495084524155,0.6358489394187927,0.4782558083534241,-0.08174152672290802,0.6298486590385437,0.43275487422943115,-0.09171808511018753,0.6219384074211121,0.3888983428478241,-0.09815265238285065
THANK_YOU,0.6589893698692322,0.6928913593292236,1.661325370605482e-07,0.6018365025520325,0.700324296951294,-0.013768342323601246,0.5442348718643188,0.6613553166389465,-0.022636765614151955,0.5122085809707642,0.622149646282196,-0.030819270759820938,0.4806673526763916,0.6016241312026978,-0.04019124433398247,0.5393587350845337,0.5629028081893921,-0.028453370556235313,0.4880136251449585,0.5017669796943665,-0.052016425877809525,0.45454081892967224,0.4697842299938202,-0.06892306357622147,0.423981249332428,0.4455116391181946,-0.08002082258462906,0.5705128312110901,0.5409573912620544,-0.03650687634944916,0.5256144404411316,0.4606179893016815,-0.056654639542102814,0.4977649748325348,0.4088529944419861,-0.0726030096411705,0.47373199462890625,0.3631492257118225,-0.08357705920934677,0.6099705696105957,0.5358568429946899,-0.04638512060046196,0.5773178935050964,0.4575807452201843,-0.06901378184556961,0.5547722578048706,0.40583422780036926,-0.08575683832168579,0.5348560810089111,0.35857129096984863,-0.0966239795088768,0.6537261605262756,0.5424543023109436,-0.05656783655285835,0.648499608039856,0.4745790958404541,-0.07785317301750183,0.6473380327224731,0.43023213744163513,-0.08790240436792374,0.6448891758918762,0.38695186376571655,-0.09417238086462021
THANK_YOU,0.6670729517936707,0.6957943439483643,1.7738543078849034e-07,0.6093912720680237,0.6992180347442627,-0.015819426625967026,0.5520593523979187,0.6584195494651794,-0.026731710880994797,0.5196545124053955,0.6185327768325806,-0.03705819323658943,0.4872063994407654,0.5934317708015442,-0.048353396356105804,0.5477586984634399,0.5589933395385742,-0.030596213415265083,0.49912378191947937,0.4943620562553406,-0.05632194131612778,0.46673983335494995,0.45925116539001465,-0.07486198097467422,0.4365447759628296,0.43149060010910034,-0.08714160323143005,0.5802536010742188,0.5376251935958862,-0.038701895624399185,0.538753092288971,0.45540183782577515,-0.061091016978025436,0.5130271911621094,0.40043842792510986,-0.0783926248550415,0.4909902811050415,0.3514644205570221,-0.09029927104711533,0.6209227442741394,0.5338146090507507,-0.04896501451730728,0.5902307033538818,0.4546939730644226,-0.07377973943948746,0.5701141953468323,0.40255504846572876,-0.09139085561037064,0.5521638989448547,0.35414400696754456,-0.10268645733594894,0.6657996773719788,0.5426672697067261,-0.05969563126564026,0.6649737358093262,0.4743422567844391,-0.08249595016241074,0.6651509404182434,0.43001633882522583,-0.09330248832702637,0.6629316806793213,0.38644158840179443,-0.10006776452064514
THANK_YOU,0.6735141277313232,0.7003859281539917,1.804447293807243e-07,0.6140232086181641,0.7007686495780945,-0.017941124737262726,0.5572342872619629,0.6560719013214111,-0.0296048391610384,0.5260297060012817,0.6131523251533508,-0.040596362203359604,0.49262383580207825,0.5887830257415771,-0.05236117169260979,0.5594239830970764,0.5503122210502625,-0.02830612286925316,0.5154648423194885,0.4835929572582245,-0.05286858603358269,0.48526620864868164,0.44702672958374023,-0.07147173583507538,0.4570011794567108,0.4179340898990631,-0.08407629281282425,0.593623161315918,0.5273276567459106,-0.035508036613464355,0.5574237108230591,0.44338998198509216,-0.05595012009143829,0.5336856842041016,0.3872477114200592,-0.07213055342435837,0.5127013921737671,0.33862221240997314,-0.08371701836585999,0.6353791356086731,0.5256201028823853,-0.04546866565942764,0.6103856563568115,0.4441950023174286,-0.06792085617780685,0.5923895239830017,0.3894374370574951,-0.08433406054973602,0.5756017565727234,0.34005284309387207,-0.09538663923740387,0.6806483864784241,0.5387855172157288,-0.05648170784115791,0.6853437423706055,0.4698154330253601,-0.07691975682973862,0.6862303614616394,0.42306867241859436,-0.08713573962450027,0.682930588722229,0.3784511089324951,-0.09406277537345886
THANK_YOU,0.6821138858795166,0.7053087949752808,1.8131338208604575e-07,0.6221277117729187,0.7025517225265503,-0.019741687923669815,0.5665269494056702,0.6540648341178894,-0.03331302851438522,0.5346499681472778,0.6074239015579224,-0.04593317210674286,0.4991932511329651,0.5797491073608398,-0.05932146683335304,0.5732871294021606,0.5450230240821838,-0.03113965131342411,0.5328060984611511,0.4723920226097107,-0.057146281003952026,0.50484299659729,0.4330459237098694,-0.07632413506507874,0.47760009765625,0.40003228187561035,-0.08954910933971405,0.6090574860572815,0.523564338684082,-0.03875397518277168,0.5751045346260071,0.43207263946533203,-0.061945922672748566,0.5543873906135559,0.3736294209957123,-0.07966439425945282,0.5344831943511963,0.32132935523986816,-0.09220323711633682,0.6515740752220154,0.524377167224884,-0.0491112619638443,0.6312702298164368,0.4368267357349396,-0.07464255392551422,0.6157583594322205,0.3805663585662842,-0.09146274626255035,0.5992265939712524,0.32852575182914734,-0.10249568521976471,0.6970865726470947,0.5401795506477356,-0.06051608920097351,0.705437183380127,0.46563559770584106,-0.08372818678617477,0.7096685767173767,0.4148637354373932,-0.09485092014074326,0.709021270275116,0.3648843467235565,-0.10230208188295364
THANK_YOU,0.6938712000846863,0.7177404165267944,1.5544584641702386e-07,0.62979656457901,0.7069076299667358,-0.020510215312242508,0.5745990872383118,0.6528660655021667,-0.033918265253305435,0.5421911478042603,0.603327751159668,-0.046770062297582626,0.5050369501113892,0.5771017670631409,-0.060542020946741104,0.5884130597114563,0.5391125679016113,-0.02533455565571785,0.5505017042160034,0.4649284780025482,-0.04934418946504593,0.5246392488479614,0.42108356952667236,-0.06875374168157578,0.49890419840812683,0.38425275683403015,-0.08276576548814774,0.6266741752624512,0.5178053379058838,-0.0327027402818203,0.5972064733505249,0.4258725941181183,-0.053028009831905365,0.5782864093780518,0.36761021614074707,-0.07103940099477768,0.5606213808059692,0.3162810802459717,-0.08457668125629425,0.6696609258651733,0.5204599499702454,-0.0431935153901577,0.6529214978218079,0.43017399311065674,-0.06594996154308319,0.6397443413734436,0.37549149990081787,-0.08294318616390228,0.625846803188324,0.3254743218421936,-0.09486103802919388,0.7142475843429565,0.5394783616065979,-0.05519557371735573,0.7246692776679993,0.46852052211761475,-0.0761571004986763,0.7313283681869507,0.42232418060302734,-0.08702752739191055,0.7346183657646179,0.3769340515136719,-0.09471742063760757
THANK_YOU,0.7054510116577148,0.7300170660018921,1.1420988244026375e-07,0.6376615762710571,0.7124792337417603,-0.019721252843737602,0.5821868181228638,0.6553179621696472,-0.03212270885705948,0.5502312779426575,0.6047279834747314,-0.044614534825086594,0.5140982866287231,0.5796942710876465,-0.058315765112638474,0.6038607358932495,0.5399031639099121,-0.023807119578123093,0.5666375756263733,0.4609360992908478,-0.04740121588110924,0.5412421822547913,0.41428619623184204,-0.06634556502103806,0.5161503553390503,0.3738565444946289,-0.08011326938867569,0.6431258320808411,0.5191558599472046,-0.03201480954885483,0.6171737313270569,0.42070528864860535,-0.052830278873443604,0.597806990146637,0.35966241359710693,-0.07067907601594925,0.5786673426628113,0.3076068162918091,-0.08394158631563187,0.6856068968772888,0.5232445597648621,-0.043431706726551056,0.6729047894477844,0.431242436170578,-0.06682468205690384,0.661518931388855,0.3753052353858948,-0.08416762202978134,0.6487997174263,0.32431527972221375,-0.09596168249845505,0.7288398742675781,0.5443742275238037,-0.056492872536182404,0.7419835329055786,0.47307130694389343,-0.07699918746948242,0.7501640319824219,0.42605701088905334,-0.08777649700641632,0.7544925212860107,0.3801836371421814,-0.09551124274730682
THANK_YOU,0.7215763926506042,0.7388730049133301,2.88963359906802e-08,0.651931881904602,0.7170971632003784,-0.022009672597050667,0.5944997668266296,0.654918909072876,-0.035647571086883545,0.5621633529663086,0.5999129414558411,-0.04931943491101265,0.5267223119735718,0.5732067227363586,-0.06404382735490799,0.6216892004013062,0.5392740368843079,-0.026240242645144463,0.5873436331748962,0.4514821767807007,-0.050316035747528076,0.5644823312759399,0.40231579542160034,-0.06900952011346817,0.5418761372566223,0.36177948117256165,-0.08223719149827957,0.6621140241622925,0.5201651453971863,-0.03277038782835007,0.6404303908348083,0.41589146852493286,-0.053930215537548065,0.6264433860778809,0.3547844886779785,-0.0705035924911499,0.613827109336853,0.3024512827396393,-0.08299966901540756,0.7045649290084839,0.5251936316490173,-0.042887721210718155,0.693867564201355,0.4281747341156006,-0.06566377729177475,0.6873723864555359,0.3703267574310303,-0.08210766315460205,0.6807811260223389,0.3192371428012848,-0.09330416470766068,0.7482742071151733,0.5467803478240967,-0.05502644181251526,0.7621530294418335,0.47295907139778137,-0.07348988950252533,0.7717876434326172,0.426126629114151,-0.08360505104064941,0.7775726318359375,0.3814520239830017,-0.09128120541572571
THANK_YOU,0.7303823232650757,0.7426992058753967,-3.508021606535294e-08,0.6628506183624268,0.7162795066833496,-0.027941612526774406,0.6074610948562622,0.6519334316253662,-0.044156499207019806,0.5756061673164368,0.5924726128578186,-0.05959547683596611,0.5402249693870544,0.5612655282020569,-0.07619325816631317,0.6434322595596313,0.5330035090446472,-0.028916096314787865,0.608116626739502,0.4489731788635254,-0.05186637490987778,0.586154580116272,0.3994181752204895,-0.0716865062713623,0.5658654570579529,0.3556145131587982,-0.08680211007595062,0.6846503019332886,0.5118908286094666,-0.03237215802073479,0.6661442518234253,0.40902191400527954,-0.05268150940537453,0.6496715545654297,0.34859204292297363,-0.0701112225651741,0.6328469514846802,0.2981395721435547,-0.08409316837787628,0.7261615991592407,0.5173743963241577,-0.03972327709197998,0.71684330701828,0.423356831073761,-0.061786144971847534,0.7062103152275085,0.36202386021614075,-0.07934430986642838,0.6966461539268494,0.30850592255592346,-0.09183070808649063,0.7685028910636902,0.5405499339103699,-0.04976419359445572,0.7856902480125427,0.4700772762298584,-0.06729482859373093,0.7967820167541504,0.4248511791229248,-0.07809516042470932,0.8036372661590576,0.381930947303772,-0.08700082451105118
THANK_YOU,0.7615309953689575,0.7462853193283081,4.4332466586638475e-08,0.6924464106559753,0.7157570123672485,-0.031782060861587524,0.637535810470581,0.6482603549957275,-0.05111221596598625,0.6053791046142578,0.5890052318572998,-0.06907865405082703,0.5691207647323608,0.5579115152359009,-0.08821865171194077,0.6782981157302856,0.527819812297821,-0.03774816915392876,0.6486250162124634,0.43509170413017273,-0.0645940974354744,0.6282718181610107,0.3806052505970001,-0.08615773916244507,0.607475757598877,0.33186936378479004,-0.1016133651137352,0.7223724126815796,0.5101386308670044,-0.040498632937669754,0.710049033164978,0.4032338559627533,-0.06332892179489136,0.6960872411727905,0.3343413472175598,-0.08194930851459503,0.6811729669570923,0.27572566270828247,-0.09650974720716476,0.7651599049568176,0.5183432698249817,-0.04716628044843674,0.7609876990318298,0.4206864833831787,-0.0699402391910553,0.7522637844085693,0.355415403842926,-0.08814334124326706,0.7432131767272949,0.2982788681983948,-0.10118568688631058,0.8073509931564331,0.5446048378944397,-0.056853752583265305,0.8253721594810486,0.4707188010215759,-0.07479589432477951,0.8366985321044922,0.42225566506385803,-0.08574213832616806,0.843921959400177,0.3767244219779968,-0.09446408599615097
THANK_YOU,0.7753782272338867,0.746940016746521,3.6665415592551653e-08,0.7037891745567322,0.7168432474136353,-0.032686520367860794,0.6492686867713928,0.6500285267829895,-0.05194400995969772,0.617803156375885,0.5906914472579956,-0.06975017488002777,0.5813900232315063,0.5598489046096802,-0.08877784758806229,0.6924854516983032,0.5252850651741028,-0.037117280066013336,0.6633577942848206,0.4320725202560425,-0.06362331658601761,0.6441623568534851,0.3765314221382141,-0.08539930731058121,0.6244937777519226,0.32700201869010925,-0.10141654312610626,0.736380934715271,0.5064896941184998,-0.03950507938861847,0.7232692837715149,0.39675769209861755,-0.062129899859428406,0.7102078795433044,0.3287126421928406,-0.0811893418431282,0.696567714214325,0.2699384093284607,-0.096364326775074,0.7793346047401428,0.5142282843589783,-0.045985911041498184,0.7730708122253418,0.4145146608352661,-0.06884724646806717,0.7645665407180786,0.35069891810417175,-0.08744736760854721,0.7562927603721619,0.29445743560791016,-0.10100667923688889,0.8219413757324219,0.5406442880630493,-0.05567614734172821,0.8384643197059631,0.4653942286968231,-0.07390280067920685,0.8490405678749084,0.41779887676239014,-0.08554177731275558,0.8560068607330322,0.3728047013282776,-0.09507950395345688
THANK_YOU,0.7829620838165283,0.7505314350128174,3.769907763739866e-08,0.711952269077301,0.7188558578491211,-0.035392727702856064,0.6565332412719727,0.6531485319137573,-0.056711141020059586,0.6232304573059082,0.5922956466674805,-0.07633402943611145,0.5859733819961548,0.5577544569969177,-0.09683805704116821,0.7027832269668579,0.5274286866188049,-0.03931219503283501,0.6750565767288208,0.4335874319076538,-0.06629861146211624,0.6590029001235962,0.3770744800567627,-0.08826886117458344,0.6429696083068848,0.32651978731155396,-0.10455881804227829,0.7477958798408508,0.5067253112792969,-0.04073600098490715,0.7344789505004883,0.3931815028190613,-0.0639258325099945,0.7226938009262085,0.32486996054649353,-0.0825943797826767,0.709865391254425,0.26700353622436523,-0.09731785207986832,0.7909576296806335,0.5140647888183594,-0.0465022474527359,0.785325288772583,0.41333720088005066,-0.07027778774499893,0.7774530053138733,0.35026758909225464,-0.08822233974933624,0.769072413444519,0.29393261671066284,-0.10074008256196976,0.8337112665176392,0.5406805872917175,-0.05569363012909889,0.8509672284126282,0.46583250164985657,-0.07393161952495575,0.8603231906890869,0.4175616502761841,-0.08486853539943695,0.8647313117980957,0.37091025710105896,-0.09358009696006775
THANK_YOU,0.7912672162055969,0.7491979598999023,6.284986397986358e-08,0.7194958329200745,0.7196389436721802,-0.0359380804002285,0.6647551655769348,0.6531744003295898,-0.057276904582977295,0.632849395275116,0.5927465558052063,-0.07654713094234467,0.5956335663795471,0.5591356754302979,-0.09690579026937485,0.711633026599884,0.5275347232818604,-0.042241357266902924,0.6847889423370361,0.433999240398407,-0.06985551863908768,0.6678926944732666,0.37682875990867615,-0.09260983765125275,0.6504353284835815,0.3252847194671631,-0.10960696637630463,0.7561818957328796,0.5071415305137634,-0.04354320466518402,0.7443553805351257,0.39481067657470703,-0.06689000874757767,0.7324129343032837,0.32575660943984985,-0.08666381984949112,0.7191596627235413,0.26505744457244873,-0.10265622287988663,0.7986245155334473,0.5146914720535278,-0.04889499768614769,0.7943788170814514,0.4159289598464966,-0.07219718396663666,0.7862993478775024,0.35277560353279114,-0.09113479405641556,0.7773223519325256,0.29604631662368774,-0.10511843115091324,0.8398064970970154,0.5423511862754822,-0.05773656442761421,0.8573693037033081,0.4693579375743866,-0.07614219933748245,0.8674910068511963,0.4214991331100464,-0.0880853533744812,0.8732351064682007,0.375419557094574,-0.09801271557807922
THANK_YOU,0.7912672162055969,0.7491979598999023,6.284986397986358e-08,0.7194958329200745,0.7196389436721802,-0.0359380804002285,0.6647551655769348,0.6531744003295898,-0.057276904582977295,0.632849395275116,0.5927465558052063,-0.07654713094234467,0.5956335663795471,0.5591356754302979,-0.09690579026937485,0.711633026599884,0.5275347232818604,-0.042241357266902924,0.6847889423370361,0.433999240398407,-0.06985551863908768,0.6678926944732666,0.37682875990867615,-0.09260983765125275,0.6504353284835815,0.3252847194671631,-0.10960696637630463,0.7561818957328796,0.5071415305137634,-0.04354320466518402,0.7443553805351257,0.39481067657470703,-0.06689000874757767,0.7324129343032837,0.32575660943984985,-0.08666381984949112,0.7191596627235413,0.26505744457244873,-0.10265622287988663,0.7986245155334473,0.5146914720535278,-0.04889499768614769,0.7943788170814514,0.4159289598464966,-0.07219718396663666,0.7862993478775024,0.35277560353279114,-0.09113479405641556,0.7773223519325256,0.29604631662368774,-0.10511843115091324,0.8398064970970154,0.5423511862754822,-0.05773656442761421,0.8573693037033081,0.4693579375743866,-0.07614219933748245,0.8674910068511963,0.4214991331100464,-0.0880853533744812,0.8732351064682007,0.375419557094574,-0.09801271557807922
THANK_YOU,0.7986513376235962,0.7535172700881958,8.959407438169364e-08,0.7263519763946533,0.7255597114562988,-0.038299769163131714,0.6714376211166382,0.6590646505355835,-0.06081930920481682,0.6394878029823303,0.5962398648262024,-0.08085691928863525,0.602439284324646,0.5607150793075562,-0.1017739400267601,0.7194404602050781,0.5303963422775269,-0.0431651845574379,0.69185870885849,0.4372487962245941,-0.0713205561041832,0.6759452819824219,0.37867146730422974,-0.09491944313049316,0.6594638824462891,0.3257143497467041,-0.11257777363061905,0.7641481161117554,0.5086930394172668,-0.0437190979719162,0.7524909973144531,0.3950686454772949,-0.06754668056964874,0.7401308417320251,0.32401031255722046,-0.08767955005168915,0.7256847620010376,0.26179081201553345,-0.1035926565527916,0.8062661290168762,0.5158188939094543,-0.04847673326730728,0.8008999824523926,0.4157595932483673,-0.07145251333713531,0.7935781478881836,0.3512312173843384,-0.08961552381515503,0.7848713397979736,0.29395681619644165,-0.1030501052737236,0.8468358516693115,0.5433734059333801,-0.0570572130382061,0.8625503182411194,0.4699011743068695,-0.07452166825532913,0.8719921112060547,0.42268291115760803,-0.08513034880161285,0.877498984336853,0.37782377004623413,-0.09403309971094131
THANK_YOU,0.8021306395530701,0.7600603103637695,9.860062988309437e-08,0.7284397482872009,0.7304222583770752,-0.03643276169896126,0.6744653582572937,0.6634093523025513,-0.058351870626211166,0.644038200378418,0.6014447212219238,-0.07819661498069763,0.6077036261558533,0.5654269456863403,-0.09907274693250656,0.7233262062072754,0.531956136226654,-0.04109439626336098,0.6963434219360352,0.4376034736633301,-0.06891556829214096,0.6806162595748901,0.379359632730484,-0.0923670083284378,0.6644467711448669,0.32723742723464966,-0.10979247093200684,0.7683014273643494,0.5123894214630127,-0.0426136739552021,0.7571844458580017,0.39850035309791565,-0.06600300222635269,0.7455809116363525,0.32677677273750305,-0.08607280254364014,0.7322260737419128,0.26562997698783875,-0.10196944326162338,0.8107976913452148,0.5213235020637512,-0.04831208661198616,0.806365430355072,0.4202895760536194,-0.07059554010629654,0.7992350459098816,0.3546033203601837,-0.08890184760093689,0.7908879518508911,0.2974175214767456,-0.10268907994031906,0.8515900373458862,0.5500833988189697,-0.0576767735183239,0.8682284355163574,0.4764247238636017,-0.07501298189163208,0.8778132796287537,0.4285815358161926,-0.08580541610717773,0.8835481405258179,0.38337206840515137,-0.09484535455703735
THANK_YOU,0.8048906922340393,0.7647718787193298,8.977665544307456e-08,0.7312182188034058,0.7355259656906128,-0.03664395958185196,0.6767945289611816,0.6688216924667358,-0.05859474465250969,0.6449816823005676,0.6065289974212646,-0.07832347601652145,0.608206033706665,0.5697146058082581,-0.09902018308639526,0.7261536121368408,0.5400950908660889,-0.04227637127041817,0.6990160346031189,0.4444669485092163,-0.07002855092287064,0.6828577518463135,0.38446682691574097,-0.09304691106081009,0.6663593649864197,0.33066731691360474,-0.11017300188541412,0.7707874774932861,0.5198784470558167,-0.043428875505924225,0.7597552537918091,0.40449076890945435,-0.06714070588350296,0.7481911182403564,0.3317211866378784,-0.08701547980308533,0.7348123788833618,0.26932111382484436,-0.10266835987567902,0.8131918907165527,0.5277608633041382,-0.04863905906677246,0.8093153834342957,0.4266799986362457,-0.07128141820430756,0.8022167086601257,0.35947051644325256,-0.08973941951990128,0.7937167882919312,0.30055150389671326,-0.10338155925273895,0.8540244698524475,0.5552083849906921,-0.057454876601696014,0.8712728023529053,0.48006802797317505,-0.07472319155931473,0.8809921145439148,0.4313737452030182,-0.08541077375411987,0.8864244818687439,0.38563835620880127,-0.09429975599050522
THANK_YOU,0.7487269639968872,0.7768125534057617,2.7314083439478054e-08,0.6788126826286316,0.7466714382171631,-0.03169005364179611,0.6248976588249207,0.6808757185935974,-0.05205807089805603,0.5949380397796631,0.6204597353935242,-0.07101030647754669,0.56205153465271,0.5818175077438354,-0.09146673232316971,0.6645844578742981,0.5643271207809448,-0.0422675721347332,0.6344045400619507,0.4746922552585602,-0.06998085975646973,0.6145508885383606,0.42023786902427673,-0.09129935503005981,0.595941960811615,0.3703433573246002,-0.10723409056663513,0.7108231782913208,0.5446498990058899,-0.046759478747844696,0.69847172498703,0.4333803951740265,-0.07176700234413147,0.6857767105102539,0.3651031255722046,-0.0910855233669281,0.6726447343826294,0.3064180314540863,-0.10637010633945465,0.756625235080719,0.5545496344566345,-0.05489450320601463,0.7571594715118408,0.45262575149536133,-0.08176670968532562,0.7524550557136536,0.38449251651763916,-0.1017722561955452,0.7479732632637024,0.3235153555870056,-0.11592859774827957,0.8020606637001038,0.5836449861526489,-0.06550634652376175,0.8318256139755249,0.5078673362731934,-0.08774431049823761,0.85169517993927,0.4601954221725464,-0.10050685703754425,0.8665971755981445,0.4131849408149719,-0.11051201820373535
THANK_YOU,0.5306490659713745,0.6624552011489868,1.9444567556092807e-07,0.5240393877029419,0.6000887155532837,-0.0007564385887235403,0.5042365789413452,0.549383819103241,-0.008398897014558315,0.48884251713752747,0.510356605052948,-0.016907459124922752,0.4877767264842987,0.4728413224220276,-0.028231274336576462,0.4440566897392273,0.5458922386169434,-0.02646135911345482,0.3957415819168091,0.4945620000362396,-0.041070226579904556,0.3684025704860687,0.4641247093677521,-0.0491190068423748,0.3481449484825134,0.43778175115585327,-0.055398207157850266,0.43377095460891724,0.5770012736320496,-0.03752095624804497,0.3698367178440094,0.5285542607307434,-0.05296992510557175,0.33238983154296875,0.49754849076271057,-0.06315244734287262,0.3070547580718994,0.46934807300567627,-0.07149700075387955,0.4299655258655548,0.6173461675643921,-0.04730381444096565,0.3687593638896942,0.5703272819519043,-0.06447900086641312,0.33115148544311523,0.5397417545318604,-0.07540574669837952,0.3052610754966736,0.5114362239837646,-0.08307527005672455,0.43257537484169006,0.6620900630950928,-0.05581730604171753,0.380819171667099,0.6426076889038086,-0.07505398243665695,0.3482903838157654,0.6294711232185364,-0.08381529897451401,0.3209669589996338,0.6154278516769409,-0.08871009200811386
THANK_YOU,0.5270805358886719,0.658219575881958,1.993297757962864e-07,0.5227736234664917,0.596207857131958,-0.0007715637912042439,0.5043209195137024,0.547878086566925,-0.007994572632014751,0.49006375670433044,0.5090440511703491,-0.01595642790198326,0.48864197731018066,0.47284460067749023,-0.02640136145055294,0.4417434334754944,0.5429442524909973,-0.02423831634223461,0.39503538608551025,0.491970419883728,-0.03740115463733673,0.3688354194164276,0.46169108152389526,-0.04450313374400139,0.3493025302886963,0.4364764988422394,-0.0499657578766346,0.43018418550491333,0.572299599647522,-0.03421740233898163,0.3681400716304779,0.5230444073677063,-0.047520194202661514,0.33168402314186096,0.4928949475288391,-0.05596284568309784,0.3066779375076294,0.46663886308670044,-0.06293081492185593,0.42505624890327454,0.6111100912094116,-0.043045129626989365,0.36607638001441956,0.5637507438659668,-0.058084309101104736,0.32994577288627625,0.5336796641349792,-0.0681130662560463,0.3047121465206146,0.5072481632232666,-0.07527805864810944,0.4265030324459076,0.65491783618927,-0.05067138001322746,0.37714576721191406,0.6361948847770691,-0.0677928552031517,0.3459402620792389,0.6232022643089294,-0.07569694519042969,0.31956103444099426,0.6099764108657837,-0.08010198920965195
THANK_YOU,0.5254599452018738,0.6564822793006897,1.8921070932265138e-07,0.5204678773880005,0.595429539680481,-0.0013410381507128477,0.5027636885643005,0.54702228307724,-0.008716795593500137,0.48948878049850464,0.5077564120292664,-0.016979044303297997,0.4893683195114136,0.4718048870563507,-0.027807047590613365,0.44214755296707153,0.5402299165725708,-0.023313116282224655,0.3954489827156067,0.4898301064968109,-0.03699954226613045,0.36951157450675964,0.45969218015670776,-0.044773560017347336,0.350061297416687,0.434368371963501,-0.05081783980131149,0.4308234751224518,0.5691198110580444,-0.033479247242212296,0.3694329559803009,0.52067631483078,-0.04727132245898247,0.33310508728027344,0.490813285112381,-0.05643141269683838,0.30731648206710815,0.4645599126815796,-0.06386458873748779,0.4257049858570099,0.6077845692634583,-0.042752984911203384,0.36830922961235046,0.5614411234855652,-0.05849642679095268,0.33309081196784973,0.5319290161132812,-0.06895891577005386,0.3074195384979248,0.50577312707901,-0.07631031423807144,0.42688244581222534,0.6518739461898804,-0.05094175413250923,0.37836360931396484,0.633025586605072,-0.06879720091819763,0.34763067960739136,0.6201320290565491,-0.07696457952260971,0.32086360454559326,0.6065348386764526,-0.08149444311857224
THANK_YOU,0.5254599452018738,0.6564822793006897,1.8921070932265138e-07,0.5204678773880005,0.595429539680481,-0.0013410381507128477,0.5027636885643005,0.54702228307724,-0.008716795593500137,0.48948878049850464,0.5077564120292664,-0.016979044303297997,0.4893683195114136,0.4718048870563507,-0.027807047590613365,0.44214755296707153,0.5402299165725708,-0.023313116282224655,0.3954489827156067,0.4898301064968109,-0.03699954226613045,0.36951157450675964,0.45969218015670776,-0.044773560017347336,0.350061297416687,0.434368371963501,-0.05081783980131149,0.4308234751224518,0.5691198110580444,-0.033479247242212296,0.3694329559803009,0.52067631483078,-0.04727132245898247,0.33310508728027344,0.490813285112381,-0.05643141269683838,0.30731648206710815,0.4645599126815796,-0.06386458873748779,0.4257049858570099,0.6077845692634583,-0.042752984911203384,0.36830922961235046,0.5614411234855652,-0.05849642679095268,0.33309081196784973,0.5319290161132812,-0.06895891577005386,0.3074195384979248,0.50577312707901,-0.07631031423807144,0.42688244581222534,0.6518739461898804,-0.05094175413250923,0.37836360931396484,0.633025586605072,-0.06879720091819763,0.34763067960739136,0.6201320290565491,-0.07696457952260971,0.32086360454559326,0.6065348386764526,-0.08149444311857224
THANK_YOU,0.5251607894897461,0.6576735973358154,1.833942064877192e-07,0.5231389403343201,0.596140444278717,-0.001795321935787797,0.5058743953704834,0.5444344878196716,-0.007500200066715479,0.4905836284160614,0.5039782524108887,-0.013710694387555122,0.48952287435531616,0.46803322434425354,-0.022113509476184845,0.4446207582950592,0.5368779301643372,-0.02085741050541401,0.3991723656654358,0.4867720901966095,-0.03233835846185684,0.37248820066452026,0.4558871388435364,-0.03884710371494293,0.3526630699634552,0.43060964345932007,-0.04425749555230141,0.4317179024219513,0.5667851567268372,-0.030069218948483467,0.3701914846897125,0.5177096128463745,-0.04245234280824661,0.334402471780777,0.486481636762619,-0.0512138307094574,0.31032827496528625,0.45914578437805176,-0.05831608548760414,0.42571908235549927,0.6053286790847778,-0.0384097695350647,0.3671796917915344,0.558903694152832,-0.05345457047224045,0.3316664397716522,0.5280136466026306,-0.06417521089315414,0.30742183327674866,0.5005978345870972,-0.07160992175340652,0.42688339948654175,0.648496150970459,-0.04572555795311928,0.3780456483364105,0.6311056017875671,-0.06347248703241348,0.34650593996047974,0.6185342669487,-0.07222577929496765,0.3204309940338135,0.6049585342407227,-0.07700393348932266
THANK_YOU,0.5265114307403564,0.6551023125648499,1.9737787226858927e-07,0.5243737101554871,0.5938783884048462,-0.0008149401401169598,0.506954550743103,0.5432435274124146,-0.006707603111863136,0.4927412271499634,0.5028287172317505,-0.013320107012987137,0.49030622839927673,0.46692487597465515,-0.022308962419629097,0.445558100938797,0.5361951589584351,-0.02131497673690319,0.3991834223270416,0.484953910112381,-0.032913513481616974,0.37268924713134766,0.4544054865837097,-0.03917181119322777,0.3533375561237335,0.42954710125923157,-0.04424167424440384,0.4328969717025757,0.5651690363883972,-0.030972447246313095,0.37118926644325256,0.5152859687805176,-0.04296516254544258,0.3351964056491852,0.48431870341300964,-0.05139501765370369,0.3107988238334656,0.4572870135307312,-0.05834605172276497,0.4269569516181946,0.6035943031311035,-0.039604414254426956,0.3678082227706909,0.5554330945014954,-0.05411827564239502,0.3319385051727295,0.5247854590415955,-0.06467746943235397,0.3071996867656708,0.497946560382843,-0.07222136855125427,0.4280402660369873,0.6472551822662354,-0.047074683010578156,0.3787068724632263,0.6303411722183228,-0.06471377611160278,0.34707123041152954,0.618320107460022,-0.07350099086761475,0.3206900954246521,0.6052123308181763,-0.07838460803031921
THANK_YOU,0.526352047920227,0.6557557582855225,2.2715079239787883e-07,0.526612401008606,0.5945770144462585,-0.0031798817217350006,0.5093119740486145,0.5442726016044617,-0.009655901230871677,0.4933914244174957,0.503709077835083,-0.016203386709094048,0.49130648374557495,0.4673163592815399,-0.024972328916192055,0.4479824900627136,0.537753164768219,-0.023344742134213448,0.401523232460022,0.4866733253002167,-0.03504295274615288,0.37380167841911316,0.45601069927215576,-0.04141638055443764,0.3528270423412323,0.4308316707611084,-0.046694085001945496,0.4352850615978241,0.5661016702651978,-0.03168647736310959,0.373529851436615,0.5167486071586609,-0.04440942406654358,0.3358912467956543,0.485568642616272,-0.053490132093429565,0.30996930599212646,0.45763999223709106,-0.06081727147102356,0.4291357398033142,0.6046880483627319,-0.03903777897357941,0.3715665638446808,0.5566049814224243,-0.05480211600661278,0.335136741399765,0.527040958404541,-0.06613458693027496,0.3097423315048218,0.5007919073104858,-0.07381214201450348,0.43009135127067566,0.6487302184104919,-0.045280106365680695,0.3815557360649109,0.6301498413085938,-0.06388550251722336,0.35044848918914795,0.618844211101532,-0.0730857253074646,0.32440486550331116,0.6063622236251831,-0.07801767438650131
THANK_YOU,0.5262334942817688,0.6558691263198853,2.0498004005276016e-07,0.5271633267402649,0.5946747064590454,-0.004282932262867689,0.5095914006233215,0.5445006489753723,-0.011511714197695255,0.49382439255714417,0.5040600299835205,-0.018686437979340553,0.491527259349823,0.46669718623161316,-0.027965601533651352,0.44783204793930054,0.5357764959335327,-0.02491169050335884,0.4016299843788147,0.48569226264953613,-0.03751388192176819,0.3737604022026062,0.45587989687919617,-0.04468470811843872,0.3520492911338806,0.4309299886226654,-0.05065542459487915,0.4344428479671478,0.5651050806045532,-0.0329371877014637,0.3739530146121979,0.5172885656356812,-0.04708034172654152,0.3374241590499878,0.4873560667037964,-0.05690165236592293,0.31209689378738403,0.4602360129356384,-0.06487185508012772,0.42775920033454895,0.6044087409973145,-0.040031589567661285,0.3719496428966522,0.5584065318107605,-0.05613158643245697,0.33588987588882446,0.5291621685028076,-0.06696794182062149,0.31035691499710083,0.5031170845031738,-0.07446932047605515,0.42867371439933777,0.6483550071716309,-0.046224698424339294,0.3813396096229553,0.6301088333129883,-0.06433863937854767,0.3509955108165741,0.6180153489112854,-0.07298246771097183,0.325208455324173,0.6047373414039612,-0.07770203053951263
THANK_YOU,0.5307520627975464,0.6601229906082153,1.618360983002276e-07,0.5276244878768921,0.5977314114570618,-0.0007272153743542731,0.5089736580848694,0.5486337542533875,-0.00682021351531148,0.4936569631099701,0.5095558762550354,-0.013843466527760029,0.4923858046531677,0.47389256954193115,-0.023349057883024216,0.44744622707366943,0.5398829579353333,-0.02051941677927971,0.400242418050766,0.49229001998901367,-0.03264656662940979,0.37153303623199463,0.4637562036514282,-0.04007570445537567,0.34937772154808044,0.44003719091415405,-0.04620714858174324,0.4359906315803528,0.568445086479187,-0.030702851712703705,0.3730720281600952,0.5222627520561218,-0.04334724321961403,0.3367593586444855,0.4916362762451172,-0.053049083799123764,0.31122708320617676,0.4640338718891144,-0.06120803579688072,0.4306972622871399,0.6072601079940796,-0.03984156250953674,0.3727807402610779,0.5632131099700928,-0.054678551852703094,0.3371823728084564,0.533970832824707,-0.06575176864862442,0.3114360570907593,0.5066139101982117,-0.0738949105143547,0.43221330642700195,0.6513402462005615,-0.047840557992458344,0.3852992057800293,0.6377416253089905,-0.06479735672473907,0.35559797286987305,0.6257156729698181,-0.07296250015497208,0.32999539375305176,0.6120621562004089,-0.07775940746068954
THANK_YOU,0.5331628322601318,0.6596665382385254,1.4107978074662242e-07,0.5250887870788574,0.5997278094291687,0.0006110769463703036,0.5041532516479492,0.5511643290519714,-0.00520709902048111,0.4902952015399933,0.5140595436096191,-0.012175483629107475,0.49033665657043457,0.4809277057647705,-0.02176707424223423,0.449008971452713,0.5427126288414001,-0.022909238934516907,0.3977220952510834,0.49677953124046326,-0.03629548102617264,0.3683210015296936,0.46903082728385925,-0.04376281797885895,0.3459882140159607,0.44552573561668396,-0.04950100928544998,0.43929755687713623,0.5718145370483398,-0.03406252712011337,0.37460657954216003,0.5265267491340637,-0.04769266024231911,0.3361871838569641,0.4965972304344177,-0.056681904941797256,0.3085232079029083,0.4704524576663971,-0.06398125737905502,0.4350424110889435,0.6116182804107666,-0.04399866238236427,0.37594202160835266,0.5686240196228027,-0.059439241886138916,0.3396475315093994,0.5405957698822021,-0.0699247196316719,0.31312277913093567,0.5137884616851807,-0.07735328376293182,0.43602168560028076,0.6574702858924866,-0.05266242474317551,0.389821857213974,0.6420591473579407,-0.0702102780342102,0.36068907380104065,0.6295833587646484,-0.07811012119054794,0.3357135057449341,0.6162182688713074,-0.08255656808614731
THANK_YOU,0.5399888157844543,0.6621094942092896,1.797494064703642e-07,0.5262821316719055,0.6057621240615845,0.001825395505875349,0.4980284571647644,0.5590325593948364,-0.004156068898737431,0.4808627665042877,0.5227274298667908,-0.011421732604503632,0.4838453233242035,0.48681697249412537,-0.0213344544172287,0.4490247666835785,0.5514739155769348,-0.025698762387037277,0.3967141807079315,0.5088969469070435,-0.04202186316251755,0.3642875850200653,0.48108822107315063,-0.051279451698064804,0.33941733837127686,0.4570094347000122,-0.05798640102148056,0.4401717185974121,0.5789780020713806,-0.03796478733420372,0.37666162848472595,0.5358378291130066,-0.05396490916609764,0.33567944169044495,0.5042595267295837,-0.06346575915813446,0.3048664927482605,0.47590434551239014,-0.07073750346899033,0.4371547996997833,0.6185553073883057,-0.048682622611522675,0.37787926197052,0.5772949457168579,-0.06527996063232422,0.34242209792137146,0.5491778254508972,-0.07560868561267853,0.31598684191703796,0.5219820737838745,-0.08274751901626587,0.440280944108963,0.6659102439880371,-0.05802309140563011,0.397658109664917,0.6499843597412109,-0.0766773447394371,0.36960217356681824,0.6377055644989014,-0.08492156118154526,0.3451760411262512,0.62425297498703,-0.08941316604614258
THANK_YOU,0.5449384450912476,0.6738484501838684,1.4277364357440092e-07,0.5204131603240967,0.6159507632255554,-7.195200305432081e-05,0.48935019969940186,0.572996973991394,-0.007203509099781513,0.47612497210502625,0.5373764634132385,-0.01636948063969612,0.4807076156139374,0.5022684931755066,-0.027479328215122223,0.4373927414417267,0.5586602687835693,-0.021605640649795532,0.3880407214164734,0.5188144445419312,-0.040183305740356445,0.35759276151657104,0.4925171732902527,-0.05235489085316658,0.33329200744628906,0.46906670928001404,-0.06142978370189667,0.4335476756095886,0.5841392874717712,-0.035064052790403366,0.3718035817146301,0.5454257130622864,-0.05389852821826935,0.33422282338142395,0.5145702958106995,-0.06572447717189789,0.3045303523540497,0.486946165561676,-0.07477723062038422,0.4374241232872009,0.623375415802002,-0.04805079475045204,0.37861889600753784,0.5905563235282898,-0.06751355528831482,0.34555578231811523,0.5618990063667297,-0.07930931448936462,0.31989502906799316,0.5322714447975159,-0.08761440962553024,0.4474526047706604,0.6706005334854126,-0.06027741730213165,0.40772032737731934,0.6574482321739197,-0.08243100345134735,0.3810344636440277,0.6435458064079285,-0.09290844202041626,0.3559836149215698,0.6276602149009705,-0.09925249218940735
THANK_YOU,0.5437633395195007,0.6882745623588562,1.7417168862721155e-07,0.5113474130630493,0.6307427287101746,0.004884729161858559,0.47816815972328186,0.5873326659202576,-0.0014627791242673993,0.4643135666847229,0.5516685843467712,-0.010026530362665653,0.4668586850166321,0.5155996084213257,-0.02092706598341465,0.4342082440853119,0.5762068033218384,-0.024313928559422493,0.38390815258026123,0.534188985824585,-0.04443420097231865,0.35046258568763733,0.5065481066703796,-0.05635538697242737,0.32344284653663635,0.48229530453681946,-0.06535568088293076,0.43385860323905945,0.5987832546234131,-0.04070720821619034,0.3714466691017151,0.5579414367675781,-0.06292467564344406,0.3313482999801636,0.5253641605377197,-0.07635436207056046,0.29881104826927185,0.49540793895721436,-0.08636806905269623,0.4412972927093506,0.6363042593002319,-0.05567222088575363,0.3826780319213867,0.59897780418396,-0.07910904288291931,0.3499718904495239,0.5679921507835388,-0.09353726357221603,0.3236705958843231,0.5367931723594666,-0.10355804860591888,0.45433691143989563,0.6817743182182312,-0.06884017586708069,0.42117252945899963,0.6651528477668762,-0.09540481865406036,0.3970988690853119,0.6499201655387878,-0.10882117599248886,0.3728986382484436,0.6333257555961609,-0.11723501980304718
THANK_YOU,0.5770429968833923,0.7223084568977356,2.2552730172265e-07,0.5374144911766052,0.6723185181617737,0.005758184008300304,0.48760610818862915,0.6305029988288879,-0.0017190068028867245,0.46013545989990234,0.5921001434326172,-0.010942603461444378,0.44937339425086975,0.5503924489021301,-0.023008178919553757,0.4703700542449951,0.6284688115119934,-0.03106943517923355,0.414782851934433,0.5840034484863281,-0.05772470682859421,0.37407076358795166,0.5501559376716614,-0.07552666962146759,0.34082159399986267,0.5195329189300537,-0.08863002061843872,0.47402143478393555,0.6419841647148132,-0.048765115439891815,0.402603417634964,0.5944308638572693,-0.07844416052103043,0.3507687449455261,0.5554742217063904,-0.09960085153579712,0.30616873502731323,0.5155826210975647,-0.11578535288572311,0.4789729118347168,0.6692292094230652,-0.06396059691905975,0.41529974341392517,0.6217308640480042,-0.09126581996679306,0.37394827604293823,0.5868528485298157,-0.10755923390388489,0.34012776613235474,0.5542210340499878,-0.11899194866418839,0.4850395917892456,0.7063196301460266,-0.07709428668022156,0.4484518766403198,0.6769180297851562,-0.10436562448740005,0.4233289957046509,0.6533021926879883,-0.11777587234973907,0.3981020748615265,0.630932629108429,-0.12674787640571594
THANK_YOU,0.5761818289756775,0.7367280721664429,4.143309979554033e-07,0.5323329567909241,0.6898067593574524,0.008023613132536411,0.48025569319725037,0.6462336182594299,0.0014668022049590945,0.4544788897037506,0.6095380783081055,-0.0075708236545324326,0.44674140214920044,0.566885769367218,-0.019470995292067528,0.46154287457466125,0.64561527967453,-0.030499665066599846,0.41743287444114685,0.5806167125701904,-0.06104559451341629,0.39261358976364136,0.5208632946014404,-0.08347322791814804,0.37651145458221436,0.464488685131073,-0.09930657595396042,0.4678376317024231,0.6580633521080017,-0.048239585012197495,0.4002116322517395,0.6110683083534241,-0.07715333253145218,0.3505253791809082,0.5652891397476196,-0.10006000101566315,0.30772721767425537,0.5170652270317078,-0.11840837448835373,0.47802722454071045,0.6804504990577698,-0.06335421651601791,0.4187239408493042,0.631284236907959,-0.08910594880580902,0.37820765376091003,0.5905534029006958,-0.10506168007850647,0.3423314392566681,0.5538923144340515,-0.11696043610572815,0.49263864755630493,0.709836483001709,-0.07640713453292847,0.4601770341396332,0.677383542060852,-0.10233721137046814,0.43548783659935,0.651940107345581,-0.11451877653598785,0.40903621912002563,0.6278491616249084,-0.12274764478206635
THANK_YOU,0.5927603840827942,0.752752423286438,4.457676539004751e-07,0.5359546542167664,0.7109441757202148,0.0033947003539651632,0.48225095868110657,0.6624137163162231,-0.003999684471637011,0.45394062995910645,0.6209310293197632,-0.013210313394665718,0.44332507252693176,0.5772007703781128,-0.02498084120452404,0.46473607420921326,0.6654871702194214,-0.032831043004989624,0.4176887571811676,0.6001873016357422,-0.06330577284097672,0.3914448022842407,0.5413872599601746,-0.08483052253723145,0.37509989738464355,0.48608121275901794,-0.10038150101900101,0.4744158387184143,0.6758737564086914,-0.04982304200530052,0.4079990088939667,0.6269533038139343,-0.07947760820388794,0.36185580492019653,0.5827394127845764,-0.10164863616228104,0.32142844796180725,0.5377259850502014,-0.119225412607193,0.49228522181510925,0.6967392563819885,-0.06487785279750824,0.4337176978588104,0.6484565734863281,-0.09110602736473083,0.3952491283416748,0.6103651523590088,-0.10686283558607101,0.3603329062461853,0.5755336880683899,-0.11904340237379074,0.5143206715583801,0.7274656295776367,-0.07863501459360123,0.4866929352283478,0.7042017579078674,-0.10540609806776047,0.4646925926208496,0.6805212497711182,-0.11892911791801453,0.44043928384780884,0.6568976640701294,-0.12852086126804352
THANK_YOU,0.5927603840827942,0.752752423286438,4.457676539004751e-07,0.5359546542167664,0.7109441757202148,0.0033947003539651632,0.48225095868110657,0.6624137163162231,-0.003999684471637011,0.45394062995910645,0.6209310293197632,-0.013210313394665718,0.44332507252693176,0.5772007703781128,-0.02498084120452404,0.46473607420921326,0.6654871702194214,-0.032831043004989624,0.4176887571811676,0.6001873016357422,-0.06330577284097672,0.3914448022842407,0.5413872599601746,-0.08483052253723145,0.37509989738464355,0.48608121275901794,-0.10038150101900101,0.4744158387184143,0.6758737564086914,-0.04982304200530052,0.4079990088939667,0.6269533038139343,-0.07947760820388794,0.36185580492019653,0.5827394127845764,-0.10164863616228104,0.32142844796180725,0.5377259850502014,-0.119225412607193,0.49228522181510925,0.6967392563819885,-0.06487785279750824,0.4337176978588104,0.6484565734863281,-0.09110602736473083,0.3952491283416748,0.6103651523590088,-0.10686283558607101,0.3603329062461853,0.5755336880683899,-0.11904340237379074,0.5143206715583801,0.7274656295776367,-0.07863501459360123,0.4866929352283478,0.7042017579078674,-0.10540609806776047,0.4646925926208496,0.6805212497711182,-0.11892911791801453,0.44043928384780884,0.6568976640701294,-0.12852086126804352
THANK_YOU,0.6100884675979614,0.7713665962219238,1.7561350773576123e-07,0.580575704574585,0.7295470237731934,0.02362869679927826,0.5500622987747192,0.6986263990402222,0.0223896075040102,0.5408867001533508,0.6728755831718445,0.01309181284159422,0.5346671938896179,0.6462898850440979,-0.0008466296712867916,0.4813300669193268,0.6853567361831665,-0.006955001503229141,0.4205590784549713,0.6343181729316711,-0.02719379961490631,0.3775225281715393,0.5994555950164795,-0.04171185940504074,0.3436172604560852,0.5671412348747253,-0.05316442996263504,0.4839550852775574,0.687127947807312,-0.03602807596325874,0.4122353196144104,0.6323180198669434,-0.05986205115914345,0.3658984899520874,0.5924491286277771,-0.07767362147569656,0.33194395899772644,0.5612276792526245,-0.09160112589597702,0.4937911629676819,0.6937962174415588,-0.06290219724178314,0.4249037504196167,0.6341924071311951,-0.08569866418838501,0.3809458315372467,0.5902670621871948,-0.1020067110657692,0.3474615812301636,0.5552762746810913,-0.11464094370603561,0.5118157267570496,0.7016900777816772,-0.08668319135904312,0.46883416175842285,0.6501935720443726,-0.11065805703401566,0.44134199619293213,0.6071621775627136,-0.12405742704868317,0.4172866940498352,0.5697556138038635,-0.13454674184322357
THANK_YOU,0.5479698181152344,0.7904972434043884,5.423708557827922e-07,0.5745066404342651,0.773442268371582,-0.061865732073783875,0.584904670715332,0.7322390079498291,-0.1011778861284256,0.5878221988677979,0.684406042098999,-0.1306498795747757,0.5837638974189758,0.6373914480209351,-0.15943941473960876,0.4948993921279907,0.6902048587799072,-0.10011789202690125,0.45891880989074707,0.6311019062995911,-0.14334546029567719,0.4369637668132782,0.5925028920173645,-0.17153304815292358,0.4162031412124634,0.5552681684494019,-0.18901339173316956,0.46733373403549194,0.6889104247093201,-0.08504386991262436,0.4182465672492981,0.6208456754684448,-0.12816715240478516,0.38870036602020264,0.575705885887146,-0.15403959155082703,0.3627176880836487,0.5365046262741089,-0.16946250200271606,0.4578858017921448,0.6894928812980652,-0.07171394675970078,0.41202834248542786,0.6325104832649231,-0.10882061719894409,0.3800829350948334,0.592900812625885,-0.12876348197460175,0.353196382522583,0.5599761605262756,-0.13923516869544983,0.4589183032512665,0.6922140121459961,-0.061977483332157135,0.4363763928413391,0.6426064372062683,-0.08819600939750671,0.42112451791763306,0.611972987651825,-0.09979051351547241,0.4083242416381836,0.5872617959976196,-0.10591921955347061
THANK_YOU,0.5467714667320251,0.7708058953285217,-8.463388923019011e-08,0.5141572952270508,0.7454558610916138,-0.02352045103907585,0.47635751962661743,0.6799444556236267,-0.03664291650056839,0.45181262493133545,0.625102698802948,-0.044818706810474396,0.4325038492679596,0.5842384099960327,-0.05245131254196167,0.4782101809978485,0.6779199838638306,-0.05836377292871475,0.46210646629333496,0.6155645847320557,-0.08323051780462265,0.45845678448677063,0.5902193784713745,-0.09609661251306534,0.4525774121284485,0.5594472289085388,-0.10352225601673126,0.4902278482913971,0.6686440706253052,-0.05659794062376022,0.44746133685112,0.6094229221343994,-0.08288136124610901,0.41659754514694214,0.5810078382492065,-0.0961332768201828,0.3896537721157074,0.5547887086868286,-0.10394016653299332,0.5119810104370117,0.656656801700592,-0.05480450764298439,0.4717729091644287,0.5894775390625,-0.08288849890232086,0.4395488500595093,0.5543716549873352,-0.09890328347682953,0.4116339385509491,0.5223891139030457,-0.10644401609897614,0.5440430641174316,0.6413818001747131,-0.05282796174287796,0.5358518362045288,0.5683320164680481,-0.07240914553403854,0.5305590033531189,0.5225912928581238,-0.08153032511472702,0.5245161056518555,0.4839392304420471,-0.08629565685987473
THANK_YOU,0.6321334838867188,0.8263434171676636,-1.1601587601717256e-07,0.5603326559066772,0.7947829961776733,-0.01219305768609047,0.49656572937965393,0.7139530777931213,-0.02544611506164074,0.4578129053115845,0.6501738429069519,-0.03797678276896477,0.4218269884586334,0.6016870737075806,-0.052421893924474716,0.5017773509025574,0.6847947239875793,-0.05784989148378372,0.4447760283946991,0.6173365116119385,-0.08690699934959412,0.4147873520851135,0.596541166305542,-0.10263478010892868,0.38408029079437256,0.5736764073371887,-0.11422975361347198,0.5424366593360901,0.6907569766044617,-0.07187534868717194,0.4959025979042053,0.6100877523422241,-0.10049993544816971,0.46908625960350037,0.5695453882217407,-0.11652451008558273,0.44508594274520874,0.5286783576011658,-0.1294926255941391,0.5906215906143188,0.7114970684051514,-0.08552905172109604,0.5669751763343811,0.6292080879211426,-0.12404768913984299,0.5495669841766357,0.5795138478279114,-0.14662370085716248,0.5289505124092102,0.5268127918243408,-0.16210998594760895,0.643189549446106,0.7436667680740356,-0.09725229442119598,0.6645490527153015,0.6775844693183899,-0.13723163306713104,0.6809374094009399,0.63670414686203,-0.15556007623672485,0.6869610548019409,0.5947195291519165,-0.16796216368675232
THANK_YOU,0.6777396202087402,0.8204519748687744,2.7221613407846235e-08,0.6014754772186279,0.8134152889251709,-0.004972018767148256,0.53831547498703,0.7558504939079285,-0.016055108979344368,0.4976978898048401,0.710392415523529,-0.027438737452030182,0.4619569480419159,0.6751259565353394,-0.04213843494653702,0.5317773222923279,0.6945331692695618,-0.05476213991641998,0.47082704305648804,0.6166341304779053,-0.0845632404088974,0.4394233226776123,0.5899806618690491,-0.09960050880908966,0.410593718290329,0.5682947635650635,-0.10967385023832321,0.5738832354545593,0.6879339218139648,-0.07155179977416992,0.5287526845932007,0.5982171297073364,-0.10117348283529282,0.499789297580719,0.5592241287231445,-0.11711946874856949,0.4749911427497864,0.5253188014030457,-0.12834380567073822,0.6253188848495483,0.703010618686676,-0.0873461365699768,0.5991290807723999,0.6217195391654968,-0.12735508382320404,0.5750541687011719,0.5719528794288635,-0.15349332988262177,0.5493217706680298,0.5218029022216797,-0.17057538032531738,0.6816420555114746,0.7313865423202515,-0.10014805942773819,0.7054649591445923,0.6699094176292419,-0.14200900495052338,0.72088223695755,0.6244911551475525,-0.16373082995414734,0.7287134528160095,0.5802915096282959,-0.1776639074087143
THANK_YOU,0.6985735297203064,0.8237789869308472,1.0472871281308471e-07,0.6240472197532654,0.8180075287818909,-0.013229010626673698,0.5594137907028198,0.7593258619308472,-0.028861619532108307,0.5188249349594116,0.7100433111190796,-0.044509079307317734,0.4795869290828705,0.6749511361122131,-0.06316156685352325,0.5528115630149841,0.6925342082977295,-0.059721123427152634,0.4919014573097229,0.6169478893280029,-0.09176955372095108,0.46386146545410156,0.5935059189796448,-0.10912097245454788,0.4398021697998047,0.5687856674194336,-0.12163753062486649,0.5972913503646851,0.6828762292861938,-0.07603217661380768,0.5545626878738403,0.5895620584487915,-0.10990474373102188,0.5305169224739075,0.5462945699691772,-0.12844493985176086,0.5109667778015137,0.5045639276504517,-0.14137360453605652,0.6495431065559387,0.6969510912895203,-0.0923650860786438,0.6295112371444702,0.6114974617958069,-0.13564345240592957,0.6133291721343994,0.5641524791717529,-0.15905624628067017,0.594611406326294,0.5117217898368835,-0.17355601489543915,0.7044577598571777,0.727271556854248,-0.10693198442459106,0.7264661192893982,0.6596468091011047,-0.14882268011569977,0.7432714700698853,0.6151272654533386,-0.16627521812915802,0.7522580623626709,0.568766176700592,-0.17727528512477875
THANK_YOU,0.714965283870697,0.8256763219833374,2.0271171763397433e-07,0.6385284662246704,0.818440854549408,-0.018052956089377403,0.5735340118408203,0.7618929147720337,-0.03451664745807648,0.5343751907348633,0.7126765847206116,-0.04972504824399948,0.49521908164024353,0.67451012134552,-0.06736540794372559,0.5878256559371948,0.7040328979492188,-0.06389692425727844,0.5301028490066528,0.6275030374526978,-0.09791331738233566,0.498107373714447,0.5931719541549683,-0.11662231385707855,0.46880829334259033,0.5620903968811035,-0.12964648008346558,0.6314502954483032,0.6952564716339111,-0.07809678465127945,0.5884374976158142,0.5994875431060791,-0.11380213499069214,0.5633599162101746,0.5478388667106628,-0.13410955667495728,0.5432769656181335,0.5000782012939453,-0.14800111949443817,0.6811848282814026,0.706157386302948,-0.09255287051200867,0.6620646119117737,0.6173537969589233,-0.13628913462162018,0.6464899182319641,0.5592988133430481,-0.16001206636428833,0.6298134922981262,0.49968329071998596,-0.17446677386760712,0.7331733107566833,0.731389582157135,-0.10585860908031464,0.7541350722312927,0.656693160533905,-0.14883023500442505,0.7713317275047302,0.6074538826942444,-0.16665911674499512,0.7817080020904541,0.5584753751754761,-0.17748558521270752
THANK_YOU,0.7321699857711792,0.826769232749939,2.158860326062495e-07,0.6533471345901489,0.8147356510162354,-0.02257448434829712,0.5860443115234375,0.7591198682785034,-0.03937271982431412,0.546980082988739,0.7091028094291687,-0.054672952741384506,0.5091251134872437,0.6690102815628052,-0.07188477367162704,0.6070051193237305,0.7033628821372986,-0.06018638238310814,0.5502132177352905,0.6244168877601624,-0.09483160078525543,0.5171483159065247,0.5873169898986816,-0.11475115269422531,0.48653358221054077,0.55612713098526,-0.1279090940952301,0.6547294855117798,0.6936402320861816,-0.07177325338125229,0.6191744208335876,0.5962665677070618,-0.10549651086330414,0.5969396829605103,0.5369426012039185,-0.12607567012310028,0.5785081386566162,0.48284465074539185,-0.14075133204460144,0.7068609595298767,0.7025435566902161,-0.08477691560983658,0.690078854560852,0.6104664206504822,-0.12593945860862732,0.6768435835838318,0.5474625825881958,-0.14889340102672577,0.6630322337150574,0.4853179156780243,-0.16322895884513855,0.7598801255226135,0.7253240942955017,-0.0975576788187027,0.7799116969108582,0.649030327796936,-0.1374407410621643,0.7973648905754089,0.5977320671081543,-0.15389329195022583,0.8090280890464783,0.5467888116836548,-0.16413870453834534
THANK_YOU,0.7441107034683228,0.8213657736778259,2.4401893483627646e-07,0.6686806082725525,0.8118184804916382,-0.026677554473280907,0.603117048740387,0.7598662972450256,-0.04703221842646599,0.5637946724891663,0.7119584083557129,-0.06535223126411438,0.5237518548965454,0.6726198196411133,-0.08557406067848206,0.6315598487854004,0.7015568614006042,-0.06977905333042145,0.5739977955818176,0.6236818432807922,-0.10996438562870026,0.540002167224884,0.5850028991699219,-0.13376246392726898,0.5074334740638733,0.5533217191696167,-0.1493775099515915,0.6775937676429749,0.6872879862785339,-0.08156248182058334,0.643568754196167,0.5901976227760315,-0.12024740129709244,0.6208176016807556,0.5273565649986267,-0.14397303760051727,0.6011897921562195,0.4710571765899658,-0.16080798208713531,0.7281740307807922,0.6940822601318359,-0.09489782899618149,0.7120996713638306,0.6023903489112854,-0.14081908762454987,0.7003213167190552,0.5379531979560852,-0.16596536338329315,0.6874818801879883,0.4756035804748535,-0.18161258101463318,0.7799870371818542,0.717065691947937,-0.1082749143242836,0.8040812015533447,0.6420101523399353,-0.15325063467025757,0.8232134580612183,0.5900723934173584,-0.17208993434906006,0.8366199135780334,0.5400340557098389,-0.1837107092142105
THANK_YOU,0.7593611478805542,0.824083149433136,7.430514159523227e-08,0.680633544921875,0.8114590048789978,-0.025154199451208115,0.6170814037322998,0.759670615196228,-0.0447721965610981,0.5796691179275513,0.7117595672607422,-0.06344421207904816,0.5397393703460693,0.6741992235183716,-0.0840504914522171,0.6494916677474976,0.6974681615829468,-0.05815696343779564,0.601207435131073,0.616644561290741,-0.0956326350569725,0.5690448880195618,0.5799392461776733,-0.11908618360757828,0.5380788445472717,0.5485303997993469,-0.13389568030834198,0.6966984868049622,0.6818096041679382,-0.06877610832452774,0.6677886247634888,0.581606924533844,-0.1016727015376091,0.6489267945289612,0.5188401937484741,-0.12275462597608566,0.6324499845504761,0.4601743817329407,-0.13885380327701569,0.7473249435424805,0.6868237257003784,-0.08164335042238235,0.737579882144928,0.589677095413208,-0.12086166441440582,0.7300607562065125,0.5273441076278687,-0.14160391688346863,0.7200635671615601,0.4669102430343628,-0.1548805832862854,0.7987915873527527,0.7075851559638977,-0.09515012055635452,0.8230758905410767,0.6282379627227783,-0.13084308803081512,0.8440814018249512,0.576716423034668,-0.14514410495758057,0.8587844967842102,0.5264753699302673,-0.1547725349664688
THANK_YOU,0.774025022983551,0.8263125419616699,1.1437050773110968e-07,0.6955036520957947,0.8137121200561523,-0.02823786996304989,0.633815586566925,0.7585821151733398,-0.04891996085643768,0.5965250730514526,0.7081594467163086,-0.06797577440738678,0.5556834936141968,0.6705909371376038,-0.08901490271091461,0.6699253916740417,0.6956691741943359,-0.05911974608898163,0.6260887980461121,0.614291250705719,-0.09458530694246292,0.5955126881599426,0.5703223347663879,-0.11683028191328049,0.567367672920227,0.5295100808143616,-0.13195458054542542,0.718735933303833,0.6790749430656433,-0.06848970055580139,0.6936601996421814,0.5767704248428345,-0.10089124739170074,0.6756566762924194,0.5099641680717468,-0.1223851814866066,0.6598212122917175,0.4462352991104126,-0.1392141580581665,0.7700115442276001,0.6829327940940857,-0.08011143654584885,0.7626336216926575,0.5817514061927795,-0.118096262216568,0.755820631980896,0.5172411203384399,-0.13853788375854492,0.746368408203125,0.4538326859474182,-0.1521727293729782,0.8220273852348328,0.7012762427330017,-0.0927523523569107,0.8473491668701172,0.619608461856842,-0.1272970587015152,0.8676947355270386,0.5660277605056763,-0.141449436545372,0.8819364309310913,0.512432336807251,-0.1514267921447754
THANK_YOU,0.7831501364707947,0.8309388160705566,1.0271553918528298e-07,0.7060893177986145,0.815003514289856,-0.028608078137040138,0.6471623182296753,0.7559571266174316,-0.04886160418391228,0.6091893911361694,0.7034664750099182,-0.0680132657289505,0.5682151913642883,0.6644694209098816,-0.08921095728874207,0.6882590055465698,0.6911632418632507,-0.05578668415546417,0.6467201709747314,0.6066929697990417,-0.09129302203655243,0.6165249347686768,0.5619534254074097,-0.11376199871301651,0.5874371528625488,0.5221380591392517,-0.1279989778995514,0.7369558215141296,0.6715750694274902,-0.06388188153505325,0.7156595587730408,0.5691646933555603,-0.09696578234434128,0.6984056830406189,0.4995170831680298,-0.11907835304737091,0.6830968260765076,0.4342074394226074,-0.1352190524339676,0.7886070609092712,0.6743437051773071,-0.07474054396152496,0.7851252555847168,0.5771569609642029,-0.1118869036436081,0.7801616787910461,0.5099617838859558,-0.13366320729255676,0.7739419341087341,0.4452158808708191,-0.14684617519378662,0.8388940095901489,0.6910668611526489,-0.086715929210186,0.8669678568840027,0.6075056791305542,-0.11683022975921631,0.8887467980384827,0.5566090941429138,-0.12986217439174652,0.9041978120803833,0.506588876247406,-0.13885891437530518
THANK_YOU,0.7831501364707947,0.8309388160705566,1.0271553918528298e-07,0.7060893177986145,0.815003514289856,-0.028608078137040138,0.6471623182296753,0.7559571266174316,-0.04886160418391228,0.6091893911361694,0.7034664750099182,-0.0680132657289505,0.5682151913642883,0.6644694209098816,-0.08921095728874207,0.6882590055465698,0.6911632418632507,-0.05578668415546417,0.6467201709747314,0.6066929697990417,-0.09129302203655243,0.6165249347686768,0.5619534254074097,-0.11376199871301651,0.5874371528625488,0.5221380591392517,-0.1279989778995514,0.7369558215141296,0.6715750694274902,-0.06388188153505325,0.7156595587730408,0.5691646933555603,-0.09696578234434128,0.6984056830406189,0.4995170831680298,-0.11907835304737091,0.6830968260765076,0.4342074394226074,-0.1352190524339676,0.7886070609092712,0.6743437051773071,-0.07474054396152496,0.7851252555847168,0.5771569609642029,-0.1118869036436081,0.7801616787910461,0.5099617838859558,-0.13366320729255676,0.7739419341087341,0.4452158808708191,-0.14684617519378662,0.8388940095901489,0.6910668611526489,-0.086715929210186,0.8669678568840027,0.6075056791305542,-0.11683022975921631,0.8887467980384827,0.5566090941429138,-0.12986217439174652,0.9041978120803833,0.506588876247406,-0.13885891437530518
THANK_YOU,0.7895392775535583,0.8317853212356567,1.20629849220677e-07,0.7157796621322632,0.8106629252433777,-0.033589303493499756,0.659092903137207,0.7528751492500305,-0.05963543429970741,0.6212641000747681,0.6997030973434448,-0.08386201411485672,0.5796626806259155,0.6568700671195984,-0.11023913323879242,0.7014479041099548,0.6827077865600586,-0.06572207063436508,0.6664488911628723,0.5951037406921387,-0.1053619459271431,0.6382833123207092,0.5473963022232056,-0.13005435466766357,0.6111712455749512,0.5053922533988953,-0.1451943963766098,0.7517327070236206,0.6638731360435486,-0.07213646918535233,0.7371620535850525,0.5577491521835327,-0.1087193563580513,0.7220740914344788,0.4870035648345947,-0.13218913972377777,0.7088513374328613,0.42272377014160156,-0.14915882050991058,0.803139328956604,0.6674737930297852,-0.08151492476463318,0.8054202795028687,0.5688711404800415,-0.12015065550804138,0.8010216355323792,0.5017131567001343,-0.1433364897966385,0.795179545879364,0.43782755732536316,-0.15747910737991333,0.8518131375312805,0.6852697730064392,-0.09230202436447144,0.8831968307495117,0.6020532250404358,-0.12255680561065674,0.9059110283851624,0.549369752407074,-0.13713940978050232,0.9218301177024841,0.4966995120048523,-0.1473863273859024
THANK_YOU,0.8097168803215027,0.8337973952293396,1.561338933697698e-07,0.7346075773239136,0.8085036277770996,-0.03594694659113884,0.6808956861495972,0.7477105259895325,-0.06058354675769806,0.6455002427101135,0.6909548044204712,-0.0827740728855133,0.6047990918159485,0.6477558612823486,-0.10665767639875412,0.7314298152923584,0.6731188297271729,-0.059902604669332504,0.7025314569473267,0.5862017869949341,-0.09583400934934616,0.6802078485488892,0.5323705077171326,-0.11942945420742035,0.6582039594650269,0.48253995180130005,-0.13472440838813782,0.7824551463127136,0.6549625396728516,-0.06417503952980042,0.7745925784111023,0.5472577810287476,-0.09817102551460266,0.765275776386261,0.4731353223323822,-0.12059210240840912,0.7570165395736694,0.4043477773666382,-0.13680166006088257,0.8317230939865112,0.6598275303840637,-0.07176294177770615,0.8362511396408081,0.5616298913955688,-0.1071530282497406,0.8355193138122559,0.49196678400039673,-0.12869086861610413,0.8343644142150879,0.42536213994026184,-0.14180807769298553,0.8777350187301636,0.6785590648651123,-0.08151743561029434,0.909533679485321,0.5972510576248169,-0.10845312476158142,0.932551383972168,0.5449008345603943,-0.12157901376485825,0.9505262970924377,0.4925912320613861,-0.1309068351984024
THANK_YOU,0.5203494429588318,0.7039766907691956,3.18917550146125e-08,0.501640260219574,0.6386275887489319,0.010153005830943584,0.46962475776672363,0.5890299081802368,0.009696715511381626,0.4524182677268982,0.5542434453964233,0.006183965131640434,0.45174074172973633,0.5211037397384644,-0.0005076611414551735,0.42870038747787476,0.5784643888473511,-0.018598925322294235,0.3797077238559723,0.5316557288169861,-0.033174779266119,0.3479650914669037,0.5024020075798035,-0.0406675785779953,0.3225095570087433,0.4787295460700989,-0.046879980713129044,0.4243372976779938,0.6023948788642883,-0.03567417338490486,0.36560797691345215,0.5555002689361572,-0.051799580454826355,0.3283208906650543,0.520783543586731,-0.06246086210012436,0.29779893159866333,0.49154558777809143,-0.07108384370803833,0.42639610171318054,0.643608808517456,-0.05063994601368904,0.3698081970214844,0.6045044660568237,-0.06998991221189499,0.3399946093559265,0.5720437169075012,-0.08465638011693954,0.31511062383651733,0.539177656173706,-0.09582818299531937,0.43337517976760864,0.6941224336624146,-0.0630936250090599,0.4011663794517517,0.6877781748771667,-0.08681948482990265,0.38245123624801636,0.6764237880706787,-0.09950219839811325,0.36342495679855347,0.6632339954376221,-0.1080106869339943
THANK_YOU,0.6512176990509033,0.8532945513725281,2.1052143495126074e-07,0.5814856290817261,0.8483669757843018,-0.022432975471019745,0.5167906880378723,0.7917425632476807,-0.039879247546195984,0.47730615735054016,0.744856595993042,-0.05545384809374809,0.4379498064517975,0.7136248350143433,-0.07380601018667221,0.5266075730323792,0.7057506442070007,-0.06253008544445038,0.4720510244369507,0.6379830241203308,-0.09953369200229645,0.43861454725265503,0.6088029146194458,-0.12233442068099976,0.4062831401824951,0.5845843553543091,-0.13807138800621033,0.5727208256721497,0.6939984560012817,-0.07606644183397293,0.5411010384559631,0.5974696278572083,-0.1099579706788063,0.5227013826370239,0.5465315580368042,-0.1301249861717224,0.5076022148132324,0.5002522468566895,-0.14448024332523346,0.6238205432891846,0.7118703126907349,-0.09131115674972534,0.6157963275909424,0.6198201179504395,-0.13463591039180756,0.6061115264892578,0.5644670724868774,-0.15838845074176788,0.593695878982544,0.5071364641189575,-0.173371821641922,0.6767916679382324,0.749252200126648,-0.10613425821065903,0.7037036418914795,0.6746066808700562,-0.15215067565441132,0.7246809005737305,0.6265127062797546,-0.1712428331375122,0.7385709285736084,0.5778887867927551,-0.18263185024261475
THANK_YOU,0.6759281158447266,0.8519676923751831,1.4587203622795641e-07,0.6025622487068176,0.8454813361167908,-0.023397469893097878,0.5400780439376831,0.7889971137046814,-0.041403740644454956,0.5036267042160034,0.7400383353233337,-0.05793843790888786,0.465036541223526,0.7116727232933044,-0.07726173847913742,0.5622892379760742,0.7181334495544434,-0.06269750744104385,0.5103882551193237,0.6401991248130798,-0.0966913029551506,0.47958889603614807,0.6005871295928955,-0.11712411046028137,0.45163196325302124,0.5645110607147217,-0.13129520416259766,0.6071534752845764,0.705805242061615,-0.0739792212843895,0.577140212059021,0.6068628430366516,-0.10576777905225754,0.5578600168228149,0.5469388365745544,-0.12489248812198639,0.5418592095375061,0.4931456446647644,-0.1393805295228958,0.6568669676780701,0.7155317068099976,-0.08674072474241257,0.6491250991821289,0.6206740736961365,-0.1246141865849495,0.6410861611366272,0.557598888874054,-0.14672334492206573,0.6316852569580078,0.49765250086784363,-0.16155090928077698,0.7073881030082703,0.7404151558876038,-0.09970507025718689,0.7352756261825562,0.6637915372848511,-0.1368054747581482,0.7558784484863281,0.6124692559242249,-0.15373195707798004,0.7697896957397461,0.5614041686058044,-0.16536173224449158
THANK_YOU,0.6943608522415161,0.8554121851921082,3.018904806140199e-07,0.6226888298988342,0.8428956866264343,-0.024947993457317352,0.5594208240509033,0.7865309119224548,-0.041419632732868195,0.5215351581573486,0.7357585430145264,-0.05600281432271004,0.4820384681224823,0.7008799314498901,-0.07219250500202179,0.5907303094863892,0.7160758972167969,-0.055706240236759186,0.54500412940979,0.6366341710090637,-0.08975977450609207,0.5140372514724731,0.5938318371772766,-0.11086549609899521,0.4836649000644684,0.5578774213790894,-0.12571576237678528,0.6375160813331604,0.6991825699806213,-0.06688778102397919,0.6123188138008118,0.6002943515777588,-0.09950513392686844,0.5924423933029175,0.5356467962265015,-0.1217779591679573,0.5738075375556946,0.4772545099258423,-0.13788050413131714,0.6869454979896545,0.7057090997695923,-0.07994183897972107,0.6792522668838501,0.610450267791748,-0.1203138679265976,0.6709588766098022,0.5431005358695984,-0.14430277049541473,0.6599761247634888,0.4776001274585724,-0.15966734290122986,0.7367936968803406,0.7298048138618469,-0.0932055339217186,0.766609787940979,0.6590754389762878,-0.13463571667671204,0.7852158546447754,0.6084446310997009,-0.15246376395225525,0.797944962978363,0.5599145889282227,-0.1633661985397339
THANK_YOU,0.71368408203125,0.8425185084342957,1.651272611979948e-07,0.6402405500411987,0.8329758644104004,-0.026152102276682854,0.5786459445953369,0.7805951833724976,-0.044616419821977615,0.5403923988342285,0.7297897934913635,-0.06151372194290161,0.499935120344162,0.6923046708106995,-0.08022736012935638,0.6129259467124939,0.7113808393478394,-0.05376110598444939,0.5715391039848328,0.6278539896011353,-0.08745179325342178,0.5438612103462219,0.58519446849823,-0.10887248069047928,0.5171430110931396,0.5494962930679321,-0.12292815744876862,0.660496175289154,0.6950592994689941,-0.06347036361694336,0.6380782723426819,0.5896771550178528,-0.09298721700906754,0.6221888065338135,0.5229777693748474,-0.11318565160036087,0.6067988872528076,0.4632262587547302,-0.12842333316802979,0.7093179225921631,0.7001628279685974,-0.07554324716329575,0.7052844166755676,0.6013913750648499,-0.11196780204772949,0.7013964653015137,0.5339723825454712,-0.13316747546195984,0.6939275860786438,0.4708573818206787,-0.1470203697681427,0.7578768730163574,0.7204576134681702,-0.08825796842575073,0.7874560356140137,0.646881103515625,-0.12275334447622299,0.8088905215263367,0.5951371788978577,-0.1369064450263977,0.8226512670516968,0.544887900352478,-0.1463102400302887
THANK_YOU,0.7228804230690002,0.8406926393508911,7.321177264429934e-08,0.6472732424736023,0.8249717354774475,-0.028852276504039764,0.5867294669151306,0.7705826759338379,-0.04955782741308212,0.5497485995292664,0.7211567163467407,-0.06895183771848679,0.5106829404830933,0.6819033026695251,-0.09048055857419968,0.6309491991996765,0.7025290131568909,-0.055739205330610275,0.5913910269737244,0.6172963380813599,-0.09269009530544281,0.562841534614563,0.5747561454772949,-0.11761406809091568,0.5352164506912231,0.5360321998596191,-0.1341126561164856,0.6789119839668274,0.6888747811317444,-0.06507542729377747,0.6598858833312988,0.5832554697990417,-0.0967240110039711,0.646005392074585,0.5158361792564392,-0.11886624991893768,0.6334409713745117,0.45202749967575073,-0.13633771240711212,0.7278479337692261,0.696603536605835,-0.07727517932653427,0.727384090423584,0.5980640053749084,-0.11360838264226913,0.7257294654846191,0.533566951751709,-0.13324439525604248,0.720352053642273,0.4697273373603821,-0.14662712812423706,0.7764619588851929,0.7194453477859497,-0.09092160314321518,0.8052634000778198,0.6452410817146301,-0.12257155030965805,0.8274924159049988,0.5948519706726074,-0.13448527455329895,0.8421250581741333,0.5433631539344788,-0.14335809648036957
THANK_YOU,0.7314537167549133,0.835281491279602,1.1106822483952783e-07,0.6561682224273682,0.8228728175163269,-0.035397037863731384,0.5982235670089722,0.7699072957038879,-0.0613335557281971,0.5629751682281494,0.7182679176330566,-0.08484962582588196,0.5223978757858276,0.6732481718063354,-0.11065713316202164,0.640465497970581,0.699041485786438,-0.06883402913808823,0.6066120862960815,0.6129603385925293,-0.11089453846216202,0.5786677002906799,0.5698243975639343,-0.1381291002035141,0.5512689352035522,0.5294996500015259,-0.15570925176143646,0.6891747713088989,0.6859957575798035,-0.07625755667686462,0.6735481023788452,0.5819429159164429,-0.11417075991630554,0.6606506705284119,0.5140100121498108,-0.1387847512960434,0.6498422622680664,0.4487978518009186,-0.1574941724538803,0.7384885549545288,0.6950303912162781,-0.0867861732840538,0.741158664226532,0.5991712808609009,-0.12870168685913086,0.740420401096344,0.5354247689247131,-0.15060938894748688,0.7369755506515503,0.4704970121383667,-0.16474632918834686,0.7862573266029358,0.7178937196731567,-0.09895194321870804,0.8162966966629028,0.6429321765899658,-0.13495852053165436,0.8404363393783569,0.5918049812316895,-0.1497575044631958,0.858238697052002,0.5381669998168945,-0.16026651859283447
THANK_YOU,0.5197769999504089,0.6901474595069885,3.755417878892331e-07,0.4929109215736389,0.6517243981361389,0.005187733564525843,0.45935776829719543,0.6149358749389648,0.001729941344819963,0.4404124319553375,0.5843054056167603,-0.004223168827593327,0.4321015179157257,0.5536303520202637,-0.012184696272015572,0.4402221441268921,0.6046911478042603,-0.010450193658471107,0.40158846974372864,0.5663785934448242,-0.028580065816640854,0.37222662568092346,0.5319058895111084,-0.043079815804958344,0.34773480892181396,0.5023179054260254,-0.05293934419751167,0.4386603832244873,0.6173027753829956,-0.02245645597577095,0.39257311820983887,0.5777000188827515,-0.0389837771654129,0.35969048738479614,0.5413038730621338,-0.053489625453948975,0.3303925693035126,0.5065735578536987,-0.06426670402288437,0.43791428208351135,0.6376698017120361,-0.033429667353630066,0.3953310251235962,0.5962743759155273,-0.049083221703767776,0.36622360348701477,0.5611625909805298,-0.059892646968364716,0.34190940856933594,0.5306214094161987,-0.0672721192240715,0.4386107921600342,0.6656157970428467,-0.04335135966539383,0.413213849067688,0.6315046548843384,-0.05682911351323128,0.3944603204727173,0.6055371761322021,-0.0628807470202446,0.3769786059856415,0.581894040107727,-0.0669625848531723
THANK_YOU,0.5945368409156799,0.8455076813697815,2.154691003397602e-07,0.5197926163673401,0.8464226126670837,-0.018114237114787102,0.4584960639476776,0.8051660656929016,-0.036748889833688736,0.42341092228889465,0.7653459906578064,-0.05528442934155464,0.38696035742759705,0.733445942401886,-0.07605830579996109,0.4359414577484131,0.724066972732544,-0.059017982333898544,0.37672510743141174,0.6562199592590332,-0.09792157262563705,0.33812493085861206,0.6275807023048401,-0.12190445512533188,0.29961681365966797,0.6038691997528076,-0.13820022344589233,0.4715907871723175,0.709587812423706,-0.07505190372467041,0.42066091299057007,0.6178151369094849,-0.11265554279088974,0.3864154517650604,0.5635914206504822,-0.13627859950065613,0.35697028040885925,0.5140700340270996,-0.15310418605804443,0.5166758298873901,0.7157992124557495,-0.09240080416202545,0.4830785095691681,0.6254894137382507,-0.13615956902503967,0.45827093720436096,0.5670197010040283,-0.16320323944091797,0.4333101212978363,0.5110678672790527,-0.18136604130268097,0.5670878887176514,0.7376709580421448,-0.10919055342674255,0.5814501047134399,0.6619052886962891,-0.15342000126838684,0.58986496925354,0.6081697940826416,-0.17567992210388184,0.5923019647598267,0.5564173460006714,-0.19057239592075348
THANK_YOU,0.6200114488601685,0.8487243056297302,1.7326117074389913e-07,0.5408510565757751,0.8494688868522644,-0.01759115420281887,0.47360748052597046,0.8029629588127136,-0.035667188465595245,0.433942973613739,0.7593881487846375,-0.05384191498160362,0.39773330092430115,0.719455361366272,-0.07403213530778885,0.4547352194786072,0.7239463925361633,-0.05661569535732269,0.3926162123680115,0.6527990102767944,-0.0923197790980339,0.35763823986053467,0.6273065805435181,-0.11392650008201599,0.32213860750198364,0.6027763485908508,-0.12872643768787384,0.4936051666736603,0.7093923091888428,-0.0722653716802597,0.4406234920024872,0.6124877333641052,-0.10827791690826416,0.40819674730300903,0.5605967044830322,-0.13020694255828857,0.37950730323791504,0.5125188827514648,-0.1454951912164688,0.541342556476593,0.7149874567985535,-0.08910604566335678,0.5083538889884949,0.6255560517311096,-0.13226789236068726,0.4863134026527405,0.5706220269203186,-0.15753556787967682,0.4626501798629761,0.5155287384986877,-0.17385798692703247,0.5942761301994324,0.7350174784660339,-0.10528958588838577,0.605829119682312,0.6578676700592041,-0.14670886099338531,0.6170798540115356,0.6050564050674438,-0.16572296619415283,0.6221083998680115,0.5530316829681396,-0.17827002704143524
THANK_YOU,0.6220916509628296,0.8423865437507629,1.763793591180729e-07,0.5473385453224182,0.8456032276153564,-0.016999024897813797,0.4828397035598755,0.7948178052902222,-0.03645718842744827,0.44218823313713074,0.7498469352722168,-0.0560024231672287,0.40306514501571655,0.7162606716156006,-0.07879627496004105,0.4684135913848877,0.715941309928894,-0.06267606467008591,0.41139253973960876,0.6367587447166443,-0.09783004224300385,0.3823104500770569,0.6067459583282471,-0.11768747121095657,0.3530648350715637,0.5761686563491821,-0.13113732635974884,0.5098129510879517,0.7006139755249023,-0.07831840962171555,0.46077960729599,0.6029752492904663,-0.11396407335996628,0.43235212564468384,0.5517876148223877,-0.13459600508213043,0.4066592752933502,0.5020762085914612,-0.14888876676559448,0.559471607208252,0.7066928744316101,-0.09445428848266602,0.5312781929969788,0.6133698225021362,-0.13773870468139648,0.5109301805496216,0.5557019114494324,-0.1624242514371872,0.48902687430381775,0.4958285689353943,-0.17804498970508575,0.6122885346412659,0.7265308499336243,-0.10936013609170914,0.6285710334777832,0.6488792300224304,-0.14924927055835724,0.6417664289474487,0.5972848534584045,-0.1666191965341568,0.6484371423721313,0.5453187227249146,-0.17805097997188568
THANK_YOU,0.6387309432029724,0.842353343963623,1.6493949317464285e-07,0.5635215640068054,0.8400344252586365,-0.01807151362299919,0.49876219034194946,0.7893789410591125,-0.033604416996240616,0.45848917961120605,0.7435706257820129,-0.048440802842378616,0.41753843426704407,0.7122112512588501,-0.06478869915008545,0.49152708053588867,0.70538330078125,-0.05149691551923752,0.4330024719238281,0.6315844058990479,-0.084670290350914,0.3966083526611328,0.6027069687843323,-0.10492272675037384,0.35955560207366943,0.5782829523086548,-0.11859571188688278,0.5310903787612915,0.6919496059417725,-0.0654226616024971,0.48377829790115356,0.5940495133399963,-0.09698580950498581,0.4538929760456085,0.539490818977356,-0.11723864078521729,0.4279095530509949,0.49032318592071533,-0.13121657073497772,0.5786919593811035,0.7002505660057068,-0.08070903271436691,0.5514014959335327,0.6065039038658142,-0.11955411732196808,0.5312667489051819,0.5470014810562134,-0.14260157942771912,0.5106363296508789,0.4887658953666687,-0.15723085403442383,0.6304489374160767,0.7241643667221069,-0.09558311849832535,0.6473709344863892,0.6468042731285095,-0.13359743356704712,0.6601371169090271,0.5913011431694031,-0.15038278698921204,0.6673710346221924,0.5366042852401733,-0.1609422266483307
THANK_YOU,0.6508528590202332,0.8365924954414368,2.1007944894790853e-07,0.578835129737854,0.8372668027877808,-0.02036435343325138,0.5132598876953125,0.788388729095459,-0.03727193549275398,0.4731902480125427,0.7418661117553711,-0.052908703684806824,0.4336071014404297,0.7117284536361694,-0.0707368478178978,0.5104572176933289,0.7018265724182129,-0.05779140442609787,0.45164012908935547,0.6276353597640991,-0.09192332625389099,0.4163018465042114,0.5937633514404297,-0.11248568445444107,0.38081854581832886,0.5636847615242004,-0.12665686011314392,0.551364541053772,0.6864437460899353,-0.0712212547659874,0.5049974918365479,0.5845186114311218,-0.10371541231870651,0.47577258944511414,0.5272322297096252,-0.12467841804027557,0.449900358915329,0.4751583933830261,-0.13925457000732422,0.6002963185310364,0.6937459111213684,-0.08577603101730347,0.5752838850021362,0.5965138077735901,-0.12497732788324356,0.5575597286224365,0.5347669124603271,-0.14840589463710785,0.5388873815536499,0.47398611903190613,-0.1633598506450653,0.6528300046920776,0.7163668870925903,-0.10002218186855316,0.6699653267860413,0.636885941028595,-0.1385059505701065,0.6834455132484436,0.5828344225883484,-0.1552358865737915,0.691210925579071,0.5295870304107666,-0.16565446555614471
THANK_YOU,0.6685675978660583,0.8312758803367615,1.4135110859569977e-07,0.5929227471351624,0.8295688033103943,-0.019677696749567986,0.5268123745918274,0.7788318395614624,-0.03619689121842384,0.487429141998291,0.7319360375404358,-0.05185047164559364,0.44689202308654785,0.7044165730476379,-0.0695679783821106,0.5290083289146423,0.6951037645339966,-0.054473984986543655,0.4730941951274872,0.6213254928588867,-0.08911202102899551,0.43820759654045105,0.5870859026908875,-0.10992337018251419,0.40418490767478943,0.5569969415664673,-0.12375262379646301,0.5712141394615173,0.6780077815055847,-0.06787817180156708,0.5282084941864014,0.5756545662879944,-0.10020380467176437,0.5043150186538696,0.5157917141914368,-0.120510995388031,0.48481613397598267,0.46108299493789673,-0.13459929823875427,0.6202266812324524,0.6830583810806274,-0.08270251750946045,0.596911609172821,0.5885522365570068,-0.12156327813863754,0.580603837966919,0.5253815650939941,-0.14430071413516998,0.5632844567298889,0.4639691114425659,-0.15863460302352905,0.6724664568901062,0.7032576203346252,-0.09735281765460968,0.6890240907669067,0.6263651251792908,-0.13368093967437744,0.7033522129058838,0.5732746720314026,-0.14920629560947418,0.711887001991272,0.5217082500457764,-0.1591806560754776
THANK_YOU,0.6833798289299011,0.837029218673706,2.0211420803661895e-07,0.6081202030181885,0.831462025642395,-0.02053549513220787,0.5436716675758362,0.7786135673522949,-0.03691321238875389,0.5061460137367249,0.7264075875282288,-0.052262868732213974,0.4646793007850647,0.6960257887840271,-0.06945572793483734,0.550056517124176,0.6917315721511841,-0.05244580656290054,0.4960082471370697,0.6159149408340454,-0.08697345852851868,0.4617730379104614,0.5785058736801147,-0.1088898777961731,0.42748314142227173,0.5480292439460754,-0.124024897813797,0.5917138457298279,0.6722121238708496,-0.06586780399084091,0.5508120656013489,0.5696955323219299,-0.0984899252653122,0.5248159170150757,0.5078988075256348,-0.12072370201349258,0.5015643835067749,0.45268890261650085,-0.1365397870540619,0.6399736404418945,0.6759112477302551,-0.08108069002628326,0.6166583299636841,0.580224335193634,-0.12052659690380096,0.5996936559677124,0.5149998664855957,-0.1455429345369339,0.5820741057395935,0.45345640182495117,-0.16181661188602448,0.6916258335113525,0.6965338587760925,-0.09624579548835754,0.7099038362503052,0.61671382188797,-0.1353597790002823,0.7254815697669983,0.5615569949150085,-0.15390484035015106,0.7352527976036072,0.5088149905204773,-0.16593240201473236
THANK_YOU,0.6959322690963745,0.8341931104660034,2.592579448901233e-07,0.6212639808654785,0.825788140296936,-0.02440289594233036,0.5573804974555969,0.7761023640632629,-0.04405124485492706,0.5181929469108582,0.7274990677833557,-0.06232675909996033,0.4779009222984314,0.6936323046684265,-0.08232973515987396,0.571040153503418,0.6904811263084412,-0.0576445646584034,0.5154603123664856,0.6118345856666565,-0.09499216079711914,0.4802500307559967,0.5709075927734375,-0.11836531013250351,0.4462803304195404,0.537379264831543,-0.13411279022693634,0.612890362739563,0.6704474687576294,-0.06956911832094193,0.571013331413269,0.5649385452270508,-0.10503920167684555,0.5453766584396362,0.4995930790901184,-0.1279648244380951,0.5220020413398743,0.44046467542648315,-0.1439456194639206,0.6608878374099731,0.6730214953422546,-0.08349991589784622,0.6374208927154541,0.57609623670578,-0.12405969202518463,0.6222180724143982,0.5105990171432495,-0.1472289264202118,0.6057034134864807,0.4474746584892273,-0.16194023191928864,0.7122674584388733,0.6913375854492188,-0.09790553897619247,0.7296110391616821,0.6119982004165649,-0.13656049966812134,0.745694637298584,0.5570940971374512,-0.15335972607135773,0.7559310793876648,0.5041487812995911,-0.16396701335906982
THANK_YOU,0.7087897658348083,0.8355634212493896,2.515805590519449e-07,0.6299432516098022,0.8249161839485168,-0.022183774039149284,0.5656229257583618,0.7704064846038818,-0.03800138458609581,0.5266802310943604,0.7188619375228882,-0.052693650126457214,0.4866566061973572,0.6862360835075378,-0.06911815702915192,0.58744215965271,0.6839116215705872,-0.048014890402555466,0.5333071351051331,0.6047590374946594,-0.08056247234344482,0.4988584518432617,0.5621560215950012,-0.10153475403785706,0.46618759632110596,0.5269405245780945,-0.1160605251789093,0.6303718090057373,0.6654200553894043,-0.05912129580974579,0.5930458903312683,0.5611453652381897,-0.09013467282056808,0.5690747499465942,0.4961825907230377,-0.11176241934299469,0.5478448867797852,0.4376293420791626,-0.12718184292316437,0.6789413094520569,0.6689620018005371,-0.072398342192173,0.6582158803939819,0.5707255005836487,-0.10926003009080887,0.6437532305717468,0.5048789978027344,-0.1318821907043457,0.6295770406723022,0.4408963918685913,-0.14645394682884216,0.7310633659362793,0.6875555515289307,-0.08608901500701904,0.7489481568336487,0.6073629260063171,-0.12150011211633682,0.7644367218017578,0.5518707036972046,-0.13760170340538025,0.7748883962631226,0.4973369836807251,-0.1480524241924286
THANK_YOU,0.7184496521949768,0.8317307829856873,2.310034545871531e-07,0.6416364312171936,0.8217717409133911,-0.026175688952207565,0.5783155560493469,0.7686107158660889,-0.044439636170864105,0.5399253368377686,0.7150047421455383,-0.06083475053310394,0.498911052942276,0.6802464723587036,-0.07869213074445724,0.6025670170783997,0.6814882755279541,-0.05222319811582565,0.5505284070968628,0.6001390218734741,-0.08626094460487366,0.516112744808197,0.5576238036155701,-0.10831896960735321,0.4830554127693176,0.5226132273674011,-0.12329364567995071,0.6459088325500488,0.6619901061058044,-0.061493512243032455,0.6098026037216187,0.5563236474990845,-0.09238641709089279,0.5873894691467285,0.49007153511047363,-0.11381301283836365,0.5674136281013489,0.43004798889160156,-0.12947161495685577,0.6945637464523315,0.6653510332107544,-0.07326190173625946,0.6747531294822693,0.5667212605476379,-0.10915623605251312,0.6609182357788086,0.5005255937576294,-0.13090164959430695,0.6474501490592957,0.436298668384552,-0.1452099233865738,0.7469093799591064,0.6834084391593933,-0.08595750480890274,0.7652938365936279,0.603981614112854,-0.1198926493525505,0.779795229434967,0.5479969382286072,-0.1354568600654602,0.7892032265663147,0.4924030303955078,-0.14585483074188232
THANK_YOU,0.729861319065094,0.8297008275985718,2.356921413593227e-07,0.6526657342910767,0.8198508024215698,-0.02392345480620861,0.5894015431404114,0.7655267715454102,-0.04216233640909195,0.5505517721176147,0.7135201096534729,-0.05899089202284813,0.5092572569847107,0.6781538128852844,-0.07793307304382324,0.6138796210289001,0.677059531211853,-0.05258215218782425,0.5634744763374329,0.5930145382881165,-0.08585458993911743,0.5312563180923462,0.5482498407363892,-0.10659562051296234,0.5002375245094299,0.5112723112106323,-0.1201954185962677,0.6595091819763184,0.6578251719474792,-0.06282293051481247,0.6257622241973877,0.5518717765808105,-0.093685083091259,0.6038523316383362,0.4854699671268463,-0.11539264768362045,0.5843410491943359,0.42466437816619873,-0.13092230260372162,0.7094212770462036,0.6619239449501038,-0.07522004842758179,0.6925660967826843,0.5632065534591675,-0.11125203967094421,0.6791672706604004,0.4934762418270111,-0.13520920276641846,0.6665143370628357,0.42557936906814575,-0.15088912844657898,0.7605975270271301,0.6808391809463501,-0.08795677870512009,0.781596302986145,0.602064847946167,-0.12172353267669678,0.7978838682174683,0.5466004610061646,-0.1384269744157791,0.8090505003929138,0.48998743295669556,-0.14964288473129272
THANK_YOU,0.7402452826499939,0.8316817283630371,1.7462022583458747e-07,0.6625505089759827,0.8169411420822144,-0.023294206708669662,0.5983138084411621,0.7609201073646545,-0.04172942414879799,0.5588727593421936,0.7097963690757751,-0.05942610651254654,0.5188952088356018,0.674259603023529,-0.0795462355017662,0.6281677484512329,0.6758740544319153,-0.05185934156179428,0.5793176889419556,0.5916460156440735,-0.08595007658004761,0.5474422574043274,0.5445618629455566,-0.10749659687280655,0.5177538394927979,0.5039767622947693,-0.12181063741445541,0.6737080216407776,0.656528890132904,-0.0629347711801529,0.6422551870346069,0.5485326647758484,-0.09524267911911011,0.6215043067932129,0.4811655282974243,-0.11752939224243164,0.6037409901618958,0.4197194278240204,-0.13344287872314453,0.72393399477005,0.6604991555213928,-0.07613842934370041,0.7069412469863892,0.5595483183860779,-0.11250051110982895,0.6935877799987793,0.4895302355289459,-0.13590405881404877,0.6818115711212158,0.42215585708618164,-0.15119394659996033,0.7749314308166504,0.6800464391708374,-0.08984104543924332,0.7947661280632019,0.6016433238983154,-0.12234342098236084,0.8111542463302612,0.5472610592842102,-0.13791483640670776,0.8231267929077148,0.4928261637687683,-0.1485905945301056
THANK_YOU,0.7477844953536987,0.8297619819641113,9.189092509132024e-08,0.6700543761253357,0.8159270882606506,-0.03208573907613754,0.60918128490448,0.7599809169769287,-0.057419825345277786,0.571870744228363,0.7080814838409424,-0.08125782757997513,0.5308095812797546,0.666618824005127,-0.10745410621166229,0.6372071504592896,0.6751043200492859,-0.06490285694599152,0.5909837484359741,0.5877804756164551,-0.10564535856246948,0.5585809946060181,0.5404990315437317,-0.13131678104400635,0.5281991958618164,0.5008364915847778,-0.1473422646522522,0.6839572191238403,0.6536884903907776,-0.0728507936000824,0.6567926406860352,0.5436131954193115,-0.11092963069677353,0.6351174116134644,0.4728562533855438,-0.13552671670913696,0.6160855293273926,0.4099631905555725,-0.1532077193260193,0.7344126105308533,0.6557932496070862,-0.08366020023822784,0.7247321605682373,0.5560256838798523,-0.1240798607468605,0.7134471535682678,0.4899807274341583,-0.14821158349514008,0.702053427696228,0.4261207580566406,-0.16338485479354858,0.7845355868339539,0.6739704608917236,-0.09580280631780624,0.8079126477241516,0.5925655961036682,-0.12857769429683685,0.8247012495994568,0.5400055646896362,-0.14414218068122864,0.8358120322227478,0.4871184229850769,-0.15516848862171173
THANK_YOU,0.7544538974761963,0.8261928558349609,1.2928784087762324e-07,0.6792322397232056,0.812143087387085,-0.029523123055696487,0.6191809177398682,0.7577412128448486,-0.051949772983789444,0.5812397599220276,0.7054705619812012,-0.0733819529414177,0.5373435616493225,0.6659421920776367,-0.0970567986369133,0.6492047905921936,0.6721458435058594,-0.05676155537366867,0.6040282845497131,0.5866947770118713,-0.09372200816869736,0.5730745196342468,0.5388736724853516,-0.11738868057727814,0.5442062616348267,0.49612051248550415,-0.13297216594219208,0.6961772441864014,0.650745153427124,-0.06575971096754074,0.6696440577507019,0.5414312481880188,-0.10137837380170822,0.6505799889564514,0.4709245562553406,-0.12483540922403336,0.633283793926239,0.40604281425476074,-0.14173994958400726,0.7462379336357117,0.6532468795776367,-0.07774969190359116,0.7364867329597473,0.5531405210494995,-0.11731306463479996,0.7267583012580872,0.4846925437450409,-0.1408020555973053,0.7163985371589661,0.41847431659698486,-0.15542981028556824,0.7961931228637695,0.6708089113235474,-0.090939462184906,0.8192846179008484,0.5896914601325989,-0.12389378249645233,0.8378396034240723,0.5365368127822876,-0.13932065665721893,0.8506200313568115,0.4838540554046631,-0.15007436275482178
THANK_YOU,0.7615964412689209,0.8246660232543945,1.1431562541019957e-07,0.6848979592323303,0.8133953213691711,-0.03694840148091316,0.6246774792671204,0.758484423160553,-0.06546929478645325,0.5865013599395752,0.7068132162094116,-0.09185238182544708,0.5416273474693298,0.6641787886619568,-0.12077362090349197,0.6558164358139038,0.6731678247451782,-0.07364953309297562,0.6147799491882324,0.5864932537078857,-0.1167730838060379,0.5846606492996216,0.5388983488082886,-0.143551304936409,0.555605947971344,0.49610835313796997,-0.16099083423614502,0.7044403553009033,0.6527580618858337,-0.08070633560419083,0.6817259192466736,0.5470108389854431,-0.12279059737920761,0.662071168422699,0.4787505865097046,-0.14943672716617584,0.6442067623138428,0.4149426817893982,-0.16897182166576385,0.7549930214881897,0.655308723449707,-0.0909014642238617,0.746624231338501,0.5560066103935242,-0.1356828510761261,0.7358925938606262,0.4895341396331787,-0.16203555464744568,0.7242372035980225,0.4243229925632477,-0.17888979613780975,0.8044714331626892,0.6734920144081116,-0.10261411219835281,0.8292966485023499,0.5895758867263794,-0.13874728977680206,0.8480195999145508,0.5371249318122864,-0.1569480001926422,0.860630989074707,0.4847530722618103,-0.17039446532726288
THANK_YOU,0.7657225131988525,0.8242806196212769,2.238308098867492e-07,0.6914525628089905,0.8139679431915283,-0.03778325021266937,0.6313711404800415,0.7604662179946899,-0.06595547497272491,0.5932672023773193,0.707124650478363,-0.09141821414232254,0.5494058132171631,0.6665381789207458,-0.11963961273431778,0.6639247536659241,0.6764549612998962,-0.07566968351602554,0.6239349842071533,0.591004490852356,-0.11790210008621216,0.5959319472312927,0.5400302410125732,-0.14410333335399628,0.5700834393501282,0.4923953711986542,-0.1617015153169632,0.7131025791168213,0.654986560344696,-0.08228148519992828,0.6909524202346802,0.5465558767318726,-0.12370220571756363,0.673713207244873,0.4750500023365021,-0.15000106394290924,0.6584324240684509,0.4078284502029419,-0.16914238035678864,0.7638118863105774,0.6566088795661926,-0.09166581928730011,0.7554959058761597,0.5551810264587402,-0.13546600937843323,0.7454188466072083,0.48726755380630493,-0.16076554358005524,0.7355446815490723,0.4214678406715393,-0.17699158191680908,0.813474178314209,0.6740781664848328,-0.1027412861585617,0.837282657623291,0.5916192531585693,-0.1394137740135193,0.8564387559890747,0.5385011434555054,-0.15718746185302734,0.871699869632721,0.4862673580646515,-0.16979475319385529
THANK_YOU,0.7677764892578125,0.8261289000511169,2.204063633826081e-07,0.6936501264572144,0.8135985136032104,-0.03796660527586937,0.6337264776229858,0.7591837048530579,-0.0657813772559166,0.5950914025306702,0.704626202583313,-0.09082910418510437,0.5513181090354919,0.6614183783531189,-0.11839046329259872,0.6676217913627625,0.6743723154067993,-0.07327713817358017,0.6290733218193054,0.5898208022117615,-0.1146719679236412,0.6014907360076904,0.5395290851593018,-0.14050818979740143,0.575701117515564,0.4916518032550812,-0.15809749066829681,0.7173823118209839,0.6524723768234253,-0.0798780545592308,0.6960734128952026,0.5452122688293457,-0.12071925401687622,0.679161548614502,0.47444695234298706,-0.1471424251794815,0.6634249687194824,0.4067069888114929,-0.16637234389781952,0.7680387496948242,0.6543042659759521,-0.08938281238079071,0.760992705821991,0.5530364513397217,-0.1331995576620102,0.75239098072052,0.48481273651123047,-0.15859872102737427,0.7429777383804321,0.4176294803619385,-0.17484374344348907,0.8171868920326233,0.6720253229141235,-0.10058941692113876,0.8411898612976074,0.5902974009513855,-0.13763386011123657,0.8610360026359558,0.5380234718322754,-0.15538014471530914,0.876563310623169,0.48585134744644165,-0.16783936321735382
THANK_YOU,0.7694248557090759,0.8256499171257019,2.255509485848961e-07,0.6952362656593323,0.8109062314033508,-0.03267454728484154,0.6350064277648926,0.7578831911087036,-0.05658477917313576,0.5961050987243652,0.7047262191772461,-0.07834998518228531,0.5546295046806335,0.6636438369750977,-0.1022622138261795,0.6692250967025757,0.6698610782623291,-0.06136930361390114,0.6281973123550415,0.5863261222839355,-0.09788711369037628,0.6010537147521973,0.5361284017562866,-0.1211581751704216,0.5759261846542358,0.4899912178516388,-0.1370239406824112,0.718082845211029,0.6492761373519897,-0.06907438486814499,0.6948843002319336,0.541155219078064,-0.10408622026443481,0.6789929270744324,0.47123250365257263,-0.12774285674095154,0.6643158793449402,0.4061264395713806,-0.1450279951095581,0.7685928344726562,0.6525618433952332,-0.07953253388404846,0.7601695656776428,0.5516202449798584,-0.11776821315288544,0.7514020800590515,0.48068904876708984,-0.14060863852500916,0.7422981858253479,0.4118371605873108,-0.15553566813468933,0.8184755444526672,0.6712689399719238,-0.09149862825870514,0.840969979763031,0.5907772183418274,-0.12449169158935547,0.8599277138710022,0.537024736404419,-0.13963985443115234,0.8746564388275146,0.48368769884109497,-0.1501660943031311
THANK_YOU,0.7670304179191589,0.8241350650787354,2.06845285788404e-07,0.6949091553688049,0.8136867880821228,-0.03802146390080452,0.6360774636268616,0.7613828182220459,-0.06614188104867935,0.5972797870635986,0.707903265953064,-0.09141047298908234,0.5528468489646912,0.6652641296386719,-0.11914712190628052,0.6679232716560364,0.6728852391242981,-0.07318007200956345,0.6297529935836792,0.5897893309593201,-0.11420753598213196,0.6017161011695862,0.540984570980072,-0.1402260959148407,0.5754460096359253,0.49559664726257324,-0.1578465849161148,0.7168136835098267,0.6504644155502319,-0.07921569794416428,0.6953008770942688,0.5436884164810181,-0.11900518089532852,0.6787587404251099,0.4736345410346985,-0.14496193826198578,0.6634047627449036,0.40707600116729736,-0.1641337275505066,0.7666118144989014,0.6520190238952637,-0.08820800483226776,0.760094404220581,0.5515970587730408,-0.1306665688753128,0.752808690071106,0.48343005776405334,-0.15628045797348022,0.7444467544555664,0.4165365695953369,-0.1730690449476242,0.8149175643920898,0.6698102355003357,-0.09890740364789963,0.8407363891601562,0.5905584692955017,-0.13458186388015747,0.8607062697410583,0.5388529896736145,-0.15252485871315002,0.8757381439208984,0.4870647192001343,-0.1655411422252655
THANK_YOU,0.4937175512313843,0.7104854583740234,3.5004737242161355e-07,0.449582040309906,0.6917456984519958,-0.0023992822971194983,0.4206087589263916,0.6449649333953857,-0.01169948186725378,0.4070153832435608,0.6025705933570862,-0.020953791216015816,0.38867926597595215,0.5682625770568848,-0.0325436107814312,0.4019463360309601,0.6162282228469849,-0.04132585972547531,0.3632620871067047,0.5643305778503418,-0.0660223588347435,0.33332228660583496,0.533693790435791,-0.08028122782707214,0.3065256178379059,0.5083732604980469,-0.08973169326782227,0.41565173864364624,0.6194524765014648,-0.055362313985824585,0.37772229313850403,0.5539382696151733,-0.08361238241195679,0.3451840579509735,0.5097113847732544,-0.10259222239255905,0.31960317492485046,0.47450461983680725,-0.11505588889122009,0.43851718306541443,0.6314510703086853,-0.06760912388563156,0.4099593460559845,0.5663142204284668,-0.09655725955963135,0.382724404335022,0.5163080096244812,-0.11769440025091171,0.3611568510532379,0.47217386960983276,-0.1314767599105835,0.465482622385025,0.6508998274803162,-0.07790881395339966,0.460605651140213,0.5982003211975098,-0.10598546266555786,0.45382410287857056,0.5584825873374939,-0.12129061669111252,0.4477088153362274,0.5211979150772095,-0.1313071995973587
THANK_YOU,0.6566569805145264,0.8660123944282532,1.3208419602506183e-07,0.5754854083061218,0.8699747323989868,-0.015173827297985554,0.504632830619812,0.8220807909965515,-0.031838398426771164,0.4602244794368744,0.7779033184051514,-0.04865310713648796,0.42096269130706787,0.7428751587867737,-0.06813722848892212,0.48984476923942566,0.7428639531135559,-0.05407767742872238,0.4265410304069519,0.6751288771629333,-0.08721756190061569,0.39563989639282227,0.6542295217514038,-0.10686761885881424,0.3667258024215698,0.6317159533500671,-0.12057887762784958,0.5330404043197632,0.7220654487609863,-0.0697074681520462,0.48178282380104065,0.631519079208374,-0.1028347760438919,0.4529373347759247,0.5859902501106262,-0.12216413021087646,0.4284774661064148,0.5429620742797852,-0.13536222279071808,0.5850858092308044,0.7263964414596558,-0.08621074259281158,0.5554727911949158,0.6426319479942322,-0.1278194934129715,0.5316998362541199,0.5925946831703186,-0.1509527564048767,0.5072040557861328,0.5390396118164062,-0.16526444256305695,0.6415879130363464,0.7471832633018494,-0.10155850648880005,0.6564218997955322,0.6766336560249329,-0.14179401099681854,0.666738748550415,0.626721203327179,-0.15909816324710846,0.671273946762085,0.5748363137245178,-0.16971725225448608
THANK_YOU,0.6740203499794006,0.8630775809288025,1.475154931540601e-07,0.598076343536377,0.872876763343811,-0.01591763086616993,0.5262947082519531,0.8225823044776917,-0.03289418667554855,0.48360252380371094,0.7752959728240967,-0.04974885657429695,0.44168755412101746,0.7434242963790894,-0.07033812254667282,0.5143343210220337,0.7387645840644836,-0.060957130044698715,0.4487081468105316,0.6739802360534668,-0.09586101025342941,0.413293719291687,0.6498813629150391,-0.11613543331623077,0.38164079189300537,0.6235960721969604,-0.13072021305561066,0.5595121383666992,0.718464732170105,-0.07745017111301422,0.5091091394424438,0.6224744319915771,-0.112745001912117,0.48247379064559937,0.57447350025177,-0.13303866982460022,0.46083810925483704,0.5278381109237671,-0.14727406203746796,0.6130924224853516,0.7257046103477478,-0.09461938589811325,0.5836368799209595,0.6336084008216858,-0.13973268866539001,0.5631119012832642,0.5821574926376343,-0.16475047171115875,0.5417948961257935,0.5257426500320435,-0.18029066920280457,0.6702235341072083,0.7501028776168823,-0.11025699228048325,0.6862578392028809,0.674018144607544,-0.1542985588312149,0.7003939747810364,0.6239814758300781,-0.17352832853794098,0.7078849077224731,0.5717581510543823,-0.18570823967456818
THANK_YOU,0.6916111707687378,0.8652476668357849,1.1279305311973076e-07,0.6174200177192688,0.8701691627502441,-0.016985084861516953,0.5463769435882568,0.8194044828414917,-0.03237272799015045,0.5025225281715393,0.775335431098938,-0.04676012322306633,0.46020472049713135,0.7471440434455872,-0.06366468966007233,0.5473060607910156,0.7367823123931885,-0.05671060085296631,0.48598891496658325,0.6703197956085205,-0.09097099304199219,0.4487248659133911,0.6483171582221985,-0.11118413507938385,0.4115482568740845,0.6290172934532166,-0.1250489354133606,0.5912879705429077,0.7195285558700562,-0.07240235805511475,0.5439843535423279,0.6182567477226257,-0.10505795478820801,0.5164576172828674,0.5708886981010437,-0.12403515726327896,0.4930518865585327,0.5278131365776062,-0.13679784536361694,0.6435878276824951,0.7282797694206238,-0.08910073339939117,0.6219903230667114,0.6307884454727173,-0.13043616712093353,0.6030985116958618,0.573735773563385,-0.15248547494411469,0.5815353989601135,0.514193058013916,-0.16596892476081848,0.698477029800415,0.7544257640838623,-0.10480920225381851,0.7162262201309204,0.6732779145240784,-0.14543502032756805,0.7312082648277283,0.6197620034217834,-0.16087833046913147,0.7374869585037231,0.5656219720840454,-0.1702389270067215
THANK_YOU,0.707848846912384,0.8634589314460754,1.8469094698048139e-07,0.6320822238922119,0.8654764294624329,-0.021335771307349205,0.5636310577392578,0.8172789812088013,-0.03920464590191841,0.5212630033493042,0.773175835609436,-0.05549943074584007,0.48064032196998596,0.744136393070221,-0.07390445470809937,0.580052375793457,0.7472400069236755,-0.061166245490312576,0.5202159285545349,0.6764888763427734,-0.09665542840957642,0.48531574010849,0.6490327715873718,-0.11800145357847214,0.45038706064224243,0.6253560185432434,-0.13221274316310883,0.6229854226112366,0.728536069393158,-0.0740719810128212,0.5793719291687012,0.6265939474105835,-0.10755318403244019,0.5509671568870544,0.5674170255661011,-0.12805669009685516,0.5250735282897949,0.5122929215431213,-0.1424657553434372,0.673038125038147,0.7311313152313232,-0.08818956464529037,0.6507123112678528,0.6341534852981567,-0.12773412466049194,0.6318660974502563,0.5706157684326172,-0.15001074969768524,0.6112262010574341,0.5078129768371582,-0.16408979892730713,0.7266199588775635,0.7485387325286865,-0.10212133079767227,0.7429863810539246,0.6668773293495178,-0.13993725180625916,0.7570312023162842,0.611520528793335,-0.15534807741641998,0.7644554972648621,0.5572319030761719,-0.1651832014322281
THANK_YOU,0.7197508811950684,0.8647352457046509,2.1565530516909348e-07,0.6448013186454773,0.8635164499282837,-0.023886442184448242,0.576447069644928,0.816387951374054,-0.04152762144804001,0.5347062349319458,0.7692644000053406,-0.05763273313641548,0.4930555820465088,0.7351065278053284,-0.07544086128473282,0.5964945554733276,0.7414506673812866,-0.057741742581129074,0.5382243394851685,0.6682906746864319,-0.09537891298532486,0.5015600919723511,0.6346675157546997,-0.11897523701190948,0.46520671248435974,0.6096398830413818,-0.13465140759944916,0.6408072710037231,0.7191178798675537,-0.06961636990308762,0.6000760197639465,0.6205039024353027,-0.10405967384576797,0.5717378854751587,0.5582939386367798,-0.1270478367805481,0.5447105169296265,0.5023297667503357,-0.14342865347862244,0.6912243366241455,0.7192074060440063,-0.08352041244506836,0.6681668758392334,0.6267669200897217,-0.12469010800123215,0.6507279276847839,0.5597668290138245,-0.14952614903450012,0.6315147876739502,0.4962669014930725,-0.1654270887374878,0.7447203397750854,0.7358639240264893,-0.09751366078853607,0.7647479176521301,0.6572262048721313,-0.13835154473781586,0.7793604135513306,0.6011616587638855,-0.15655404329299927,0.7870991230010986,0.5472689867019653,-0.16809137165546417
THANK_YOU,0.7325194478034973,0.8618276715278625,2.2032557467355218e-07,0.6579403281211853,0.8576050996780396,-0.023713795468211174,0.5916328430175781,0.8100938200950623,-0.04104619100689888,0.5496599078178406,0.7633875608444214,-0.056564029306173325,0.5082041621208191,0.7301046848297119,-0.07364430278539658,0.6135010123252869,0.7383847236633301,-0.05712113156914711,0.5548267364501953,0.6607853770256042,-0.09375754743814468,0.5165495276451111,0.6240575313568115,-0.11602839082479477,0.48010382056236267,0.5989629030227661,-0.12983931601047516,0.6587652564048767,0.7152848839759827,-0.06781630218029022,0.6184242367744446,0.6129202842712402,-0.10047286748886108,0.591356098651886,0.5483920574188232,-0.12214772403240204,0.5669170618057251,0.49036359786987305,-0.13732615113258362,0.7091259956359863,0.7134349346160889,-0.08049102127552032,0.6854533553123474,0.6180615425109863,-0.11964960396289825,0.6695501804351807,0.5508953332901001,-0.14354169368743896,0.6530154943466187,0.486646443605423,-0.1584324687719345,0.761397123336792,0.7264293432235718,-0.09326852858066559,0.7776309251785278,0.6458317041397095,-0.1309088170528412,0.7936134934425354,0.5890524983406067,-0.14753049612045288,0.8042011857032776,0.5338925123214722,-0.15782508254051208
THANK_YOU,0.6114611625671387,0.6968609690666199,1.1085464990401306e-07,0.5595570206642151,0.6984326839447021,-0.013865563087165356,0.5083559155464172,0.659781813621521,-0.023537538945674896,0.48053625226020813,0.6219971776008606,-0.03308568522334099,0.4545447826385498,0.5957831144332886,-0.04387786239385605,0.4972562789916992,0.5697554349899292,-0.02939743362367153,0.451487272977829,0.5099964141845703,-0.05181252956390381,0.42247074842453003,0.4807746410369873,-0.06687644124031067,0.3955354690551758,0.45695778727531433,-0.07703512161970139,0.5248767733573914,0.5523238778114319,-0.03827338665723801,0.4842005670070648,0.4730503261089325,-0.059546079486608505,0.4585372805595398,0.4244271516799927,-0.07507562637329102,0.4364657700061798,0.38220810890197754,-0.08556395769119263,0.5603777170181274,0.5526866912841797,-0.048937149345874786,0.5298920273780823,0.47583335638046265,-0.07476942241191864,0.5093363523483276,0.4247323274612427,-0.09366043657064438,0.4910101294517517,0.3778778910636902,-0.1056872010231018,0.5991852283477783,0.5646983981132507,-0.059708815068006516,0.6046658754348755,0.49942588806152344,-0.08476496487855911,0.6103185415267944,0.4545931816101074,-0.09826314449310303,0.6135959625244141,0.4112080931663513,-0.10704266279935837
