word,normalized_word,dataset,original_label,video_path,original_filename,signer,split,fps,resolution,duration,license,paper,repository,download_url,sha256,phash,quality_score,duplicate_status,review_status
thank you,thank you,CISLR,thank you,thank_you/thank_you__CISLR__00000__-4MbWP5T-cU.mp4,-4MbWP5T-cU.mp4,gesture,,30.0,480x480,3.0,research (see HF card),https://aclanthology.org/2022.emnlp-main.707,https://huggingface.co/datasets/Exploration-Lab/CISLR,https://huggingface.co/datasets/Exploration-Lab/CISLR,bb7289997c086474a027f232ef29ad3109cdc6199e7390a9fb705387976381a8,ffefe7ffe381c181,0.85,unique,accepted
teacher,teacher,CISLR,teacher,teacher/teacher__CISLR__00001__-PGXFLhDfS0_1.mp4,-PGXFLhDfS0_1.mp4,profession,,30.0,480x480,2.733333,research (see HF card),https://aclanthology.org/2022.emnlp-main.707,https://huggingface.co/datasets/Exploration-Lab/CISLR,https://huggingface.co/datasets/Exploration-Lab/CISLR,8a6ed0b4a9e094695952544738e649e12d4bc340a7e67e9ac4be5e8c94f5af1b,fee7ffffc38181f3,0.85,unique,accepted
sorry,sorry,CISLR,sorry,sorry/sorry__CISLR__00002__0sE5EMDNsDo.mp4,0sE5EMDNsDo.mp4,greeting,,30.0,480x480,2.966667,research (see HF card),https://aclanthology.org/2022.emnlp-main.707,https://huggingface.co/datasets/Exploration-Lab/CISLR,https://huggingface.co/datasets/Exploration-Lab/CISLR,138c421d810f270328bf4592180de9fdfa7c323f02cdbe8678e49858ce247ce7,ffefdfffc387c7c3,0.85,unique,accepted
mother,mother,CISLR,mother,mother/mother__CISLR__00003__0t5NaJwemgI_1.mp4,0t5NaJwemgI_1.mp4,relation,,30.0,480x480,4.0,research (see HF card),https://aclanthology.org/2022.emnlp-main.707,https://huggingface.co/datasets/Exploration-Lab/CISLR,https://huggingface.co/datasets/Exploration-Lab/CISLR,31490f1551cde41ccdc8bcccd16f7b7a1f703c890df4c9a283c34418e7c2ca8f,ffffffffe1e1c1c1,0.85,unique,accepted
stand,stand,CISLR,stand,stand/stand__CISLR__00004__1GJkBoBf-S0_1.mp4,1GJkBoBf-S0_1.mp4,action,,30.0,480x480,3.0,research (see HF card),https://aclanthology.org/2022.emnlp-main.707,https://huggingface.co/datasets/Exploration-Lab/CISLR,https://huggingface.co/datasets/Exploration-Lab/CISLR,9abb40feb1722c3af7f5bc7205256920ccaf7fcb587a44cb128ad0324da1f1be,00e2e0f42e3e3638,0.85,unique,accepted
today,today,CISLR,today,today/today__CISLR__00005__1XLi2MXWjGc_1.mp4,1XLi2MXWjGc_1.mp4,time,,30.0,480x480,2.5,research (see HF card),https://aclanthology.org/2022.emnlp-main.707,https://huggingface.co/datasets/Exploration-Lab/CISLR,https://huggingface.co/datasets/Exploration-Lab/CISLR,ab501348c6bab7d3553860ff102a1885bc7a20f9298e5d752bc339e307cdea71,ffefe7ffc3c3c1c1,0.85,unique,accepted
me,me,CISLR,me,me/me__CISLR__00006__1f6OchgCQrE.mp4,1f6OchgCQrE.mp4,human,,30.0,480x480,4.8,research (see HF card),https://aclanthology.org/2022.emnlp-main.707,https://huggingface.co/datasets/Exploration-Lab/CISLR,https://huggingface.co/datasets/Exploration-Lab/CISLR,c3a1327d36d64a3fdf48dc069411051d84464cb9c11e08d4b7c4df0a595e2cb3,ffffffe7c38383c3,0.85,unique,accepted
sit,sit,CISLR,sit,sit/sit__CISLR__00007__2AGfP7x3obk_1.mp4,2AGfP7x3obk_1.mp4,action,,30.0,480x480,3.0,research (see HF card),https://aclanthology.org/2022.emnlp-main.707,https://huggingface.co/datasets/Exploration-Lab/CISLR,https://huggingface.co/datasets/Exploration-Lab/CISLR,53a527313162cddbdf3b3c4c3400fe70c809a158203edbbe8b23269e66b43e6d,00e0c0e03c3e3c1c,0.85,unique,accepted
home,home,CISLR,home,home/home__CISLR__00008__3SRihi99gjc_1.mp4,3SRihi99gjc_1.mp4,geography,,30.0,480x480,4.0,research (see HF card),https://aclanthology.org/2022.emnlp-main.707,https://huggingface.co/datasets/Exploration-Lab/CISLR,https://huggingface.co/datasets/Exploration-Lab/CISLR,7e292c5f62b07850607216c6be840fd226ebe852a6346b939505a6eaa73d4e35,00e060407e3c3c3c,0.85,unique,accepted
what,what,CISLR,what,what/what__CISLR__00009__4accXsYqRnA.mp4,4accXsYqRnA.mp4,abstract,,30.0,480x480,2.6,research (see HF card),https://aclanthology.org/2022.emnlp-main.707,https://huggingface.co/datasets/Exploration-Lab/CISLR,https://huggingface.co/datasets/Exploration-Lab/CISLR,6ee41db0e39b5da51ada81fb6c5e3efb78bdd48a5416d9dc5ab93982bd017a1e,ffffffffc7c3c183,0.85,unique,accepted
water,water,CISLR,water,water/water__CISLR__00010__5FSC6Og1RBQ_2.mp4,5FSC6Og1RBQ_2.mp4,substance,,30.0,480x480,2.6,research (see HF card),https://aclanthology.org/2022.emnlp-main.707,https://huggingface.co/datasets/Exploration-Lab/CISLR,https://huggingface.co/datasets/Exploration-Lab/CISLR,90e528ebd49e8e224a72e28e5801a6b97fb3834c58bab6cb5423a569cd930b1e,0000fff7ffffbe1c,0.85,unique,accepted
drink,drink,CISLR,drink,drink/drink__CISLR__00011__6X8mSzwuKWw_1.mp4,6X8mSzwuKWw_1.mp4,action,,30.0,480x480,2.533333,research (see HF card),https://aclanthology.org/2022.emnlp-main.707,https://huggingface.co/datasets/Exploration-Lab/CISLR,https://huggingface.co/datasets/Exploration-Lab/CISLR,7ffdafbfb6ecafe344360a48b5279b1bee4c3843fc03092f16a16815e426d2cf,000000003e3e3e3e,0.85,unique,accepted
where,where,CISLR,where,where/where__CISLR__00012__8wgrPnyzpMw.mp4,8wgrPnyzpMw.mp4,abstract,,30.0,480x480,2.466667,research (see HF card),https://aclanthology.org/2022.emnlp-main.707,https://huggingface.co/datasets/Exploration-Lab/CISLR,https://huggingface.co/datasets/Exploration-Lab/CISLR,1f3bb2933a9620f5ff2446eb9b83fb3277ff141ec70f5116baa96d8a5bab531b,ffffffe7c3c38183,0.85,unique,accepted
she,she,CISLR,she,she/she__CISLR__00013__BXw0xmFB8pQ_1.mp4,BXw0xmFB8pQ_1.mp4,abstract,,30.0,480x480,3.0,research (see HF card),https://aclanthology.org/2022.emnlp-main.707,https://huggingface.co/datasets/Exploration-Lab/CISLR,https://huggingface.co/datasets/Exploration-Lab/CISLR,d298cbe6b1f3066e38265b8727a95c84fa3ec7ea1d66e798cc99b2cc6733d9e5,ffe7efffe3e1c1c0,0.85,unique,accepted
sit,sit,CISLR,sit,sit/sit__CISLR__00014__CEHCaHC8hK0.mp4,CEHCaHC8hK0.mp4,action,,30.0,480x480,3.0,research (see HF card),https://aclanthology.org/2022.emnlp-main.707,https://huggingface.co/datasets/Exploration-Lab/CISLR,https://huggingface.co/datasets/Exploration-Lab/CISLR,895f37ea2c4f7e8d714eaee5a774dafb6f10020803cf35ffe21cfc7d3dbe6bb1,ffffe7fff7c3c3c3,0.85,unique,accepted
no,no,CISLR,no,no/no__CISLR__00015__CXEDTo1PXCg.mp4,CXEDTo1PXCg.mp4,abstract,,30.0,480x480,3.133333,research (see HF card),https://aclanthology.org/2022.emnlp-main.707,https://huggingface.co/datasets/Exploration-Lab/CISLR,https://huggingface.co/datasets/Exploration-Lab/CISLR,9a596001ca81cabe6ec4b5cb803ca0297745a239e2138b226e9ac6d84753ef11,ffe7ffffd3e1c1c3,0.85,unique,accepted
eat,eat,CISLR,eat,eat/eat__CISLR__00016__Cgs1MibMXJ0.mp4,Cgs1MibMXJ0.mp4,action,,30.0,480x480,3.533333,research (see HF card),https://aclanthology.org/2022.emnlp-main.707,https://huggingface.co/datasets/Exploration-Lab/CISLR,https://huggingface.co/datasets/Exploration-Lab/CISLR,7f0cdd4413cb314430550827eef6c515c9cb10f2e698452bf3db7bef5b937ecb,ffe7ffffd3c3e3c3,0.85,unique,accepted
read,read,CISLR,read,read/read__CISLR__00017__Dz2avlvSTYQ_1.mp4,Dz2avlvSTYQ_1.mp4,action,,30.0,480x480,3.0,research (see HF card),https://aclanthology.org/2022.emnlp-main.707,https://huggingface.co/datasets/Exploration-Lab/CISLR,https://huggingface.co/datasets/Exploration-Lab/CISLR,81c734e21131fe43f03955c481c961400083ef72dc8a9d621ff61df60270e00f,ffe7ffffc3c18181,0.85,unique,accepted
help,help,CISLR,help,help/help__CISLR__00018__E91cfQBn8_4_1.mp4,E91cfQBn8_4_1.mp4,process,,30.0,480x480,3.0,research (see HF card),https://aclanthology.org/2022.emnlp-main.707,https://huggingface.co/datasets/Exploration-Lab/CISLR,https://huggingface.co/datasets/Exploration-Lab/CISLR,2b16e558bb46345c5bea239eaad13fd577bcd0f09eb23f6bc19cb776b60290e0,00e7e6e4fe7e2608,0.85,unique,accepted
okay,okay,CISLR,okay,okay/okay__CISLR__00019__EZpZvb2wicY.mp4,EZpZvb2wicY.mp4,gesture,,30.0,480x480,3.8,research (see HF card),https://aclanthology.org/2022.emnlp-main.707,https://huggingface.co/datasets/Exploration-Lab/CISLR,https://huggingface.co/datasets/Exploration-Lab/CISLR,830150f84aba447e3a4ebf54c9057b0cf5140937ed4f7556e5b3d4b5353c4ea3,ffffffe7c1818181,0.85,unique,accepted
friend,friend,CISLR,friend,friend/friend__CISLR__00020__ElXP4DjT3H8_1.mp4,ElXP4DjT3H8_1.mp4,relation,,30.0,480x480,4.5,research (see HF card),https://aclanthology.org/2022.emnlp-main.707,https://huggingface.co/datasets/Exploration-Lab/CISLR,https://huggingface.co/datasets/Exploration-Lab/CISLR,0dc9e04f523d0734c12bc4703638af69b61a0aa03db04b2a3a8292fc88cdccf1,00c0c0e8fc7c7808,0.85,unique,accepted
stop,stop,CISLR,stop,stop/stop__CISLR__00021__FEi50jcTxxI_1.mp4,FEi50jcTxxI_1.mp4,stage,,30.0,480x480,2.533008,research (see HF card),https://aclanthology.org/2022.emnlp-main.707,https://huggingface.co/datasets/Exploration-Lab/CISLR,https://huggingface.co/datasets/Exploration-Lab/CISLR,5396eeb51ae3198be28a791259e232c982fc2d2d82c1996ff3dd4ed577a1e326,006000003e3e3e10,0.85,unique,accepted
stop,stop,CISLR,stop,stop/stop__CISLR__00022__FHwjyQeLNuY.mp4,FHwjyQeLNuY.mp4,stage,,30.0,480x480,4.333333,research (see HF card),https://aclanthology.org/2022.emnlp-main.707,https://huggingface.co/datasets/Exploration-Lab/CISLR,https://huggingface.co/datasets/Exploration-Lab/CISLR,9fc15d7aa7840865197fcdf9965a2319feb4a30a3af1b82e4d710c4890dcf9a3,ffe7ffffdbd1e1c3,0.85,unique,accepted
sit,sit,CISLR,sit,sit/sit__CISLR__00023__FQYd1BVpZ54.mp4,FQYd1BVpZ54.mp4,action,,30.0,480x480,3.0,research (see HF card),https://aclanthology.org/2022.emnlp-main.707,https://huggingface.co/datasets/Exploration-Lab/CISLR,https://huggingface.co/datasets/Exploration-Lab/CISLR,696e2036963490938e601553ca3a53ac208dfbef3847011cb95dd500b27b496d,ffffefffc3c381c3,0.85,unique,accepted
father,father,CISLR,father,father/father__CISLR__00024__Gm2HCSz7Jqg_1.mp4,Gm2HCSz7Jqg_1.mp4,relation,,30.0,480x480,4.5,research (see HF card),https://aclanthology.org/2022.emnlp-main.707,https://huggingface.co/datasets/Exploration-Lab/CISLR,https://huggingface.co/datasets/Exploration-Lab/CISLR,921edcf969c78b002718c0dd4adb1d04b64e0b1ed7cf39d05b7e00f652d0affd,ffffffffc381c1c1,0.85,unique,accepted
come,come,CISLR,come,come/come__CISLR__00025__HSEV-Y2g3A8.mp4,HSEV-Y2g3A8.mp4,process,,30.0,480x480,2.633333,research (see HF card),https://aclanthology.org/2022.emnlp-main.707,https://huggingface.co/datasets/Exploration-Lab/CISLR,https://huggingface.co/datasets/Exploration-Lab/CISLR,fd879266dc13ef9e78cec8e309639f8ee15a220c935d8440a1ad5579f1231560,fff3ffe7c383c3c3,0.85,unique,accepted
friend,friend,CISLR,friend,friend/friend__CISLR__00026__HiKegjOx1kw.mp4,HiKegjOx1kw.mp4,relation,,30.0,480x480,9.633333,research (see HF card),https://aclanthology.org/2022.emnlp-main.707,https://huggingface.co/datasets/Exploration-Lab/CISLR,https://huggingface.co/datasets/Exploration-Lab/CISLR,efb3b2993c652da0f077f1348b436b97824ef5bf7545b2061292da9eaf414ed1,000000207c7c7c38,0.85,unique,accepted
thank you,thank you,CISLR,thank you,thank_you/thank_you__CISLR__00027__IRmlHHtW_Q0_1.mp4,IRmlHHtW_Q0_1.mp4,gesture,,30.0,480x480,3.0,research (see HF card),https://aclanthology.org/2022.emnlp-main.707,https://huggingface.co/datasets/Exploration-Lab/CISLR,https://huggingface.co/datasets/Exploration-Lab/CISLR,7d5f77b8ccc05dc409ca10e9013a9f683624a038a66724a595cccb076a9dcbdc,000018183c7c7e38,0.85,unique,accepted
food,food,CISLR,food,food/food__CISLR__00028__IVY4EYIVHMI.mp4,IVY4EYIVHMI.mp4,foods and drinks,,30.0,480x480,3.266667,research (see HF card),https://aclanthology.org/2022.emnlp-main.707,https://huggingface.co/datasets/Exploration-Lab/CISLR,https://huggingface.co/datasets/Exploration-Lab/CISLR,ff11adb7d720f8970c6ff2f782d13b0aa7a13b3bf4d0c73b2459e446dcf48164,ffe7fff7c181c0c1,0.85,unique,accepted
eat,eat,CISLR,eat,eat/eat__CISLR__00029__IYf_zhHRbWw_1.mp4,IYf_zhHRbWw_1.mp4,action,,30.0,480x480,3.0,research (see HF card),https://aclanthology.org/2022.emnlp-main.707,https://huggingface.co/datasets/Exploration-Lab/CISLR,https://huggingface.co/datasets/Exploration-Lab/CISLR,b7e33589b46b7a260a2df4257a53c319ebad924358075d13948c3a5145deb0dc,008000002e2e1e1c,0.85,unique,accepted
today,today,CISLR,today,today/today__CISLR__00030__Iji2l3tYxHc.mp4,Iji2l3tYxHc.mp4,time,,30.0,480x480,2.466667,research (see HF card),https://aclanthology.org/2022.emnlp-main.707,https://huggingface.co/datasets/Exploration-Lab/CISLR,https://huggingface.co/datasets/Exploration-Lab/CISLR,c44a45c1b55effaa2fb7d725eb7e6b06ab86529323f5cb985a032c73898ad90c,ffe7efe7c18181c3,0.85,unique,accepted
sorry,sorry,CISLR,sorry,sorry/sorry__CISLR__00031__KXnSguJGdN8.mp4,KXnSguJGdN8.mp4,greeting,,30.0,480x480,3.4,research (see HF card),https://aclanthology.org/2022.emnlp-main.707,https://huggingface.co/datasets/Exploration-Lab/CISLR,https://huggingface.co/datasets/Exploration-Lab/CISLR,aafa9644f13e66ca90df8dcd2232b21ef9eb361db9b63ade70bfcd3064aa229f,ffe7ffdf8393c3c3,0.85,unique,accepted
mother,mother,CISLR,mother,mother/mother__CISLR__00032__Kxj8mG2kNCc.mp4,Kxj8mG2kNCc.mp4,relation,,30.0,480x480,2.833333,research (see HF card),https://aclanthology.org/2022.emnlp-main.707,https://huggingface.co/datasets/Exploration-Lab/CISLR,https://huggingface.co/datasets/Exploration-Lab/CISLR,8815230d78eccdde5c242ddfff596f03670e03c09812a014ffa3ce4ebb046eff,ffe7ffe7c381c1c3,0.85,unique,accepted
yes,yes,CISLR,yes,yes/yes__CISLR__00033__LAT-u9Ww5ZU.mp4,LAT-u9Ww5ZU.mp4,comparator,,30.0,480x480,3.433333,research (see HF card),https://aclanthology.org/2022.emnlp-main.707,https://huggingface.co/datasets/Exploration-Lab/CISLR,https://huggingface.co/datasets/Exploration-Lab/CISLR,bedaf7e46d206fc2e356feb4baecdf96724e96faf872f57e51134dd2df31eb3a,ffe7ffffc3c3c3c3,0.85,unique,accepted
yes,yes,CISLR,yes,yes/yes__CISLR__00034__MXmTYGHWvvE.mp4,MXmTYGHWvvE.mp4,comparator,,30.0,480x480,2.933333,research (see HF card),https://aclanthology.org/2022.emnlp-main.707,https://huggingface.co/datasets/Exploration-Lab/CISLR,https://huggingface.co/datasets/Exploration-Lab/CISLR,67565f5510e585c5bd0242bd06b6edde74f24db958ef1ecefdc6fe128dc69332,ffe7fff7c3818181,0.85,unique,accepted
food,food,CISLR,food,food/food__CISLR__00035__NROeKyImRuI_1.mp4,NROeKyImRuI_1.mp4,foods and drinks,,30.0,480x480,2.533008,research (see HF card),https://aclanthology.org/2022.emnlp-main.707,https://huggingface.co/datasets/Exploration-Lab/CISLR,https://huggingface.co/datasets/Exploration-Lab/CISLR,fba522dade19f83808c85d72cd510bb40e131dec70108496e911258b3ec2a086,03eff7ffd3c181c1,0.85,unique,accepted
goodbye,goodbye,CISLR,goodbye,goodbye/goodbye__CISLR__00036__O6YJgD20e2g.mp4,O6YJgD20e2g.mp4,greeting,,30.0,480x480,4.333333,research (see HF card),https://aclanthology.org/2022.emnlp-main.707,https://huggingface.co/datasets/Exploration-Lab/CISLR,https://huggingface.co/datasets/Exploration-Lab/CISLR,e7287cfa164c9480ccd0aafce26689f821114c142b1afee7e653fe82f50224fd,ffdfffd78383c3c3,0.85,unique,accepted
read,read,CISLR,read,read/read__CISLR__00037__OWya5pey33I.mp4,OWya5pey33I.mp4,action,,30.0,480x480,4.066667,research (see HF card),https://aclanthology.org/2022.emnlp-main.707,https://huggingface.co/datasets/Exploration-Lab/CISLR,https://huggingface.co/datasets/Exploration-Lab/CISLR,d45ff4adbbf2cdfdc1ae60dead9ee81c7fd8083ef94c6f6f22e8b544cfdbfe5e,ffe7efefc7c3c7c3,0.85,unique,accepted
school,school,CISLR,school,school/school__CISLR__00038__OvDIlDiFmnU.mp4,OvDIlDiFmnU.mp4,organisation,,30.0,480x480,2.6,research (see HF card),https://aclanthology.org/2022.emnlp-main.707,https://huggingface.co/datasets/Exploration-Lab/CISLR,https://huggingface.co/datasets/Exploration-Lab/CISLR,d04ca996e905c1c706e544ca6e483bdc7172af7165a089c41d758c143c2caadd,ffe7e7ffcb818181,0.85,unique,accepted
go,go,CISLR,go,go/go__CISLR__00039__PQoocuBF2f8_1.mp4,PQoocuBF2f8_1.mp4,process,,30.0,480x480,2.533333,research (see HF card),https://aclanthology.org/2022.emnlp-main.707,https://huggingface.co/datasets/Exploration-Lab/CISLR,https://huggingface.co/datasets/Exploration-Lab/CISLR,ccea98ef2f1a9507f2756e93b8f497a5b7cb041239ff10509fe5e4e9cfcba8f2,ffffffffc38181c1,0.85,unique,accepted
you,you,CISLR,you,you/you__CISLR__00040__QE4UkDB3MyE.mp4,QE4UkDB3MyE.mp4,relation,,30.0,480x480,2.733333,research (see HF card),https://aclanthology.org/2022.emnlp-main.707,https://huggingface.co/datasets/Exploration-Lab/CISLR,https://huggingface.co/datasets/Exploration-Lab/CISLR,0866d62f61196384d155a3de8b24166ae967ed8ffd61997fe5a42506336b7535,fffff7ffc7c3c3c3,0.85,unique,accepted
mother,mother,CISLR,mother,mother/mother__CISLR__00041__QlqLuC-1u1U_1.mp4,QlqLuC-1u1U_1.mp4,relation,,30.0,480x480,4.5,research (see HF card),https://aclanthology.org/2022.emnlp-main.707,https://huggingface.co/datasets/Exploration-Lab/CISLR,https://huggingface.co/datasets/Exploration-Lab/CISLR,6d30631523d15743886ebf0a2a2974596d588eb57162dd1e6b76abe9358c8af6,00e0c0a07efe121c,0.85,unique,accepted
write,write,CISLR,write,write/write__CISLR__00042__Qt7PxYKRi7c_1.mp4,Qt7PxYKRi7c_1.mp4,action,,30.0,480x480,3.0,research (see HF card),https://aclanthology.org/2022.emnlp-main.707,https://huggingface.co/datasets/Exploration-Lab/CISLR,https://huggingface.co/datasets/Exploration-Lab/CISLR,5f35fe19e8cbe40f18cc0937d0d956bb0554d14e8905da360cec05f5ce319949,ffe7ffffc3c18081,0.85,unique,accepted
he,he,CISLR,he,he/he__CISLR__00043__Qu5KH6X5dd8_1.mp4,Qu5KH6X5dd8_1.mp4,language,,30.0,480x480,3.533333,research (see HF card),https://aclanthology.org/2022.emnlp-main.707,https://huggingface.co/datasets/Exploration-Lab/CISLR,https://huggingface.co/datasets/Exploration-Lab/CISLR,43551107db1f7dead2e9a4deb60a00e680e25b23a5c7bc2f1eb62b5fd702b6bd,ffe7efffe3e1c1c0,0.85,unique,accepted
teacher,teacher,CISLR,teacher,teacher/teacher__CISLR__00044__Qy_q0sAucuw.mp4,Qy_q0sAucuw.mp4,profession,,30.0,480x480,4.333333,research (see HF card),https://aclanthology.org/2022.emnlp-main.707,https://huggingface.co/datasets/Exploration-Lab/CISLR,https://huggingface.co/datasets/Exploration-Lab/CISLR,e8a0562ee41603a21fa431f43ba631bb44eea279d72449e9fd32d4cdbdda6abd,ffe7ffefcbcbc3c3,0.85,unique,accepted
sister,sister,CISLR,sister,sister/sister__CISLR__00045__Rj6pX9wzxqA_1.mp4,Rj6pX9wzxqA_1.mp4,relation,,30.0,480x480,6.0,research (see HF card),https://aclanthology.org/2022.emnlp-main.707,https://huggingface.co/datasets/Exploration-Lab/CISLR,https://huggingface.co/datasets/Exploration-Lab/CISLR,e80031835a97cab657511318062d1a34a26d427259ae61e0eb55ef1debb8c355,00e0e0a07c3e3e3c,0.85,unique,accepted
go,go,CISLR,go,go/go__CISLR__00046__RqddJENqoOY.mp4,RqddJENqoOY.mp4,process,,30.0,480x480,2.933333,research (see HF card),https://aclanthology.org/2022.emnlp-main.707,https://huggingface.co/datasets/Exploration-Lab/CISLR,https://huggingface.co/datasets/Exploration-Lab/CISLR,7535cab68a4048da3a31d2c89fb11bc5c5eb0af01393be6ea89547fcffbd4ba4,ff7fbfc783c1c3c3,0.85,unique,accepted
water,water,CISLR,water,water/water__CISLR__00047__SlORjr0kUM4.mp4,SlORjr0kUM4.mp4,substance,,30.0,480x480,3.233333,research (see HF card),https://aclanthology.org/2022.emnlp-main.707,https://huggingface.co/datasets/Exploration-Lab/CISLR,https://huggingface.co/datasets/Exploration-Lab/CISLR,41c64b1a073fd097f28cdf558883e688007d26463b3110ea568830ae26a05b3e,ffffffefe1c1c1c3,0.85,unique,accepted
school,school,CISLR,school,school/school__CISLR__00048__T3DNMjNynU0_1.mp4,T3DNMjNynU0_1.mp4,organisation,,30.0,480x480,3.0,research (see HF card),https://aclanthology.org/2022.emnlp-main.707,https://huggingface.co/datasets/Exploration-Lab/CISLR,https://huggingface.co/datasets/Exploration-Lab/CISLR,57caecbcb19c7b1989887b68d870ea1ae25cf17818e48df9a555a42e4454ac51,00e7e7ffdb9985e3,0.85,unique,accepted
sorry,sorry,CISLR,sorry,sorry/sorry__CISLR__00049__TiPPYhh323E.mp4,TiPPYhh323E.mp4,greeting,,30.0,480x480,3.433333,research (see HF card),https://aclanthology.org/2022.emnlp-main.707,https://huggingface.co/datasets/Exploration-Lab/CISLR,https://huggingface.co/datasets/Exploration-Lab/CISLR,2eb5d5eeb93f6fa59a4c4057621d5192a691eb5e2ab3c798ff00aed4dede2f78,ffe7f7c3c383c3c3,0.85,unique,accepted
brother,brother,CISLR,brother,brother/brother__CISLR__00050__UDcg2skGRXM_1.mp4,UDcg2skGRXM_1.mp4,relation,,30.0,480x480,5.5,research (see HF card),https://aclanthology.org/2022.emnlp-main.707,https://huggingface.co/datasets/Exploration-Lab/CISLR,https://huggingface.co/datasets/Exploration-Lab/CISLR,d716456b07949297da4389eaf25466d9853c2f600a5b8d231c4e2adb465577f5,ffffffffc3c1c1c1,0.85,unique,accepted
write,write,CISLR,write,write/write__CISLR__00051__UFePdoNR_KM.mp4,UFePdoNR_KM.mp4,action,,30.0,480x480,3.533333,research (see HF card),https://aclanthology.org/2022.emnlp-main.707,https://huggingface.co/datasets/Exploration-Lab/CISLR,https://huggingface.co/datasets/Exploration-Lab/CISLR,480335a8e6a8a62859ed83d289e794e73f80141b1b1a8ec4b761a22eee4933bf,ffe7e7e7838181c3,0.85,unique,accepted
no,no,CISLR,no,no/no__CISLR__00052__VS_ZuiQIJx0.mp4,VS_ZuiQIJx0.mp4,abstract,,30.0,480x480,4.0,research (see HF card),https://aclanthology.org/2022.emnlp-main.707,https://huggingface.co/datasets/Exploration-Lab/CISLR,https://huggingface.co/datasets/Exploration-Lab/CISLR,46418b2f00e725eef4e7c25e954154d3575beceded98dc8013b898df5391c1b9,ffefffe7e1c1c3c3,0.85,unique,accepted
where,where,CISLR,where,where/where__CISLR__00053__WGwhxNQtfbE_1.mp4,WGwhxNQtfbE_1.mp4,abstract,,30.0,480x480,3.0,research (see HF card),https://aclanthology.org/2022.emnlp-main.707,https://huggingface.co/datasets/Exploration-Lab/CISLR,https://huggingface.co/datasets/Exploration-Lab/CISLR,cbc3225ce9588f65d677d1f1fefed1ec0b89d1a69e91e5abb43b8976ad0226cf,ffefffffe7c18181,0.85,unique,accepted
thank you,thank you,CISLR,thank you,thank_you/thank_you__CISLR__00054__W_qFjH-GKzA_1.mp4,W_qFjH-GKzA_1.mp4,gesture,,30.0,480x480,3.0,research (see HF card),https://aclanthology.org/2022.emnlp-main.707,https://huggingface.co/datasets/Exploration-Lab/CISLR,https://huggingface.co/datasets/Exploration-Lab/CISLR,6dddd7562f7c706d27a96036256e910e26584f147042e0a68fb1277999ee7198,00c7c4e4fe7e3c18,0.85,unique,accepted
tea,tea,CISLR,tea,tea/tea__CISLR__00055__XqH46D16YDI_1.mp4,XqH46D16YDI_1.mp4,foods and drinks,,30.0,480x480,2.533333,research (see HF card),https://aclanthology.org/2022.emnlp-main.707,https://huggingface.co/datasets/Exploration-Lab/CISLR,https://huggingface.co/datasets/Exploration-Lab/CISLR,3de2da641677a7c468410343c196020077e7bf16a31ab852bb6deaf594820b3b,07e7efffe3c181c3,0.85,unique,accepted
student,student,CISLR,student,student/student__CISLR__00056__Y66DFt19PyE.mp4,Y66DFt19PyE.mp4,profession,,30.0,480x480,2.366667,research (see HF card),https://aclanthology.org/2022.emnlp-main.707,https://huggingface.co/datasets/Exploration-Lab/CISLR,https://huggingface.co/datasets/Exploration-Lab/CISLR,010d2f7c61528ea81c38696adf7b4e57c9be270ee3c99d7d43bddd72a48e0e6e,ffe7e7e7838141c3,0.85,unique,accepted
hospital,hospital,CISLR,hospital,hospital/hospital__CISLR__00057__Za7gQoC8eaA_1.mp4,Za7gQoC8eaA_1.mp4,construction,,30.0,480x480,2.533333,research (see HF card),https://aclanthology.org/2022.emnlp-main.707,https://huggingface.co/datasets/Exploration-Lab/CISLR,https://huggingface.co/datasets/Exploration-Lab/CISLR,f4229227ecad48fb209327874e21b52f13059313293189a9108c0678f9d08988,ffcffff78189c1c3,0.85,unique,accepted
water,water,CISLR,water,water/water__CISLR__00058__ZanVx78hi-g_1.mp4,ZanVx78hi-g_1.mp4,substance,,30.0,480x480,3.533333,research (see HF card),https://aclanthology.org/2022.emnlp-main.707,https://huggingface.co/datasets/Exploration-Lab/CISLR,https://huggingface.co/datasets/Exploration-Lab/CISLR,532e5f5c9032307177c430ca1e53711e84d9f39ff5bbe8f6ac96ddb836f957fc,00c020003e3e3e3c,0.85,unique,accepted
student,student,CISLR,student,student/student__CISLR__00059__ZhZN3BiLEqg_1.mp4,ZhZN3BiLEqg_1.mp4,profession,,30.0,480x480,3.0,research (see HF card),https://aclanthology.org/2022.emnlp-main.707,https://huggingface.co/datasets/Exploration-Lab/CISLR,https://huggingface.co/datasets/Exploration-Lab/CISLR,020ccdd7c73bd0aeb9b5796e07f835d31e286925172ff0017eacc9389f6f6e19,ffe7ffffc3818181,0.85,unique,accepted
she,she,CISLR,she,she/she__CISLR__00060___rEVVtT1I44.mp4,_rEVVtT1I44.mp4,abstract,,30.0,480x480,3.233333,research (see HF card),https://aclanthology.org/2022.emnlp-main.707,https://huggingface.co/datasets/Exploration-Lab/CISLR,https://huggingface.co/datasets/Exploration-Lab/CISLR,8cc71b63c15f88a2c3c674c2d4a84d59756a14bc755f8c929819ab871dc8f17d,fff7fbffcbc3c1c1,0.85,unique,accepted
come,come,CISLR,come,come/come__CISLR__00061__d3i2EjGoA2k_1.mp4,d3i2EjGoA2k_1.mp4,process,,30.0,480x480,2.533333,research (see HF card),https://aclanthology.org/2022.emnlp-main.707,https://huggingface.co/datasets/Exploration-Lab/CISLR,https://huggingface.co/datasets/Exploration-Lab/CISLR,16b2814ee1cd5e91c5ba60be19464c3c60f28140e76fd5134436294456855a19,000000002c7e1e3e,0.85,unique,accepted
eat,eat,CISLR,eat,eat/eat__CISLR__00062__d4nkMcBvUZM_1.mp4,d4nkMcBvUZM_1.mp4,action,,30.0,480x480,3.0,research (see HF card),https://aclanthology.org/2022.emnlp-main.707,https://huggingface.co/datasets/Exploration-Lab/CISLR,https://huggingface.co/datasets/Exploration-Lab/CISLR,0114d0c497bf58244494f0a8528274cf3d0152b22fd01c8e74a4cb5bcffbbdd1,00e000003e2e2e1c,0.85,unique,accepted
me,me,CISLR,me,me/me__CISLR__00063__f7XWdoOSSNw_1.mp4,f7XWdoOSSNw_1.mp4,human,,30.0,480x480,2.533333,research (see HF card),https://aclanthology.org/2022.emnlp-main.707,https://huggingface.co/datasets/Exploration-Lab/CISLR,https://huggingface.co/datasets/Exploration-Lab/CISLR,9404f229661e6c94529243ed8ebeb59c00e4749a17a557a7c306140d4fb4cfef,ffe7efffc391c1c0,0.85,unique,accepted
sit,sit,CISLR,sit,sit/sit__CISLR__00064__gz3bQ5GGfUQ.mp4,gz3bQ5GGfUQ.mp4,action,,30.0,480x480,6.533333,research (see HF card),https://aclanthology.org/2022.emnlp-main.707,https://huggingface.co/datasets/Exploration-Lab/CISLR,https://huggingface.co/datasets/Exploration-Lab/CISLR,b0bec365667d31b9fb452db2a75c3a65c96a71e5c13c781071c7f85951bdddea,000000003c7e7e3c,0.85,unique,accepted
please,please,CISLR,please,please/please__CISLR__00065__iGDJKo1-w5k.mp4,iGDJKo1-w5k.mp4,action,,30.0,480x480,3.333333,research (see HF card),https://aclanthology.org/2022.emnlp-main.707,https://huggingface.co/datasets/Exploration-Lab/CISLR,https://huggingface.co/datasets/Exploration-Lab/CISLR,3ba2742d21543eb23740b0f1bd29a9c808ca952e972f7b0f38862791b3a45353,ffe7dfffc3c1c1c2,0.85,unique,accepted
sister,sister,CISLR,sister,sister/sister__CISLR__00066__jWWLAybE8C8_1.mp4,jWWLAybE8C8_1.mp4,relation,,30.0,480x480,5.5,research (see HF card),https://aclanthology.org/2022.emnlp-main.707,https://huggingface.co/datasets/Exploration-Lab/CISLR,https://huggingface.co/datasets/Exploration-Lab/CISLR,05aeeef1467a28cb7a9078f3f5c56ad97c88a5da04c542ae92488a1e12ce20fa,ffffffffc3c1c1c1,0.85,unique,accepted
tea,tea,CISLR,tea,tea/tea__CISLR__00067__l7GQ-fR-DsA.mp4,l7GQ-fR-DsA.mp4,foods and drinks,,30.0,480x480,5.533333,research (see HF card),https://aclanthology.org/2022.emnlp-main.707,https://huggingface.co/datasets/Exploration-Lab/CISLR,https://huggingface.co/datasets/Exploration-Lab/CISLR,8d5bc474828093968ae69092832216e51dab027ade78a4032db8b981caf3bd5c,ffe7e7f7c38101c3,0.85,unique,accepted
he,he,CISLR,he,he/he__CISLR__00068__lLd__AgPs98.mp4,lLd__AgPs98.mp4,language,,30.0,480x480,2.966667,research (see HF card),https://aclanthology.org/2022.emnlp-main.707,https://huggingface.co/datasets/Exploration-Lab/CISLR,https://huggingface.co/datasets/Exploration-Lab/CISLR,33ffa484e0e4e75a0257d6557e3706a5dd9f1f4b448f59eb43febf3e6fb87cd0,ffcfffff93a3e3c2,0.85,unique,accepted
when,when,CISLR,when,when/when__CISLR__00069__mPZ37Qlg4B8.mp4,mPZ37Qlg4B8.mp4,abstract,,30.0,480x480,2.733333,research (see HF card),https://aclanthology.org/2022.emnlp-main.707,https://huggingface.co/datasets/Exploration-Lab/CISLR,https://huggingface.co/datasets/Exploration-Lab/CISLR,e15ba46a89389229f6fd02fb378e910276d10d6db630278ba28934f8f5c4b689,ffe7fff7e3818183,0.85,unique,accepted
you,you,CISLR,you,you/you__CISLR__00070__nS1xo_n5_sQ_1.mp4,nS1xo_n5_sQ_1.mp4,relation,,30.0,480x480,3.0,research (see HF card),https://aclanthology.org/2022.emnlp-main.707,https://huggingface.co/datasets/Exploration-Lab/CISLR,https://huggingface.co/datasets/Exploration-Lab/CISLR,ec47a1c4c4b4f70ed71b124ec5f1275ecc6605e955e3a4d0d47672f98801550c,ffe7efffd3e1c1c0,0.85,unique,accepted
brother,brother,CISLR,brother,brother/brother__CISLR__00071__pcz5j3TcyEs_1.mp4,pcz5j3TcyEs_1.mp4,relation,,30.0,480x480,6.0,research (see HF card),https://aclanthology.org/2022.emnlp-main.707,https://huggingface.co/datasets/Exploration-Lab/CISLR,https://huggingface.co/datasets/Exploration-Lab/CISLR,402afa6c32579e8221092946fe7d7e5a8d2f4f367b1d3338a607ca3db826e940,00c080c03c3e3e3c,0.85,unique,accepted
sorry,sorry,CISLR,sorry,sorry/sorry__CISLR__00072__v7LOMsrEiVI_1.mp4,v7LOMsrEiVI_1.mp4,greeting,,30.0,480x480,3.533333,research (see HF card),https://aclanthology.org/2022.emnlp-main.707,https://huggingface.co/datasets/Exploration-Lab/CISLR,https://huggingface.co/datasets/Exploration-Lab/CISLR,87359359b91fb05713c200df5baf65307ef0ef316e2c7e3a3c64e29b859bdf3b,ffe7ffffc38981c3,0.85,unique,accepted
please,please,CISLR,please,please/please__CISLR__00073__vAW9QDnXLrE.mp4,vAW9QDnXLrE.mp4,action,,30.0,480x480,3.366667,research (see HF card),https://aclanthology.org/2022.emnlp-main.707,https://huggingface.co/datasets/Exploration-Lab/CISLR,https://huggingface.co/datasets/Exploration-Lab/CISLR,1ff208a9f5c913d405f58760bda2276cfa03137f88fe017d70b36e15be403951,ffefdff7e3e1c1c2,0.85,unique,accepted
you,you,CISLR,you,you/you__CISLR__00074__vLfbnZZBph0_1.mp4,vLfbnZZBph0_1.mp4,relation,,30.0,480x480,3.0,research (see HF card),https://aclanthology.org/2022.emnlp-main.707,https://huggingface.co/datasets/Exploration-Lab/CISLR,https://huggingface.co/datasets/Exploration-Lab/CISLR,d95be78816cdb3f322e49548f73b81d7caebb1b1579176f2376348d351a1e5a8,fff7efffe3c1c1c0,0.85,unique,accepted
please,please,CISLR,please,please/please__CISLR__00075__vMbLDoCayk8.mp4,vMbLDoCayk8.mp4,action,,30.0,480x480,3.866667,research (see HF card),https://aclanthology.org/2022.emnlp-main.707,https://huggingface.co/datasets/Exploration-Lab/CISLR,https://huggingface.co/datasets/Exploration-Lab/CISLR,d190707f2c244a06a3a383064c76ebf85a0e67fe7b496e2d4f4620234fa54d20,ffffffe7c18181c1,0.85,unique,accepted
what,what,CISLR,what,what/what__CISLR__00076__wEd93OlB_ZI_1.mp4,wEd93OlB_ZI_1.mp4,abstract,,30.0,480x480,2.533333,research (see HF card),https://aclanthology.org/2022.emnlp-main.707,https://huggingface.co/datasets/Exploration-Lab/CISLR,https://huggingface.co/datasets/Exploration-Lab/CISLR,63b741fd2a8bcf3032699305ead04025059e598736e4fca461bef247701aa976,ffffffffe7c18181,0.85,unique,accepted
brother,brother,CISLR,brother,brother/brother__CISLR__00077__yMqhsoFHB_Q_1.mp4,yMqhsoFHB_Q_1.mp4,relation,,30.0,480x480,6.0,research (see HF card),https://aclanthology.org/2022.emnlp-main.707,https://huggingface.co/datasets/Exploration-Lab/CISLR,https://huggingface.co/datasets/Exploration-Lab/CISLR,6798422c1a90f1b7eca39dfc5420b79ad7be43e5cc3e46e6fcd924477401c92f,00e4e0fc7c3c3800,0.85,unique,accepted
friend,friend,CISLR,friend,friend/friend__CISLR__00078__z2B7VrBSA5c.mp4,z2B7VrBSA5c.mp4,relation,,30.0,480x480,4.566667,research (see HF card),https://aclanthology.org/2022.emnlp-main.707,https://huggingface.co/datasets/Exploration-Lab/CISLR,https://huggingface.co/datasets/Exploration-Lab/CISLR,0cbf547092d62d3edbcb611be2643c7a271efaf8464a749cf2c843f92fa6947e,ffe7eff7d191c383,0.85,unique,accepted
market,market,CISLR,market,market/market__CISLR__00079__zSXKZb2Frqc_1.mp4,zSXKZb2Frqc_1.mp4,geography,,30.0,480x480,2.533008,research (see HF card),https://aclanthology.org/2022.emnlp-main.707,https://huggingface.co/datasets/Exploration-Lab/CISLR,https://huggingface.co/datasets/Exploration-Lab/CISLR,779ad4b02d661ec6f0dda7f0d6d6020c48779eb5e735f3a8b64ae96909282477,ffefffe7d1c3c3c1,0.85,unique,accepted
come,come,CISLR,come,come/come__CISLR__00080__zobbHZq0U4w.mp4,zobbHZq0U4w.mp4,process,,30.0,480x480,4.433333,research (see HF card),https://aclanthology.org/2022.emnlp-main.707,https://huggingface.co/datasets/Exploration-Lab/CISLR,https://huggingface.co/datasets/Exploration-Lab/CISLR,25a35de5d21adda4ef65556965b764e327d99bc39837cbd19bcdc1d147385da6,ffe7ffe7d3c3c3c3,0.85,unique,accepted
drink,drink,ISL500,drink,drink/drink__ISL500__00081__Drink__session106__clip016.mp4,Drink__session106__clip016.mp4,User001,,30.0,854x480,5.033333,see HF card,,https://huggingface.co/datasets/ISL500/ISL-DATA,https://huggingface.co/datasets/ISL500/ISL-DATA,d41aebed6e456fbdc739c46432dac8111776df09a518964c4126652b7ee82d9b,7767676f07030303,1.0,unique,accepted
eat,eat,ISL500,eat,eat/eat__ISL500__00082__Eat__session112__clip008.mp4,Eat__session112__clip008.mp4,User001,,30.0,854x480,5.333333,see HF card,,https://huggingface.co/datasets/ISL500/ISL-DATA,https://huggingface.co/datasets/ISL500/ISL-DATA,4b50fab0354caef1e10c5a1935b6839a47d3f780ce39b35d04e82880b1f88505,e7e7e70f03030303,1.0,unique,accepted
father,father,ISL500,father,father/father__ISL500__00083__Father__session123__clip000.mp4,Father__session123__clip000.mp4,User001,,30.0,854x480,4.566667,see HF card,,https://huggingface.co/datasets/ISL500/ISL-DATA,https://huggingface.co/datasets/ISL500/ISL-DATA,e1d3b93574e79a7e3a59e55221c0374a10d0416e0ea7263d0c165d110ea0b578,e7e7e7c7c3c3c383,1.0,unique,accepted
food,food,ISL500,food,food/food__ISL500__00084__Food__session108__clip023.mp4,Food__session108__clip023.mp4,User001,,30.0,854x480,5.433333,see HF card,,https://huggingface.co/datasets/ISL500/ISL-DATA,https://huggingface.co/datasets/ISL500/ISL-DATA,85c9fb7b459fc0e5d8fafe9da6ffd8da5f6db6bf24933c15965259d6ee9d36ab,7777770707030303,1.0,unique,accepted
friend,friend,ISL500,friend,friend/friend__ISL500__00085__Friend__session108__clip021.mp4,Friend__session108__clip021.mp4,User001,,30.0,854x480,5.266667,see HF card,,https://huggingface.co/datasets/ISL500/ISL-DATA,https://huggingface.co/datasets/ISL500/ISL-DATA,9b8a385d7bfaa570595b0e7f613bd67007cd657564b2f3e677dda51e73014a46,7777e7c707030303,1.0,unique,accepted
go,go,ISL500,go,go/go__ISL500__00086__Go__session118__clip011.mp4,Go__session118__clip011.mp4,User001,,30.0,854x480,5.433333,see HF card,,https://huggingface.co/datasets/ISL500/ISL-DATA,https://huggingface.co/datasets/ISL500/ISL-DATA,0645eaa6b9e98e9c437f0849b80d0a3a5e5431a80aaaa9917dcd0d97540b37bc,f7d7d7c7c3830303,1.0,unique,accepted
hello,hello,ISL500,hello,hello/hello__ISL500__00087__Hello__session101__clip021.mp4,Hello__session101__clip021.mp4,User001,,30.0,854x480,5.4,see HF card,,https://huggingface.co/datasets/ISL500/ISL-DATA,https://huggingface.co/datasets/ISL500/ISL-DATA,d0a2fd8b64e5287b617bfe7f3327f4be3f8cc35fbe9f314a03f9ee4a35dc00b7,e7c7c7c787838303,1.0,unique,accepted
help,help,ISL500,help,help/help__ISL500__00088__Help__session111__clip022.mp4,Help__session111__clip022.mp4,User001,,30.0,854x480,5.666667,see HF card,,https://huggingface.co/datasets/ISL500/ISL-DATA,https://huggingface.co/datasets/ISL500/ISL-DATA,304f6d0e8d5571ac5807ae0404078934a1473c80f8a1989b33eb5b93fb55f0dc,f7f7e78703030303,1.0,unique,accepted
he,he,ISL500,he,he/he__ISL500__00089__He__session119__clip000.mp4,He__session119__clip000.mp4,User001,,30.0,854x480,5.033333,see HF card,,https://huggingface.co/datasets/ISL500/ISL-DATA,https://huggingface.co/datasets/ISL500/ISL-DATA,f097e92b9388052c29fd713f719a09d916ddd7d06ef3d702167b306609caa989,efef0f0707070303,1.0,unique,accepted
market,market,ISL500,market,market/market__ISL500__00090__Market__session109__clip018.mp4,Market__session109__clip018.mp4,User001,,30.0,854x480,5.433333,see HF card,,https://huggingface.co/datasets/ISL500/ISL-DATA,https://huggingface.co/datasets/ISL500/ISL-DATA,dedf369243b7fd96a95d87e0b1068287d3ed7dbff8de331da4af917a18984593,e7e7e78703030303,1.0,unique,accepted
mother,mother,ISL500,mother,mother/mother__ISL500__00091__Mother__session102__clip021.mp4,Mother__session102__clip021.mp4,User001,,30.0,854x480,5.7,see HF card,,https://huggingface.co/datasets/ISL500/ISL-DATA,https://huggingface.co/datasets/ISL500/ISL-DATA,94a46df02c54a43d9b25402201936ba4221d330eb874dc580c56b17e7eac5f87,f7f7f7f7e7c34342,1.0,unique,accepted
no,no,ISL500,no,no/no__ISL500__00092__No__session104__clip019.mp4,No__session104__clip019.mp4,User001,,30.0,854x480,5.3,see HF card,,https://huggingface.co/datasets/ISL500/ISL-DATA,https://huggingface.co/datasets/ISL500/ISL-DATA,2b6f6a01253ec286b956fe9ee3e993d216f50c35869772efd8bf31d02c290329,7777774707030303,1.0,unique,accepted
please,please,ISL500,please,please/please__ISL500__00093__Please__session104__clip016.mp4,Please__session104__clip016.mp4,User001,,30.0,854x480,5.4,see HF card,,https://huggingface.co/datasets/ISL500/ISL-DATA,https://huggingface.co/datasets/ISL500/ISL-DATA,c0173b308f7dcc055a976056a10b7715cf895a006f0a3d8a490683d530f8af49,7777777767030303,1.0,unique,accepted
school,school,ISL500,school,school/school__ISL500__00094__School__session103__clip006.mp4,School__session103__clip006.mp4,User001,,30.0,854x480,5.3,see HF card,,https://huggingface.co/datasets/ISL500/ISL-DATA,https://huggingface.co/datasets/ISL500/ISL-DATA,df67aeb00e94c31eaef760aa3048d8278264a50dbf677cd4c0375371b313a382,7767676767030303,1.0,unique,accepted
she,she,ISL500,she,she/she__ISL500__00095__She__session105__clip029.mp4,She__session105__clip029.mp4,User001,,30.0,854x480,8.166667,see HF card,,https://huggingface.co/datasets/ISL500/ISL-DATA,https://huggingface.co/datasets/ISL500/ISL-DATA,7bb632fbe7e5d94d19d8740d52f6984643415f6dfe51b06f8bd98dae01a3551a,77e7f7f707030303,1.0,unique,accepted
sister,sister,ISL500,sister,sister/sister__ISL500__00096__Sister__session100__clip016.mp4,Sister__session100__clip016.mp4,User001,,30.0,854x480,5.9,see HF card,,https://huggingface.co/datasets/ISL500/ISL-DATA,https://huggingface.co/datasets/ISL500/ISL-DATA,c86d486cb5395f18e7d696566412373c6e13fe8c5608c1a0499f913b73536d40,f7f3f3f7a7a30300,1.0,unique,accepted
sit,sit,ISL500,sit,sit/sit__ISL500__00097__Sit__session119__clip011.mp4,Sit__session119__clip011.mp4,User001,,30.0,854x480,5.033333,see HF card,,https://huggingface.co/datasets/ISL500/ISL-DATA,https://huggingface.co/datasets/ISL500/ISL-DATA,0f88bcdb95b6581469cab7ccee111b92744ef1e401b28dd03372902cc8ad0df3,e7e7e78703030303,1.0,unique,accepted
student,student,ISL500,student,student/student__ISL500__00098__Student__session107__clip003.mp4,Student__session107__clip003.mp4,User001,,30.0,854x480,5.566667,see HF card,,https://huggingface.co/datasets/ISL500/ISL-DATA,https://huggingface.co/datasets/ISL500/ISL-DATA,c9c03ca4795500f66cee7784517d37ac9bf11d31d725b8936bc27bd03964077d,f7f7f7f787030303,1.0,unique,accepted
teacher,teacher,ISL500,teacher,teacher/teacher__ISL500__00099__Teacher__session101__clip005.mp4,Teacher__session101__clip005.mp4,User001,,30.0,854x480,5.033333,see HF card,,https://huggingface.co/datasets/ISL500/ISL-DATA,https://huggingface.co/datasets/ISL500/ISL-DATA,5ee28034aaeec55cbb52d690c8020cc49b84b99ee6f2edf13afee1a12c310fb3,f7f7f7f7e7434200,1.0,unique,accepted
tea,tea,ISL500,tea,tea/tea__ISL500__00100__Tea__session108__clip011.mp4,Tea__session108__clip011.mp4,User001,,30.0,854x480,5.566667,see HF card,,https://huggingface.co/datasets/ISL500/ISL-DATA,https://huggingface.co/datasets/ISL500/ISL-DATA,1570551549227817c391e6fa2cae746dd916efba5b0f70bb18607abfb857e159,77f7f7e707030303,1.0,unique,accepted
thank you,thank you,ISL500,thank you,thank_you/thank_you__ISL500__00101__Thankyou__session122__clip016.mp4,Thankyou__session122__clip016.mp4,User001,,30.0,854x480,4.833333,see HF card,,https://huggingface.co/datasets/ISL500/ISL-DATA,https://huggingface.co/datasets/ISL500/ISL-DATA,506faff4f197ff54ff7e7c91864593ba3961c6fd322bf7150b645cf40fadc929,e7e7e7e7c3c3c3c3,1.0,unique,accepted
today,today,ISL500,today,today/today__ISL500__00102__Today__session105__clip009.mp4,Today__session105__clip009.mp4,User001,,30.0,854x480,5.333333,see HF card,,https://huggingface.co/datasets/ISL500/ISL-DATA,https://huggingface.co/datasets/ISL500/ISL-DATA,5694f213ce4efa05d0bcc8ca9347ab2b911ed5ad75c707d0f81e6256f52a8f81,77f7f7f747030303,1.0,unique,accepted
water,water,ISL500,water,water/water__ISL500__00103__Water__session117__clip006.mp4,Water__session117__clip006.mp4,User001,,30.0,854x480,5.166667,see HF card,,https://huggingface.co/datasets/ISL500/ISL-DATA,https://huggingface.co/datasets/ISL500/ISL-DATA,89b5408e979e21b1284ed5f7e954558717f357de37581e1da2fec6ebf8cac9b7,f7e7e78703030303,1.0,unique,accepted
what,what,ISL500,what,what/what__ISL500__00104__What__session105__clip016.mp4,What__session105__clip016.mp4,User001,,30.0,854x480,5.433333,see HF card,,https://huggingface.co/datasets/ISL500/ISL-DATA,https://huggingface.co/datasets/ISL500/ISL-DATA,1673c7ad66bce526fecdd38c275b1a4df68558758cbec79bd32964daf63d3c4c,7777f7f707030303,1.0,unique,accepted
where,where,ISL500,where,where/where__ISL500__00105__Where__session103__clip012.mp4,Where__session103__clip012.mp4,User001,,30.0,854x480,5.666667,see HF card,,https://huggingface.co/datasets/ISL500/ISL-DATA,https://huggingface.co/datasets/ISL500/ISL-DATA,e5be262fe5596020542bbce0c5522072afa25e053f0b232adecb5cbfc0e73134,7767676747030303,1.0,unique,accepted
yes,yes,ISL500,yes,yes/yes__ISL500__00106__Yes__session105__clip014.mp4,Yes__session105__clip014.mp4,User001,,30.0,854x480,5.433333,see HF card,,https://huggingface.co/datasets/ISL500/ISL-DATA,https://huggingface.co/datasets/ISL500/ISL-DATA,38f30841da8bf35c5c7b8e44be2c712988d85a14607dd84ee1f244b88af69313,77f7f7f707030303,1.0,unique,accepted
you,you,ISL500,you,you/you__ISL500__00107__You__session117__clip011.mp4,You__session117__clip011.mp4,User001,,30.0,854x480,5.066667,see HF card,,https://huggingface.co/datasets/ISL500/ISL-DATA,https://huggingface.co/datasets/ISL500/ISL-DATA,a03945daf1c7c019c6347dfde100ed7e398df13cc7baef9dd1602e078dba0a86,f7e7e7c783030303,1.0,unique,accepted
drink,drink,ISL500,drink,drink/drink__ISL500__00108__Drink__session181__clip010.mp4,Drink__session181__clip010.mp4,User002,,30.0,854x480,2.533333,see HF card,,https://huggingface.co/datasets/ISL500/ISL-DATA,https://huggingface.co/datasets/ISL500/ISL-DATA,90cb4a3e4d023a7be0557fe968d5bb9f2c13b85115c4f7f6bae8f976a858fae6,f7e7ef87870b0301,1.0,unique,accepted
eat,eat,ISL500,eat,eat/eat__ISL500__00109__Eat__session150__clip002.mp4,Eat__session150__clip002.mp4,User002,,30.0,854x480,3.966667,see HF card,,https://huggingface.co/datasets/ISL500/ISL-DATA,https://huggingface.co/datasets/ISL500/ISL-DATA,b1089dc0b88a29d9ca5c7c1ca4a245c6507333a785808447ba508960ddbaf6c5,e7e7e7e7e7c38383,1.0,unique,accepted
father,father,ISL500,father,father/father__ISL500__00110__Father__session164__clip028.mp4,Father__session164__clip028.mp4,User002,,30.0,854x480,2.2,see HF card,,https://huggingface.co/datasets/ISL500/ISL-DATA,https://huggingface.co/datasets/ISL500/ISL-DATA,df7d179b0eb95232f057c1d771f785f8133d50b2a59322e14f1c0b95f68c1390,e7e7e7c7c7c3c383,1.0,unique,accepted
food,food,ISL500,food,food/food__ISL500__00111__Food__session141__clip001.mp4,Food__session141__clip001.mp4,User002,,30.0,854x480,4.833333,see HF card,,https://huggingface.co/datasets/ISL500/ISL-DATA,https://huggingface.co/datasets/ISL500/ISL-DATA,939cc1bb360cf415564e2e5d7453911850de9f9d23fad12b0b8b3ae97a35589c,ffe7e7e7e7c3c383,1.0,unique,accepted
friend,friend,ISL500,friend,friend/friend__ISL500__00112__Friend__session162__clip025.mp4,Friend__session162__clip025.mp4,User002,,30.0,854x480,2.5,see HF card,,https://huggingface.co/datasets/ISL500/ISL-DATA,https://huggingface.co/datasets/ISL500/ISL-DATA,f38b07acf913f1dff9ed0684cff930850430ecd8af5893b7bb3b8db3bee3a7f3,e7e7e7e7c7c3c383,1.0,unique,accepted
go,go,ISL500,go,go/go__ISL500__00113__Go__session160__clip026.mp4,Go__session160__clip026.mp4,User002,,30.0,854x480,2.066667,see HF card,,https://huggingface.co/datasets/ISL500/ISL-DATA,https://huggingface.co/datasets/ISL500/ISL-DATA,1754fa77d2ec069190597d4681414eea1eb88b129bad57a938df7a7e0b5f07b8,e7e7777707838383,1.0,unique,accepted
hello,hello,ISL500,hello,hello/hello__ISL500__00114__Hello__session159__clip015.mp4,Hello__session159__clip015.mp4,User002,,30.0,854x480,2.266667,see HF card,,https://huggingface.co/datasets/ISL500/ISL-DATA,https://huggingface.co/datasets/ISL500/ISL-DATA,85474a3523477a375d335488f6c87d15661c55ec1db8521eeba2aa1f558ba122,e7c7c78787838383,1.0,unique,accepted
help,help,ISL500,help,help/help__ISL500__00115__Help__session155__clip011.mp4,Help__session155__clip011.mp4,User002,,30.0,854x480,2.8,see HF card,,https://huggingface.co/datasets/ISL500/ISL-DATA,https://huggingface.co/datasets/ISL500/ISL-DATA,4c64c3eecfb721a90081158f5b950e5a54eae171d2df8901437395da73d4a7c0,e7e7e7e7e3c3c381,1.0,unique,accepted
he,he,ISL500,he,he/he__ISL500__00116__He__session161__clip017.mp4,He__session161__clip017.mp4,User002,,30.0,854x480,2.266667,see HF card,,https://huggingface.co/datasets/ISL500/ISL-DATA,https://huggingface.co/datasets/ISL500/ISL-DATA,2d7bdf07c4fec11ac71bbc5748e758d2496d45f5d49e02649253b9423da3e01a,cfcfcfefcf878383,1.0,unique,accepted
market,market,ISL500,market,market/market__ISL500__00117__Market__session154__clip015.mp4,Market__session154__clip015.mp4,User002,,30.0,854x480,3.366667,see HF card,,https://huggingface.co/datasets/ISL500/ISL-DATA,https://huggingface.co/datasets/ISL500/ISL-DATA,2434b6b46d1241d8b8bea0dc9d342c09570d992b520732cf188a53660f2d5e74,e7e7e7e7e7c3c383,1.0,unique,accepted
mother,mother,ISL500,mother,mother/mother__ISL500__00118__Mother__session154__clip008.mp4,Mother__session154__clip008.mp4,User002,,30.0,854x480,2.6,see HF card,,https://huggingface.co/datasets/ISL500/ISL-DATA,https://huggingface.co/datasets/ISL500/ISL-DATA,ee323fd17b22847bbdac7d5308fc77890d3cea7d95f67c27e61e1801495e2c22,f7e7f7d7c7c38383,1.0,unique,accepted
no,no,ISL500,no,no/no__ISL500__00119__No__session161__clip025.mp4,No__session161__clip025.mp4,User002,,30.0,854x480,2.333333,see HF card,,https://huggingface.co/datasets/ISL500/ISL-DATA,https://huggingface.co/datasets/ISL500/ISL-DATA,b63a3bedb3304168d0049796b8515263a06a893f44307b11535572291f089336,f7e7f7f7e7838383,1.0,unique,accepted
please,please,ISL500,please,please/please__ISL500__00120__Please__session106__clip004.mp4,Please__session106__clip004.mp4,User002,,30.0,854x480,2.833333,see HF card,,https://huggingface.co/datasets/ISL500/ISL-DATA,https://huggingface.co/datasets/ISL500/ISL-DATA,dd06633268c3361c7007d86b633e2d22473a373dd08dc29d955d4d4b92d6c0af,e7e7e7e7e3c2c2c0,1.0,unique,accepted
school,school,ISL500,school,school/school__ISL500__00121__School__session116__clip001.mp4,School__session116__clip001.mp4,User002,,30.0,854x480,4.866667,see HF card,,https://huggingface.co/datasets/ISL500/ISL-DATA,https://huggingface.co/datasets/ISL500/ISL-DATA,cc5d8f36db4c3a3d83340e62305ce959a3c3fff3964b5da021bb4e932a2a1a8c,e7e7e7e7c7c3c3c2,1.0,unique,accepted
she,she,ISL500,she,she/she__ISL500__00122__She__session116__clip010.mp4,She__session116__clip010.mp4,User002,,30.0,854x480,4.0,see HF card,,https://huggingface.co/datasets/ISL500/ISL-DATA,https://huggingface.co/datasets/ISL500/ISL-DATA,eb8025f081fbb4fffd36beb08f93315bf523103b78798086a1e8f33b1dd135e9,f7e7f7c7c7c3c2c2,1.0,unique,accepted
sister,sister,ISL500,sister,sister/sister__ISL500__00123__Sister__session120__clip001.mp4,Sister__session120__clip001.mp4,User002,,30.0,854x480,3.8,see HF card,,https://huggingface.co/datasets/ISL500/ISL-DATA,https://huggingface.co/datasets/ISL500/ISL-DATA,7abffc54fbfe1387a8a5c6c277e655bea89de2c9f375fa755694c52df7cc95d3,e7e7e7a787838383,1.0,unique,accepted
sit,sit,ISL500,sit,sit/sit__ISL500__00124__Sit__session120__clip002.mp4,Sit__session120__clip002.mp4,User002,,30.0,854x480,3.433333,see HF card,,https://huggingface.co/datasets/ISL500/ISL-DATA,https://huggingface.co/datasets/ISL500/ISL-DATA,62ba6a7dc0bfce367fccd2b27fca8d5fa513f28099b5f607c3d0cdf9b1b50816,e7e7e7e7c7c3c3c3,1.0,unique,accepted
student,student,ISL500,student,student/student__ISL500__00125__Student__session124__clip002.mp4,Student__session124__clip002.mp4,User002,,30.0,854x480,3.666667,see HF card,,https://huggingface.co/datasets/ISL500/ISL-DATA,https://huggingface.co/datasets/ISL500/ISL-DATA,b57585c14818a7a49ed9267cb92373f80681f8c45ae7a1a0058f4fc41ed3adde,e7e7e7e7c3c3c3c3,1.0,unique,accepted
teacher,teacher,ISL500,teacher,teacher/teacher__ISL500__00126__Teacher__session154__clip020.mp4,Teacher__session154__clip020.mp4,User002,,30.0,854x480,2.6,see HF card,,https://huggingface.co/datasets/ISL500/ISL-DATA,https://huggingface.co/datasets/ISL500/ISL-DATA,51a98239d8932c5e1070efc988c35094074fea887d51d3354fa38a612e3d6c8b,e7e7e7e7c7c3c3c3,1.0,unique,accepted
tea,tea,ISL500,tea,tea/tea__ISL500__00127__Tea__session154__clip011.mp4,Tea__session154__clip011.mp4,User002,,30.0,854x480,3.133333,see HF card,,https://huggingface.co/datasets/ISL500/ISL-DATA,https://huggingface.co/datasets/ISL500/ISL-DATA,d7f162298a5075f4acbfa00b4178ccc89e13bcda045070e003cca112dca847c7,e7e7e7e7e7c38303,1.0,unique,accepted
thank you,thank you,ISL500,thank you,thank_you/thank_you__ISL500__00128__Thankyou__session128__clip004.mp4,Thankyou__session128__clip004.mp4,User002,,30.0,854x480,4.166667,see HF card,,https://huggingface.co/datasets/ISL500/ISL-DATA,https://huggingface.co/datasets/ISL500/ISL-DATA,d82aa7addba90224eba24ab2fa59e5000cf93eb89ba1a80869b965f4eda96038,e7e7e7e7c3c3c3c2,1.0,unique,accepted
today,today,ISL500,today,today/today__ISL500__00129__Today__session178__clip016.mp4,Today__session178__clip016.mp4,User002,,30.0,854x480,2.533333,see HF card,,https://huggingface.co/datasets/ISL500/ISL-DATA,https://huggingface.co/datasets/ISL500/ISL-DATA,f15958e51a57b0acebf5c90dbf6f9cbc93ee95fa8d8124e4bcc9e5f57b19cb7e,e7e7efe7e78b0303,1.0,unique,accepted
water,water,ISL500,water,water/water__ISL500__00130__Water__session158__clip023.mp4,Water__session158__clip023.mp4,User002,,30.0,854x480,1.866667,see HF card,,https://huggingface.co/datasets/ISL500/ISL-DATA,https://huggingface.co/datasets/ISL500/ISL-DATA,659e85aae099e977f050555537c46f51097aad625209f56c293327edf307e496,f7e7e7e7c3c3c383,1.0,unique,accepted
what,what,ISL500,what,what/what__ISL500__00131__What__session159__clip025.mp4,What__session159__clip025.mp4,User002,,30.0,854x480,2.566667,see HF card,,https://huggingface.co/datasets/ISL500/ISL-DATA,https://huggingface.co/datasets/ISL500/ISL-DATA,3384e512d9bd7f9658c057c44ad9364a324eccb41303cc11f6791f228365d3cf,e7e7f7e7c7c3c3c3,1.0,unique,accepted
where,where,ISL500,where,where/where__ISL500__00132__Where__session174__clip001.mp4,Where__session174__clip001.mp4,User002,,30.0,854x480,3.6,see HF card,,https://huggingface.co/datasets/ISL500/ISL-DATA,https://huggingface.co/datasets/ISL500/ISL-DATA,afe1df1c800edfcc533c0849732f9fb496370029ba9bd6ca14f06d119af4b398,e7e7efe787838383,1.0,unique,accepted
yes,yes,ISL500,yes,yes/yes__ISL500__00133__Yes__session140__clip009.mp4,Yes__session140__clip009.mp4,User002,,30.0,854x480,5.0,see HF card,,https://huggingface.co/datasets/ISL500/ISL-DATA,https://huggingface.co/datasets/ISL500/ISL-DATA,b03559977149d5f635a99212fdb5f172e655bde97fc3fbec9618bb888c5f62fc,ffe7e7e7e7c38383,1.0,unique,accepted
you,you,ISL500,you,you/you__ISL500__00134__You__session140__clip011.mp4,You__session140__clip011.mp4,User002,,30.0,854x480,4.133333,see HF card,,https://huggingface.co/datasets/ISL500/ISL-DATA,https://huggingface.co/datasets/ISL500/ISL-DATA,faa78813a5e124475d8ca6396e96936945d33b25b131956741162457bad927c2,ffe7e7e7e7c3c383,1.0,unique,accepted
drink,drink,ISL500,drink,drink/drink__ISL500__00135__Drink__session101__clip004.mp4,Drink__session101__clip004.mp4,User003,,30.0,854x480,5.633333,see HF card,,https://huggingface.co/datasets/ISL500/ISL-DATA,https://huggingface.co/datasets/ISL500/ISL-DATA,607e1a58855b116bc9c9f7718f0834132f462330f633ac8be530661bc33a1896,e6e6e6fec6c00000,1.0,unique,accepted
eat,eat,ISL500,eat,eat/eat__ISL500__00136__Eat__session132__clip022.mp4,Eat__session132__clip022.mp4,User003,,30.0,854x480,6.5,see HF card,,https://huggingface.co/datasets/ISL500/ISL-DATA,https://huggingface.co/datasets/ISL500/ISL-DATA,ee56254d4fe959ec005d97662341392589aac4b97922f8f0f55abb71b63fd02a,e7e7e7e7e7e74343,1.0,unique,accepted
father,father,ISL500,father,father/father__ISL500__00137__Father__session171__clip018.mp4,Father__session171__clip018.mp4,User003,,30.0,854x480,6.1,see HF card,,https://huggingface.co/datasets/ISL500/ISL-DATA,https://huggingface.co/datasets/ISL500/ISL-DATA,0df01057c1d390918ed7055c25d25c7aa05c98189af5a01b12c9f5812d0d1467,e4e6f6d6d4c0c080,1.0,unique,accepted
food,food,ISL500,food,food/food__ISL500__00138__Food__session171__clip019.mp4,Food__session171__clip019.mp4,User003,,30.0,854x480,5.433333,see HF card,,https://huggingface.co/datasets/ISL500/ISL-DATA,https://huggingface.co/datasets/ISL500/ISL-DATA,fa7ccbaf1247f56fdf8912dee0377c11bf59689b8da5edee15b34abc5c3e4f07,e4e4f4f4e4e0e0e0,1.0,unique,accepted
friend,friend,ISL500,friend,friend/friend__ISL500__00139__Friend__session104__clip030.mp4,Friend__session104__clip030.mp4,User003,,30.0,854x480,6.066667,see HF card,,https://huggingface.co/datasets/ISL500/ISL-DATA,https://huggingface.co/datasets/ISL500/ISL-DATA,b7c9d7162007959832b47a25efea2b8a69f1b11e931811805ae5dc4b33818a8f,e6e6f6f6e0e0e060,1.0,unique,accepted
go,go,ISL500,go,go/go__ISL500__00140__Go__session10__clip004.mp4,Go__session10__clip004.mp4,User003,,30.0,854x480,7.4,see HF card,,https://huggingface.co/datasets/ISL500/ISL-DATA,https://huggingface.co/datasets/ISL500/ISL-DATA,81c2b166cdd34c801363a291f8bdd67d5a1eb6e30d145df04ea7b912a7e7d3b4,f3fbfbf3e3e1c1c1,1.0,unique,accepted
hello,hello,ISL500,hello,hello/hello__ISL500__00141__Hello__session13__clip003.mp4,Hello__session13__clip003.mp4,User003,,30.0,854x480,7.633333,see HF card,,https://huggingface.co/datasets/ISL500/ISL-DATA,https://huggingface.co/datasets/ISL500/ISL-DATA,a8db07120f2491e4511e07b34a46a8f7b562b5d9a7efeaf12167cb0b541fb5aa,f7f7f7f7c3c1c181,1.0,unique,accepted
help,help,ISL500,help,help/help__ISL500__00142__Help__session136__clip019.mp4,Help__session136__clip019.mp4,User003,,30.0,854x480,5.8,see HF card,,https://huggingface.co/datasets/ISL500/ISL-DATA,https://huggingface.co/datasets/ISL500/ISL-DATA,2bf6e27033555cd241af32eb98a3badf21dc9a091fbaa9fba64443df29e32617,e7e7e7e7e7674343,1.0,unique,accepted
he,he,ISL500,he,he/he__ISL500__00143__He__session10__clip027.mp4,He__session10__clip027.mp4,User003,,30.0,854x480,9.433333,see HF card,,https://huggingface.co/datasets/ISL500/ISL-DATA,https://huggingface.co/datasets/ISL500/ISL-DATA,8466eb0c65cf98e243e1787690f3b9f9b87513fe04d7aef4d2adc226a0e1ca4e,e7f7f7f7c3c3c3c1,1.0,unique,accepted
market,market,ISL500,market,market/market__ISL500__00144__Market__session111__clip008.mp4,Market__session111__clip008.mp4,User003,,30.0,854x480,7.066667,see HF card,,https://huggingface.co/datasets/ISL500/ISL-DATA,https://huggingface.co/datasets/ISL500/ISL-DATA,900c742ed01b35b6e9ea82406022b6eb0e1cf6edec147a128630e31000a66e4b,e6e6fefef4c0c040,1.0,unique,accepted
mother,mother,ISL500,mother,mother/mother__ISL500__00145__Mother__session107__clip029.mp4,Mother__session107__clip029.mp4,User003,,30.0,854x480,8.366667,see HF card,,https://huggingface.co/datasets/ISL500/ISL-DATA,https://huggingface.co/datasets/ISL500/ISL-DATA,5210b78766272f77f8b166fa410ca9e14f43eda43ab1f79c3c9635ce276705dd,e6e6eefee4e0c040,1.0,unique,accepted
no,no,ISL500,no,no/no__ISL500__00146__No__session107__clip008.mp4,No__session107__clip008.mp4,User003,,30.0,854x480,6.666667,see HF card,,https://huggingface.co/datasets/ISL500/ISL-DATA,https://huggingface.co/datasets/ISL500/ISL-DATA,9e752ac5ddc07fceb4b26a9b787efdaea0614b4033470801c48d94bc342aa06c,e6e6f6fecec0c000,1.0,unique,accepted
please,please,ISL500,please,please/please__ISL500__00147__Please__session111__clip009.mp4,Please__session111__clip009.mp4,User003,,30.0,854x480,6.333333,see HF card,,https://huggingface.co/datasets/ISL500/ISL-DATA,https://huggingface.co/datasets/ISL500/ISL-DATA,d8987e1f83ee85e09a52494f1a9c15dc3f52f6f74e43ee9e0936ad754ae3caf0,e6e6eefefcc0c040,1.0,unique,accepted
school,school,ISL500,school,school/school__ISL500__00148__School__session100__clip010.mp4,School__session100__clip010.mp4,User003,,30.0,854x480,7.1,see HF card,,https://huggingface.co/datasets/ISL500/ISL-DATA,https://huggingface.co/datasets/ISL500/ISL-DATA,a4e7d307e2dbc3727238316d231bf8e161d73d83e1e5acc19b1a0927385d50ae,e6e6fefef6e04000,1.0,unique,accepted
she,she,ISL500,she,she/she__ISL500__00149__She__session102__clip021.mp4,She__session102__clip021.mp4,User003,,30.0,854x480,6.066667,see HF card,,https://huggingface.co/datasets/ISL500/ISL-DATA,https://huggingface.co/datasets/ISL500/ISL-DATA,455522543edef2afcd980c1253d9ed9007c164ccc464f1e42cedf007c879285e,e6e6eeeef4c0c040,1.0,unique,accepted
sister,sister,ISL500,sister,sister/sister__ISL500__00150__Sister__session104__clip029.mp4,Sister__session104__clip029.mp4,User003,,30.0,854x480,7.2,see HF card,,https://huggingface.co/datasets/ISL500/ISL-DATA,https://huggingface.co/datasets/ISL500/ISL-DATA,1b486ee413a3dd673aad191383eaa420c74d597f0aba03b14aa8d82dc0feb25c,f2f2f6f6ac808080,1.0,unique,accepted
sit,sit,ISL500,sit,sit/sit__ISL500__00151__Sit__session136__clip004.mp4,Sit__session136__clip004.mp4,User003,,30.0,854x480,6.066667,see HF card,,https://huggingface.co/datasets/ISL500/ISL-DATA,https://huggingface.co/datasets/ISL500/ISL-DATA,d423fab13c394212c12d2fd12473dba117f85d61cd718a716c5d5c256ed88522,e7e7e7e7c7434303,1.0,unique,accepted
student,student,ISL500,student,student/student__ISL500__00152__Student__session103__clip003.mp4,Student__session103__clip003.mp4,User003,,30.0,854x480,6.2,see HF card,,https://huggingface.co/datasets/ISL500/ISL-DATA,https://huggingface.co/datasets/ISL500/ISL-DATA,49a6f82ea534a449bff02a9377f2c9736cf2c883cd473ed9045e4d8f55d51857,e6e6f6f6dcc0c0c0,1.0,unique,accepted
teacher,teacher,ISL500,teacher,teacher/teacher__ISL500__00153__Teacher__session113__clip020.mp4,Teacher__session113__clip020.mp4,User003,,30.0,854x480,4.8,see HF card,,https://huggingface.co/datasets/ISL500/ISL-DATA,https://huggingface.co/datasets/ISL500/ISL-DATA,0ca0a153d8cfcde0112839df742951ed8f41d833b0061fc8a001850188cb24ed,e6e6eefee4e0c040,1.0,unique,accepted
tea,tea,ISL500,tea,tea/tea__ISL500__00154__Tea__session161__clip000.mp4,Tea__session161__clip000.mp4,User003,,30.0,854x480,5.5,see HF card,,https://huggingface.co/datasets/ISL500/ISL-DATA,https://huggingface.co/datasets/ISL500/ISL-DATA,5c5ae50586a4615645afde9a4c13ff3b7332d2d1b82101007e000c5897b50f1b,e4e6e6e4e4e0c0c0,1.0,unique,accepted
thank you,thank you,ISL500,thank you,thank_you/thank_you__ISL500__00155__Thankyou__session106__clip006.mp4,Thankyou__session106__clip006.mp4,User003,,30.0,854x480,5.566667,see HF card,,https://huggingface.co/datasets/ISL500/ISL-DATA,https://huggingface.co/datasets/ISL500/ISL-DATA,965c6868e893f8b59f3b1d6885cfe21b2ff71992b134b943b0ccb375a1ba1313,e6e6fefef4e0c040,1.0,unique,accepted
today,today,ISL500,today,today/today__ISL500__00156__Today__session140__clip000.mp4,Today__session140__clip000.mp4,User003,,30.0,854x480,6.733333,see HF card,,https://huggingface.co/datasets/ISL500/ISL-DATA,https://huggingface.co/datasets/ISL500/ISL-DATA,e744923fcd0fee3156a52b1f9172fc8b2dfaa663da131060cc5666876cdc5f9d,e3e3e7f7c7c38383,1.0,unique,accepted
water,water,ISL500,water,water/water__ISL500__00157__Water__session102__clip018.mp4,Water__session102__clip018.mp4,User003,,30.0,854x480,6.066667,see HF card,,https://huggingface.co/datasets/ISL500/ISL-DATA,https://huggingface.co/datasets/ISL500/ISL-DATA,7058340299829ae5ff0d01813e6d9f32c56f2235285a00a6d20359f2c04bf02d,e6e6f6dec68080c0,1.0,unique,accepted
what,what,ISL500,what,what/what__ISL500__00158__What__session148__clip007.mp4,What__session148__clip007.mp4,User003,,30.0,854x480,4.833333,see HF card,,https://huggingface.co/datasets/ISL500/ISL-DATA,https://huggingface.co/datasets/ISL500/ISL-DATA,97f8a25ba260aaef7fa8b8eb95e5802bb46afcb4524ad630b4b6363e415a59e9,e7e7e7f7f7636343,1.0,unique,accepted
where,where,ISL500,where,where/where__ISL500__00159__Where__session131__clip015.mp4,Where__session131__clip015.mp4,User003,,30.0,854x480,6.7,see HF card,,https://huggingface.co/datasets/ISL500/ISL-DATA,https://huggingface.co/datasets/ISL500/ISL-DATA,d589ec4c6ad38497ccf4619aab743f84a58447043aa63b9ebb98c19be7bae2de,e7e7e7e7e7474343,1.0,unique,accepted
yes,yes,ISL500,yes,yes/yes__ISL500__00160__Yes__session114__clip001.mp4,Yes__session114__clip001.mp4,User003,,30.0,854x480,5.033333,see HF card,,https://huggingface.co/datasets/ISL500/ISL-DATA,https://huggingface.co/datasets/ISL500/ISL-DATA,91195d0d3d8bce6e4d3b32ffb2edff95a29f98b441c5f1669d0cda205a809e5b,e6e6fefec4c0c000,1.0,unique,accepted
you,you,ISL500,you,you/you__ISL500__00161__You__session111__clip000.mp4,You__session111__clip000.mp4,User003,,30.0,854x480,5.866667,see HF card,,https://huggingface.co/datasets/ISL500/ISL-DATA,https://huggingface.co/datasets/ISL500/ISL-DATA,39749352bfebe4d88b1fde9837f1a89a7248e387dc455afe1ecb56bb4909f3fd,e6e6fefcf4e0c040,1.0,unique,accepted
drink,drink,ISL500,drink,drink/drink__ISL500__00162__Drink__session100__clip019.mp4,Drink__session100__clip019.mp4,User004,,30.0,854x480,2.666667,see HF card,,https://huggingface.co/datasets/ISL500/ISL-DATA,https://huggingface.co/datasets/ISL500/ISL-DATA,dbf170e9f80172afa9b2735c2cffd55f936ef883a11242cbce5ef32338e4abe5,fff3d3b7370383c1,1.0,unique,accepted
eat,eat,ISL500,eat,eat/eat__ISL500__00163__Eat__session110__clip005.mp4,Eat__session110__clip005.mp4,User004,,30.0,854x480,3.1,see HF card,,https://huggingface.co/datasets/ISL500/ISL-DATA,https://huggingface.co/datasets/ISL500/ISL-DATA,5f40a7d95169f979e9d65d20279f8da90098f1bbd3a132a99916e907d129ddc5,f7e7f7f7f7c3c140,1.0,unique,accepted
father,father,ISL500,father,father/father__ISL500__00164__Father__session112__clip027.mp4,Father__session112__clip027.mp4,User004,,30.0,854x480,3.333333,see HF card,,https://huggingface.co/datasets/ISL500/ISL-DATA,https://huggingface.co/datasets/ISL500/ISL-DATA,4486807d64f867e1ba15525f7814cdee27a711cbedbb63e98b44d2ccecaeff47,ffe7e7f7e7e3c301,1.0,unique,accepted
food,food,ISL500,food,food/food__ISL500__00165__Food__session10__clip004.mp4,Food__session10__clip004.mp4,User004,,30.0,854x480,4.033333,see HF card,,https://huggingface.co/datasets/ISL500/ISL-DATA,https://huggingface.co/datasets/ISL500/ISL-DATA,5d8b0760a6120fd8f1d713157a0d9e5e0d3d3ca6300962416ba712a2768efb79,27e7ffffc3c3c3c3,1.0,unique,accepted
friend,friend,ISL500,friend,friend/friend__ISL500__00166__Friend__session10__clip007.mp4,Friend__session10__clip007.mp4,User004,,30.0,854x480,3.966667,see HF card,,https://huggingface.co/datasets/ISL500/ISL-DATA,https://huggingface.co/datasets/ISL500/ISL-DATA,acaa044ed55ba4464a98f0eda85086d1dc757349600acd5f31cbd730cb90660f,03e7eff7f3d38b81,1.0,unique,accepted
go,go,ISL500,go,go/go__ISL500__00167__Go__session103__clip023.mp4,Go__session103__clip023.mp4,User004,,30.0,854x480,2.466667,see HF card,,https://huggingface.co/datasets/ISL500/ISL-DATA,https://huggingface.co/datasets/ISL500/ISL-DATA,3c6fb4521a17eed3b91b3850554bc5898b52215452040be9b20c3e1f146e92cf,ffe7f7f7a7830303,1.0,unique,accepted
hello,hello,ISL500,hello,hello/hello__ISL500__00168__Hello__session106__clip018.mp4,Hello__session106__clip018.mp4,User004,,30.0,854x480,2.4,see HF card,,https://huggingface.co/datasets/ISL500/ISL-DATA,https://huggingface.co/datasets/ISL500/ISL-DATA,5a765e322503c626b16a88474b3129aa05dd30f7d4c940506ef8d85ba176ed10,ffe7e7ffc7c38301,1.0,unique,accepted
help,help,ISL500,help,help/help__ISL500__00169__Help__session105__clip013.mp4,Help__session105__clip013.mp4,User004,,30.0,854x480,2.666667,see HF card,,https://huggingface.co/datasets/ISL500/ISL-DATA,https://huggingface.co/datasets/ISL500/ISL-DATA,2bdebea209068f1d3313a884f9af6171edb3a6e8124a26a8fa12a2d416956eb4,fff7e7f7f7c74200,1.0,unique,accepted
he,he,ISL500,he,he/he__ISL500__00170__He__session112__clip014.mp4,He__session112__clip014.mp4,User004,,30.0,854x480,3.1,see HF card,,https://huggingface.co/datasets/ISL500/ISL-DATA,https://huggingface.co/datasets/ISL500/ISL-DATA,1004fbd80687055b9c422a823b3a2de39cdae74abb5a6e7bfdd504cebf09b4f0,ffe7e7e7e7e3c340,1.0,unique,accepted
market,market,ISL500,market,market/market__ISL500__00171__Market__session114__clip017.mp4,Market__session114__clip017.mp4,User004,,30.0,854x480,3.466667,see HF card,,https://huggingface.co/datasets/ISL500/ISL-DATA,https://huggingface.co/datasets/ISL500/ISL-DATA,ab125b3184685fef77ad88c55eb582ddd4ea81fc1e2eec3e0813ccdb76047341,f7e7f7f7e7c3c140,1.0,unique,accepted
mother,mother,ISL500,mother,mother/mother__ISL500__00172__Mother__session100__clip017.mp4,Mother__session100__clip017.mp4,User004,,30.0,854x480,2.433333,see HF card,,https://huggingface.co/datasets/ISL500/ISL-DATA,https://huggingface.co/datasets/ISL500/ISL-DATA,02526042f0fc9a989dca26338e4aff82006b6d2aa2984a9a762b0716650930c2,f7e7f7d7d7c38381,1.0,unique,accepted
no,no,ISL500,no,no/no__ISL500__00173__No__session110__clip018.mp4,No__session110__clip018.mp4,User004,,30.0,854x480,2.066667,see HF card,,https://huggingface.co/datasets/ISL500/ISL-DATA,https://huggingface.co/datasets/ISL500/ISL-DATA,700732bd9a512a0413fd6f2698cce9fea58352136f7eaaba76f06ed7cf362a23,ffe7f7f7f7c3c100,1.0,unique,accepted
please,please,ISL500,please,please/please__ISL500__00174__Please__session107__clip001.mp4,Please__session107__clip001.mp4,User004,,30.0,854x480,2.5,see HF card,,https://huggingface.co/datasets/ISL500/ISL-DATA,https://huggingface.co/datasets/ISL500/ISL-DATA,4cfd9cf3cfc90bbc6059a0aaa2ccc69450bcdd603b272f55e161c875a5349cea,ffe7e7f7e7c3c340,1.0,unique,accepted
school,school,ISL500,school,school/school__ISL500__00175__School__session104__clip020.mp4,School__session104__clip020.mp4,User004,,30.0,854x480,2.666667,see HF card,,https://huggingface.co/datasets/ISL500/ISL-DATA,https://huggingface.co/datasets/ISL500/ISL-DATA,8b89deae04167afeb29f97c6d66b107b8cf217bc6a3ce0ccc6ac7c7ccc37ea1f,ffe7e7f7e7c3c340,1.0,unique,accepted
she,she,ISL500,she,she/she__ISL500__00176__She__session109__clip012.mp4,She__session109__clip012.mp4,User004,,30.0,854x480,3.133333,see HF card,,https://huggingface.co/datasets/ISL500/ISL-DATA,https://huggingface.co/datasets/ISL500/ISL-DATA,700ce343f72939a20d59c259cc2161aba27ec3988a9e5d89ca2c4e7e0c1436b2,ffe7e7f7e7c3c340,1.0,unique,accepted
sister,sister,ISL500,sister,sister/sister__ISL500__00177__Sister__session108__clip018.mp4,Sister__session108__clip018.mp4,User004,,30.0,854x480,3.233333,see HF card,,https://huggingface.co/datasets/ISL500/ISL-DATA,https://huggingface.co/datasets/ISL500/ISL-DATA,993758436fafec42aa5a3edfd7ce36f52170aee6d148e4baafa485e2882fb50b,fff7f7f7f7434341,1.0,unique,accepted
sit,sit,ISL500,sit,sit/sit__ISL500__00178__Sit__session111__clip014.mp4,Sit__session111__clip014.mp4,User004,,30.0,854x480,2.6,see HF card,,https://huggingface.co/datasets/ISL500/ISL-DATA,https://huggingface.co/datasets/ISL500/ISL-DATA,e3b21c4047c3ec0abdbe91c7472aad5627d5916b4f2a9482612f21afde870cd8,ffe7e7f7f7e3c300,1.0,unique,accepted
student,student,ISL500,student,student/student__ISL500__00179__Student__session100__clip027.mp4,Student__session100__clip027.mp4,User004,,30.0,854x480,2.4,see HF card,,https://huggingface.co/datasets/ISL500/ISL-DATA,https://huggingface.co/datasets/ISL500/ISL-DATA,d070c0931a17c491f6ecb25782380e091630343ae4401fdb1b2e4d89699bc158,fff3f7f7f7c3c101,1.0,unique,accepted
teacher,teacher,ISL500,teacher,teacher/teacher__ISL500__00180__Teacher__session108__clip024.mp4,Teacher__session108__clip024.mp4,User004,,30.0,854x480,3.466667,see HF card,,https://huggingface.co/datasets/ISL500/ISL-DATA,https://huggingface.co/datasets/ISL500/ISL-DATA,c9a8da554fba254ac48516ae1f09166fca88036f713f5d2ac3f0c0df8e8e1e6b,fff7e7f7f7c34300,1.0,unique,accepted
tea,tea,ISL500,tea,tea/tea__ISL500__00181__Tea__session111__clip002.mp4,Tea__session111__clip002.mp4,User004,,30.0,854x480,2.766667,see HF card,,https://huggingface.co/datasets/ISL500/ISL-DATA,https://huggingface.co/datasets/ISL500/ISL-DATA,9d5411d4f859ed881dcd1f31aebaf435f7175273f76067b8d7b950739d6a2b10,ffe7f7f7e7c3c300,1.0,unique,accepted
thank you,thank you,ISL500,thank you,thank_you/thank_you__ISL500__00182__Thankyou__session104__clip023.mp4,Thankyou__session104__clip023.mp4,User004,,30.0,854x480,2.333333,see HF card,,https://huggingface.co/datasets/ISL500/ISL-DATA,https://huggingface.co/datasets/ISL500/ISL-DATA,94623c61ad2f7223d698ae4a79aad16179ff8db33cf46ab61dcdb9753c7ccfbf,ffe7e7f7e7c34300,1.0,unique,accepted
today,today,ISL500,today,today/today__ISL500__00183__Today__session107__clip021.mp4,Today__session107__clip021.mp4,User004,,30.0,854x480,3.4,see HF card,,https://huggingface.co/datasets/ISL500/ISL-DATA,https://huggingface.co/datasets/ISL500/ISL-DATA,00fd9bec685b0d3cc8475014ab2caf90a3eaf959dbff6250b17cd5d16bfbdeab,fff7f7f7e7c3c301,1.0,unique,accepted
water,water,ISL500,water,water/water__ISL500__00184__Water__session121__clip007.mp4,Water__session121__clip007.mp4,User004,,30.0,854x480,3.166667,see HF card,,https://huggingface.co/datasets/ISL500/ISL-DATA,https://huggingface.co/datasets/ISL500/ISL-DATA,936222674d87cdb6329b2280500c3c84c1d148b359e2997f9eb3ab5515bc0a1f,f7e7f7f7e7c38301,1.0,unique,accepted
what,what,ISL500,what,what/what__ISL500__00185__What__session108__clip025.mp4,What__session108__clip025.mp4,User004,,30.0,854x480,3.233333,see HF card,,https://huggingface.co/datasets/ISL500/ISL-DATA,https://huggingface.co/datasets/ISL500/ISL-DATA,80b3a409578398d853a6238b92efa3a4d148de6a4b1f4788840353d297063e8a,ffe7e7f7e7c3c340,1.0,unique,accepted
where,where,ISL500,where,where/where__ISL500__00186__Where__session108__clip007.mp4,Where__session108__clip007.mp4,User004,,30.0,854x480,2.933333,see HF card,,https://huggingface.co/datasets/ISL500/ISL-DATA,https://huggingface.co/datasets/ISL500/ISL-DATA,5ae731af79d1c949b2ca1c1aa34cc8ff57e2f8e70022c67c3e221617cf7b5b99,fff7f7f7f7c3c340,1.0,unique,accepted
yes,yes,ISL500,yes,yes/yes__ISL500__00187__Yes__session105__clip015.mp4,Yes__session105__clip015.mp4,User004,,30.0,854x480,2.633333,see HF card,,https://huggingface.co/datasets/ISL500/ISL-DATA,https://huggingface.co/datasets/ISL500/ISL-DATA,b2f24e69a195f2d86e91f3cbfaedd330b55431d2c5427f244b0e2975b422b92c,ffe7e7f7e7c3c302,1.0,unique,accepted
you,you,ISL500,you,you/you__ISL500__00188__You__session110__clip020.mp4,You__session110__clip020.mp4,User004,,30.0,854x480,2.266667,see HF card,,https://huggingface.co/datasets/ISL500/ISL-DATA,https://huggingface.co/datasets/ISL500/ISL-DATA,70ab25793ab03bac66cbc05dd41ffafc5a2a92dfccdd53ca76c93cee959774fc,ffe7e7f7f7c34300,1.0,unique,accepted
drink,drink,ISL500,drink,drink/drink__ISL500__00189__Drink__session121__clip012.mp4,Drink__session121__clip012.mp4,User005,,30.0,854x480,4.266667,see HF card,,https://huggingface.co/datasets/ISL500/ISL-DATA,https://huggingface.co/datasets/ISL500/ISL-DATA,04116ecd9df0fb676948224cc66e85fe05991a5f2b7a80dbd383e567b3422b75,ffe7f7f7e7c34141,1.0,unique,accepted
eat,eat,ISL500,eat,eat/eat__ISL500__00190__Eat__session135__clip033.mp4,Eat__session135__clip033.mp4,User005,,30.0,854x480,4.4,see HF card,,https://huggingface.co/datasets/ISL500/ISL-DATA,https://huggingface.co/datasets/ISL500/ISL-DATA,f68b98cbc1e2648074d4b33dfe01a0332750897c7f8841b110d3acb48d2ac682,ffe7e7f7e7c3c2c0,1.0,unique,accepted
father,father,ISL500,father,father/father__ISL500__00191__Father__session121__clip018.mp4,Father__session121__clip018.mp4,User005,,30.0,854x480,4.666667,see HF card,,https://huggingface.co/datasets/ISL500/ISL-DATA,https://huggingface.co/datasets/ISL500/ISL-DATA,627592c58071d0c67f4af3a5c146e1351df0330a776cf664478572f79fb04525,fff7f7f7c7c3c141,1.0,unique,accepted
food,food,ISL500,food,food/food__ISL500__00192__Food__session116__clip015.mp4,Food__session116__clip015.mp4,User005,,30.0,854x480,4.4,see HF card,,https://huggingface.co/datasets/ISL500/ISL-DATA,https://huggingface.co/datasets/ISL500/ISL-DATA,b51cbeffafa529c539bd0dfa1bc8b54fc253e90397a1874cdb413bbaa1a3c702,ffe7e7f7e7c3c341,1.0,unique,accepted
friend,friend,ISL500,friend,friend/friend__ISL500__00193__Friend__session165__clip015.mp4,Friend__session165__clip015.mp4,User005,,30.0,854x480,4.8,see HF card,,https://huggingface.co/datasets/ISL500/ISL-DATA,https://huggingface.co/datasets/ISL500/ISL-DATA,1e62a874c3ddee8b550ef1c7a1721249cd0d27d8b92aec75ac2d9ade65ee0d2a,fffff7e7f7e6c2c0,1.0,unique,accepted
go,go,ISL500,go,go/go__ISL500__00194__Go__session160__clip002.mp4,Go__session160__clip002.mp4,User005,,30.0,854x480,3.966667,see HF card,,https://huggingface.co/datasets/ISL500/ISL-DATA,https://huggingface.co/datasets/ISL500/ISL-DATA,0f1891738d4d2de24c8b62945472c32474ccc1744d5b695bd494d8e0b24bc2ea,fffff3d393978381,1.0,unique,accepted
hello,hello,ISL500,hello,hello/hello__ISL500__00195__Hello__session152__clip002.mp4,Hello__session152__clip002.mp4,User005,,30.0,854x480,4.166667,see HF card,,https://huggingface.co/datasets/ISL500/ISL-DATA,https://huggingface.co/datasets/ISL500/ISL-DATA,0dc7b22ff66928a067d9cb6941fb1acc281233607e11b58b3e9c76d8acabf074,ffffd7d7b7a78380,1.0,unique,accepted
help,help,ISL500,help,help/help__ISL500__00196__Help__session144__clip002.mp4,Help__session144__clip002.mp4,User005,,30.0,854x480,4.466667,see HF card,,https://huggingface.co/datasets/ISL500/ISL-DATA,https://huggingface.co/datasets/ISL500/ISL-DATA,4d1b6afa0a56de0c27195d4741ac45588ee7ea17962c1f266a80da4a0b46ca55,feffe7e7e6c2c2c0,1.0,unique,accepted
he,he,ISL500,he,he/he__ISL500__00197__He__session156__clip029.mp4,He__session156__clip029.mp4,User005,,30.0,854x480,5.066667,see HF card,,https://huggingface.co/datasets/ISL500/ISL-DATA,https://huggingface.co/datasets/ISL500/ISL-DATA,a0c07f9591c7d38c4ef9606cea383f03c4a1cd545760276a36137dc10c492228,eee6e6efe7c3c3c1,1.0,unique,accepted
market,market,ISL500,market,market/market__ISL500__00198__Market__session142__clip022.mp4,Market__session142__clip022.mp4,User005,,30.0,854x480,4.066667,see HF card,,https://huggingface.co/datasets/ISL500/ISL-DATA,https://huggingface.co/datasets/ISL500/ISL-DATA,742a26852b0c5928c15851fe01e94f21cdd31c38eb00c6f338f874cfa2e910d3,feffe7e7e7c6c2c2,1.0,unique,accepted
mother,mother,ISL500,mother,mother/mother__ISL500__00199__Mother__session142__clip013.mp4,Mother__session142__clip013.mp4,User005,,30.0,854x480,4.0,see HF card,,https://huggingface.co/datasets/ISL500/ISL-DATA,https://huggingface.co/datasets/ISL500/ISL-DATA,9d2b21becba7d3cb95de450d5bb741cedab6d18243f65fa719acd685783c7d37,fff7e7f7d7c7c2c0,1.0,unique,accepted
no,no,ISL500,no,no/no__ISL500__00200__No__session162__clip014.mp4,No__session162__clip014.mp4,User005,,30.0,854x480,4.3,see HF card,,https://huggingface.co/datasets/ISL500/ISL-DATA,https://huggingface.co/datasets/ISL500/ISL-DATA,218634cfb4dd7457b06f6e17b99b799b02944da467e353b7531b1cadd3021760,fffff7f7f7c7c0c0,1.0,unique,accepted
please,please,ISL500,please,please/please__ISL500__00201__Please__session117__clip014.mp4,Please__session117__clip014.mp4,User005,,30.0,854x480,5.0,see HF card,,https://huggingface.co/datasets/ISL500/ISL-DATA,https://huggingface.co/datasets/ISL500/ISL-DATA,e9827c460bc33663a5c4741be73a556fe5bb7700f798af5b2a8fac0cf95fb65d,ffe7e7f7e7c3c341,1.0,unique,accepted
school,school,ISL500,school,school/school__ISL500__00202__School__session118__clip013.mp4,School__session118__clip013.mp4,User005,,30.0,854x480,4.5,see HF card,,https://huggingface.co/datasets/ISL500/ISL-DATA,https://huggingface.co/datasets/ISL500/ISL-DATA,fd9d2ac1f90e2f2a3dda04ef077ddec4c6907d8d49a5c057f1fac83dd05f692e,ffe7e7e7e7c34301,1.0,unique,accepted
she,she,ISL500,she,she/she__ISL500__00203__She__session142__clip034.mp4,She__session142__clip034.mp4,User005,,30.0,854x480,4.633333,see HF card,,https://huggingface.co/datasets/ISL500/ISL-DATA,https://huggingface.co/datasets/ISL500/ISL-DATA,4d95af07dc1065e30e7e7b40ce1b524c2f81d6f40f616d1f6fd36078adfe6f38,feffefefeee6c280,1.0,unique,accepted
sister,sister,ISL500,sister,sister/sister__ISL500__00204__Sister__session144__clip013.mp4,Sister__session144__clip013.mp4,User005,,30.0,854x480,4.066667,see HF card,,https://huggingface.co/datasets/ISL500/ISL-DATA,https://huggingface.co/datasets/ISL500/ISL-DATA,0004f3b5b3924695d29fb3c014ee272c0e4a227705a18115ab2172b719158142,fff7e7f7f7a74280,1.0,unique,accepted
sit,sit,ISL500,sit,sit/sit__ISL500__00205__Sit__session122__clip006.mp4,Sit__session122__clip006.mp4,User005,,30.0,854x480,3.966667,see HF card,,https://huggingface.co/datasets/ISL500/ISL-DATA,https://huggingface.co/datasets/ISL500/ISL-DATA,c7b5b189f09dd0e9ec75d2292b6d5e230e3fab60e9fac11b803841e9b346e26b,fff7f7f7f7c34141,1.0,unique,accepted
student,student,ISL500,student,student/student__ISL500__00206__Student__session140__clip003.mp4,Student__session140__clip003.mp4,User005,,30.0,854x480,4.7,see HF card,,https://huggingface.co/datasets/ISL500/ISL-DATA,https://huggingface.co/datasets/ISL500/ISL-DATA,27439a20c078d5fe2460edcc518647811a72822008933016b2277f96de4f57bc,ffffe7e7f6e6c2c0,1.0,unique,accepted
teacher,teacher,ISL500,teacher,teacher/teacher__ISL500__00207__Teacher__session101__clip005.mp4,Teacher__session101__clip005.mp4,User005,,30.0,854x480,5.466667,see HF card,,https://huggingface.co/datasets/ISL500/ISL-DATA,https://huggingface.co/datasets/ISL500/ISL-DATA,725b8050998a1722c9d9ef07e2b7d0321413f0c074e7bdd16ffdcb53eb99b9e9,ffe7e7f7e7c34301,1.0,unique,accepted
tea,tea,ISL500,tea,tea/tea__ISL500__00208__Tea__session101__clip004.mp4,Tea__session101__clip004.mp4,User005,,30.0,854x480,5.933333,see HF card,,https://huggingface.co/datasets/ISL500/ISL-DATA,https://huggingface.co/datasets/ISL500/ISL-DATA,ae1efb44e4958c354341cda42df698d74423ac5e8e9a4bcebc7df99e172c34ae,ffe7e7e7e3c34341,1.0,unique,accepted
thank you,thank you,ISL500,thank you,thank_you/thank_you__ISL500__00209__Thankyou__session101__clip015.mp4,Thankyou__session101__clip015.mp4,User005,,30.0,854x480,5.133333,see HF card,,https://huggingface.co/datasets/ISL500/ISL-DATA,https://huggingface.co/datasets/ISL500/ISL-DATA,5c6059283f7eac20c19e42376a0edc0c2e4e2d5ca945d1ddd3a556bc8087b9e5,ffe7e7f7e7c34301,1.0,unique,accepted
today,today,ISL500,today,today/today__ISL500__00210__Today__session101__clip026.mp4,Today__session101__clip026.mp4,User005,,30.0,854x480,5.6,see HF card,,https://huggingface.co/datasets/ISL500/ISL-DATA,https://huggingface.co/datasets/ISL500/ISL-DATA,e85b0a1f8810ec3e0439cb5552b4052f9b98684b4fc9484770c89db91fd1d896,fff7f7f7e7838101,1.0,unique,accepted
water,water,ISL500,water,water/water__ISL500__00211__Water__session109__clip006.mp4,Water__session109__clip006.mp4,User005,,30.0,854x480,4.6,see HF card,,https://huggingface.co/datasets/ISL500/ISL-DATA,https://huggingface.co/datasets/ISL500/ISL-DATA,5cc836ccdabc913a76dbee8e341c670a604312a44517a8c75fef1970428290ec,ffe7c7d7c7c34301,1.0,unique,accepted
what,what,ISL500,what,what/what__ISL500__00212__What__session111__clip002.mp4,What__session111__clip002.mp4,User005,,30.0,854x480,4.366667,see HF card,,https://huggingface.co/datasets/ISL500/ISL-DATA,https://huggingface.co/datasets/ISL500/ISL-DATA,c51ba76897a8129fb66249bf1e42966a0bbb0c9fe49bb6e24a654830260d989a,ffe7f7f7e7c34141,1.0,unique,accepted
where,where,ISL500,where,where/where__ISL500__00213__Where__session112__clip000.mp4,Where__session112__clip000.mp4,User005,,30.0,854x480,5.033333,see HF card,,https://huggingface.co/datasets/ISL500/ISL-DATA,https://huggingface.co/datasets/ISL500/ISL-DATA,a281896feefee804bc225b4a3588e1a3809e2c33d5a851e385f86d861bf570d4,f7e7f7f7e3634101,1.0,unique,accepted
yes,yes,ISL500,yes,yes/yes__ISL500__00214__Yes__session114__clip002.mp4,Yes__session114__clip002.mp4,User005,,30.0,854x480,5.266667,see HF card,,https://huggingface.co/datasets/ISL500/ISL-DATA,https://huggingface.co/datasets/ISL500/ISL-DATA,51cd39ab76d45bd1f88a9bc7e4f4816624def2503abe3422d3a0698900c40980,ffe7f7d7c7c38101,1.0,unique,accepted
you,you,ISL500,you,you/you__ISL500__00215__You__session116__clip001.mp4,You__session116__clip001.mp4,User005,,30.0,854x480,5.233333,see HF card,,https://huggingface.co/datasets/ISL500/ISL-DATA,https://huggingface.co/datasets/ISL500/ISL-DATA,3f865031663cf6761c64907a11c4286d62aa4fecc8932c70b10891876a3f8090,ffe7e7e7e7c34341,1.0,unique,accepted
drink,drink,ISL500,drink,drink/drink__ISL500__00216__Drink__session152__clip003.mp4,Drink__session152__clip003.mp4,User006,,30.0,854x480,5.433333,see HF card,,https://huggingface.co/datasets/ISL500/ISL-DATA,https://huggingface.co/datasets/ISL500/ISL-DATA,0f8ad7904f15eabd8616631187dc9cd443ba703bd930ace29284fb25ed1e0743,f7f7e7c7c7cf0100,1.0,unique,accepted
eat,eat,ISL500,eat,eat/eat__ISL500__00217__Eat__session153__clip010.mp4,Eat__session153__clip010.mp4,User006,,30.0,854x480,5.466667,see HF card,,https://huggingface.co/datasets/ISL500/ISL-DATA,https://huggingface.co/datasets/ISL500/ISL-DATA,77b48195b8012da7632c50e718e888f43bf5f1d4d25451df15ce9cc221ac4a1d,e7e7e7e7e7ef0300,1.0,unique,accepted
father,father,ISL500,father,father/father__ISL500__00218__Father__session128__clip022.mp4,Father__session128__clip022.mp4,User006,,30.0,854x480,5.233333,see HF card,,https://huggingface.co/datasets/ISL500/ISL-DATA,https://huggingface.co/datasets/ISL500/ISL-DATA,195787c25f3b4b4cb7f7cb1d44392bdc27eaa9ec8d7cbe655c6f0a63ea5f68af,f7f7d7c7d3c3cbc0,1.0,unique,accepted
food,food,ISL500,food,food/food__ISL500__00219__Food__session137__clip014.mp4,Food__session137__clip014.mp4,User006,,30.0,854x480,5.9,see HF card,,https://huggingface.co/datasets/ISL500/ISL-DATA,https://huggingface.co/datasets/ISL500/ISL-DATA,a575a12fa0af52ab61ec41a26d7537c9898894cea4fce6845452579e08814e7e,e7e7e7e7e7e3c383,1.0,unique,accepted
friend,friend,ISL500,friend,friend/friend__ISL500__00220__Friend__session104__clip020.mp4,Friend__session104__clip020.mp4,User006,,30.0,854x480,5.233333,see HF card,,https://huggingface.co/datasets/ISL500/ISL-DATA,https://huggingface.co/datasets/ISL500/ISL-DATA,a31d6e2a250990e1e71e0454621a1241ad717ca22923546428c44564905dd8d0,f7f7f7f7e7474101,1.0,unique,accepted
go,go,ISL500,go,go/go__ISL500__00221__Go__session109__clip032.mp4,Go__session109__clip032.mp4,User006,,30.0,854x480,4.866667,see HF card,,https://huggingface.co/datasets/ISL500/ISL-DATA,https://huggingface.co/datasets/ISL500/ISL-DATA,1383c2c52af693c858d1e2d1715870783b713d3c451c903266ffa8f2f2cedb11,7bf3fb331b4f4d08,1.0,unique,accepted
hello,hello,ISL500,hello,hello/hello__ISL500__00222__Hello__session107__clip006.mp4,Hello__session107__clip006.mp4,User006,,30.0,854x480,5.9,see HF card,,https://huggingface.co/datasets/ISL500/ISL-DATA,https://huggingface.co/datasets/ISL500/ISL-DATA,cc6ea463a7a4c063d859d6acdca1ca09bfc435d40d71061434e0beb9ea70401e,7747d717171f0b02,1.0,unique,accepted
help,help,ISL500,help,help/help__ISL500__00223__Help__session110__clip001.mp4,Help__session110__clip001.mp4,User006,,30.0,854x480,5.833333,see HF card,,https://huggingface.co/datasets/ISL500/ISL-DATA,https://huggingface.co/datasets/ISL500/ISL-DATA,7636948e66dd8c657f239148352e1accba0f5158c21ee69e0624233811ddc042,e7e7e7e7e7eb2b00,1.0,unique,accepted
he,he,ISL500,he,he/he__ISL500__00224__He__session104__clip013.mp4,He__session104__clip013.mp4,User006,,30.0,854x480,5.9,see HF card,,https://huggingface.co/datasets/ISL500/ISL-DATA,https://huggingface.co/datasets/ISL500/ISL-DATA,138fde74d8b425adb931273800212c195c4dd1cbd079042901d66a347b531e3a,4f4f6f6f6f470202,1.0,unique,accepted
market,market,ISL500,market,market/market__ISL500__00225__Market__session111__clip004.mp4,Market__session111__clip004.mp4,User006,,30.0,854x480,6.433333,see HF card,,https://huggingface.co/datasets/ISL500/ISL-DATA,https://huggingface.co/datasets/ISL500/ISL-DATA,4a13efb6d06e1bebc45cee7cc3881a5484f4c96940f5c1ed6dd7ce097d1390a5,e7e7e7e787878382,1.0,unique,accepted
mother,mother,ISL500,mother,mother/mother__ISL500__00226__Mother__session138__clip004.mp4,Mother__session138__clip004.mp4,User006,,30.0,854x480,5.566667,see HF card,,https://huggingface.co/datasets/ISL500/ISL-DATA,https://huggingface.co/datasets/ISL500/ISL-DATA,37976421ec271f9c19bf4e72ebf8eaa66a5f243924884bfcb973055d78314758,f7f3f3e7e7c34101,1.0,unique,accepted
no,no,ISL500,no,no/no__ISL500__00227__No__session143__clip002.mp4,No__session143__clip002.mp4,User006,,30.0,854x480,5.1,see HF card,,https://huggingface.co/datasets/ISL500/ISL-DATA,https://huggingface.co/datasets/ISL500/ISL-DATA,17e840a615fe291987aff13b268ff09fadc1c16749c30ce6df047b03c9b30a8f,fff7f7f7f7632101,1.0,unique,accepted
please,please,ISL500,please,please/please__ISL500__00228__Please__session105__clip001.mp4,Please__session105__clip001.mp4,User006,,30.0,854x480,5.6,see HF card,,https://huggingface.co/datasets/ISL500/ISL-DATA,https://huggingface.co/datasets/ISL500/ISL-DATA,804b9a1e0002d3d677667549754ee8fb40b829446dc431087aff573075ed2292,67676767475f4202,1.0,unique,accepted
school,school,ISL500,school,school/school__ISL500__00229__School__session107__clip012.mp4,School__session107__clip012.mp4,User006,,30.0,854x480,5.8,see HF card,,https://huggingface.co/datasets/ISL500/ISL-DATA,https://huggingface.co/datasets/ISL500/ISL-DATA,697273fbedb05de1e859049de9a57302074b27341ec960d5d286d47b6360428c,6767777767434302,1.0,unique,accepted
she,she,ISL500,she,she/she__ISL500__00230__She__session142__clip017.mp4,She__session142__clip017.mp4,User006,,30.0,854x480,5.433333,see HF card,,https://huggingface.co/datasets/ISL500/ISL-DATA,https://huggingface.co/datasets/ISL500/ISL-DATA,c0f87a3754fc3ffc107a5e3a4a83543ec731522dd61d484851f6aa0432441543,efcfefe7e7e3e301,1.0,unique,accepted
sister,sister,ISL500,sister,sister/sister__ISL500__00231__Sister__session144__clip013.mp4,Sister__session144__clip013.mp4,User006,,30.0,854x480,5.766667,see HF card,,https://huggingface.co/datasets/ISL500/ISL-DATA,https://huggingface.co/datasets/ISL500/ISL-DATA,5f99ef2719f8ea0a47f11232e2ec8f105fef9562e9998e5a4a8e27f480e0ff4f,f3f3f3f7e3eb8908,1.0,unique,accepted
sit,sit,ISL500,sit,sit/sit__ISL500__00232__Sit__session142__clip006.mp4,Sit__session142__clip006.mp4,User006,,30.0,854x480,5.2,see HF card,,https://huggingface.co/datasets/ISL500/ISL-DATA,https://huggingface.co/datasets/ISL500/ISL-DATA,4443be280376b94e315441b6a74bfb0ee512160ab60680b349a4d4223b6aa2c9,e7e7e7e7e3dbd301,1.0,unique,accepted
student,student,ISL500,student,student/student__ISL500__00233__Student__session127__clip008.mp4,Student__session127__clip008.mp4,User006,,30.0,854x480,5.533333,see HF card,,https://huggingface.co/datasets/ISL500/ISL-DATA,https://huggingface.co/datasets/ISL500/ISL-DATA,1cd479487e43ab6d00f48f4cae9e9ef8f546544ee1de44b478c381113fafcd3a,e7f7f7f7f7ebd8c0,1.0,unique,accepted
teacher,teacher,ISL500,teacher,teacher/teacher__ISL500__00234__Teacher__session115__clip004.mp4,Teacher__session115__clip004.mp4,User006,,30.0,854x480,5.9,see HF card,,https://huggingface.co/datasets/ISL500/ISL-DATA,https://huggingface.co/datasets/ISL500/ISL-DATA,0a78e4001fa1f3d422761643e2660413f0ea9a636ee1bf14dcf81d67586c164c,efe7efefc7c7c301,1.0,unique,accepted
tea,tea,ISL500,tea,tea/tea__ISL500__00235__Tea__session152__clip004.mp4,Tea__session152__clip004.mp4,User006,,30.0,854x480,5.133333,see HF card,,https://huggingface.co/datasets/ISL500/ISL-DATA,https://huggingface.co/datasets/ISL500/ISL-DATA,d55ca8ea8827e8a120d20c70b16cac05c563ea3e875632d3c1b3cc19c15031ce,e7e7e7e7e7cf0b08,1.0,unique,accepted
thank you,thank you,ISL500,thank you,thank_you/thank_you__ISL500__00236__Thankyou__session107__clip017.mp4,Thankyou__session107__clip017.mp4,User006,,30.0,854x480,5.6,see HF card,,https://huggingface.co/datasets/ISL500/ISL-DATA,https://huggingface.co/datasets/ISL500/ISL-DATA,dfd2d2e2477849e3f170b1ac521d0765ca759f1718f6880ffd205f8a8cd0e165,77777777674f4200,1.0,unique,accepted
today,today,ISL500,today,today/today__ISL500__00237__Today__session150__clip006.mp4,Today__session150__clip006.mp4,User006,,30.0,854x480,6.0,see HF card,,https://huggingface.co/datasets/ISL500/ISL-DATA,https://huggingface.co/datasets/ISL500/ISL-DATA,dfd794ceb2a5f227048a1c218de3400895194c89b84dfb496f12261a813cd951,e7f7f7e7c70f0309,1.0,unique,accepted
water,water,ISL500,water,water/water__ISL500__00238__Water__session104__clip017.mp4,Water__session104__clip017.mp4,User006,,30.0,854x480,5.3,see HF card,,https://huggingface.co/datasets/ISL500/ISL-DATA,https://huggingface.co/datasets/ISL500/ISL-DATA,36d78168be0839b9a9778b7869fa212d3f57a9a2efa8dbb3b32953dbd9ebc305,67e7d7771f0f0b02,1.0,unique,accepted
what,what,ISL500,what,what/what__ISL500__00239__What__session133__clip002.mp4,What__session133__clip002.mp4,User006,,30.0,854x480,5.533333,see HF card,,https://huggingface.co/datasets/ISL500/ISL-DATA,https://huggingface.co/datasets/ISL500/ISL-DATA,03dc7257633d6c0add1b650df91cdc22e629169db1a483e40f6e7b09dd72bfac,e7e7e7e7e7ebe383,1.0,unique,accepted
where,where,ISL500,where,where/where__ISL500__00240__Where__session139__clip036.mp4,Where__session139__clip036.mp4,User006,,30.0,854x480,6.133333,see HF card,,https://huggingface.co/datasets/ISL500/ISL-DATA,https://huggingface.co/datasets/ISL500/ISL-DATA,b144b1b85f5f829b78c01e105022260618be751043e028e02cee45e799ba3e35,e7e7e7e7c7cbc301,1.0,unique,accepted
yes,yes,ISL500,yes,yes/yes__ISL500__00241__Yes__session112__clip005.mp4,Yes__session112__clip005.mp4,User006,,30.0,854x480,5.833333,see HF card,,https://huggingface.co/datasets/ISL500/ISL-DATA,https://huggingface.co/datasets/ISL500/ISL-DATA,d84eb97271da0e9bb8a2aa04a688da1cd06b0cede87463b57115f608e7391a16,ff67e7e7c7c70300,1.0,unique,accepted
you,you,ISL500,you,you/you__ISL500__00242__You__session106__clip019.mp4,You__session106__clip019.mp4,User006,,30.0,854x480,5.366667,see HF card,,https://huggingface.co/datasets/ISL500/ISL-DATA,https://huggingface.co/datasets/ISL500/ISL-DATA,eb868741e18fde2183a05b0f5891ca31b30ff0f77e9b0c0f3c4ff16d4beba28f,67677777674f0202,1.0,unique,accepted
drink,drink,ISL500,drink,drink/drink__ISL500__00243__Drink__000001__c545daf6-s086-002_Drink.mp4,Drink__000001__c545daf6-s086-002_Drink.mp4,User007,,30.0,854x480,5.3,see HF card,,https://huggingface.co/datasets/ISL500/ISL-DATA,https://huggingface.co/datasets/ISL500/ISL-DATA,aaffcb4a1968fb4d0700e78d6d9dcdd6c7192db16fe250dcff6cf1e350824e28,f7f7e7f7c7c34303,1.0,unique,accepted
eat,eat,ISL500,eat,eat/eat__ISL500__00244__Eat__000001__c545daf6-s091-005_Eat.mp4,Eat__000001__c545daf6-s091-005_Eat.mp4,User007,,30.0,854x480,5.566667,see HF card,,https://huggingface.co/datasets/ISL500/ISL-DATA,https://huggingface.co/datasets/ISL500/ISL-DATA,a538b087190af6b3b0b60cefc844308e4e62055d641e458e6dc7ce28d0c320bb,f7e7f7f7e7e34300,1.0,unique,accepted
father,father,ISL500,father,father/father__ISL500__00245__Father__000001__c545daf6-s099-013_Father.mp4,Father__000001__c545daf6-s099-013_Father.mp4,User007,,30.0,854x480,5.833333,see HF card,,https://huggingface.co/datasets/ISL500/ISL-DATA,https://huggingface.co/datasets/ISL500/ISL-DATA,b28c51a28fefa8d43bd27aa791e7b2ce960e126caea1e4f52fcdd16c3dfd3d99,e7e7c7d7c7c3c303,1.0,unique,accepted
food,food,ISL500,food,food/food__ISL500__00246__Food__000001__c545daf6-s103-003_Food.mp4,Food__000001__c545daf6-s103-003_Food.mp4,User007,,30.0,854x480,5.166667,see HF card,,https://huggingface.co/datasets/ISL500/ISL-DATA,https://huggingface.co/datasets/ISL500/ISL-DATA,e22a0a014a8b1be7c6295e137d4d672ed7346c537e76106aed4997e04c858084,e7e7f7e7e7e36302,1.0,unique,accepted
friend,friend,ISL500,friend,friend/friend__ISL500__00247__Friend__000001__c545daf6-s103-008_Friend.mp4,Friend__000001__c545daf6-s103-008_Friend.mp4,User007,,30.0,854x480,5.266667,see HF card,,https://huggingface.co/datasets/ISL500/ISL-DATA,https://huggingface.co/datasets/ISL500/ISL-DATA,c33bed3fd9ad95a6b4bbc17699ffc0c0f98edc2c7941452eb7d4daedc7555d5e,e7e7e7f7e7c36300,1.0,unique,accepted
go,go,ISL500,go,go/go__ISL500__00248__Go__000001__c545daf6-s108-001_Go.mp4,Go__000001__c545daf6-s108-001_Go.mp4,User007,,30.0,854x480,4.566667,see HF card,,https://huggingface.co/datasets/ISL500/ISL-DATA,https://huggingface.co/datasets/ISL500/ISL-DATA,ec60739cf6327d0cbd084f9669bc78b0c60808a82650c77ae1be514fc2a2578c,f7f7f7f7e7c34302,1.0,unique,accepted
hello,hello,ISL500,hello,hello/hello__ISL500__00249__Hello__000001__c545daf6-s115-003_Hello.mp4,Hello__000001__c545daf6-s115-003_Hello.mp4,User007,,30.0,854x480,4.833333,see HF card,,https://huggingface.co/datasets/ISL500/ISL-DATA,https://huggingface.co/datasets/ISL500/ISL-DATA,f0944388f3cdc817d2824fa6e50c6b7dd4f2c133cc3b4cf867d8d712ae079628,e7c7e7d7a7838383,1.0,unique,accepted
help,help,ISL500,help,help/help__ISL500__00250__Help__000001__c545daf6-s115-004_Help.mp4,Help__000001__c545daf6-s115-004_Help.mp4,User007,,30.0,854x480,5.1,see HF card,,https://huggingface.co/datasets/ISL500/ISL-DATA,https://huggingface.co/datasets/ISL500/ISL-DATA,3045fae646bb00a1b6b52f935463d7f2ec2ce13deb6ecc127db8b8ffa62ceb44,f7f7f7f7e3e3e3c0,1.0,unique,accepted
he,he,ISL500,he,he/he__ISL500__00251__He__000001__c545daf6-s113-008_He.mp4,He__000001__c545daf6-s113-008_He.mp4,User007,,30.0,854x480,4.666667,see HF card,,https://huggingface.co/datasets/ISL500/ISL-DATA,https://huggingface.co/datasets/ISL500/ISL-DATA,3d743375e3c0951dc48fc4cdddc3b8448531a66f84d114c00aae2fa711332025,e7e7e7e7e7e34302,1.0,unique,accepted
market,market,ISL500,market,market/market__ISL500__00252__Market__000001__c545daf6-s127-012_Market.mp4,Market__000001__c545daf6-s127-012_Market.mp4,User007,,30.0,854x480,5.266667,see HF card,,https://huggingface.co/datasets/ISL500/ISL-DATA,https://huggingface.co/datasets/ISL500/ISL-DATA,ee4a4275af70ca7f0fbd2de7202b77a07dc834bc4289b9e65d791d4a263af51e,f7e7f7f7e7632100,1.0,unique,accepted
mother,mother,ISL500,mother,mother/mother__ISL500__00253__Mother__000001__c545daf6-s130-006_Mother.mp4,Mother__000001__c545daf6-s130-006_Mother.mp4,User007,,30.0,854x480,5.066667,see HF card,,https://huggingface.co/datasets/ISL500/ISL-DATA,https://huggingface.co/datasets/ISL500/ISL-DATA,2da92a2beaab910ad39fe047df09c5cb9267a5aa0e4c436392f6a8ae79957bac,f7e7f7f7c7c34303,1.0,unique,accepted
no,no,ISL500,no,no/no__ISL500__00254__No__000001__c545daf6-s132-008_No.mp4,No__000001__c545daf6-s132-008_No.mp4,User007,,30.0,854x480,4.7,see HF card,,https://huggingface.co/datasets/ISL500/ISL-DATA,https://huggingface.co/datasets/ISL500/ISL-DATA,e7f3863cc00c7779ae1802f9ff8e14fea5663c50fc661e1ca60fd8a8378a7c10,e7e7f7f7e7c30300,1.0,unique,accepted
please,please,ISL500,please,please/please__ISL500__00255__Please__000001__c545daf6-s141-010_Please.mp4,Please__000001__c545daf6-s141-010_Please.mp4,User007,,30.0,854x480,5.0,see HF card,,https://huggingface.co/datasets/ISL500/ISL-DATA,https://huggingface.co/datasets/ISL500/ISL-DATA,f94b9464552f7ced1c6aa35b604333b26b4ee0f4ededbab13d48a43f26264c6c,e7e7f7f7e7e36340,1.0,unique,accepted
school,school,ISL500,school,school/school__ISL500__00256__School__000001__c545daf6-s152-002_School.mp4,School__000001__c545daf6-s152-002_School.mp4,User007,,30.0,854x480,4.866667,see HF card,,https://huggingface.co/datasets/ISL500/ISL-DATA,https://huggingface.co/datasets/ISL500/ISL-DATA,2344e1da4710f9c9b1cff26768aea4fff05d6d82ffc9576d3820bfba7a989ded,f7e7e7e7e7e3c2c0,1.0,unique,accepted
she,she,ISL500,she,she/she__ISL500__00257__She__000001__c545daf6-s152-008_She.mp4,She__000001__c545daf6-s152-008_She.mp4,User007,,30.0,854x480,5.166667,see HF card,,https://huggingface.co/datasets/ISL500/ISL-DATA,https://huggingface.co/datasets/ISL500/ISL-DATA,ae4a3c130b0b86bf23a0b68b21a78b4277705464e6ff54f3e9d327ca9d7f8e54,ffe7e7e7e7c3c3c2,1.0,unique,accepted
sister,sister,ISL500,sister,sister/sister__ISL500__00258__Sister__000001__c545daf6-s154-001_Sister.mp4,Sister__000001__c545daf6-s154-001_Sister.mp4,User007,,30.0,854x480,5.366667,see HF card,,https://huggingface.co/datasets/ISL500/ISL-DATA,https://huggingface.co/datasets/ISL500/ISL-DATA,22fa17b7f8219a128355790b0a181e874e67b78c22445cbc17bd0e5285357a0d,f7e7f7f7e3a38383,1.0,unique,accepted
sit,sit,ISL500,sit,sit/sit__ISL500__00259__Sit__000001__c545daf6-s154-002_Sit.mp4,Sit__000001__c545daf6-s154-002_Sit.mp4,User007,,30.0,854x480,5.4,see HF card,,https://huggingface.co/datasets/ISL500/ISL-DATA,https://huggingface.co/datasets/ISL500/ISL-DATA,2cbf654e9e7859c004f2d3618a762edfb5cd153b82f633fcede198b82d076ddf,e7e7f7e7e3c3c3c2,1.0,unique,accepted
student,student,ISL500,student,student/student__ISL500__00260__Student__000001__c545daf6-s156-007_Student.mp4,Student__000001__c545daf6-s156-007_Student.mp4,User007,,30.0,854x480,5.266667,see HF card,,https://huggingface.co/datasets/ISL500/ISL-DATA,https://huggingface.co/datasets/ISL500/ISL-DATA,28b17c9004e9149a5bb65d21e0d9c3429227c682b50e1a2acfdf5d2729677c3f,f7f3f3f7e3e3c181,1.0,unique,accepted
teacher,teacher,ISL500,teacher,teacher/teacher__ISL500__00261__Teacher__000001__c545daf6-s157-008_Teacher.mp4,Teacher__000001__c545daf6-s157-008_Teacher.mp4,User007,,30.0,854x480,4.8,see HF card,,https://huggingface.co/datasets/ISL500/ISL-DATA,https://huggingface.co/datasets/ISL500/ISL-DATA,98dcea9aa762b7e7535186315c71c75e99e5c989ef0c5d32d1dbc5bdf07ba039,e7e7f7e7e3e3e3c0,1.0,unique,accepted
tea,tea,ISL500,tea,tea/tea__ISL500__00262__Tea__000001__c545daf6-s157-007_Tea.mp4,Tea__000001__c545daf6-s157-007_Tea.mp4,User007,,30.0,854x480,5.166667,see HF card,,https://huggingface.co/datasets/ISL500/ISL-DATA,https://huggingface.co/datasets/ISL500/ISL-DATA,ee6847753673b5a1f08d2a5581d723e92955d11ecab29bc20652c23dcd337bb4,f7f7f7e7e3e3c3c3,1.0,unique,accepted
thank you,thank you,ISL500,thank you,thank_you/thank_you__ISL500__00263__Thankyou__000001__c545daf6-s159-003_Thankyou.mp4,Thankyou__000001__c545daf6-s159-003_Thankyou.mp4,User007,,30.0,854x480,5.0,see HF card,,https://huggingface.co/datasets/ISL500/ISL-DATA,https://huggingface.co/datasets/ISL500/ISL-DATA,bdd58c37f1154ca12606c046e3cd1454ecb39a062fbd38aaf99005919237855b,f7e7e7f7e7e3c3c2,1.0,unique,accepted
today,today,ISL500,today,today/today__ISL500__00264__Today__000001__c545daf6-s159-016_Today.mp4,Today__000001__c545daf6-s159-016_Today.mp4,User007,,30.0,854x480,4.766667,see HF card,,https://huggingface.co/datasets/ISL500/ISL-DATA,https://huggingface.co/datasets/ISL500/ISL-DATA,bfd44615db9437571de80fe4397d51fc739b1eb2798bc04231049b3c7fc59473,fff7f7f7f7c3c180,1.0,unique,accepted
water,water,ISL500,water,water/water__ISL500__00265__Water__000001__c545daf6-s166-007_Water.mp4,Water__000001__c545daf6-s166-007_Water.mp4,User007,,30.0,854x480,5.333333,see HF card,,https://huggingface.co/datasets/ISL500/ISL-DATA,https://huggingface.co/datasets/ISL500/ISL-DATA,68a05f44a7373a95b60eeb2ca3772b35cba10f2a43bbe11e1ca4d0fa06327062,fff7e7e7e3e3c3c1,1.0,unique,accepted
what,what,ISL500,what,what/what__ISL500__00266__What__000001__c545daf6-s166-016_What.mp4,What__000001__c545daf6-s166-016_What.mp4,User007,,30.0,854x480,4.833333,see HF card,,https://huggingface.co/datasets/ISL500/ISL-DATA,https://huggingface.co/datasets/ISL500/ISL-DATA,a15fbfbc860061e6019eb511743c1cc642b2ab4b2d4120d366174918d87ec46f,f7e7f7f7e3e3e3c3,1.0,unique,accepted
where,where,ISL500,where,where/where__ISL500__00267__Where__000001__c545daf6-s166-018_Where.mp4,Where__000001__c545daf6-s166-018_Where.mp4,User007,,30.0,854x480,5.0,see HF card,,https://huggingface.co/datasets/ISL500/ISL-DATA,https://huggingface.co/datasets/ISL500/ISL-DATA,f6e4c9efceac180625cf97bff5017c3a3976bbf62ed83a96f7d3e175b426d30c,f7e7f7f7e3e3c3c3,1.0,unique,accepted
yes,yes,ISL500,yes,yes/yes__ISL500__00268__Yes__000001__c545daf6-s168-008_Yes.mp4,Yes__000001__c545daf6-s168-008_Yes.mp4,User007,,30.0,854x480,4.933333,see HF card,,https://huggingface.co/datasets/ISL500/ISL-DATA,https://huggingface.co/datasets/ISL500/ISL-DATA,4fd3d51f0bb439fad9bfcdb6c5f2fe99b7da30362ff0145fb819add3612d1607,f7f7f7f7e3c383a1,1.0,unique,accepted
you,you,ISL500,you,you/you__ISL500__00269__You__000001__c545daf6-s168-010_You.mp4,You__000001__c545daf6-s168-010_You.mp4,User007,,30.0,854x480,5.166667,see HF card,,https://huggingface.co/datasets/ISL500/ISL-DATA,https://huggingface.co/datasets/ISL500/ISL-DATA,391a1f185452db725e08e701c28805521ba43c589245a983a9aa0be4c8c8d54a,f7f7f7f7e3e3e3c0,1.0,unique,accepted
drink,drink,ISL500,drink,drink/drink__ISL500__00270__Drink__000001.mp4,Drink__000001.mp4,User008,,30.0,854x480,2.833333,see HF card,,https://huggingface.co/datasets/ISL500/ISL-DATA,https://huggingface.co/datasets/ISL500/ISL-DATA,2ee0fc08c175984f38edfb2867d27cf7a5c98e2de835155cf9a34ca0ca14e8ce,fff7f7b38383c381,1.0,unique,accepted
eat,eat,ISL500,eat,eat/eat__ISL500__00271__Eat__session109__clip022.mp4,Eat__session109__clip022.mp4,User008,,30.0,854x480,2.766667,see HF card,,https://huggingface.co/datasets/ISL500/ISL-DATA,https://huggingface.co/datasets/ISL500/ISL-DATA,878c1c20f46b0dbb89b46c5a434d457dc0c88cc91b081bc9141db4268fd00fd8,ffe7e7e7e7c3c3c3,1.0,unique,accepted
father,father,ISL500,father,father/father__ISL500__00272__Father__000001.mp4,Father__000001.mp4,User008,,30.0,854x480,3.433333,see HF card,,https://huggingface.co/datasets/ISL500/ISL-DATA,https://huggingface.co/datasets/ISL500/ISL-DATA,2476fee7f58d67a035fcd08b8cf51fe74773ff3da904300ad79b52bcf5b6e7af,f7f7f7f7e3830101,1.0,unique,accepted
food,food,ISL500,food,food/food__ISL500__00273__Food__000001.mp4,Food__000001.mp4,User008,,30.0,854x480,3.066667,see HF card,,https://huggingface.co/datasets/ISL500/ISL-DATA,https://huggingface.co/datasets/ISL500/ISL-DATA,82bf7e091da1c6d3bd98900a4f90d0f32680c848711989409741da9431a4a066,e7e7f7f7c3c3c1c1,1.0,unique,accepted
friend,friend,ISL500,friend,friend/friend__ISL500__00274__Friend__session102__clip013.mp4,Friend__session102__clip013.mp4,User008,,30.0,854x480,2.533333,see HF card,,https://huggingface.co/datasets/ISL500/ISL-DATA,https://huggingface.co/datasets/ISL500/ISL-DATA,c87ff3a34d9763dc3cc26a30edc0843ee33e54e7781b2aa8b999cac777da690d,fff7f7f3f7e3c1c1,1.0,unique,accepted
go,go,ISL500,go,go/go__ISL500__00275__Go__session109__clip000.mp4,Go__session109__clip000.mp4,User008,,30.0,854x480,2.533333,see HF card,,https://huggingface.co/datasets/ISL500/ISL-DATA,https://huggingface.co/datasets/ISL500/ISL-DATA,dc43291403228c91431e2e1276a6eb7efcd0c519576ca971dc72ec30c2c534ff,ffe7e7e7e7c3c3c3,1.0,unique,accepted
hello,hello,ISL500,hello,hello/hello__ISL500__00276__Hello__session112__clip010.mp4,Hello__session112__clip010.mp4,User008,,30.0,854x480,3.333333,see HF card,,https://huggingface.co/datasets/ISL500/ISL-DATA,https://huggingface.co/datasets/ISL500/ISL-DATA,8ef809b6e1a74407b4bb840b533bcc6889cfc6512010ddce27538299d8567a70,ffefefefe7c3c383,1.0,unique,accepted
help,help,ISL500,help,help/help__ISL500__00277__Help__session112__clip030.mp4,Help__session112__clip030.mp4,User008,,30.0,854x480,3.066667,see HF card,,https://huggingface.co/datasets/ISL500/ISL-DATA,https://huggingface.co/datasets/ISL500/ISL-DATA,d714dcbc0f688b9a491a2456463dbc5002324a4f9e191d44905d55fe2bcaf28f,ffe7e7e7e7c3c383,1.0,unique,accepted
he,he,ISL500,he,he/he__ISL500__00278__He__session133__clip006.mp4,He__session133__clip006.mp4,User008,,30.0,854x480,3.5,see HF card,,https://huggingface.co/datasets/ISL500/ISL-DATA,https://huggingface.co/datasets/ISL500/ISL-DATA,862a47cd52b5449b7a6c29040aa478dbac88b9007ceef9632556aca8b8839294,efc7efe7e7c7c746,1.0,unique,accepted
market,market,ISL500,market,market/market__ISL500__00279__Market__session132__clip024.mp4,Market__session132__clip024.mp4,User008,,30.0,854x480,3.233333,see HF card,,https://huggingface.co/datasets/ISL500/ISL-DATA,https://huggingface.co/datasets/ISL500/ISL-DATA,58627605e8b5cfa978986e77ccd0ff174c88aa853ef763211074b5818e27cc09,e7e7e7e7e7e7e342,1.0,unique,accepted
mother,mother,ISL500,mother,mother/mother__ISL500__00280__Mother__000001.mp4,Mother__000001.mp4,User008,,30.0,854x480,4.433333,see HF card,,https://huggingface.co/datasets/ISL500/ISL-DATA,https://huggingface.co/datasets/ISL500/ISL-DATA,d364b0e1c71051f29b840488248f076918b1a9cfae6f84ad33c2ffdf528a2d03,6767e7e7c7c3c38f,1.0,unique,accepted
no,no,ISL500,no,no/no__ISL500__00281__No__000001.mp4,No__000001.mp4,User008,,30.0,854x480,4.666667,see HF card,,https://huggingface.co/datasets/ISL500/ISL-DATA,https://huggingface.co/datasets/ISL500/ISL-DATA,a02e46f01ae9b243e6f6780069baab0ed93c8f4f21d6faa16997b553f531a4fc,6767e7e7e7c3cbcb,1.0,unique,accepted
please,please,ISL500,please,please/please__ISL500__00282__Please__000001.mp4,Please__000001.mp4,User008,,30.0,854x480,4.833333,see HF card,,https://huggingface.co/datasets/ISL500/ISL-DATA,https://huggingface.co/datasets/ISL500/ISL-DATA,ad4397cfa19517564b248bbdb087862471259e8d6466a0da2ac02c34bd54dd8b,f7e7e7f7e7c3c3c1,1.0,unique,accepted
school,school,ISL500,school,school/school__ISL500__00283__School__000001.mp4,School__000001.mp4,User008,,30.0,854x480,3.366667,see HF card,,https://huggingface.co/datasets/ISL500/ISL-DATA,https://huggingface.co/datasets/ISL500/ISL-DATA,64cfb12ed414527dc6d2d4e9a0e5968dac57be0b24a0f7d5332d203a7f29f4f7,ffe7e7e7e7c3c3c1,1.0,unique,accepted
she,she,ISL500,she,she/she__ISL500__00284__She__000001.mp4,She__000001.mp4,User008,,30.0,854x480,3.4,see HF card,,https://huggingface.co/datasets/ISL500/ISL-DATA,https://huggingface.co/datasets/ISL500/ISL-DATA,816564bf1b752cb0813ac9c47d59cf4238ac7796104820fec8760cfa976f423a,ffefe7efe7c3c3c1,1.0,unique,accepted
sister,sister,ISL500,sister,sister/sister__ISL500__00285__Sister__000001.mp4,Sister__000001.mp4,User008,,30.0,854x480,3.633333,see HF card,,https://huggingface.co/datasets/ISL500/ISL-DATA,https://huggingface.co/datasets/ISL500/ISL-DATA,5684e93ab9790a0aecc53762821cb5c28f854e583a2db0f37cc915b4c051e077,fff7f77777634101,1.0,unique,accepted
sit,sit,ISL500,sit,sit/sit__ISL500__00286__Sit__000001.mp4,Sit__000001.mp4,User008,,30.0,854x480,3.766667,see HF card,,https://huggingface.co/datasets/ISL500/ISL-DATA,https://huggingface.co/datasets/ISL500/ISL-DATA,bde2b535ad23a62f4e3d51f20c73cd1ef163806b18748eaa6e0af6468f96d76f,fff7e7f7e7c3c3c1,1.0,unique,accepted
student,student,ISL500,student,student/student__ISL500__00287__Student__000001.mp4,Student__000001.mp4,User008,,30.0,854x480,3.7,see HF card,,https://huggingface.co/datasets/ISL500/ISL-DATA,https://huggingface.co/datasets/ISL500/ISL-DATA,d5b65006312b72ca6dcc26d01b917bbbd5ed9be60d95f3b173ab03f92486c593,fff7f7f7f7e3c3c1,1.0,unique,accepted
teacher,teacher,ISL500,teacher,teacher/teacher__ISL500__00288__Teacher__000001.mp4,Teacher__000001.mp4,User008,,30.0,854x480,3.233333,see HF card,,https://huggingface.co/datasets/ISL500/ISL-DATA,https://huggingface.co/datasets/ISL500/ISL-DATA,e2a8a931129eac8803df3da67f33dad895af8957f5b2d8098b96cd15f0b8d326,f7f7f7f7e7c3c3c1,1.0,unique,accepted
tea,tea,ISL500,tea,tea/tea__ISL500__00289__Tea__000001.mp4,Tea__000001.mp4,User008,,30.0,854x480,3.566667,see HF card,,https://huggingface.co/datasets/ISL500/ISL-DATA,https://huggingface.co/datasets/ISL500/ISL-DATA,0c0a4763010153c54f6f25786a3dbdf2b16e8638b808122fb1a91175e69e509e,ffe7e7e7e7c30301,1.0,unique,accepted
thank you,thank you,ISL500,thank you,thank_you/thank_you__ISL500__00290__Thankyou__000001.mp4,Thankyou__000001.mp4,User008,,30.0,854x480,3.333333,see HF card,,https://huggingface.co/datasets/ISL500/ISL-DATA,https://huggingface.co/datasets/ISL500/ISL-DATA,783f632ce2bc85bc135ac18d51a68b1cc0a529c43e7880d5cf265ed7b2d8aeb0,f7e7e7f7e7c3c3c1,1.0,unique,accepted
today,today,ISL500,today,today/today__ISL500__00291__Today__000001.mp4,Today__000001.mp4,User008,,30.0,854x480,2.666667,see HF card,,https://huggingface.co/datasets/ISL500/ISL-DATA,https://huggingface.co/datasets/ISL500/ISL-DATA,c3befcf9771273d06854ba7edcef6b831a243b7ca4b1823e07fd943d5558516a,fff7f7f7e7c30301,1.0,unique,accepted
water,water,ISL500,water,water/water__ISL500__00292__Water__000001.mp4,Water__000001.mp4,User008,,30.0,854x480,3.233333,see HF card,,https://huggingface.co/datasets/ISL500/ISL-DATA,https://huggingface.co/datasets/ISL500/ISL-DATA,12c244649790b2fc5e6526f757d07b3244febd0a6fb680acc8090c1eb48c9357,f7f7f7f7c3838181,1.0,unique,accepted
what,what,ISL500,what,what/what__ISL500__00293__What__000001.mp4,What__000001.mp4,User008,,30.0,854x480,2.9,see HF card,,https://huggingface.co/datasets/ISL500/ISL-DATA,https://huggingface.co/datasets/ISL500/ISL-DATA,d7ea4b6a6c3d2a895bee76e66196458595027c84252befb1eb8e3195f7fa5b8f,f7f7f7f7e3c3c1c1,1.0,unique,accepted
where,where,ISL500,where,where/where__ISL500__00294__Where__000001.mp4,Where__000001.mp4,User008,,30.0,854x480,3.266667,see HF card,,https://huggingface.co/datasets/ISL500/ISL-DATA,https://huggingface.co/datasets/ISL500/ISL-DATA,e17976bc3d6f4fc0d06b318dbf8078728a4a97ae599e4da6e4cacfe12a671f04,f7f7f7f7c3c3c1c1,1.0,unique,accepted
yes,yes,ISL500,yes,yes/yes__ISL500__00295__Yes__000001.mp4,Yes__000001.mp4,User008,,30.0,854x480,3.266667,see HF card,,https://huggingface.co/datasets/ISL500/ISL-DATA,https://huggingface.co/datasets/ISL500/ISL-DATA,abd27372d3efe8cb61c3250e2ef9db705e75c5a2f267f7b78931acd7bc1a664f,f7f7f7f7e3c3c1c1,1.0,unique,accepted
you,you,ISL500,you,you/you__ISL500__00296__You__000001.mp4,You__000001.mp4,User008,,30.0,854x480,2.933333,see HF card,,https://huggingface.co/datasets/ISL500/ISL-DATA,https://huggingface.co/datasets/ISL500/ISL-DATA,19a51259d6473ed775cf1f111693c17a35177a9d59f03d9a2145cbe70321d644,f7f7f7f7e3c3c1c1,1.0,unique,accepted
drink,drink,ISL500,drink,drink/drink__ISL500__00297__Drink__000001.mp4,Drink__000001.mp4,User009,,30.0,854x480,4.566667,see HF card,,https://huggingface.co/datasets/ISL500/ISL-DATA,https://huggingface.co/datasets/ISL500/ISL-DATA,70ce12ddcac6fb7bda057cb5ce891d605be74cd5c44cf680b8d538494173bd57,e7e7e7e7c3c3c3c3,1.0,unique,accepted
eat,eat,ISL500,eat,eat/eat__ISL500__00298__Eat__000001.mp4,Eat__000001.mp4,User009,,30.0,854x480,3.733333,see HF card,,https://huggingface.co/datasets/ISL500/ISL-DATA,https://huggingface.co/datasets/ISL500/ISL-DATA,2ae06df36d141948efb764e7cbf6c1f837de0052a17507b2fd9aef75abc5497d,e7e7e7e7c3c3e3c3,1.0,unique,accepted
father,father,ISL500,father,father/father__ISL500__00299__Father__000001.mp4,Father__000001.mp4,User009,,30.0,854x480,5.3,see HF card,,https://huggingface.co/datasets/ISL500/ISL-DATA,https://huggingface.co/datasets/ISL500/ISL-DATA,86caf8322ff3452d63929fa1cd0cd555f3d84a2dfaa2a40e6ffd4c8c218547ad,f3f3f7e7e3c3c3c3,1.0,unique,accepted
food,food,ISL500,food,food/food__ISL500__00300__Food__000001.mp4,Food__000001.mp4,User009,,30.0,854x480,5.266667,see HF card,,https://huggingface.co/datasets/ISL500/ISL-DATA,https://huggingface.co/datasets/ISL500/ISL-DATA,4986ff378233196663c2ad412db4517593f465a7a8f6786913dc9e47f7d30958,e7e7f7e7e3c3e3e3,1.0,unique,accepted
friend,friend,ISL500,friend,friend/friend__ISL500__00301__Friend__000001.mp4,Friend__000001.mp4,User009,,30.0,854x480,3.066667,see HF card,,https://huggingface.co/datasets/ISL500/ISL-DATA,https://huggingface.co/datasets/ISL500/ISL-DATA,404a8c8bd173e236d09606dc9aa82b54664f4a688ac3092fb553e1b656ca3cd7,e7e7e7e7c3c3c3c3,1.0,unique,accepted
go,go,ISL500,go,go/go__ISL500__00302__Go__000001.mp4,Go__000001.mp4,User009,,30.0,854x480,4.6,see HF card,,https://huggingface.co/datasets/ISL500/ISL-DATA,https://huggingface.co/datasets/ISL500/ISL-DATA,6bb3102f71fb1f535fe03082ae5e7a19b02bc838aafffca7ff44f2fb98896a97,e7e7e7e7c3c3c3c3,1.0,unique,accepted
hello,hello,ISL500,hello,hello/hello__ISL500__00303__Hello__000001.mp4,Hello__000001.mp4,User009,,30.0,854x480,4.433333,see HF card,,https://huggingface.co/datasets/ISL500/ISL-DATA,https://huggingface.co/datasets/ISL500/ISL-DATA,4be687e3f1a7981c7f440436c4abffbc2ede4244caa4ac336f53835e571f267b,f3f3f7e3e3c1c1c3,1.0,unique,accepted
help,help,ISL500,help,help/help__ISL500__00304__Help__000001.mp4,Help__000001.mp4,User009,,30.0,854x480,4.266667,see HF card,,https://huggingface.co/datasets/ISL500/ISL-DATA,https://huggingface.co/datasets/ISL500/ISL-DATA,3d037a740faebb1b8d91b793cbb4164611f87aa3474045de28ef4e8f06bbbada,e7e7e7e3c3c3c3c1,1.0,unique,accepted
he,he,ISL500,he,he/he__ISL500__00305__He__000001.mp4,He__000001.mp4,User009,,30.0,854x480,3.9,see HF card,,https://huggingface.co/datasets/ISL500/ISL-DATA,https://huggingface.co/datasets/ISL500/ISL-DATA,65f2675221bad044d791ca206c4210df36b92fcdedd64b14552ebbb799c51454,f7e7f7f7e3c3c3c3,1.0,unique,accepted
market,market,ISL500,market,market/market__ISL500__00306__Market__000001.mp4,Market__000001.mp4,User009,,30.0,854x480,4.7,see HF card,,https://huggingface.co/datasets/ISL500/ISL-DATA,https://huggingface.co/datasets/ISL500/ISL-DATA,a23312632091bd6fc3f36e63d0c90dcd297622cfe91a607e28675ef7daa5413e,e7e7e7e7c3c3c3c3,1.0,unique,accepted
mother,mother,ISL500,mother,mother/mother__ISL500__00307__Mother__000001.mp4,Mother__000001.mp4,User009,,30.0,854x480,3.933333,see HF card,,https://huggingface.co/datasets/ISL500/ISL-DATA,https://huggingface.co/datasets/ISL500/ISL-DATA,fad2c416be66dc862cc2662d81a69508cb1e01c61db6917ee755411ef8ef5567,e7e7e7e7c7c38383,1.0,unique,accepted
no,no,ISL500,no,no/no__ISL500__00308__No__000001.mp4,No__000001.mp4,User009,,30.0,854x480,3.8,see HF card,,https://huggingface.co/datasets/ISL500/ISL-DATA,https://huggingface.co/datasets/ISL500/ISL-DATA,363c7f4aaf70855aaf4aeea185ffd4bd1fc49245399d7ce14dfcf66b8e5ecb21,e7e7e7e7c7c38383,1.0,unique,accepted
please,please,ISL500,please,please/please__ISL500__00309__Please__000001.mp4,Please__000001.mp4,User009,,30.0,854x480,3.9,see HF card,,https://huggingface.co/datasets/ISL500/ISL-DATA,https://huggingface.co/datasets/ISL500/ISL-DATA,720c874f6745dee5d9641bc6cd1c6978f2c5b4409ea82aa38f75f25c8993563e,e7e7e7e7c3c3c3c3,1.0,unique,accepted
school,school,ISL500,school,school/school__ISL500__00310__School__000001.mp4,School__000001.mp4,User009,,30.0,854x480,4.533333,see HF card,,https://huggingface.co/datasets/ISL500/ISL-DATA,https://huggingface.co/datasets/ISL500/ISL-DATA,ce630e56b3b40187638eb9b9397b0490dc2230c77abff50298f40c2a84002441,e7e7e7e3c3c3c3c3,1.0,unique,accepted
she,she,ISL500,she,she/she__ISL500__00311__She__000001.mp4,She__000001.mp4,User009,,30.0,854x480,3.033333,see HF card,,https://huggingface.co/datasets/ISL500/ISL-DATA,https://huggingface.co/datasets/ISL500/ISL-DATA,ef8576bdc040021480fa0acf29adbe6bc89229072f6746fabc6ef54c4c065bd3,e7f7f7e7e3c3c1c1,1.0,unique,accepted
sister,sister,ISL500,sister,sister/sister__ISL500__00312__Sister__000001.mp4,Sister__000001.mp4,User009,,30.0,854x480,4.233333,see HF card,,https://huggingface.co/datasets/ISL500/ISL-DATA,https://huggingface.co/datasets/ISL500/ISL-DATA,5b5d9d5a0c3a43fa4287d30040849c051edccae9e754cb1dcd9e3ff16073878e,e7f7f7f763430183,1.0,unique,accepted
sit,sit,ISL500,sit,sit/sit__ISL500__00313__Sit__000001.mp4,Sit__000001.mp4,User009,,30.0,854x480,4.366667,see HF card,,https://huggingface.co/datasets/ISL500/ISL-DATA,https://huggingface.co/datasets/ISL500/ISL-DATA,c90ae6f047831d1682d56bb2e5110959e750d8f6d27e8fa4e472427c03bfa8e8,e7e7e7c3c3c3c3c3,1.0,unique,accepted
student,student,ISL500,student,student/student__ISL500__00314__Student__000001.mp4,Student__000001.mp4,User009,,30.0,854x480,3.566667,see HF card,,https://huggingface.co/datasets/ISL500/ISL-DATA,https://huggingface.co/datasets/ISL500/ISL-DATA,53fce623a708c18bcbf3fb90ef9d3c40c1efbcd03bc63f8a60b6aa9738034f93,f7f7f7f7e3e1c1c1,1.0,unique,accepted
teacher,teacher,ISL500,teacher,teacher/teacher__ISL500__00315__Teacher__000001.mp4,Teacher__000001.mp4,User009,,30.0,854x480,3.733333,see HF card,,https://huggingface.co/datasets/ISL500/ISL-DATA,https://huggingface.co/datasets/ISL500/ISL-DATA,ac7b55ee26252b4224b13613d63f72679fdb6c2854ae94fcdf06f9b64aa26b23,e7e7e7e7c3c3c3c3,1.0,unique,accepted
tea,tea,ISL500,tea,tea/tea__ISL500__00316__Tea__000001.mp4,Tea__000001.mp4,User009,,30.0,854x480,4.033333,see HF card,,https://huggingface.co/datasets/ISL500/ISL-DATA,https://huggingface.co/datasets/ISL500/ISL-DATA,43366c4600ca1ef19f0db3184c9121bf861eac0de9c0894bc2142103860e5ad8,e7e7f7e7c381a3e3,1.0,unique,accepted
thank you,thank you,ISL500,thank you,thank_you/thank_you__ISL500__00317__Thankyou__000001.mp4,Thankyou__000001.mp4,User009,,30.0,854x480,3.966667,see HF card,,https://huggingface.co/datasets/ISL500/ISL-DATA,https://huggingface.co/datasets/ISL500/ISL-DATA,3e887305626813cbb459d4586b512e8a6a43a782e97b12cd1ae149e42c202748,cfefefefc7838383,1.0,unique,accepted
today,today,ISL500,today,today/today__ISL500__00318__Today__000001.mp4,Today__000001.mp4,User009,,30.0,854x480,4.7,see HF card,,https://huggingface.co/datasets/ISL500/ISL-DATA,https://huggingface.co/datasets/ISL500/ISL-DATA,48845541ea976a105ecd1026f3d25a7c0131f53ff84fc67fbb8e84fd82dbeb25,e7e7f7e3c3c3c3c3,1.0,unique,accepted
water,water,ISL500,water,water/water__ISL500__00319__Water__000001.mp4,Water__000001.mp4,User009,,30.0,854x480,3.3,see HF card,,https://huggingface.co/datasets/ISL500/ISL-DATA,https://huggingface.co/datasets/ISL500/ISL-DATA,c15d39d35af4781ca28bec8a3f033fa25adb7df3438568514f92842f8fadc42b,e7e7e7c7c3c38381,1.0,unique,accepted
what,what,ISL500,what,what/what__ISL500__00320__What__000001.mp4,What__000001.mp4,User009,,30.0,854x480,3.233333,see HF card,,https://huggingface.co/datasets/ISL500/ISL-DATA,https://huggingface.co/datasets/ISL500/ISL-DATA,039a8c9fb864361f10f60d6ce6aefc994ed0cf2e32809a4e3173fd933300468e,eeeeeeeec2c2c080,1.0,unique,accepted
where,where,ISL500,where,where/where__ISL500__00321__Where__000001.mp4,Where__000001.mp4,User009,,30.0,854x480,3.166667,see HF card,,https://huggingface.co/datasets/ISL500/ISL-DATA,https://huggingface.co/datasets/ISL500/ISL-DATA,92bb96cc6534b42180f5ed95a824c49ab73577a37b8f74b4418042a52798dcef,e7efefefc3c3c3c3,1.0,unique,accepted
yes,yes,ISL500,yes,yes/yes__ISL500__00322__Yes__000001.mp4,Yes__000001.mp4,User009,,30.0,854x480,4.066667,see HF card,,https://huggingface.co/datasets/ISL500/ISL-DATA,https://huggingface.co/datasets/ISL500/ISL-DATA,82e3d7bfd305147da7f5854f27f2a4f3ab17e96d41a69fcf44fc940d659eedda,f7e7f7f7e3c1e3c3,1.0,unique,accepted
you,you,ISL500,you,you/you__ISL500__00323__You__000001.mp4,You__000001.mp4,User009,,30.0,854x480,3.566667,see HF card,,https://huggingface.co/datasets/ISL500/ISL-DATA,https://huggingface.co/datasets/ISL500/ISL-DATA,85fa48ef5f90273cf71703e62af5f12b4fbda43c5fef40e7f9373930f8ca30d3,e7e7e7e7c7c3c3c3,1.0,unique,accepted
drink,drink,ISL500,drink,drink/drink__ISL500__00324__Drink__000001.mp4,Drink__000001.mp4,User010,,30.0,854x480,5.133333,see HF card,,https://huggingface.co/datasets/ISL500/ISL-DATA,https://huggingface.co/datasets/ISL500/ISL-DATA,755f3d6ba13f58b4b44fac4b957c23fd7f4f41dbd43392f856f02138056157af,f7f7f7e7e3c3c1c1,1.0,unique,accepted
eat,eat,ISL500,eat,eat/eat__ISL500__00325__Eat__000001.mp4,Eat__000001.mp4,User010,,30.0,854x480,5.0,see HF card,,https://huggingface.co/datasets/ISL500/ISL-DATA,https://huggingface.co/datasets/ISL500/ISL-DATA,ad7a6963a5c7736534483f8ee3448c2171abf35dbd27e1ce1cc28bac1dd2ffec,f7f7f7f7e3c3c1c1,1.0,unique,accepted
father,father,ISL500,father,father/father__ISL500__00326__Father__000001.mp4,Father__000001.mp4,User010,,30.0,854x480,4.866667,see HF card,,https://huggingface.co/datasets/ISL500/ISL-DATA,https://huggingface.co/datasets/ISL500/ISL-DATA,2fd67305f874a6e32fe6c89f3b0d4ba3603c8f6324f0823fad3b9c68755963a7,f7f7f7e7c3c3c1c1,1.0,unique,accepted
food,food,ISL500,food,food/food__ISL500__00327__Food__000001.mp4,Food__000001.mp4,User010,,30.0,854x480,3.966667,see HF card,,https://huggingface.co/datasets/ISL500/ISL-DATA,https://huggingface.co/datasets/ISL500/ISL-DATA,fcb8404386d9282be043fce6a36e2d62c19145b03bc364c0213465ce5185905c,f7f7f7e7e3c3c3c1,1.0,unique,accepted
friend,friend,ISL500,friend,friend/friend__ISL500__00328__Friend__000001.mp4,Friend__000001.mp4,User010,,30.0,854x480,4.7,see HF card,,https://huggingface.co/datasets/ISL500/ISL-DATA,https://huggingface.co/datasets/ISL500/ISL-DATA,14aa586c59610eaf711355857c3e8b31c6d5c1580ba8768e56309a07ed54f6ef,f7f7f7e7c3c3c1c1,1.0,unique,accepted
go,go,ISL500,go,go/go__ISL500__00329__Go__000001.mp4,Go__000001.mp4,User010,,30.0,854x480,4.166667,see HF card,,https://huggingface.co/datasets/ISL500/ISL-DATA,https://huggingface.co/datasets/ISL500/ISL-DATA,ff871c4856c9c0a0cb24de6b42d540fc590479fa3fbb590ea235e1f7942cca4a,f7f7f7f7e3c3c1c0,1.0,unique,accepted
hello,hello,ISL500,hello,hello/hello__ISL500__00330__Hello__000001.mp4,Hello__000001.mp4,User010,,30.0,854x480,5.066667,see HF card,,https://huggingface.co/datasets/ISL500/ISL-DATA,https://huggingface.co/datasets/ISL500/ISL-DATA,aa4537f7ef746695aa67766795fc833e75dd44291574e83ee37453f9e67c6821,f7f7f7e7c3c38181,1.0,unique,accepted
help,help,ISL500,help,help/help__ISL500__00331__Help__000001.mp4,Help__000001.mp4,User010,,30.0,854x480,4.533333,see HF card,,https://huggingface.co/datasets/ISL500/ISL-DATA,https://huggingface.co/datasets/ISL500/ISL-DATA,a2da739ca121e59944444c23a890787a9029136f625f713556c061785b6a5f65,f7f7f7e3c3c18181,1.0,unique,accepted
he,he,ISL500,he,he/he__ISL500__00332__He__000001.mp4,He__000001.mp4,User010,,30.0,854x480,4.7,see HF card,,https://huggingface.co/datasets/ISL500/ISL-DATA,https://huggingface.co/datasets/ISL500/ISL-DATA,a248e742cdef2f4386bc7ef4c9e2b95961e89284837f869b812f1c3d54b1254b,f7e7e7e7c3c3c383,1.0,unique,accepted
market,market,ISL500,market,market/market__ISL500__00333__Market__000001.mp4,Market__000001.mp4,User010,,30.0,854x480,4.633333,see HF card,,https://huggingface.co/datasets/ISL500/ISL-DATA,https://huggingface.co/datasets/ISL500/ISL-DATA,5995e27e1e8948071a9811db78dae2f9982ac79b019921542d9034e0b59a6c15,f7f7f7e7c3c3c181,1.0,unique,accepted
mother,mother,ISL500,mother,mother/mother__ISL500__00334__Mother__000001.mp4,Mother__000001.mp4,User010,,30.0,854x480,5.3,see HF card,,https://huggingface.co/datasets/ISL500/ISL-DATA,https://huggingface.co/datasets/ISL500/ISL-DATA,02f22b4df024f9793a64d574cfccfded96414b284c0e39b69350460481664fb4,f7f7f7f7e3c3c181,1.0,unique,accepted
no,no,ISL500,no,no/no__ISL500__00335__No__000001.mp4,No__000001.mp4,User010,,30.0,854x480,5.233333,see HF card,,https://huggingface.co/datasets/ISL500/ISL-DATA,https://huggingface.co/datasets/ISL500/ISL-DATA,3e8a2970e7d9cf0de143efe4d43194b6659e81434993744fa99309691345439c,f7f7f7f7e3c3c380,1.0,unique,accepted
please,please,ISL500,please,please/please__ISL500__00336__Please__000001.mp4,Please__000001.mp4,User010,,30.0,854x480,5.7,see HF card,,https://huggingface.co/datasets/ISL500/ISL-DATA,https://huggingface.co/datasets/ISL500/ISL-DATA,bbe70bfe0606c4c4d9053ea374cbdfe4b4682ef19ac4f79376357307086e1993,f7f7f7e7c3c3c3c0,1.0,unique,accepted
school,school,ISL500,school,school/school__ISL500__00337__School__000001.mp4,School__000001.mp4,User010,,30.0,854x480,5.0,see HF card,,https://huggingface.co/datasets/ISL500/ISL-DATA,https://huggingface.co/datasets/ISL500/ISL-DATA,d595126be580bded20ed5a9f29575d63b5c49f8f7954bff61a04a50ff33d18e9,f7f7f7e7c3c3c180,1.0,unique,accepted
she,she,ISL500,she,she/she__ISL500__00338__She__000001.mp4,She__000001.mp4,User010,,30.0,854x480,5.266667,see HF card,,https://huggingface.co/datasets/ISL500/ISL-DATA,https://huggingface.co/datasets/ISL500/ISL-DATA,05d07572f98c06cbc72ff71cf7c59047455971a1a4fe9266e7a3281c480bf0e6,f7f7f7e7e3c3c1c0,1.0,unique,accepted
sister,sister,ISL500,sister,sister/sister__ISL500__00339__Sister__000001.mp4,Sister__000001.mp4,User010,,30.0,854x480,5.1,see HF card,,https://huggingface.co/datasets/ISL500/ISL-DATA,https://huggingface.co/datasets/ISL500/ISL-DATA,e295c0ba993c303bf3743a269af47bb934642007ca28d4197c5569ccc89933dd,fff7f7f7c3838181,1.0,unique,accepted
sit,sit,ISL500,sit,sit/sit__ISL500__00340__Sit__000001.mp4,Sit__000001.mp4,User010,,30.0,854x480,5.5,see HF card,,https://huggingface.co/datasets/ISL500/ISL-DATA,https://huggingface.co/datasets/ISL500/ISL-DATA,77f057f801ca6a73d051da100034f17df3573079ad32a81bc6a81ea644c10b8d,f7f7f7f7e3c3c180,1.0,unique,accepted
student,student,ISL500,student,student/student__ISL500__00341__Student__000001.mp4,Student__000001.mp4,User010,,30.0,854x480,5.233333,see HF card,,https://huggingface.co/datasets/ISL500/ISL-DATA,https://huggingface.co/datasets/ISL500/ISL-DATA,cfa74b02982ec4ee8470c1e8f730995e157bbec9775b0d170781667535abae3a,f7f7f7f7c3c3c1c1,1.0,unique,accepted
teacher,teacher,ISL500,teacher,teacher/teacher__ISL500__00342__Teacher__000001.mp4,Teacher__000001.mp4,User010,,30.0,854x480,4.566667,see HF card,,https://huggingface.co/datasets/ISL500/ISL-DATA,https://huggingface.co/datasets/ISL500/ISL-DATA,0815b12c41f5964be1421d70d1ae4f6353586688b7de40f39579972fe742dc0b,f7f7f7f7c3c3c3c0,1.0,unique,accepted
tea,tea,ISL500,tea,tea/tea__ISL500__00343__Tea__000001.mp4,Tea__000001.mp4,User010,,30.0,854x480,4.233333,see HF card,,https://huggingface.co/datasets/ISL500/ISL-DATA,https://huggingface.co/datasets/ISL500/ISL-DATA,93d4e80dfe48134b71b87441b93c026701a61289a203106b46bf968088e07385,f7f7f7e7c3c38181,1.0,unique,accepted
thank you,thank you,ISL500,thank you,thank_you/thank_you__ISL500__00344__Thankyou__000001.mp4,Thankyou__000001.mp4,User010,,30.0,854x480,4.533333,see HF card,,https://huggingface.co/datasets/ISL500/ISL-DATA,https://huggingface.co/datasets/ISL500/ISL-DATA,cc875d695aa65d731419dca7442590dfda57f9b48dc3abd500e1f668d3ec88f0,e7f7f7e7c3c3c3c1,1.0,unique,accepted
today,today,ISL500,today,today/today__ISL500__00345__Today__000001.mp4,Today__000001.mp4,User010,,30.0,854x480,4.566667,see HF card,,https://huggingface.co/datasets/ISL500/ISL-DATA,https://huggingface.co/datasets/ISL500/ISL-DATA,f07864d046ef3ae194643adc06a019325362d560b24f56b583e2ad7416361f05,f7f7f7f7c3838181,1.0,unique,accepted
water,water,ISL500,water,water/water__ISL500__00346__Water__000001.mp4,Water__000001.mp4,User010,,30.0,854x480,4.533333,see HF card,,https://huggingface.co/datasets/ISL500/ISL-DATA,https://huggingface.co/datasets/ISL500/ISL-DATA,ae369abc3b7146573cc2a5dfd988d7505208e68371e4c0ab8498ac233f87fd92,f7f7f7e7c3c3c180,1.0,unique,accepted
what,what,ISL500,what,what/what__ISL500__00347__What__000001.mp4,What__000001.mp4,User010,,30.0,854x480,4.366667,see HF card,,https://huggingface.co/datasets/ISL500/ISL-DATA,https://huggingface.co/datasets/ISL500/ISL-DATA,da4d28618e818391f26795fbfce1110483aabf30bc60ff47c2df8b0c790fea17,f7f7f7e7c3c3c1c0,1.0,unique,accepted
where,where,ISL500,where,where/where__ISL500__00348__Where__000001.mp4,Where__000001.mp4,User010,,30.0,854x480,4.666667,see HF card,,https://huggingface.co/datasets/ISL500/ISL-DATA,https://huggingface.co/datasets/ISL500/ISL-DATA,b6242e7a76df4ad921ebcd1fec2a9a3fd232881d39f9ba05ea0d57d6d84d3d07,f7f7f7e7c3c3c180,1.0,unique,accepted
yes,yes,ISL500,yes,yes/yes__ISL500__00349__Yes__000001.mp4,Yes__000001.mp4,User010,,30.0,854x480,4.833333,see HF card,,https://huggingface.co/datasets/ISL500/ISL-DATA,https://huggingface.co/datasets/ISL500/ISL-DATA,5bcea68d9dd41eccc1f80b1f07afdd68726498efd926ae4d298c7b88451f3314,f7f7f7f7c3c3c181,1.0,unique,accepted
you,you,ISL500,you,you/you__ISL500__00350__You__000001.mp4,You__000001.mp4,User010,,30.0,854x480,4.2,see HF card,,https://huggingface.co/datasets/ISL500/ISL-DATA,https://huggingface.co/datasets/ISL500/ISL-DATA,bb79a7a40775e31d18a0c9f1b090c0a3d21f2bb884f3b12652f81b367cd12921,f7f7f7e7c3c3c1c0,1.0,unique,accepted
drink,drink,ISL500,drink,drink/drink__ISL500__00351__Drink__session142__clip028.mp4,Drink__session142__clip028.mp4,User011,,30.0,854x480,3.466667,see HF card,,https://huggingface.co/datasets/ISL500/ISL-DATA,https://huggingface.co/datasets/ISL500/ISL-DATA,b556e12c51d973c1c3f4154b75d4621889524aba6b2d840c55f9d55aa4cc16ff,e6f6e6f0e0c0f0e0,1.0,unique,accepted
eat,eat,ISL500,eat,eat/eat__ISL500__00352__Eat__session257__clip013.mp4,Eat__session257__clip013.mp4,User011,,30.0,854x480,2.933333,see HF card,,https://huggingface.co/datasets/ISL500/ISL-DATA,https://huggingface.co/datasets/ISL500/ISL-DATA,adb12a54be3d178d533bd5e1d6daba867210d800edbe7583813c1744f72cea8e,e7f7e7e3c3c3c3c3,1.0,unique,accepted
father,father,ISL500,father,father/father__ISL500__00353__Father__session195__clip013.mp4,Father__session195__clip013.mp4,User011,,30.0,854x480,3.366667,see HF card,,https://huggingface.co/datasets/ISL500/ISL-DATA,https://huggingface.co/datasets/ISL500/ISL-DATA,6f8563609f2770fc70162eb6b7681c6b1e3cc4054c0f69a28f490609fb206d80,e4f6f6f2f2e2e0e0,1.0,unique,accepted
food,food,ISL500,food,food/food__ISL500__00354__Food__session134__clip000.mp4,Food__session134__clip000.mp4,User011,,30.0,854x480,4.133333,see HF card,,https://huggingface.co/datasets/ISL500/ISL-DATA,https://huggingface.co/datasets/ISL500/ISL-DATA,29cc26209ffc47a099627a10608bfa68c363750cd7c1ba5cde63977f6614d3a6,e4f6e6e0e0c0c0c0,1.0,unique,accepted
friend,friend,ISL500,friend,friend/friend__ISL500__00355__Friend__session182__clip000.mp4,Friend__session182__clip000.mp4,User011,,30.0,854x480,4.233333,see HF card,,https://huggingface.co/datasets/ISL500/ISL-DATA,https://huggingface.co/datasets/ISL500/ISL-DATA,d66dd995c4b8c5508576ebd1d3d6865c605a756412804b6c4427de04d505a43e,e6f6e6e2f2d8f0f0,1.0,unique,accepted
go,go,ISL500,go,go/go__ISL500__00356__Go__session178__clip004.mp4,Go__session178__clip004.mp4,User011,,30.0,854x480,3.633333,see HF card,,https://huggingface.co/datasets/ISL500/ISL-DATA,https://huggingface.co/datasets/ISL500/ISL-DATA,8f15e6431b1b0c0b20ac15a4e68d55edcbf4edfc8cfbeb1feed695580b6523ef,e4f6f2f2e0e0e0e0,1.0,unique,accepted
hello,hello,ISL500,hello,hello/hello__ISL500__00357__Hello__session172__clip006.mp4,Hello__session172__clip006.mp4,User011,,30.0,854x480,3.033333,see HF card,,https://huggingface.co/datasets/ISL500/ISL-DATA,https://huggingface.co/datasets/ISL500/ISL-DATA,f96ff07ea28688c43b63267c095863ed317afebc64e2e9ac15ef47b695c101b0,e6e6e6e6f0c0c0c0,1.0,unique,accepted
help,help,ISL500,help,help/help__ISL500__00358__Help__session159__clip001.mp4,Help__session159__clip001.mp4,User011,,30.0,854x480,3.566667,see HF card,,https://huggingface.co/datasets/ISL500/ISL-DATA,https://huggingface.co/datasets/ISL500/ISL-DATA,dc8c38b3d4249c074d69af2ba6c5b2c683f97812398e12f562d6243775fd64d8,e6f6e6e2f0c0c0e0,1.0,unique,accepted
he,he,ISL500,he,he/he__ISL500__00359__He__session179__clip002.mp4,He__session179__clip002.mp4,User011,,30.0,854x480,3.566667,see HF card,,https://huggingface.co/datasets/ISL500/ISL-DATA,https://huggingface.co/datasets/ISL500/ISL-DATA,d9dfba5371226478b540b4ed48d0246c459645cb2c99074fdfffe004742d1d3d,e4f6f2f2e0e0e0e0,1.0,unique,accepted
market,market,ISL500,market,market/market__ISL500__00360__Market__session154__clip005.mp4,Market__session154__clip005.mp4,User011,,30.0,854x480,4.5,see HF card,,https://huggingface.co/datasets/ISL500/ISL-DATA,https://huggingface.co/datasets/ISL500/ISL-DATA,c3136379131c6578313e3a5afd8ac0faf8ea82515d4cdb7f65653e9461eaf5c9,e6f6e6f4f0c0c0e0,1.0,unique,accepted
mother,mother,ISL500,mother,mother/mother__ISL500__00361__Mother__session153__clip028.mp4,Mother__session153__clip028.mp4,User011,,30.0,854x480,3.8,see HF card,,https://huggingface.co/datasets/ISL500/ISL-DATA,https://huggingface.co/datasets/ISL500/ISL-DATA,a7ce5cd9fb33bca6d50d353ce7f5a6e178823319d8f2d12dafe934c61645ca6f,e4f6e6f0f0d0f0e0,1.0,unique,accepted
no,no,ISL500,no,no/no__ISL500__00362__No__session179__clip008.mp4,No__session179__clip008.mp4,User011,,30.0,854x480,3.633333,see HF card,,https://huggingface.co/datasets/ISL500/ISL-DATA,https://huggingface.co/datasets/ISL500/ISL-DATA,d1147dc052e3563b97f1af7ef6cb0db4534978c1378558697bdd4c4536c9f275,e4f6f2f0e0e0e0e0,1.0,unique,accepted
please,please,ISL500,please,please/please__ISL500__00363__Please__session135__clip022.mp4,Please__session135__clip022.mp4,User011,,30.0,854x480,4.166667,see HF card,,https://huggingface.co/datasets/ISL500/ISL-DATA,https://huggingface.co/datasets/ISL500/ISL-DATA,60e0bebb1dd596dd4315d6e8148ba4917a272e8220bc6ffbb764c3b04da6f941,e4f6e6f2e2c0e0e0,1.0,unique,accepted
school,school,ISL500,school,school/school__ISL500__00364__School__session141__clip003.mp4,School__session141__clip003.mp4,User011,,30.0,854x480,4.4,see HF card,,https://huggingface.co/datasets/ISL500/ISL-DATA,https://huggingface.co/datasets/ISL500/ISL-DATA,ac53875cc376cc33a8abaef7ae341e05fea53720d6ebec93a0ddf9f936a43b43,e4f6e6f2f0c0c0e0,1.0,unique,accepted
she,she,ISL500,she,she/she__ISL500__00365__She__session100__clip002.mp4,She__session100__clip002.mp4,User011,,30.0,854x480,3.7,see HF card,,https://huggingface.co/datasets/ISL500/ISL-DATA,https://huggingface.co/datasets/ISL500/ISL-DATA,f8fa5c74891bb3b172214cc9d3dc1d699ca26982726bd31248399db8ead98111,f7e7e7e7e3e3e3e3,1.0,unique,accepted
sister,sister,ISL500,sister,sister/sister__ISL500__00366__Sister__session109__clip000.mp4,Sister__session109__clip000.mp4,User011,,30.0,854x480,5.033333,see HF card,,https://huggingface.co/datasets/ISL500/ISL-DATA,https://huggingface.co/datasets/ISL500/ISL-DATA,6f0af0467b6276e41994fdebc9f818e029d96830f02af5b872af248999f5aef2,e6f7f1f0e0c0e0e0,1.0,unique,accepted
sit,sit,ISL500,sit,sit/sit__ISL500__00367__Sit__session109__clip001.mp4,Sit__session109__clip001.mp4,User011,,30.0,854x480,4.8,see HF card,,https://huggingface.co/datasets/ISL500/ISL-DATA,https://huggingface.co/datasets/ISL500/ISL-DATA,e21041298b435df7dde98973aaa5717bc7c0917c7d469133d69b6abea9c342e5,e6f7f1f0c0c0e0e0,1.0,unique,accepted
student,student,ISL500,student,student/student__ISL500__00368__Student__session117__clip001.mp4,Student__session117__clip001.mp4,User011,,30.0,854x480,4.366667,see HF card,,https://huggingface.co/datasets/ISL500/ISL-DATA,https://huggingface.co/datasets/ISL500/ISL-DATA,8edc6e183f79691c04da7c7d7417772de8871568523b366fcc88ee0105d8803a,f0f0f0f0e0e0f0f0,1.0,unique,accepted
teacher,teacher,ISL500,teacher,teacher/teacher__ISL500__00369__Teacher__session118__clip012.mp4,Teacher__session118__clip012.mp4,User011,,30.0,854x480,4.3,see HF card,,https://huggingface.co/datasets/ISL500/ISL-DATA,https://huggingface.co/datasets/ISL500/ISL-DATA,b8242b62c65095216d3015ea9cd0af0d04c11ce200195b5a9c3a38d573af0c6e,e0f4f0f0e0e0e0f0,1.0,unique,accepted
tea,tea,ISL500,tea,tea/tea__ISL500__00370__Tea__session118__clip011.mp4,Tea__session118__clip011.mp4,User011,,30.0,854x480,4.6,see HF card,,https://huggingface.co/datasets/ISL500/ISL-DATA,https://huggingface.co/datasets/ISL500/ISL-DATA,f5fc935e02d808e16433647e456de280f1a23f6a055c5b1292009625b85412a3,e4f6f6f2e0c0e0f0,1.0,unique,accepted
thank you,thank you,ISL500,thank you,thank_you/thank_you__ISL500__00371__Thankyou__session119__clip002.mp4,Thankyou__session119__clip002.mp4,User011,,30.0,854x480,3.9,see HF card,,https://huggingface.co/datasets/ISL500/ISL-DATA,https://huggingface.co/datasets/ISL500/ISL-DATA,94a7897862b501ae14384d7e240c8c1f891708da560b154b3a031e06ad258305,e0f4f0f0e0c0e0e0,1.0,unique,accepted
today,today,ISL500,today,today/today__ISL500__00372__Today__session119__clip014.mp4,Today__session119__clip014.mp4,User011,,30.0,854x480,3.933333,see HF card,,https://huggingface.co/datasets/ISL500/ISL-DATA,https://huggingface.co/datasets/ISL500/ISL-DATA,dc8447e3957749d150a88ebdcc04cf7570396fd660877defffe20d312ff9a670,e0f0f0f0e0e0f0f0,1.0,unique,accepted
water,water,ISL500,water,water/water__ISL500__00373__Water__session127__clip006.mp4,Water__session127__clip006.mp4,User011,,30.0,854x480,3.966667,see HF card,,https://huggingface.co/datasets/ISL500/ISL-DATA,https://huggingface.co/datasets/ISL500/ISL-DATA,e4e8003d99d61539d08e15a98e8dadb7900558d8c1dd90ebd903d806ff351ee9,e4f6f6f0e0c0e0e0,1.0,unique,accepted
what,what,ISL500,what,what/what__ISL500__00374__What__session133__clip002.mp4,What__session133__clip002.mp4,User011,,30.0,854x480,3.666667,see HF card,,https://huggingface.co/datasets/ISL500/ISL-DATA,https://huggingface.co/datasets/ISL500/ISL-DATA,b4f72183e459d8e21fece151d06b63ee85c38347c2797eeb1e422a524efab2e3,e4f6e6f0e0c0e0e0,1.0,unique,accepted
where,where,ISL500,where,where/where__ISL500__00375__Where__session133__clip003.mp4,Where__session133__clip003.mp4,User011,,30.0,854x480,4.5,see HF card,,https://huggingface.co/datasets/ISL500/ISL-DATA,https://huggingface.co/datasets/ISL500/ISL-DATA,04ca96613fadbe54afb86c351f470c9711bd792364f0f5e04b417d1d144fcd56,e4f6e6e2e0c0c0e0,1.0,unique,accepted
yes,yes,ISL500,yes,yes/yes__ISL500__00376__Yes__session133__clip016.mp4,Yes__session133__clip016.mp4,User011,,30.0,854x480,4.1,see HF card,,https://huggingface.co/datasets/ISL500/ISL-DATA,https://huggingface.co/datasets/ISL500/ISL-DATA,3fc1ea8b56140835aca921c347cecd319a04be15e2adf1a847838e9fc4e5a773,e4f6f6f0e0c0e0e0,1.0,unique,accepted
you,you,ISL500,you,you/you__ISL500__00377__You__session133__clip018.mp4,You__session133__clip018.mp4,User011,,30.0,854x480,3.733333,see HF card,,https://huggingface.co/datasets/ISL500/ISL-DATA,https://huggingface.co/datasets/ISL500/ISL-DATA,a5262474aad25cd25054178379936a5d7394ad01dd116eeafe954ab9ca6c510b,e4f6f6f0e0c0e0e0,1.0,unique,accepted
drink,drink,ISL500,drink,drink/drink__ISL500__00378__Drink__session231__clip006.mp4,Drink__session231__clip006.mp4,User012,,30.0,854x480,2.933333,see HF card,,https://huggingface.co/datasets/ISL500/ISL-DATA,https://huggingface.co/datasets/ISL500/ISL-DATA,eaf8b45a1132223cd2425946a131f6bc24c2f6edd6cc87e811adf4f901828ae4,e3e3e7c7c7cfde5c,1.0,unique,accepted
eat,eat,ISL500,eat,eat/eat__ISL500__00379__Eat__session249__clip004.mp4,Eat__session249__clip004.mp4,User012,,30.0,854x480,3.5,see HF card,,https://huggingface.co/datasets/ISL500/ISL-DATA,https://huggingface.co/datasets/ISL500/ISL-DATA,dfdfd92b476d9765ef65f746211f24d9d3166e589e867b2714b4aa75f511d6ca,f3f3f3f3f3f76f26,1.0,unique,accepted
father,father,ISL500,father,father/father__ISL500__00380__Father__session231__clip012.mp4,Father__session231__clip012.mp4,User012,,30.0,854x480,3.5,see HF card,,https://huggingface.co/datasets/ISL500/ISL-DATA,https://huggingface.co/datasets/ISL500/ISL-DATA,c433140fbdd8e2eef253f57a6ffd11da3e9f6ecb12874e2576026008f3c22317,e3e3e7d7d79f9e3c,1.0,unique,accepted
food,food,ISL500,food,food/food__ISL500__00381__Food__session217__clip003.mp4,Food__session217__clip003.mp4,User012,,30.0,854x480,3.8,see HF card,,https://huggingface.co/datasets/ISL500/ISL-DATA,https://huggingface.co/datasets/ISL500/ISL-DATA,20ad550f4f8de993ccab5d512418f9709cdb170ef5cc7d5dffc8b996f7d5a015,e3f3f7f7f767660c,1.0,unique,accepted
friend,friend,ISL500,friend,friend/friend__ISL500__00382__Friend__session319__clip006.mp4,Friend__session319__clip006.mp4,User012,,30.0,854x480,5.333333,see HF card,,https://huggingface.co/datasets/ISL500/ISL-DATA,https://huggingface.co/datasets/ISL500/ISL-DATA,cb6d6872d78fd584b3692462505e2506150ad1f0a05a33724a57605b4ac1c231,e3f3f3f7e7e7e363,1.0,unique,accepted
go,go,ISL500,go,go/go__ISL500__00383__Go__session305__clip001.mp4,Go__session305__clip001.mp4,User012,,30.0,854x480,4.066667,see HF card,,https://huggingface.co/datasets/ISL500/ISL-DATA,https://huggingface.co/datasets/ISL500/ISL-DATA,c5a2e3926b946bbb2956da2cff6eb2d869d1c485e3163fb693807f43f1989888,f3f3f3c7cfcf5f1a,1.0,unique,accepted
hello,hello,ISL500,hello,hello/hello__ISL500__00384__Hello__session105__clip008.mp4,Hello__session105__clip008.mp4,User012,,30.0,854x480,3.7,see HF card,,https://huggingface.co/datasets/ISL500/ISL-DATA,https://huggingface.co/datasets/ISL500/ISL-DATA,d4760f0dd66c69e26e009f5d9ed33904ec78ae9d82c5bb22b69bf9b7e9cb168a,e7e7c7d7d79f1f0a,1.0,unique,accepted
help,help,ISL500,help,help/help__ISL500__00385__Help__session105__clip009.mp4,Help__session105__clip009.mp4,User012,,30.0,854x480,3.533333,see HF card,,https://huggingface.co/datasets/ISL500/ISL-DATA,https://huggingface.co/datasets/ISL500/ISL-DATA,903838968e61e169664dc55c867d03e786811786dc97017d37ef17dce0bae110,e3f7f7f7f7f72722,1.0,unique,accepted
he,he,ISL500,he,he/he__ISL500__00386__He__session105__clip002.mp4,He__session105__clip002.mp4,User012,,30.0,854x480,3.866667,see HF card,,https://huggingface.co/datasets/ISL500/ISL-DATA,https://huggingface.co/datasets/ISL500/ISL-DATA,fe74067e48c7723549b789b2c111f79aca265ae9061a38b26b79e8918a7adfbf,c7e7e7e7f3f76b2a,1.0,unique,accepted
market,market,ISL500,market,market/market__ISL500__00387__Market__session131__clip000.mp4,Market__session131__clip000.mp4,User012,,30.0,854x480,4.366667,see HF card,,https://huggingface.co/datasets/ISL500/ISL-DATA,https://huggingface.co/datasets/ISL500/ISL-DATA,a99eaa960a87c6adffbb519a2966099325ff10de8f31fe42ad8c55fa4721c56b,e7e7e7e7f7ffca48,1.0,unique,accepted
mother,mother,ISL500,mother,mother/mother__ISL500__00388__Mother__session136__clip001.mp4,Mother__session136__clip001.mp4,User012,,30.0,854x480,3.4,see HF card,,https://huggingface.co/datasets/ISL500/ISL-DATA,https://huggingface.co/datasets/ISL500/ISL-DATA,724608a98c1911a03a45e9613add5a3a2e7eafef53880be03e9c5d6631f56863,e7e7e7c7d79f1f1c,1.0,unique,accepted
no,no,ISL500,no,no/no__ISL500__00389__No__session145__clip005.mp4,No__session145__clip005.mp4,User012,,30.0,854x480,3.566667,see HF card,,https://huggingface.co/datasets/ISL500/ISL-DATA,https://huggingface.co/datasets/ISL500/ISL-DATA,9e7fd330aedde89011e65c836e21ab53cb9b7260500295a382f91cebbdc5a195,e7e7f7c7c7cf1f1e,1.0,unique,accepted
please,please,ISL500,please,please/please__ISL500__00390__Please__session159__clip001.mp4,Please__session159__clip001.mp4,User012,,30.0,854x480,4.1,see HF card,,https://huggingface.co/datasets/ISL500/ISL-DATA,https://huggingface.co/datasets/ISL500/ISL-DATA,3a7d87b073cd738165d037b3c2c7d54231f1f9e8756831f4ff46e7b8e08ccd57,e7e7e7e7e7672726,1.0,unique,accepted
school,school,ISL500,school,school/school__ISL500__00391__School__session169__clip001.mp4,School__session169__clip001.mp4,User012,,30.0,854x480,3.8,see HF card,,https://huggingface.co/datasets/ISL500/ISL-DATA,https://huggingface.co/datasets/ISL500/ISL-DATA,f7c07052d30ca1d3d1b922e621f266d0a4c917b18a4b857bc88042e69adc535f,f7e7e7f7e7e3e36b,1.0,unique,accepted
she,she,ISL500,she,she/she__ISL500__00392__She__session170__clip002.mp4,She__session170__clip002.mp4,User012,,30.0,854x480,3.266667,see HF card,,https://huggingface.co/datasets/ISL500/ISL-DATA,https://huggingface.co/datasets/ISL500/ISL-DATA,7148c0d03af3948c2f0dce49b2f7bc506dc3ae5488a266327e06e4e24277bc41,efe7e7e7e3e3f367,1.0,unique,accepted
sister,sister,ISL500,sister,sister/sister__ISL500__00393__Sister__session173__clip001.mp4,Sister__session173__clip001.mp4,User012,,30.0,854x480,3.233333,see HF card,,https://huggingface.co/datasets/ISL500/ISL-DATA,https://huggingface.co/datasets/ISL500/ISL-DATA,d9d01649a15456e3d6099c369427f9323be94e20b27820ba94fd04956b11baf6,f7e3f3f797b73f1e,1.0,unique,accepted
sit,sit,ISL500,sit,sit/sit__ISL500__00394__Sit__session173__clip002.mp4,Sit__session173__clip002.mp4,User012,,30.0,854x480,3.266667,see HF card,,https://huggingface.co/datasets/ISL500/ISL-DATA,https://huggingface.co/datasets/ISL500/ISL-DATA,a35d6cc9d9bdaca37ff9117828ebd87d60224475e65f2186ce1c463b634b4d7c,f7e3f3f7f7c5dd1c,1.0,unique,accepted
student,student,ISL500,student,student/student__ISL500__00395__Student__session178__clip000.mp4,Student__session178__clip000.mp4,User012,,30.0,854x480,3.166667,see HF card,,https://huggingface.co/datasets/ISL500/ISL-DATA,https://huggingface.co/datasets/ISL500/ISL-DATA,599bef286a05360e9f5341312e3678ae2357fba4cad37334c754d99cf8b97d31,e3f3f3f7f737270e,1.0,unique,accepted
teacher,teacher,ISL500,teacher,teacher/teacher__ISL500__00396__Teacher__session183__clip000.mp4,Teacher__session183__clip000.mp4,User012,,30.0,854x480,3.9,see HF card,,https://huggingface.co/datasets/ISL500/ISL-DATA,https://huggingface.co/datasets/ISL500/ISL-DATA,ff6201051e0321ab05936d0d5ece072eeda87764a2f23814092f06bde80d652b,e3f3f7f7f777660c,1.0,unique,accepted
tea,tea,ISL500,tea,tea/tea__ISL500__00397__Tea__session182__clip004.mp4,Tea__session182__clip004.mp4,User012,,30.0,854x480,3.5,see HF card,,https://huggingface.co/datasets/ISL500/ISL-DATA,https://huggingface.co/datasets/ISL500/ISL-DATA,67c07db3ec28db9251d142e6531f140aedefd98fac7fd10c6134ceabe304af98,e3e3e3e7d71f1f1e,1.0,unique,accepted
thank you,thank you,ISL500,thank you,thank_you/thank_you__ISL500__00398__Thankyou__session186__clip000.mp4,Thankyou__session186__clip000.mp4,User012,,30.0,854x480,2.9,see HF card,,https://huggingface.co/datasets/ISL500/ISL-DATA,https://huggingface.co/datasets/ISL500/ISL-DATA,26e21a6ea46204876bef6884fbba86f76e9ce4af5dbfa79c67f576b00ffc9c89,f3f3f7f7f3736128,1.0,unique,accepted
today,today,ISL500,today,today/today__ISL500__00399__Today__session190__clip002.mp4,Today__session190__clip002.mp4,User012,,30.0,854x480,3.3,see HF card,,https://huggingface.co/datasets/ISL500/ISL-DATA,https://huggingface.co/datasets/ISL500/ISL-DATA,66e7d08ef3eb4084b26f79649ce7894daf4c100abefa479984d225810a536083,e7e7e7c7871f3f3e,1.0,unique,accepted
water,water,ISL500,water,water/water__ISL500__00400__Water__session208__clip003.mp4,Water__session208__clip003.mp4,User012,,30.0,854x480,3.133333,see HF card,,https://huggingface.co/datasets/ISL500/ISL-DATA,https://huggingface.co/datasets/ISL500/ISL-DATA,dd4cd277f4d0b6f197bbfa2cbb35733f63d365b79e16695548f14e3fe0688ddc,e3e3e7e7e76f4e0c,1.0,unique,accepted
what,what,ISL500,what,what/what__ISL500__00401__What__session212__clip000.mp4,What__session212__clip000.mp4,User012,,30.0,854x480,3.033333,see HF card,,https://huggingface.co/datasets/ISL500/ISL-DATA,https://huggingface.co/datasets/ISL500/ISL-DATA,6098606248b117a1cc1d7a35336ba25b6db640c9c4086b16f7bfdbbe25aadb76,e3f3f7f7f74f2e2c,1.0,unique,accepted
where,where,ISL500,where,where/where__ISL500__00402__Where__session212__clip001.mp4,Where__session212__clip001.mp4,User012,,30.0,854x480,3.266667,see HF card,,https://huggingface.co/datasets/ISL500/ISL-DATA,https://huggingface.co/datasets/ISL500/ISL-DATA,3beb5d963fb84f6b46c2b898d6142b92f647e65e257c2bd17b5d86cb853e7ae0,e3f3f7f7c74f2e0c,1.0,unique,accepted
yes,yes,ISL500,yes,yes/yes__ISL500__00403__Yes__session213__clip009.mp4,Yes__session213__clip009.mp4,User012,,30.0,854x480,3.2,see HF card,,https://huggingface.co/datasets/ISL500/ISL-DATA,https://huggingface.co/datasets/ISL500/ISL-DATA,be14f1ca6e41b092491bd66cf269a8bac1f1f076cd883f020164f41bbac03caa,f3f3f3f7e74f1f1c,1.0,unique,accepted
you,you,ISL500,you,you/you__ISL500__00404__You__session213__clip011.mp4,You__session213__clip011.mp4,User012,,30.0,854x480,3.066667,see HF card,,https://huggingface.co/datasets/ISL500/ISL-DATA,https://huggingface.co/datasets/ISL500/ISL-DATA,b057cd588b9e08ac967930399fe702932c8d35150ca4235c8beae20bb74f7eb8,e3f3f3f7e767672e,1.0,unique,accepted
drink,drink,ISL500,drink,drink/drink__ISL500__00405__Drink__session188__clip007.mp4,Drink__session188__clip007.mp4,User013,,30.0,854x480,3.466667,see HF card,,https://huggingface.co/datasets/ISL500/ISL-DATA,https://huggingface.co/datasets/ISL500/ISL-DATA,eeb118ed0d84c50b1daf4d6ad0db98f56b0b3efda1e1fe0cd05ec077899d289d,f3e3f3d38782e2e0,1.0,unique,accepted
eat,eat,ISL500,eat,eat/eat__ISL500__00406__Eat__session199__clip015.mp4,Eat__session199__clip015.mp4,User013,,30.0,854x480,4.133333,see HF card,,https://huggingface.co/datasets/ISL500/ISL-DATA,https://huggingface.co/datasets/ISL500/ISL-DATA,f983e48a7bc68f192d6b8dbc0ad1fc503c5418df61b91ebeceed737ed10d3d28,e7e7e7e7e7e2c0c0,1.0,unique,accepted
father,father,ISL500,father,father/father__ISL500__00407__Father__session188__clip013.mp4,Father__session188__clip013.mp4,User013,,30.0,854x480,2.7,see HF card,,https://huggingface.co/datasets/ISL500/ISL-DATA,https://huggingface.co/datasets/ISL500/ISL-DATA,7e54ecb7420bc01abd2acf91181aaf59e4cb83e7aea5af3d5db47224bb126a98,f3f3f7e7c7c2c280,1.0,unique,accepted
food,food,ISL500,food,food/food__ISL500__00408__Food__session175__clip002.mp4,Food__session175__clip002.mp4,User013,,30.0,854x480,4.2,see HF card,,https://huggingface.co/datasets/ISL500/ISL-DATA,https://huggingface.co/datasets/ISL500/ISL-DATA,dd6465c720a740360f9b6505d491cf58b453dab822528c973d3e257d7f8c3cf2,e7e7e7e7e7c2c080,1.0,unique,accepted
friend,friend,ISL500,friend,friend/friend__ISL500__00409__Friend__session296__clip001.mp4,Friend__session296__clip001.mp4,User013,,30.0,854x480,5.566667,see HF card,,https://huggingface.co/datasets/ISL500/ISL-DATA,https://huggingface.co/datasets/ISL500/ISL-DATA,4939337b82bc0948709f9488a89240523243417c079b5b27148d206551f5bbe2,ffe7e7e7e7c3c3c2,1.0,unique,accepted
go,go,ISL500,go,go/go__ISL500__00410__Go__session264__clip001.mp4,Go__session264__clip001.mp4,User013,,30.0,854x480,3.933333,see HF card,,https://huggingface.co/datasets/ISL500/ISL-DATA,https://huggingface.co/datasets/ISL500/ISL-DATA,69d7e211852a2387e041270a52bbade939d01eaf36238dadccc537441e7a862d,f7f3f7f7e3c18101,1.0,unique,accepted
hello,hello,ISL500,hello,hello/hello__ISL500__00411__Hello__session238__clip005.mp4,Hello__session238__clip005.mp4,User013,,30.0,854x480,4.933333,see HF card,,https://huggingface.co/datasets/ISL500/ISL-DATA,https://huggingface.co/datasets/ISL500/ISL-DATA,4959b317d2af14134a31ed022167932128e8f93c3cb5472524f5084089575776,b7d3f3f3e382c0e0,1.0,unique,accepted
help,help,ISL500,help,help/help__ISL500__00412__Help__session230__clip002.mp4,Help__session230__clip002.mp4,User013,,30.0,854x480,5.5,see HF card,,https://huggingface.co/datasets/ISL500/ISL-DATA,https://huggingface.co/datasets/ISL500/ISL-DATA,a803130cd9f7326e5f42e36f66a190955376ca8a5430d784021d86d66b111eaf,f3f3f3f3e3e2c0c0,1.0,unique,accepted
he,he,ISL500,he,he/he__ISL500__00413__He__session279__clip002.mp4,He__session279__clip002.mp4,User013,,30.0,854x480,4.566667,see HF card,,https://huggingface.co/datasets/ISL500/ISL-DATA,https://huggingface.co/datasets/ISL500/ISL-DATA,8312bdfb8fdeddf77d0aa680f32afe42c689567cf6cee954778b4a04befb318e,efcfcfefc7c3c3c3,1.0,unique,accepted
market,market,ISL500,market,market/market__ISL500__00414__Market__session119__clip000.mp4,Market__session119__clip000.mp4,User013,,30.0,854x480,5.533333,see HF card,,https://huggingface.co/datasets/ISL500/ISL-DATA,https://huggingface.co/datasets/ISL500/ISL-DATA,9006b8cc5735879caa255dc206e1ab6da4b38690f4e76ea83d9438423787e9c4,e7e7e7e7e3e3c381,1.0,unique,accepted
mother,mother,ISL500,mother,mother/mother__ISL500__00415__Mother__session121__clip003.mp4,Mother__session121__clip003.mp4,User013,,30.0,854x480,4.0,see HF card,,https://huggingface.co/datasets/ISL500/ISL-DATA,https://huggingface.co/datasets/ISL500/ISL-DATA,c44012275d0155822b0ba82135087b87938440e5231ef4775f1baf424c57837a,f7e7f7f7c3c3c3c3,1.0,unique,accepted
no,no,ISL500,no,no/no__ISL500__00416__No__session125__clip005.mp4,No__session125__clip005.mp4,User013,,30.0,854x480,3.266667,see HF card,,https://huggingface.co/datasets/ISL500/ISL-DATA,https://huggingface.co/datasets/ISL500/ISL-DATA,a11f852eed3f782a405bea4155d2ad7c6ca6a24dc6026aa6594ebc9d5db72cfd,e7e7f7e7c3c3c383,1.0,unique,accepted
please,please,ISL500,please,please/please__ISL500__00417__Please__session130__clip003.mp4,Please__session130__clip003.mp4,User013,,30.0,854x480,4.7,see HF card,,https://huggingface.co/datasets/ISL500/ISL-DATA,https://huggingface.co/datasets/ISL500/ISL-DATA,9e412201999bed07a0c384d5fc7e3691ac924351997c890e35a75a74a7385feb,f3f3f3f7e3e3e383,1.0,unique,accepted
school,school,ISL500,school,school/school__ISL500__00418__School__session140__clip002.mp4,School__session140__clip002.mp4,User013,,30.0,854x480,4.8,see HF card,,https://huggingface.co/datasets/ISL500/ISL-DATA,https://huggingface.co/datasets/ISL500/ISL-DATA,a2d81ac1808079df5d1468baf9f2db157b4a42190bf925e7e05a5c30ae13d4f1,e7e7e7e7e7c3c3c3,1.0,unique,accepted
she,she,ISL500,she,she/she__ISL500__00419__She__session144__clip001.mp4,She__session144__clip001.mp4,User013,,30.0,854x480,5.733333,see HF card,,https://huggingface.co/datasets/ISL500/ISL-DATA,https://huggingface.co/datasets/ISL500/ISL-DATA,e11277bab620e241434495826a4a59e731f70cca5e3705bae608e48e3afc905d,ffcfcfcfcfc6c2c0,1.0,unique,accepted
sister,sister,ISL500,sister,sister/sister__ISL500__00420__Sister__session146__clip001.mp4,Sister__session146__clip001.mp4,User013,,30.0,854x480,5.566667,see HF card,,https://huggingface.co/datasets/ISL500/ISL-DATA,https://huggingface.co/datasets/ISL500/ISL-DATA,65f4fbb4a4b1d1d446362a614ac833b37b756b5af527f7317df7ee9d7ba0141f,f7f3f3e3e3c2c0c0,1.0,unique,accepted
sit,sit,ISL500,sit,sit/sit__ISL500__00421__Sit__session146__clip002.mp4,Sit__session146__clip002.mp4,User013,,30.0,854x480,4.2,see HF card,,https://huggingface.co/datasets/ISL500/ISL-DATA,https://huggingface.co/datasets/ISL500/ISL-DATA,67c99006c49847a18ac78bc7b5169e19b388df7386d1446c9e0ea16be0d9e918,f7e7e7f7e7e2c2c0,1.0,unique,accepted
student,student,ISL500,student,student/student__ISL500__00422__Student__session152__clip002.mp4,Student__session152__clip002.mp4,User013,,30.0,854x480,3.9,see HF card,,https://huggingface.co/datasets/ISL500/ISL-DATA,https://huggingface.co/datasets/ISL500/ISL-DATA,6c681131972eb70433f631b15b4443ac5c4e77203033b1de963d1e756139faad,fff7e3f7f3c2c0c0,1.0,unique,accepted
teacher,teacher,ISL500,teacher,teacher/teacher__ISL500__00423__Teacher__session156__clip004.mp4,Teacher__session156__clip004.mp4,User013,,30.0,854x480,4.5,see HF card,,https://huggingface.co/datasets/ISL500/ISL-DATA,https://huggingface.co/datasets/ISL500/ISL-DATA,7e16ec4d5eb1a3a1aad112e41f70e3b3c48217582d06c393c87b33a721e3e04c,f7e7f7f7e7e2c2c0,1.0,unique,accepted
tea,tea,ISL500,tea,tea/tea__ISL500__00424__Tea__session156__clip003.mp4,Tea__session156__clip003.mp4,User013,,30.0,854x480,5.033008,see HF card,,https://huggingface.co/datasets/ISL500/ISL-DATA,https://huggingface.co/datasets/ISL500/ISL-DATA,51e3af1e892996267cfd4ebf4135650a6abd50680834073824c6ebd28f1fe4d4,f7f3f3f3e3e2c0c0,1.0,unique,accepted
thank you,thank you,ISL500,thank you,thank_you/thank_you__ISL500__00425__Thankyou__session159__clip001.mp4,Thankyou__session159__clip001.mp4,User013,,30.0,854x480,4.966667,see HF card,,https://huggingface.co/datasets/ISL500/ISL-DATA,https://huggingface.co/datasets/ISL500/ISL-DATA,d26f1dce7d61ffdad0fc9817aff0ff656d63fd70386b22e6b5eebdf7843596f7,f7e7e7f7e7e2c2c0,1.0,unique,accepted
today,today,ISL500,today,today/today__ISL500__00426__Today__session160__clip002.mp4,Today__session160__clip002.mp4,User013,,30.0,854x480,3.6,see HF card,,https://huggingface.co/datasets/ISL500/ISL-DATA,https://huggingface.co/datasets/ISL500/ISL-DATA,1276dd96a7161758a3baf82486a687f32cdcfb9ef34ec92497aa84c80b13fa96,f7f3f3f7e3c2c0c0,1.0,unique,accepted
water,water,ISL500,water,water/water__ISL500__00427__Water__session169__clip005.mp4,Water__session169__clip005.mp4,User013,,30.0,854x480,4.7,see HF card,,https://huggingface.co/datasets/ISL500/ISL-DATA,https://huggingface.co/datasets/ISL500/ISL-DATA,2aad8efcd71f066d92755d11c2f23107e42912338704961a4cf1203777b55630,f7f7e7e7e7c2c2c0,1.0,unique,accepted
what,what,ISL500,what,what/what__ISL500__00428__What__session169__clip015.mp4,What__session169__clip015.mp4,User013,,30.0,854x480,3.333333,see HF card,,https://huggingface.co/datasets/ISL500/ISL-DATA,https://huggingface.co/datasets/ISL500/ISL-DATA,3f1550c18a254e00326ecc99cb5b3d6a9f0f6eb12f39d0bc16aa08f8b5b9ebb5,f7e7f7f7e7e2c0c0,1.0,unique,accepted
where,where,ISL500,where,where/where__ISL500__00429__Where__session169__clip016.mp4,Where__session169__clip016.mp4,User013,,30.0,854x480,4.033333,see HF card,,https://huggingface.co/datasets/ISL500/ISL-DATA,https://huggingface.co/datasets/ISL500/ISL-DATA,606465c9686a9da82a669a60760a83ae97f92e4b475ce3a57217226833f83cbe,e7e7e7e787c2c2c0,1.0,unique,accepted
yes,yes,ISL500,yes,yes/yes__ISL500__00430__Yes__session169__clip028.mp4,Yes__session169__clip028.mp4,User013,,30.0,854x480,3.5,see HF card,,https://huggingface.co/datasets/ISL500/ISL-DATA,https://huggingface.co/datasets/ISL500/ISL-DATA,263299ac92a8a1834fc4bdba1f33587aa4cf3ebb748292b12db83dad916506df,f7e7f7f7e7c2c0c0,1.0,unique,accepted
you,you,ISL500,you,you/you__ISL500__00431__You__session169__clip030.mp4,You__session169__clip030.mp4,User013,,30.0,854x480,6.1,see HF card,,https://huggingface.co/datasets/ISL500/ISL-DATA,https://huggingface.co/datasets/ISL500/ISL-DATA,23c05f2eb2dd6286d5ae95c9ce1809ac80b92d08b4ad101d1250a2e81f88e479,e7e7e7e7e7c2c080,1.0,unique,accepted
drink,drink,ISL500,drink,drink/drink__ISL500__00432__Drink__session111__clip004.mp4,Drink__session111__clip004.mp4,User014,,30.0,854x480,3.9,see HF card,,https://huggingface.co/datasets/ISL500/ISL-DATA,https://huggingface.co/datasets/ISL500/ISL-DATA,fa89e26b4bc56950f6dbeea58193c8f6888a2f59040d28978875335a7ce39413,6f4f4f7b53030303,1.0,unique,accepted
eat,eat,ISL500,eat,eat/eat__ISL500__00433__Eat__session148__clip008.mp4,Eat__session148__clip008.mp4,User014,,30.0,854x480,3.166667,see HF card,,https://huggingface.co/datasets/ISL500/ISL-DATA,https://huggingface.co/datasets/ISL500/ISL-DATA,f0921e917cbcac05f5ddfb64fba7a8819525f56eacae4224d5185e5703129436,878f8f9f8f090703,1.0,unique,accepted
father,father,ISL500,father,father/father__ISL500__00434__Father__session157__clip032.mp4,Father__session157__clip032.mp4,User014,,30.0,854x480,2.233333,see HF card,,https://huggingface.co/datasets/ISL500/ISL-DATA,https://huggingface.co/datasets/ISL500/ISL-DATA,bed243545e43d855007816e067710581a987dd93fc825c138c2f33c539055310,63333f37131b0242,1.0,unique,accepted
food,food,ISL500,food,food/food__ISL500__00435__Food__session157__clip033.mp4,Food__session157__clip033.mp4,User014,,30.0,854x480,4.166667,see HF card,,https://huggingface.co/datasets/ISL500/ISL-DATA,https://huggingface.co/datasets/ISL500/ISL-DATA,2ea2fba946a291287e51281724b694c550d56c595541f4a8d39d6551928ae53d,7379393b1b092921,1.0,unique,accepted
friend,friend,ISL500,friend,friend/friend__ISL500__00436__Friend__session117__clip005.mp4,Friend__session117__clip005.mp4,User014,,30.0,854x480,4.3,see HF card,,https://huggingface.co/datasets/ISL500/ISL-DATA,https://huggingface.co/datasets/ISL500/ISL-DATA,1a212e80b7a23ee457ca21cf74bc9379744012574d9fa07cecc26f005b55959e,efe7efcfcfcf0302,1.0,unique,accepted
go,go,ISL500,go,go/go__ISL500__00437__Go__session168__clip001.mp4,Go__session168__clip001.mp4,User014,,30.0,854x480,2.266667,see HF card,,https://huggingface.co/datasets/ISL500/ISL-DATA,https://huggingface.co/datasets/ISL500/ISL-DATA,952eff9026c80ed058eecba66efdf563cf268a38c4655f6006f553a1cb60e135,6676fe74561e0606,1.0,unique,accepted
hello,hello,ISL500,hello,hello/hello__ISL500__00438__Hello__session166__clip005.mp4,Hello__session166__clip005.mp4,User014,,30.0,854x480,2.3,see HF card,,https://huggingface.co/datasets/ISL500/ISL-DATA,https://huggingface.co/datasets/ISL500/ISL-DATA,3960e82240c8b31514c7cb41565ef6ce81c5cf0bb68d864def2723491487e56e,e6f6fefef2400042,1.0,unique,accepted
help,help,ISL500,help,help/help__ISL500__00439__Help__session149__clip021.mp4,Help__session149__clip021.mp4,User014,,30.0,854x480,3.266667,see HF card,,https://huggingface.co/datasets/ISL500/ISL-DATA,https://huggingface.co/datasets/ISL500/ISL-DATA,f7d8dba3ce6b05ff48f9886c056d1a59a445baf5afef444ba30623c9c354e473,07870f0f0f0d0f07,1.0,unique,accepted
he,he,ISL500,he,he/he__ISL500__00440__He__session133__clip019.mp4,He__session133__clip019.mp4,User014,,30.0,854x480,3.533333,see HF card,,https://huggingface.co/datasets/ISL500/ISL-DATA,https://huggingface.co/datasets/ISL500/ISL-DATA,bc2aa0e085f73bfa1dea4dce47e5dabd40e60daf2ff3ed97a8d264d0d90425a9,f7e7e7e7e75b4800,1.0,unique,accepted
market,market,ISL500,market,market/market__ISL500__00441__Market__session133__clip002.mp4,Market__session133__clip002.mp4,User014,,30.0,854x480,3.566667,see HF card,,https://huggingface.co/datasets/ISL500/ISL-DATA,https://huggingface.co/datasets/ISL500/ISL-DATA,efbcad33be3b7d4b0ea0afb29c43329f156fe6bf7fc4173162653786e7cfa2de,efe7efefcf6b0202,1.0,unique,accepted
mother,mother,ISL500,mother,mother/mother__ISL500__00442__Mother__session132__clip018.mp4,Mother__session132__clip018.mp4,User014,,30.0,854x480,3.4,see HF card,,https://huggingface.co/datasets/ISL500/ISL-DATA,https://huggingface.co/datasets/ISL500/ISL-DATA,8896d01e9e10ddd39293ab188a8a3bdf7818c12369b88e367cc337b38f3c0ff5,efcfcfefcfd38100,1.0,unique,accepted
no,no,ISL500,no,no/no__ISL500__00443__No__session131__clip002.mp4,No__session131__clip002.mp4,User014,,30.0,854x480,3.6,see HF card,,https://huggingface.co/datasets/ISL500/ISL-DATA,https://huggingface.co/datasets/ISL500/ISL-DATA,9e960b1ba40f2d535328689d03969d252781bdfe0c56421446b47c690281fa47,efcfffefcf1f0a00,1.0,unique,accepted
please,please,ISL500,please,please/please__ISL500__00444__Please__session133__clip003.mp4,Please__session133__clip003.mp4,User014,,30.0,854x480,3.266667,see HF card,,https://huggingface.co/datasets/ISL500/ISL-DATA,https://huggingface.co/datasets/ISL500/ISL-DATA,d891f92457d94ec7beac76763e3e70f547848529eab3200dc0523bdd90030da0,e7e7efefcf4b0200,1.0,unique,accepted
school,school,ISL500,school,school/school__ISL500__00445__School__session108__clip021.mp4,School__session108__clip021.mp4,User014,,30.0,854x480,3.866667,see HF card,,https://huggingface.co/datasets/ISL500/ISL-DATA,https://huggingface.co/datasets/ISL500/ISL-DATA,98df0c324b56cac20051d7531d748b85d3dc026cebf86fe2ea65b17df542853b,290909391d1d0507,1.0,unique,accepted
she,she,ISL500,she,she/she__ISL500__00446__She__session112__clip019.mp4,She__session112__clip019.mp4,User014,,30.0,854x480,4.133333,see HF card,,https://huggingface.co/datasets/ISL500/ISL-DATA,https://huggingface.co/datasets/ISL500/ISL-DATA,8f809dfbc4543112117810648746491e98cb1e740481bf4f723c2e270c2efbc0,5b1b173f17070707,1.0,unique,accepted
sister,sister,ISL500,sister,sister/sister__ISL500__00447__Sister__session117__clip004.mp4,Sister__session117__clip004.mp4,User014,,30.0,854x480,4.466667,see HF card,,https://huggingface.co/datasets/ISL500/ISL-DATA,https://huggingface.co/datasets/ISL500/ISL-DATA,8611bd33ee1d7d59c79c17a70232d6b36a21366de2c1468dd6444c70b505b37c,cfcfdfdfcf938101,1.0,unique,accepted
sit,sit,ISL500,sit,sit/sit__ISL500__00448__Sit__session149__clip007.mp4,Sit__session149__clip007.mp4,User014,,30.0,854x480,3.066667,see HF card,,https://huggingface.co/datasets/ISL500/ISL-DATA,https://huggingface.co/datasets/ISL500/ISL-DATA,f4c89835dd54aef80971d4fce0edd488affee17791b5ce7122e276b460c8fe11,87878f9f8f3b2303,1.0,unique,accepted
student,student,ISL500,student,student/student__ISL500__00449__Student__session116__clip001.mp4,Student__session116__clip001.mp4,User014,,30.0,854x480,4.133333,see HF card,,https://huggingface.co/datasets/ISL500/ISL-DATA,https://huggingface.co/datasets/ISL500/ISL-DATA,9562a4e122678c77c11e251c19eefe8428744895c20113decae458146b8728ca,ffcfcfdfcf870302,1.0,unique,accepted
teacher,teacher,ISL500,teacher,teacher/teacher__ISL500__00450__Teacher__session139__clip013.mp4,Teacher__session139__clip013.mp4,User014,,30.0,854x480,2.966667,see HF card,,https://huggingface.co/datasets/ISL500/ISL-DATA,https://huggingface.co/datasets/ISL500/ISL-DATA,1f5c79c477aee568533ad7244be08c8a6e1c5dc644bfc129e6dbfda4476a33d5,67676f6f6f0b0a00,1.0,unique,accepted
tea,tea,ISL500,tea,tea/tea__ISL500__00451__Tea__session155__clip011.mp4,Tea__session155__clip011.mp4,User014,,30.0,854x480,2.766667,see HF card,,https://huggingface.co/datasets/ISL500/ISL-DATA,https://huggingface.co/datasets/ISL500/ISL-DATA,d9886c1cd32f16712efdb42fcc3f940ed6373694379b192ef22afe4b2cd4ab35,733b3f1f1f040600,1.0,unique,accepted
thank you,thank you,ISL500,thank you,thank_you/thank_you__ISL500__00452__Thankyou__session121__clip014.mp4,Thankyou__session121__clip014.mp4,User014,,30.0,854x480,3.733333,see HF card,,https://huggingface.co/datasets/ISL500/ISL-DATA,https://huggingface.co/datasets/ISL500/ISL-DATA,3adae10cdcbb6297e13aa6cdd6c1226817d34e932b1832617af29ab9236eb5f7,e7e7efefc7cb1b08,1.0,unique,accepted
today,today,ISL500,today,today/today__ISL500__00453__Today__session150__clip005.mp4,Today__session150__clip005.mp4,User014,,30.0,854x480,3.033333,see HF card,,https://huggingface.co/datasets/ISL500/ISL-DATA,https://huggingface.co/datasets/ISL500/ISL-DATA,c25a8c69e7a00aedf4f1f1bd59b5a3d480227247fb0b79594ddf9ffc9bfeffa2,8f8faf9f9f0b0101,1.0,unique,accepted
water,water,ISL500,water,water/water__ISL500__00454__Water__session112__clip016.mp4,Water__session112__clip016.mp4,User014,,30.0,854x480,3.7,see HF card,,https://huggingface.co/datasets/ISL500/ISL-DATA,https://huggingface.co/datasets/ISL500/ISL-DATA,478d1825fbe9c4cf6febadb34d7cfe56a342a6dac64658c1c5d43e7357e6b3de,7b1f0f3f5f030303,1.0,unique,accepted
what,what,ISL500,what,what/what__ISL500__00455__What__session154__clip015.mp4,What__session154__clip015.mp4,User014,,30.0,854x480,2.833333,see HF card,,https://huggingface.co/datasets/ISL500/ISL-DATA,https://huggingface.co/datasets/ISL500/ISL-DATA,cade22dd958725a068ee135fe01caf0df4b863f1c470df03227f89b9e39eb820,6313171f1f1d0101,1.0,unique,accepted
where,where,ISL500,where,where/where__ISL500__00456__Where__session145__clip008.mp4,Where__session145__clip008.mp4,User014,,30.0,854x480,3.1,see HF card,,https://huggingface.co/datasets/ISL500/ISL-DATA,https://huggingface.co/datasets/ISL500/ISL-DATA,eb7cbdd04437671896ca3391e5dd28850df26276e50cbcf5f2cd5f7698c7ba90,efefefefef5b0302,1.0,unique,accepted
yes,yes,ISL500,yes,yes/yes__ISL500__00457__Yes__session139__clip024.mp4,Yes__session139__clip024.mp4,User014,,30.0,854x480,2.866667,see HF card,,https://huggingface.co/datasets/ISL500/ISL-DATA,https://huggingface.co/datasets/ISL500/ISL-DATA,8a0800d20079b505328ef4f41cdfe26d51c6f2b534c6f0c2835a6df4e6842d12,efcfdf6f6f570700,1.0,unique,accepted
you,you,ISL500,you,you/you__ISL500__00458__You__session132__clip026.mp4,You__session132__clip026.mp4,User014,,30.0,854x480,3.4,see HF card,,https://huggingface.co/datasets/ISL500/ISL-DATA,https://huggingface.co/datasets/ISL500/ISL-DATA,1c6e885fda97fba36f760382b51a42bd3f72fd23ec8985b6470106c2eafece8e,efefefefcf4f0202,1.0,unique,accepted
drink,drink,ISL500,drink,drink/drink__ISL500__00459__Drink__session112__clip002.mp4,Drink__session112__clip002.mp4,User015,,30.0,854x480,3.433333,see HF card,,https://huggingface.co/datasets/ISL500/ISL-DATA,https://huggingface.co/datasets/ISL500/ISL-DATA,5f0e235250485c1050c5e716978cc75cd2da56a57f4fd1af5993acdf74f4d8cd,f7f7f7c7c3830303,1.0,unique,accepted
eat,eat,ISL500,eat,eat/eat__ISL500__00460__Eat__session100__clip012.mp4,Eat__session100__clip012.mp4,User015,,30.0,854x480,4.166667,see HF card,,https://huggingface.co/datasets/ISL500/ISL-DATA,https://huggingface.co/datasets/ISL500/ISL-DATA,9b09abaeab562c119410106006cfaf4925384bda2405496059599d096bb88686,f7e7fff7e3c38301,1.0,unique,accepted
father,father,ISL500,father,father/father__ISL500__00461__Father__session152__clip031.mp4,Father__session152__clip031.mp4,User015,,30.0,854x480,3.433333,see HF card,,https://huggingface.co/datasets/ISL500/ISL-DATA,https://huggingface.co/datasets/ISL500/ISL-DATA,a3fd4e253aca02e0c2707ecb6ef607cb9036ce8751246f2f6649866f51a32339,e7e7e7e6fcd8d8c0,1.0,unique,accepted
food,food,ISL500,food,food/food__ISL500__00462__Food__session152__clip032.mp4,Food__session152__clip032.mp4,User015,,30.0,854x480,5.2,see HF card,,https://huggingface.co/datasets/ISL500/ISL-DATA,https://huggingface.co/datasets/ISL500/ISL-DATA,e064d1fde928d8bb16581d37c1c9203dd12c17f2863fd8d0ef0f42fbe5ecd989,e7e7e7e6fcf8f8f0,1.0,unique,accepted
friend,friend,ISL500,friend,friend/friend__ISL500__00463__Friend__session120__clip025.mp4,Friend__session120__clip025.mp4,User015,,30.0,854x480,6.2,see HF card,,https://huggingface.co/datasets/ISL500/ISL-DATA,https://huggingface.co/datasets/ISL500/ISL-DATA,a53f1e08395420d7ace3e5998c9e32993e902be1d79b0ef95ca3bc93a566096a,878787879f3f3d05,1.0,unique,accepted
go,go,ISL500,go,go/go__ISL500__00464__Go__session159__clip029.mp4,Go__session159__clip029.mp4,User015,,30.0,854x480,3.2,see HF card,,https://huggingface.co/datasets/ISL500/ISL-DATA,https://huggingface.co/datasets/ISL500/ISL-DATA,77c91bb52453aa385005f10a73ad45943bd6f2811f9677f746d2d5d932b8e83c,e7e7e7e6f4f8f8f8,1.0,unique,accepted
hello,hello,ISL500,hello,hello/hello__ISL500__00465__Hello__session102__clip009.mp4,Hello__session102__clip009.mp4,User015,,30.0,854x480,4.233333,see HF card,,https://huggingface.co/datasets/ISL500/ISL-DATA,https://huggingface.co/datasets/ISL500/ISL-DATA,61dc976650995536f41d15a1a9d7e36b1919d735469e8b132df6569612b12ab7,e7e7ffffe9c18181,1.0,unique,accepted
help,help,ISL500,help,help/help__ISL500__00466__Help__session102__clip026.mp4,Help__session102__clip026.mp4,User015,,30.0,854x480,5.3,see HF card,,https://huggingface.co/datasets/ISL500/ISL-DATA,https://huggingface.co/datasets/ISL500/ISL-DATA,0daad39404824d1a2385b86a0896580ddee8b813721f21c2a46d4d06abc74da5,e7e7fff7e1c18181,1.0,unique,accepted
he,he,ISL500,he,he/he__ISL500__00467__He__session125__clip001.mp4,He__session125__clip001.mp4,User015,,30.0,854x480,6.633333,see HF card,,https://huggingface.co/datasets/ISL500/ISL-DATA,https://huggingface.co/datasets/ISL500/ISL-DATA,f1d96687aa7bd02e35f0d88d528db88adf0bd3803c9c4140e5c17f74eb9f4e3c,8f8787878f3f3509,1.0,unique,accepted
market,market,ISL500,market,market/market__ISL500__00468__Market__session124__clip000.mp4,Market__session124__clip000.mp4,User015,,30.0,854x480,5.5,see HF card,,https://huggingface.co/datasets/ISL500/ISL-DATA,https://huggingface.co/datasets/ISL500/ISL-DATA,d9b2d5c2ea29dcafd4e6dd431419fcec23b7dfd09391aef33d4e086defaf37f9,878787871d3d3d19,1.0,unique,accepted
mother,mother,ISL500,mother,mother/mother__ISL500__00469__Mother__session123__clip016.mp4,Mother__session123__clip016.mp4,User015,,30.0,854x480,4.666667,see HF card,,https://huggingface.co/datasets/ISL500/ISL-DATA,https://huggingface.co/datasets/ISL500/ISL-DATA,f37c8d890e24a0adcfd68eb4de197ef787dedae8ae4985c66b341472ea3ad91d,878787879d3d3d1d,1.0,unique,accepted
no,no,ISL500,no,no/no__ISL500__00470__No__session122__clip024.mp4,No__session122__clip024.mp4,User015,,30.0,854x480,5.166667,see HF card,,https://huggingface.co/datasets/ISL500/ISL-DATA,https://huggingface.co/datasets/ISL500/ISL-DATA,292fd83b24f715551a538b3200d082c499d90a11a49e632ef04b32e3c0494f0b,878787879d3f3d1d,1.0,unique,accepted
please,please,ISL500,please,please/please__ISL500__00471__Please__session124__clip001.mp4,Please__session124__clip001.mp4,User015,,30.0,854x480,6.466667,see HF card,,https://huggingface.co/datasets/ISL500/ISL-DATA,https://huggingface.co/datasets/ISL500/ISL-DATA,982219dbeb5fc39a470b233dcf6de48c9b02f87958df7a3508698d07e4887af9,878787871d3f3d19,1.0,unique,accepted
school,school,ISL500,school,school/school__ISL500__00472__School__session111__clip010.mp4,School__session111__clip010.mp4,User015,,30.0,854x480,4.233333,see HF card,,https://huggingface.co/datasets/ISL500/ISL-DATA,https://huggingface.co/datasets/ISL500/ISL-DATA,514e0674635b31214ce54a8a2fb4fb089be633dd66725c8ec4644623f871121f,e7e7e7e7c3430303,1.0,unique,accepted
she,she,ISL500,she,she/she__ISL500__00473__She__session119__clip005.mp4,She__session119__clip005.mp4,User015,,30.0,854x480,5.833333,see HF card,,https://huggingface.co/datasets/ISL500/ISL-DATA,https://huggingface.co/datasets/ISL500/ISL-DATA,a612566cd38d8da0a1cc9579b1879b96ed6577403798b3ed79f02c746ec9d289,878787878f3f2d29,1.0,unique,accepted
sister,sister,ISL500,sister,sister/sister__ISL500__00474__Sister__session120__clip024.mp4,Sister__session120__clip024.mp4,User015,,30.0,854x480,6.066667,see HF card,,https://huggingface.co/datasets/ISL500/ISL-DATA,https://huggingface.co/datasets/ISL500/ISL-DATA,ebc93ead3c74543712fa82d3a0567f2d51c8df60ee70b8af78dddd6d5efbf107,878787851d3d1d1d,1.0,unique,accepted
sit,sit,ISL500,sit,sit/sit__ISL500__00475__Sit__session138__clip009.mp4,Sit__session138__clip009.mp4,User015,,30.0,854x480,4.2,see HF card,,https://huggingface.co/datasets/ISL500/ISL-DATA,https://huggingface.co/datasets/ISL500/ISL-DATA,2bbbe51540d1f9121d4eec1429c6f5183f9340a8324e454f055ed32d71c13675,e7e7e7e5f4f8f878,1.0,unique,accepted
student,student,ISL500,student,student/student__ISL500__00476__Student__session119__clip017.mp4,Student__session119__clip017.mp4,User015,,30.0,854x480,5.366667,see HF card,,https://huggingface.co/datasets/ISL500/ISL-DATA,https://huggingface.co/datasets/ISL500/ISL-DATA,245df4ac96b9ee662dc66bead023bc669e64c705e6b46b0731e399e9ca19f03b,878787879d3f1d1d,1.0,unique,accepted
teacher,teacher,ISL500,teacher,teacher/teacher__ISL500__00477__Teacher__session126__clip026.mp4,Teacher__session126__clip026.mp4,User015,,30.0,854x480,5.5,see HF card,,https://huggingface.co/datasets/ISL500/ISL-DATA,https://huggingface.co/datasets/ISL500/ISL-DATA,de741ca550b62f4934aef4e228772c1e9a8f698ee58536065272979fcc726e63,87878785953d3d1d,1.0,unique,accepted
tea,tea,ISL500,tea,tea/tea__ISL500__00478__Tea__session150__clip011.mp4,Tea__session150__clip011.mp4,User015,,30.0,854x480,4.333333,see HF card,,https://huggingface.co/datasets/ISL500/ISL-DATA,https://huggingface.co/datasets/ISL500/ISL-DATA,ce1532970316f9bfccf86b17641ecf8b042010ae7af6d32357c4645186781f51,e7e7e7e6fcf8f8d0,1.0,unique,accepted
thank you,thank you,ISL500,thank you,thank_you/thank_you__ISL500__00479__Thankyou__session121__clip026.mp4,Thankyou__session121__clip026.mp4,User015,,30.0,854x480,4.966667,see HF card,,https://huggingface.co/datasets/ISL500/ISL-DATA,https://huggingface.co/datasets/ISL500/ISL-DATA,0c685055f53b872f1af5f6f2be98b75e877b5c73f88e89e90eae8e6a1c2ad102,878787871d3d3d1d,1.0,unique,accepted
today,today,ISL500,today,today/today__ISL500__00480__Today__session102__clip018.mp4,Today__session102__clip018.mp4,User015,,30.0,854x480,4.666667,see HF card,,https://huggingface.co/datasets/ISL500/ISL-DATA,https://huggingface.co/datasets/ISL500/ISL-DATA,7ab9211be2face7bd72524604ba306a876de4b2b5282a5b3bb6b22250e4f8d57,f7f7fff7c9c18181,1.0,unique,accepted
water,water,ISL500,water,water/water__ISL500__00481__Water__session119__clip002.mp4,Water__session119__clip002.mp4,User015,,30.0,854x480,5.266667,see HF card,,https://huggingface.co/datasets/ISL500/ISL-DATA,https://huggingface.co/datasets/ISL500/ISL-DATA,0161dd5de084b9df38a01e050dcf8f3781195f4d4a004f57d99fbf0246e64a7f,878787879d3f3d1d,1.0,unique,accepted
what,what,ISL500,what,what/what__ISL500__00482__What__session101__clip025.mp4,What__session101__clip025.mp4,User015,,30.0,854x480,4.2,see HF card,,https://huggingface.co/datasets/ISL500/ISL-DATA,https://huggingface.co/datasets/ISL500/ISL-DATA,84104391a49036cbacc3cc73de3e33f10faef2a553e71d4a4cb44b515d906ff7,e7e7fff7c9c18181,1.0,unique,accepted
where,where,ISL500,where,where/where__ISL500__00483__Where__session136__clip004.mp4,Where__session136__clip004.mp4,User015,,30.0,854x480,3.7,see HF card,,https://huggingface.co/datasets/ISL500/ISL-DATA,https://huggingface.co/datasets/ISL500/ISL-DATA,dcd5d67bb9657f9787dd6ed29d0f91ab349b421c06fcfa127068b3680379741a,e7e7e7e7ccecf8c0,1.0,unique,accepted
yes,yes,ISL500,yes,yes/yes__ISL500__00484__Yes__session127__clip006.mp4,Yes__session127__clip006.mp4,User015,,30.0,854x480,4.633333,see HF card,,https://huggingface.co/datasets/ISL500/ISL-DATA,https://huggingface.co/datasets/ISL500/ISL-DATA,faf506087fc8ff48c5c742f7fa8cab0662a239479889ceca98b3679a4ac1e613,87878787953f3d1d,1.0,unique,accepted
you,you,ISL500,you,you/you__ISL500__00485__You__session123__clip023.mp4,You__session123__clip023.mp4,User015,,30.0,854x480,5.7,see HF card,,https://huggingface.co/datasets/ISL500/ISL-DATA,https://huggingface.co/datasets/ISL500/ISL-DATA,03d74d423de47ce05c8c157a6b74b0b8b53cc7d847a607011f1571fd83e65fe1,878787879f3f3d0d,1.0,unique,accepted
school,school,INCLUDE,school,school/school__INCLUDE__00486__MVI_3290.mp4,MVI_3290.MOV,include_MVI_3290,,30.0,854x480,2.866667,CC-BY-4.0,https://doi.org/10.1145/3394171.3413528,https://github.com/AI4Bharat/INCLUDE,https://zenodo.org/records/4010759,6910baf201b551a3600e1070bd171eb645fc1a4e6065ab2a62ef18bf49f8d2b1,7f7f676767670000,1.0,unique,accepted
school,school,INCLUDE,school,school/school__INCLUDE__00487__MVI_3291.mp4,MVI_3291.MOV,include_MVI_3291,,30.0,854x480,2.766016,CC-BY-4.0,https://doi.org/10.1145/3394171.3413528,https://github.com/AI4Bharat/INCLUDE,https://zenodo.org/records/4010759,66978e2e5262028a4667525e22a21c39e9dcef61dc5f1cb9166781773fd671d2,7f77776767670000,1.0,unique,accepted
school,school,INCLUDE,school,school/school__INCLUDE__00488__MVI_3292.mp4,MVI_3292.MOV,include_MVI_3292,,30.0,854x480,2.6,CC-BY-4.0,https://doi.org/10.1145/3394171.3413528,https://github.com/AI4Bharat/INCLUDE,https://zenodo.org/records/4010759,4c04b8efcb2db686e1c7efd00c7078e284603851d7dc52681371017c34dde60c,7f77776767670000,1.0,unique,accepted
school,school,INCLUDE,school,school/school__INCLUDE__00489__MVI_3293.mp4,MVI_3293.MOV,include_MVI_3293,,30.0,854x480,2.866016,CC-BY-4.0,https://doi.org/10.1145/3394171.3413528,https://github.com/AI4Bharat/INCLUDE,https://zenodo.org/records/4010759,3cb12a5c58db3e5c4712194e621702cfa185a190baeca3a4125afe7b90ce00e9,7f77776767670000,1.0,unique,accepted
school,school,INCLUDE,school,school/school__INCLUDE__00490__MVI_3371.mp4,MVI_3371.MOV,include_MVI_3371,,30.0,854x480,3.0,CC-BY-4.0,https://doi.org/10.1145/3394171.3413528,https://github.com/AI4Bharat/INCLUDE,https://zenodo.org/records/4010759,2c30703788d44e7fc6e55be6902923aaaec8a0f8223acc404afa4459ec912831,7f7f7f6767670000,1.0,unique,accepted
school,school,INCLUDE,school,school/school__INCLUDE__00491__MVI_3372.mp4,MVI_3372.MOV,include_MVI_3372,,30.0,854x480,2.433333,CC-BY-4.0,https://doi.org/10.1145/3394171.3413528,https://github.com/AI4Bharat/INCLUDE,https://zenodo.org/records/4010759,ca6d72a7e5dbb513ac344eee85725bb7f0fa4e05afbddaf1ed1a131920fe286a,7f7f7f6767670000,1.0,unique,accepted
school,school,INCLUDE,school,school/school__INCLUDE__00492__MVI_3373.mp4,MVI_3373.MOV,include_MVI_3373,,30.0,854x480,2.633333,CC-BY-4.0,https://doi.org/10.1145/3394171.3413528,https://github.com/AI4Bharat/INCLUDE,https://zenodo.org/records/4010759,7a1e9d31e1632d01e9647a43de4d3599057aa4d2f0af836794cc074735665c50,7f7f7f6767670000,1.0,unique,accepted
school,school,INCLUDE,school,school/school__INCLUDE__00493__MVI_3374.mp4,MVI_3374.MOV,include_MVI_3374,,30.0,854x480,2.633008,CC-BY-4.0,https://doi.org/10.1145/3394171.3413528,https://github.com/AI4Bharat/INCLUDE,https://zenodo.org/records/4010759,f33c792fb421ef7bb450fdd9955cd8eead0ac7d1a69565d64f173f1ab1d03884,7f7f7f6767670000,1.0,unique,accepted
school,school,INCLUDE,school,school/school__INCLUDE__00494__MVI_3456.mp4,MVI_3456.MOV,include_MVI_3456,,30.0,854x480,1.866016,CC-BY-4.0,https://doi.org/10.1145/3394171.3413528,https://github.com/AI4Bharat/INCLUDE,https://zenodo.org/records/4010759,6e2be8863009046c3106bc4ac8aaad19a0314b5cdfffeb0f4d25d596b70a98ff,7f77676767670000,1.0,unique,accepted
school,school,INCLUDE,school,school/school__INCLUDE__00495__MVI_3457.mp4,MVI_3457.MOV,include_MVI_3457,,30.0,854x480,2.033008,CC-BY-4.0,https://doi.org/10.1145/3394171.3413528,https://github.com/AI4Bharat/INCLUDE,https://zenodo.org/records/4010759,1377ea5135f0ade070442e3d85db211721e1006d71f12d07fb4ec68b23b9bf61,7f7f676767670000,1.0,unique,accepted
school,school,INCLUDE,school,school/school__INCLUDE__00496__MVI_3458.mp4,MVI_3458.MOV,include_MVI_3458,,30.0,854x480,2.2,CC-BY-4.0,https://doi.org/10.1145/3394171.3413528,https://github.com/AI4Bharat/INCLUDE,https://zenodo.org/records/4010759,56455ad67af774ea51257d1024e61bbd3ba19d073496da0cedb27ba032733b7f,7f77676767670000,1.0,unique,accepted
school,school,INCLUDE,school,school/school__INCLUDE__00497__MVI_3459.mp4,MVI_3459.MOV,include_MVI_3459,,30.0,854x480,2.233008,CC-BY-4.0,https://doi.org/10.1145/3394171.3413528,https://github.com/AI4Bharat/INCLUDE,https://zenodo.org/records/4010759,7aa382617343e2420b977febc4374e86a89817c82996fd366a8d38eb2a8786b4,7f77676767670000,1.0,unique,accepted
school,school,INCLUDE,school,school/school__INCLUDE__00498__MVI_3535.mp4,MVI_3535.MOV,include_MVI_3535,,30.0,854x480,2.2,CC-BY-4.0,https://doi.org/10.1145/3394171.3413528,https://github.com/AI4Bharat/INCLUDE,https://zenodo.org/records/4010759,1ba04f0de83b4fa9c0fec7aacc3a2ed2778250487bcc4c3551631e2798e05217,7f7f7f77e7640000,1.0,unique,accepted
school,school,INCLUDE,school,school/school__INCLUDE__00499__MVI_3536.mp4,MVI_3536.MOV,include_MVI_3536,,30.0,854x480,2.133333,CC-BY-4.0,https://doi.org/10.1145/3394171.3413528,https://github.com/AI4Bharat/INCLUDE,https://zenodo.org/records/4010759,94c082d27b45b3d1ba2e303e59f63d23987fa374a80b7261f553fe724d56b816,7f7f7f77e7640000,1.0,unique,accepted
school,school,INCLUDE,school,school/school__INCLUDE__00500__MVI_3537.mp4,MVI_3537.MOV,include_MVI_3537,,30.0,854x480,1.733333,CC-BY-4.0,https://doi.org/10.1145/3394171.3413528,https://github.com/AI4Bharat/INCLUDE,https://zenodo.org/records/4010759,fd0d84becf8d476c485aadce5f25fc0d9446b43b60fcef354b6d9d561c7bd463,7f7f7f67e7640000,1.0,unique,accepted
school,school,INCLUDE,school,school/school__INCLUDE__00501__MVI_3538.mp4,MVI_3538.MOV,include_MVI_3538,,30.0,854x480,2.233333,CC-BY-4.0,https://doi.org/10.1145/3394171.3413528,https://github.com/AI4Bharat/INCLUDE,https://zenodo.org/records/4010759,e5bd9cf51d4ecdd52b582c6caeab7f124ee5142034987f92f2151cd38833225e,7f7f7f77e7640000,1.0,unique,accepted
school,school,INCLUDE,school,school/school__INCLUDE__00502__MVI_3614.mp4,MVI_3614.MOV,include_MVI_3614,,30.0,854x480,2.233008,CC-BY-4.0,https://doi.org/10.1145/3394171.3413528,https://github.com/AI4Bharat/INCLUDE,https://zenodo.org/records/4010759,5f12a24fc5571f541cfbaa8950df771057368e2749d5a8bd0a83bdbc8c0e360c,7f7f6f6767670000,1.0,unique,accepted
school,school,INCLUDE,school,school/school__INCLUDE__00503__MVI_3615.mp4,MVI_3615.MOV,include_MVI_3615,,30.0,854x480,2.2,CC-BY-4.0,https://doi.org/10.1145/3394171.3413528,https://github.com/AI4Bharat/INCLUDE,https://zenodo.org/records/4010759,33c9f65aef21415644ef733c2eabe725ba9fd7abc010e5de710fda56ec111b6a,7f7f6f6767670000,1.0,unique,accepted
school,school,INCLUDE,school,school/school__INCLUDE__00504__MVI_3616.mp4,MVI_3616.MOV,include_MVI_3616,,30.0,854x480,1.833333,CC-BY-4.0,https://doi.org/10.1145/3394171.3413528,https://github.com/AI4Bharat/INCLUDE,https://zenodo.org/records/4010759,cabb9a4782d8423b0bfd6106441ae4b1ec28ae544ebbc84f5bd08bf0ea2983ff,7f7f6f6767670000,1.0,unique,accepted
school,school,INCLUDE,school,school/school__INCLUDE__00505__MVI_3617.mp4,MVI_3617.MOV,include_MVI_3617,,30.0,854x480,1.966016,CC-BY-4.0,https://doi.org/10.1145/3394171.3413528,https://github.com/AI4Bharat/INCLUDE,https://zenodo.org/records/4010759,9ab21e2bf71096acd388fafc07c2b93029416f53e242e28e34e4ac1477f03a63,7f7f6f6767670000,1.0,unique,accepted
hospital,hospital,INCLUDE,hospital,hospital/hospital__INCLUDE__00506__MVI_3315.mp4,MVI_3315.MOV,include_MVI_3315,,30.0,854x480,3.233008,CC-BY-4.0,https://doi.org/10.1145/3394171.3413528,https://github.com/AI4Bharat/INCLUDE,https://zenodo.org/records/4010759,40efe784ab77255d6bb0518c1f51cb67c808fa1c3c182ccaedfa7d035608653b,7f77676767670000,1.0,unique,accepted
hospital,hospital,INCLUDE,hospital,hospital/hospital__INCLUDE__00507__MVI_3316.mp4,MVI_3316.MOV,include_MVI_3316,,30.0,854x480,3.0,CC-BY-4.0,https://doi.org/10.1145/3394171.3413528,https://github.com/AI4Bharat/INCLUDE,https://zenodo.org/records/4010759,e641076d58ac04f6e23f2f74155d81d779e86a301d66c62e81734a9a163eb435,7f77676767670000,1.0,unique,accepted
hospital,hospital,INCLUDE,hospital,hospital/hospital__INCLUDE__00508__MVI_3317.mp4,MVI_3317.MOV,include_MVI_3317,,30.0,854x480,2.833333,CC-BY-4.0,https://doi.org/10.1145/3394171.3413528,https://github.com/AI4Bharat/INCLUDE,https://zenodo.org/records/4010759,dfbed750a714460079ba925b6293aeb6300b69ee2f81d7aaa5a94fe72ec228ff,7f77676767670000,1.0,unique,accepted
hospital,hospital,INCLUDE,hospital,hospital/hospital__INCLUDE__00509__MVI_3318.mp4,MVI_3318.MOV,include_MVI_3318,,30.0,854x480,2.866667,CC-BY-4.0,https://doi.org/10.1145/3394171.3413528,https://github.com/AI4Bharat/INCLUDE,https://zenodo.org/records/4010759,b7af840b99425ba856f6c0a65eeb8cf7cb4b67be6f7a0e3114f4b9c89ca63e27,7f77776767670000,1.0,unique,accepted
hospital,hospital,INCLUDE,hospital,hospital/hospital__INCLUDE__00510__MVI_3397.mp4,MVI_3397.MOV,include_MVI_3397,,30.0,854x480,3.133333,CC-BY-4.0,https://doi.org/10.1145/3394171.3413528,https://github.com/AI4Bharat/INCLUDE,https://zenodo.org/records/4010759,1fad0f31effc837bda2db44de1bd2f9af0d97a2c82d73df9e504c8cbbcb288fc,7f7f7f6767670000,1.0,unique,accepted
hospital,hospital,INCLUDE,hospital,hospital/hospital__INCLUDE__00511__MVI_3398.mp4,MVI_3398.MOV,include_MVI_3398,,30.0,854x480,2.8,CC-BY-4.0,https://doi.org/10.1145/3394171.3413528,https://github.com/AI4Bharat/INCLUDE,https://zenodo.org/records/4010759,48a2ea34cb05049c7fe04baccdb02ad1fa66fc7026db4977edc556ba67ce377a,7f7f7f6767670000,1.0,unique,accepted
hospital,hospital,INCLUDE,hospital,hospital/hospital__INCLUDE__00512__MVI_3399.mp4,MVI_3399.MOV,include_MVI_3399,,30.0,854x480,2.6,CC-BY-4.0,https://doi.org/10.1145/3394171.3413528,https://github.com/AI4Bharat/INCLUDE,https://zenodo.org/records/4010759,6c94f3fc5a46eaf276da9a7751b6922da37acbfc97e4fb4ef72b9bd574532c44,7f7f776767670000,1.0,unique,accepted
hospital,hospital,INCLUDE,hospital,hospital/hospital__INCLUDE__00513__MVI_3400.mp4,MVI_3400.MOV,include_MVI_3400,,30.0,854x480,2.833008,CC-BY-4.0,https://doi.org/10.1145/3394171.3413528,https://github.com/AI4Bharat/INCLUDE,https://zenodo.org/records/4010759,06da02c7256d352a2d83593fa471781b39c62bd4155f2086e11f6277c9e44a6f,7f7f6f6767670000,1.0,unique,accepted
hospital,hospital,INCLUDE,hospital,hospital/hospital__INCLUDE__00514__MVI_3480.mp4,MVI_3480.MOV,include_MVI_3480,,30.0,854x480,2.633008,CC-BY-4.0,https://doi.org/10.1145/3394171.3413528,https://github.com/AI4Bharat/INCLUDE,https://zenodo.org/records/4010759,14b3e4edc9b7505d6dd1f90762bbf32c70b07505d40bd47b3b23c63d9226b3f2,7f77676767670000,1.0,unique,accepted
hospital,hospital,INCLUDE,hospital,hospital/hospital__INCLUDE__00515__MVI_3481.mp4,MVI_3481.MOV,include_MVI_3481,,30.0,854x480,2.766016,CC-BY-4.0,https://doi.org/10.1145/3394171.3413528,https://github.com/AI4Bharat/INCLUDE,https://zenodo.org/records/4010759,462dbc32ab5a3d6787629ef40bc7976a543bcce0f61555d78bb2b9ea78d970fe,7f77676767670000,1.0,unique,accepted
hospital,hospital,INCLUDE,hospital,hospital/hospital__INCLUDE__00516__MVI_3482.mp4,MVI_3482.MOV,include_MVI_3482,,30.0,854x480,2.533333,CC-BY-4.0,https://doi.org/10.1145/3394171.3413528,https://github.com/AI4Bharat/INCLUDE,https://zenodo.org/records/4010759,8346531524427c50564047d0657d986b7394eba05243a07c6ba8ad5e28ad2043,7f77676767670000,1.0,unique,accepted
hospital,hospital,INCLUDE,hospital,hospital/hospital__INCLUDE__00517__MVI_3483.mp4,MVI_3483.MOV,include_MVI_3483,,30.0,854x480,2.433008,CC-BY-4.0,https://doi.org/10.1145/3394171.3413528,https://github.com/AI4Bharat/INCLUDE,https://zenodo.org/records/4010759,e0987b9f3f1e877f4de436d1e9d27968c3d12f3c0a16e6553b9134e9d8df48e9,7f77676767670000,1.0,unique,accepted
hospital,hospital,INCLUDE,hospital,hospital/hospital__INCLUDE__00518__MVI_3560.mp4,MVI_3560.MOV,include_MVI_3560,,30.0,854x480,2.366016,CC-BY-4.0,https://doi.org/10.1145/3394171.3413528,https://github.com/AI4Bharat/INCLUDE,https://zenodo.org/records/4010759,dfd807fff6a1985ec3ee44d5230758bbf479d9dfa32d7533790d8dcdbc5cd25b,7f7f7f77e7640000,1.0,unique,accepted
hospital,hospital,INCLUDE,hospital,hospital/hospital__INCLUDE__00519__MVI_3561.mp4,MVI_3561.MOV,include_MVI_3561,,30.0,854x480,2.233008,CC-BY-4.0,https://doi.org/10.1145/3394171.3413528,https://github.com/AI4Bharat/INCLUDE,https://zenodo.org/records/4010759,3de2cc7e248cabbd463d01f4237946dcbb1abf888f2a8372ba506575dd467a71,7f7f7f67e7640000,1.0,unique,accepted
hospital,hospital,INCLUDE,hospital,hospital/hospital__INCLUDE__00520__MVI_3562.mp4,MVI_3562.MOV,include_MVI_3562,,30.0,854x480,2.366016,CC-BY-4.0,https://doi.org/10.1145/3394171.3413528,https://github.com/AI4Bharat/INCLUDE,https://zenodo.org/records/4010759,81b17ddc8eaa215e2a7bbf93370096add7c69bb0ccac5616e5e1faf704fcbb4c,7f7f7f67e7640000,1.0,unique,accepted
hospital,hospital,INCLUDE,hospital,hospital/hospital__INCLUDE__00521__MVI_3563.mp4,MVI_3563.MOV,include_MVI_3563,,30.0,854x480,2.6,CC-BY-4.0,https://doi.org/10.1145/3394171.3413528,https://github.com/AI4Bharat/INCLUDE,https://zenodo.org/records/4010759,dceb21f42521f7182c01bbb2b943e083ae4eadad12ac4f62ca5a1c85eaafa7c9,7f7f7f77e7640000,1.0,unique,accepted
hospital,hospital,INCLUDE,hospital,hospital/hospital__INCLUDE__00522__MVI_3638.mp4,MVI_3638.MOV,include_MVI_3638,,30.0,854x480,2.6,CC-BY-4.0,https://doi.org/10.1145/3394171.3413528,https://github.com/AI4Bharat/INCLUDE,https://zenodo.org/records/4010759,4b5b79f2acfc43deaa212abb5f4e6107c960ed7d1a276123f683883106230724,7f7f7f6767670000,1.0,unique,accepted
hospital,hospital,INCLUDE,hospital,hospital/hospital__INCLUDE__00523__MVI_3639.mp4,MVI_3639.MOV,include_MVI_3639,,30.0,854x480,2.166667,CC-BY-4.0,https://doi.org/10.1145/3394171.3413528,https://github.com/AI4Bharat/INCLUDE,https://zenodo.org/records/4010759,910877534b01aa2f8a4bb19e57660cbfa6293afde4b6113b4da366112c1785cc,7f7f7f6767670000,1.0,unique,accepted
hospital,hospital,INCLUDE,hospital,hospital/hospital__INCLUDE__00524__MVI_3640.mp4,MVI_3640.MOV,include_MVI_3640,,30.0,854x480,2.233008,CC-BY-4.0,https://doi.org/10.1145/3394171.3413528,https://github.com/AI4Bharat/INCLUDE,https://zenodo.org/records/4010759,f880446bf725a4fd0b27ce6a4268173cf9c8fbc14ef4bd2aadffd4b7e5d528a0,7f7f7f6767670000,1.0,unique,accepted
hospital,hospital,INCLUDE,hospital,hospital/hospital__INCLUDE__00525__MVI_3641.mp4,MVI_3641.MOV,include_MVI_3641,,30.0,854x480,2.333008,CC-BY-4.0,https://doi.org/10.1145/3394171.3413528,https://github.com/AI4Bharat/INCLUDE,https://zenodo.org/records/4010759,6fce465c52ac06db1603a692cec4592cad001cc151ba3e5583750566cd9e7bff,7f7f7f6767670000,1.0,unique,accepted
market,market,INCLUDE,market,market/market__INCLUDE__00526__MVI_3323.mp4,MVI_3323.MOV,include_MVI_3323,,30.0,854x480,2.766016,CC-BY-4.0,https://doi.org/10.1145/3394171.3413528,https://github.com/AI4Bharat/INCLUDE,https://zenodo.org/records/4010759,156ae8606e2c93c96413c42733e492aa5be9cf22bd9ba7b57f2225004cf2e9d9,7f77776767670000,1.0,unique,accepted
market,market,INCLUDE,market,market/market__INCLUDE__00527__MVI_3324.mp4,MVI_3324.MOV,include_MVI_3324,,30.0,854x480,2.766667,CC-BY-4.0,https://doi.org/10.1145/3394171.3413528,https://github.com/AI4Bharat/INCLUDE,https://zenodo.org/records/4010759,920d7c4a2594f12c502fe18beab7be278f7ad86ca8c7cb7250631e042f9fc94a,7f77776767670000,1.0,unique,accepted
market,market,INCLUDE,market,market/market__INCLUDE__00528__MVI_3325.mp4,MVI_3325.MOV,include_MVI_3325,,30.0,854x480,2.466667,CC-BY-4.0,https://doi.org/10.1145/3394171.3413528,https://github.com/AI4Bharat/INCLUDE,https://zenodo.org/records/4010759,bcc3b66a0ecbed3a288395e1e9f935ce87b71b8ea4ea0f0d18e3128e111a4578,7f77776767670000,1.0,unique,accepted
market,market,INCLUDE,market,market/market__INCLUDE__00529__MVI_3326.mp4,MVI_3326.MOV,include_MVI_3326,,30.0,854x480,2.633333,CC-BY-4.0,https://doi.org/10.1145/3394171.3413528,https://github.com/AI4Bharat/INCLUDE,https://zenodo.org/records/4010759,e02c83b88de072c6a1ab00e7af75e30aea1a239099be96816f9f91fa9aead1d0,7f77776767670000,1.0,unique,accepted
market,market,INCLUDE,market,market/market__INCLUDE__00530__MVI_3405.mp4,MVI_3405.MOV,include_MVI_3405,,30.0,854x480,3.566016,CC-BY-4.0,https://doi.org/10.1145/3394171.3413528,https://github.com/AI4Bharat/INCLUDE,https://zenodo.org/records/4010759,b72972540a34b09aa4dec7e81d35c6505e52af6bfe4ec70fd1f8d8d3a980f0ec,7f7f7f6767670000,1.0,unique,accepted
market,market,INCLUDE,market,market/market__INCLUDE__00531__MVI_3406.mp4,MVI_3406.MOV,include_MVI_3406,,30.0,854x480,2.266016,CC-BY-4.0,https://doi.org/10.1145/3394171.3413528,https://github.com/AI4Bharat/INCLUDE,https://zenodo.org/records/4010759,debfd1446c0e66e7bff6f4493ff9c447768b07126bcfaa4af38d23fed803c244,7f7f7f6767670000,1.0,unique,accepted
market,market,INCLUDE,market,market/market__INCLUDE__00532__MVI_3407.mp4,MVI_3407.MOV,include_MVI_3407,,30.0,854x480,2.433333,CC-BY-4.0,https://doi.org/10.1145/3394171.3413528,https://github.com/AI4Bharat/INCLUDE,https://zenodo.org/records/4010759,c44887555c9457b8ee8cf1ff7afb6ec5f9e65bbff903a4c5146f9d9e9afd4c7a,7f7f7f6767770000,1.0,unique,accepted
market,market,INCLUDE,market,market/market__INCLUDE__00533__MVI_3408.mp4,MVI_3408.MOV,include_MVI_3408,,30.0,854x480,2.266667,CC-BY-4.0,https://doi.org/10.1145/3394171.3413528,https://github.com/AI4Bharat/INCLUDE,https://zenodo.org/records/4010759,eec344d17defcb208d505dc67116ef6354857e043b83fdfb5c9e1a7841d49493,7f7f7f6767670000,1.0,unique,accepted
market,market,INCLUDE,market,market/market__INCLUDE__00534__MVI_3488.mp4,MVI_3488.MOV,include_MVI_3488,,30.0,854x480,2.0,CC-BY-4.0,https://doi.org/10.1145/3394171.3413528,https://github.com/AI4Bharat/INCLUDE,https://zenodo.org/records/4010759,f3895d75e0d3f91cdda3a2edee071ce637de8646a7a2ce2ab758d87aeb1d7c6a,7f7f676767670000,1.0,unique,accepted
market,market,INCLUDE,market,market/market__INCLUDE__00535__MVI_3489.mp4,MVI_3489.MOV,include_MVI_3489,,30.0,854x480,1.766016,CC-BY-4.0,https://doi.org/10.1145/3394171.3413528,https://github.com/AI4Bharat/INCLUDE,https://zenodo.org/records/4010759,2f16494440b8ce919b0d8eb307a41da0fae61736c9525f9e5716d16396bfbddc,7f77676767670000,1.0,unique,accepted
market,market,INCLUDE,market,market/market__INCLUDE__00536__MVI_3490.mp4,MVI_3490.MOV,include_MVI_3490,,30.0,854x480,2.233333,CC-BY-4.0,https://doi.org/10.1145/3394171.3413528,https://github.com/AI4Bharat/INCLUDE,https://zenodo.org/records/4010759,980c62237f2a8c2edd44bf482925a2d41748d6dc7cb325ca782fb4ce978cf199,7f77776767670000,1.0,unique,accepted
market,market,INCLUDE,market,market/market__INCLUDE__00537__MVI_3491.mp4,MVI_3491.MOV,include_MVI_3491,,30.0,854x480,1.966016,CC-BY-4.0,https://doi.org/10.1145/3394171.3413528,https://github.com/AI4Bharat/INCLUDE,https://zenodo.org/records/4010759,00c6b86a8fc5994b965b32ed15977b6226d164be195e792aa2ae53fdfca9440f,7f7f676767670000,1.0,unique,accepted
market,market,INCLUDE,market,market/market__INCLUDE__00538__MVI_3569.mp4,MVI_3569.MOV,include_MVI_3569,,30.0,854x480,2.366016,CC-BY-4.0,https://doi.org/10.1145/3394171.3413528,https://github.com/AI4Bharat/INCLUDE,https://zenodo.org/records/4010759,ca2f4cf253399aab558e8bc370e71ea286dcd19b7293119c1f760b51b56c857f,7f7f7f77e7640000,1.0,unique,accepted
market,market,INCLUDE,market,market/market__INCLUDE__00539__MVI_3570.mp4,MVI_3570.MOV,include_MVI_3570,,30.0,854x480,2.0,CC-BY-4.0,https://doi.org/10.1145/3394171.3413528,https://github.com/AI4Bharat/INCLUDE,https://zenodo.org/records/4010759,b9d19a8e8beb76188b00e273af384dff9d9d5e8cd1073b02ecfb1a4d95810155,7f7f7f77e7640000,1.0,unique,accepted
market,market,INCLUDE,market,market/market__INCLUDE__00540__MVI_3571.mp4,MVI_3571.MOV,include_MVI_3571,,30.0,854x480,1.966016,CC-BY-4.0,https://doi.org/10.1145/3394171.3413528,https://github.com/AI4Bharat/INCLUDE,https://zenodo.org/records/4010759,f9e37fc755f001986405e463628860db8040dbe84de40278e819333cc495fcbb,7f7f7f77e7650000,1.0,unique,accepted
market,market,INCLUDE,market,market/market__INCLUDE__00541__MVI_3572.mp4,MVI_3572.MOV,include_MVI_3572,,30.0,854x480,2.033333,CC-BY-4.0,https://doi.org/10.1145/3394171.3413528,https://github.com/AI4Bharat/INCLUDE,https://zenodo.org/records/4010759,b87466069ebcff93ca9d5f42b5b923bea3f0be26a44f0519b129203e3296178d,7f7f7f67e7640000,1.0,unique,accepted
market,market,INCLUDE,market,market/market__INCLUDE__00542__MVI_3647.mp4,MVI_3647.MOV,include_MVI_3647,,30.0,854x480,2.133008,CC-BY-4.0,https://doi.org/10.1145/3394171.3413528,https://github.com/AI4Bharat/INCLUDE,https://zenodo.org/records/4010759,e05190a3df25120b4fa7bb931b34d3da505caaf71f3875566ea900a6ad6682bc,7f7f7f6767670000,1.0,unique,accepted
market,market,INCLUDE,market,market/market__INCLUDE__00543__MVI_3648.mp4,MVI_3648.MOV,include_MVI_3648,,30.0,854x480,2.0,CC-BY-4.0,https://doi.org/10.1145/3394171.3413528,https://github.com/AI4Bharat/INCLUDE,https://zenodo.org/records/4010759,beebe88a37455c65538de46b20abe773433cba3fbc87f55612a45cde4880f028,7f7f7f6767670000,1.0,unique,accepted
market,market,INCLUDE,market,market/market__INCLUDE__00544__MVI_3649.mp4,MVI_3649.MOV,include_MVI_3649,,30.0,854x480,1.933333,CC-BY-4.0,https://doi.org/10.1145/3394171.3413528,https://github.com/AI4Bharat/INCLUDE,https://zenodo.org/records/4010759,534520101efec72f67893a8eb3344484396506bc6ffcc2e1034f16d583f8be7a,7f7f7f6767670000,1.0,unique,accepted
market,market,INCLUDE,market,market/market__INCLUDE__00545__MVI_3650.mp4,MVI_3650.MOV,include_MVI_3650,,30.0,854x480,1.966667,CC-BY-4.0,https://doi.org/10.1145/3394171.3413528,https://github.com/AI4Bharat/INCLUDE,https://zenodo.org/records/4010759,5e59aa44e635fac9a9a00553013476b3baa4db978722a57a9475236457392732,7f7f7f6767670000,1.0,unique,accepted
friend,friend,INCLUDE,friend,friend/friend__INCLUDE__00546__MVI_3826.mp4,MVI_3826.MOV,include_MVI_3826,,30.0,854x480,2.433008,CC-BY-4.0,https://doi.org/10.1145/3394171.3413528,https://github.com/AI4Bharat/INCLUDE,https://zenodo.org/records/4010759,66977ac713b9902dc8073b8c6ed0555bd11ae16c789379708d8b9c1aa674e7d7,fefee6e6e6e60000,1.0,unique,accepted
friend,friend,INCLUDE,friend,friend/friend__INCLUDE__00547__MVI_3827.mp4,MVI_3827.MOV,include_MVI_3827,,30.0,854x480,2.366016,CC-BY-4.0,https://doi.org/10.1145/3394171.3413528,https://github.com/AI4Bharat/INCLUDE,https://zenodo.org/records/4010759,2da23e780cd36436c7d34eb0cbec0938ddc3286fa70acd0910140564b17573e7,fefef6e6e6e60000,1.0,unique,accepted
friend,friend,INCLUDE,friend,friend/friend__INCLUDE__00548__MVI_3828.mp4,MVI_3828.MOV,include_MVI_3828,,30.0,854x480,2.433008,CC-BY-4.0,https://doi.org/10.1145/3394171.3413528,https://github.com/AI4Bharat/INCLUDE,https://zenodo.org/records/4010759,c8d38ad603732338f357ca4ca9dcaa6b9ea4bb4ce9dfcdb6605011ef1254e553,fefee6e6e6e60000,1.0,unique,accepted
friend,friend,INCLUDE,friend,friend/friend__INCLUDE__00549__MVI_3975.mp4,MVI_3975.MOV,include_MVI_3975,,30.0,854x480,2.566016,CC-BY-4.0,https://doi.org/10.1145/3394171.3413528,https://github.com/AI4Bharat/INCLUDE,https://zenodo.org/records/4010759,b9a5d61f2e7e7058e13143b76253fd3e20e8da9766d567c7d4acac03a596421f,fefff7e7e6e60000,1.0,unique,accepted
friend,friend,INCLUDE,friend,friend/friend__INCLUDE__00550__MVI_3976.mp4,MVI_3976.MOV,include_MVI_3976,,30.0,854x480,2.866667,CC-BY-4.0,https://doi.org/10.1145/3394171.3413528,https://github.com/AI4Bharat/INCLUDE,https://zenodo.org/records/4010759,a71b831176acb03c6926d11f2ca2c52404558e84867e4e850e316b6afda208ed,fef7f7e7e6e60000,1.0,unique,accepted
friend,friend,INCLUDE,friend,friend/friend__INCLUDE__00551__MVI_3977.mp4,MVI_3977.MOV,include_MVI_3977,,30.0,854x480,2.233333,CC-BY-4.0,https://doi.org/10.1145/3394171.3413528,https://github.com/AI4Bharat/INCLUDE,https://zenodo.org/records/4010759,ff72137bcc2f043e5ae989933732521de05a804d9b787be582465a3ab3c03fc1,fef7f7e6e6e60000,1.0,unique,accepted
friend,friend,INCLUDE,friend,friend/friend__INCLUDE__00552__MVI_4122.mp4,MVI_4122.MOV,include_MVI_4122,,30.0,854x480,2.233008,CC-BY-4.0,https://doi.org/10.1145/3394171.3413528,https://github.com/AI4Bharat/INCLUDE,https://zenodo.org/records/4010759,a491f16bda7e9a6a1120babc4ca123e985af494686a6b97cfeef6de0f0198818,fefefee6e6e60000,1.0,unique,accepted
friend,friend,INCLUDE,friend,friend/friend__INCLUDE__00553__MVI_4123.mp4,MVI_4123.MOV,include_MVI_4123,,30.0,854x480,2.033008,CC-BY-4.0,https://doi.org/10.1145/3394171.3413528,https://github.com/AI4Bharat/INCLUDE,https://zenodo.org/records/4010759,1f56b9f458a49210d2fb49198ea5bccddd377546a11d025863bf4b690209e67d,fefefef6e6e60000,1.0,unique,accepted
friend,friend,INCLUDE,friend,friend/friend__INCLUDE__00554__MVI_4124.mp4,MVI_4124.MOV,include_MVI_4124,,30.0,854x480,2.2,CC-BY-4.0,https://doi.org/10.1145/3394171.3413528,https://github.com/AI4Bharat/INCLUDE,https://zenodo.org/records/4010759,39f54bd0d82d93eb61292cf15ed926b6d31817d082768fd1cbb5ca58364bf4c9,fefefee6e6e60000,1.0,unique,accepted
friend,friend,INCLUDE,friend,friend/friend__INCLUDE__00555__MVI_4246.mp4,MVI_4246.MOV,include_MVI_4246,,30.0,854x480,2.433008,CC-BY-4.0,https://doi.org/10.1145/3394171.3413528,https://github.com/AI4Bharat/INCLUDE,https://zenodo.org/records/4010759,3d3b6d67a0fd52f6b207f42464b55be5dfa38257c3108adff989fe0bb879cc8f,fff7f7e7f7210100,1.0,unique,accepted
friend,friend,INCLUDE,friend,friend/friend__INCLUDE__00556__MVI_4997.mp4,MVI_4997.MOV,include_MVI_4997,,30.0,854x480,1.833008,CC-BY-4.0,https://doi.org/10.1145/3394171.3413528,https://github.com/AI4Bharat/INCLUDE,https://zenodo.org/records/4010759,b3e5ba9c8b4853cae1711137fa1acaf733902485dab66abdec0e9c68d7d0d280,7f7f6767e7670000,1.0,unique,accepted
friend,friend,INCLUDE,friend,friend/friend__INCLUDE__00557__MVI_4998.mp4,MVI_4998.MOV,include_MVI_4998,,30.0,854x480,1.933008,CC-BY-4.0,https://doi.org/10.1145/3394171.3413528,https://github.com/AI4Bharat/INCLUDE,https://zenodo.org/records/4010759,e9e219444a9ca7d5e8b6865998903f4d76e8fcf931bc570e1d369b6142ffe469,7f7f6767e7670000,1.0,unique,accepted
friend,friend,INCLUDE,friend,friend/friend__INCLUDE__00558__MVI_4999.mp4,MVI_4999.MOV,include_MVI_4999,,30.0,854x480,1.833333,CC-BY-4.0,https://doi.org/10.1145/3394171.3413528,https://github.com/AI4Bharat/INCLUDE,https://zenodo.org/records/4010759,69df38f204131c015b3fb5cd050f0880f0d64b8dd8553090a3772f438872cb71,7f7f6767e7670000,1.0,unique,accepted
friend,friend,INCLUDE,friend,friend/friend__INCLUDE__00559__MVI_5145.mp4,MVI_5145.MOV,include_MVI_5145,,30.0,854x480,2.233008,CC-BY-4.0,https://doi.org/10.1145/3394171.3413528,https://github.com/AI4Bharat/INCLUDE,https://zenodo.org/records/4010759,bd399b1f6c0b6360907ac0012d3d2f1334047d5aaf5521719314bf3cea0c77ca,7f7f7f6fef101010,1.0,unique,accepted
friend,friend,INCLUDE,friend,friend/friend__INCLUDE__00560__MVI_5146.mp4,MVI_5146.MOV,include_MVI_5146,,30.0,854x480,2.333333,CC-BY-4.0,https://doi.org/10.1145/3394171.3413528,https://github.com/AI4Bharat/INCLUDE,https://zenodo.org/records/4010759,08f93a4552fb1771b18e931638f657e7d375e2e20c36355ff6f20441f11db5ec,7f7f7f6fef301010,1.0,unique,accepted
friend,friend,INCLUDE,friend,friend/friend__INCLUDE__00561__MVI_5147.mp4,MVI_5147.MOV,include_MVI_5147,,30.0,854x480,2.166016,CC-BY-4.0,https://doi.org/10.1145/3394171.3413528,https://github.com/AI4Bharat/INCLUDE,https://zenodo.org/records/4010759,b0f24f93f1d58b7ba8aef75150fc403d3526febf5fa410d2728b823b0a3df801,7f7f7f6fef301010,1.0,unique,accepted
friend,friend,INCLUDE,friend,friend/friend__INCLUDE__00562__MVI_5299.mp4,MVI_5299.MOV,include_MVI_5299,,30.0,854x480,1.966016,CC-BY-4.0,https://doi.org/10.1145/3394171.3413528,https://github.com/AI4Bharat/INCLUDE,https://zenodo.org/records/4010759,acc64698a229582407c441c8010c0726a325bc4b698b92b80d2f984e80505710,7f7f7767e7240000,1.0,unique,accepted
friend,friend,INCLUDE,friend,friend/friend__INCLUDE__00563__MVI_5300.mp4,MVI_5300.MOV,include_MVI_5300,,30.0,854x480,2.066016,CC-BY-4.0,https://doi.org/10.1145/3394171.3413528,https://github.com/AI4Bharat/INCLUDE,https://zenodo.org/records/4010759,8e9e0e79fdb54d1b44fd991cff1e5905afc81a4a631cdfda90b48dee043ee835,7f7f7767e7240000,1.0,unique,accepted
friend,friend,INCLUDE,friend,friend/friend__INCLUDE__00564__MVI_5301.mp4,MVI_5301.MOV,include_MVI_5301,,30.0,854x480,2.466016,CC-BY-4.0,https://doi.org/10.1145/3394171.3413528,https://github.com/AI4Bharat/INCLUDE,https://zenodo.org/records/4010759,c6522b1ed6ade6f5c5ddfdf255736978ac03af90354289c28da8545734426f28,7f7f7767e7260000,1.0,unique,accepted
friend,friend,INCLUDE,friend,friend/friend__INCLUDE__00565__MVI_8648.mp4,MVI_8648.MP4,include_MVI_8648,,30.0,854x480,2.366016,CC-BY-4.0,https://doi.org/10.1145/3394171.3413528,https://github.com/AI4Bharat/INCLUDE,https://zenodo.org/records/4010759,e6fc84aad70a633fb1bf9a827045ee9843faddf77f8643950439fb128127c1f9,7f7f7f6767360000,1.0,unique,accepted
hello,hello,INCLUDE,hello,hello/hello__INCLUDE__00566__MVI_0029.mp4,MVI_0029.MOV,include_MVI_0029,,30.0,854x480,2.533008,CC-BY-4.0,https://doi.org/10.1145/3394171.3413528,https://github.com/AI4Bharat/INCLUDE,https://zenodo.org/records/4010759,2d514421e048da47b8a8b743c63ae8970e273bb0ef3e4a66fd050e99ec0a8188,fefee6e6f6f00000,1.0,unique,accepted
hello,hello,INCLUDE,hello,hello/hello__INCLUDE__00567__MVI_0030.mp4,MVI_0030.MOV,include_MVI_0030,,30.0,854x480,2.966016,CC-BY-4.0,https://doi.org/10.1145/3394171.3413528,https://github.com/AI4Bharat/INCLUDE,https://zenodo.org/records/4010759,2ed2c61719766b52446bcd48bdf3c8975d9012967738b38378d954dc3f0f0086,fefee6e6f6f00000,1.0,unique,accepted
hello,hello,INCLUDE,hello,hello/hello__INCLUDE__00568__MVI_0031.mp4,MVI_0031.MOV,include_MVI_0031,,30.0,854x480,2.6,CC-BY-4.0,https://doi.org/10.1145/3394171.3413528,https://github.com/AI4Bharat/INCLUDE,https://zenodo.org/records/4010759,7ba3673a03bafddf76490ff5cd5cc00a624e6056303d0c231c39a7f2ebc7832a,feeee6e6f6f00000,1.0,unique,accepted
hello,hello,INCLUDE,hello,hello/hello__INCLUDE__00569__MVI_0032.mp4,MVI_0032.MOV,include_MVI_0032,,30.0,854x480,2.433008,CC-BY-4.0,https://doi.org/10.1145/3394171.3413528,https://github.com/AI4Bharat/INCLUDE,https://zenodo.org/records/4010759,9a49b2b62cc3726dfa4c909a78cf9a4e52f1b229801f95a2a9149a3e5896071c,fefee6e6f6f00000,1.0,unique,accepted
hello,hello,INCLUDE,hello,hello/hello__INCLUDE__00570__MVI_0037.mp4,MVI_0037.MOV,include_MVI_0037,,30.0,854x480,1.966016,CC-BY-4.0,https://doi.org/10.1145/3394171.3413528,https://github.com/AI4Bharat/INCLUDE,https://zenodo.org/records/4010759,a8d390d875c6ec837e4180fae8210268a8ca5da3c5b57e91d0f9dc6d962f97d6,7f7f7767f7644080,1.0,unique,accepted
hello,hello,INCLUDE,hello,hello/hello__INCLUDE__00571__MVI_0038.mp4,MVI_0038.MOV,include_MVI_0038,,30.0,854x480,2.233008,CC-BY-4.0,https://doi.org/10.1145/3394171.3413528,https://github.com/AI4Bharat/INCLUDE,https://zenodo.org/records/4010759,47b0b4fd074099c78afa77cc5d847317ae2cc39331883865dd54f4dd704a9bb4,7f7f7767e7644080,1.0,unique,accepted
hello,hello,INCLUDE,hello,hello/hello__INCLUDE__00572__MVI_0039.mp4,MVI_0039.MOV,include_MVI_0039,,30.0,854x480,2.066016,CC-BY-4.0,https://doi.org/10.1145/3394171.3413528,https://github.com/AI4Bharat/INCLUDE,https://zenodo.org/records/4010759,300a9e6e69bc7131cc99354c1b6000a56a9441b4a0978d10dd61a8cb167cd7c9,7f7f7767e7644080,1.0,unique,accepted
hello,hello,INCLUDE,hello,hello/hello__INCLUDE__00573__MVI_0089.mp4,MVI_0089.MOV,include_MVI_0089,,30.0,854x480,2.733008,CC-BY-4.0,https://doi.org/10.1145/3394171.3413528,https://github.com/AI4Bharat/INCLUDE,https://zenodo.org/records/4010759,7259eca5cbeb344183a22c09ec8640b8460439d0a9f637d4fa01862d23c844a3,7f7f7f6f67660000,1.0,unique,accepted
hello,hello,INCLUDE,hello,hello/hello__INCLUDE__00574__MVI_0090.mp4,MVI_0090.MOV,include_MVI_0090,,30.0,854x480,2.766016,CC-BY-4.0,https://doi.org/10.1145/3394171.3413528,https://github.com/AI4Bharat/INCLUDE,https://zenodo.org/records/4010759,4eac54cdcd41f1cfbd5513c42cc7c68916991ef30a432a0bb7cfc850badb468e,7f7f6f6767620000,1.0,unique,accepted
hello,hello,INCLUDE,hello,hello/hello__INCLUDE__00575__MVI_0091.mp4,MVI_0091.MOV,include_MVI_0091,,30.0,854x480,3.2,CC-BY-4.0,https://doi.org/10.1145/3394171.3413528,https://github.com/AI4Bharat/INCLUDE,https://zenodo.org/records/4010759,b6e698d04af7f643226602ea5536f6af5ec00e89cdac8d5fe1cdc1d7601a2140,7f7f7f6f67620000,1.0,unique,accepted
hello,hello,INCLUDE,hello,hello/hello__INCLUDE__00576__MVI_9914.mp4,MVI_9914.MOV,include_MVI_9914,,30.0,854x480,2.133008,CC-BY-4.0,https://doi.org/10.1145/3394171.3413528,https://github.com/AI4Bharat/INCLUDE,https://zenodo.org/records/4010759,8c3bf055f6c7994ef306cf7248f60ab9d9c4a5df5b6c8b2e88e39e12fc5601e6,7f7f7f67e7260000,1.0,unique,accepted
hello,hello,INCLUDE,hello,hello/hello__INCLUDE__00577__MVI_9915.mp4,MVI_9915.MOV,include_MVI_9915,,30.0,854x480,2.066016,CC-BY-4.0,https://doi.org/10.1145/3394171.3413528,https://github.com/AI4Bharat/INCLUDE,https://zenodo.org/records/4010759,603ab0f6b43bc6f7925d0cc32cbcb13c8141d5fd9a0c98c8fff3382ee0d42276,7f7f7f67e7260000,1.0,unique,accepted
hello,hello,INCLUDE,hello,hello/hello__INCLUDE__00578__MVI_9916.mp4,MVI_9916.MOV,include_MVI_9916,,30.0,854x480,2.0,CC-BY-4.0,https://doi.org/10.1145/3394171.3413528,https://github.com/AI4Bharat/INCLUDE,https://zenodo.org/records/4010759,05034a8a015178239fdec5cfe2eaef1d9812f982333369442d94ccc99e6c2a94,7f7f7f67e7260000,1.0,unique,accepted
hello,hello,INCLUDE,hello,hello/hello__INCLUDE__00579__MVI_9917.mp4,MVI_9917.MOV,include_MVI_9917,,30.0,854x480,1.966016,CC-BY-4.0,https://doi.org/10.1145/3394171.3413528,https://github.com/AI4Bharat/INCLUDE,https://zenodo.org/records/4010759,e9ce04cfc3845b45614d0fd6845772dd91bf0a7939bf0d29b15491d38f2f7e40,7f7f7f67e7260000,1.0,unique,accepted
hello,hello,INCLUDE,hello,hello/hello__INCLUDE__00580__MVI_9954.mp4,MVI_9954.MOV,include_MVI_9954,,30.0,854x480,2.766016,CC-BY-4.0,https://doi.org/10.1145/3394171.3413528,https://github.com/AI4Bharat/INCLUDE,https://zenodo.org/records/4010759,495feded7769783f13377fa9b496bbde19aa388d33ff7df47ab1fb866139d698,feeeeee6e6e60000,1.0,unique,accepted
hello,hello,INCLUDE,hello,hello/hello__INCLUDE__00581__MVI_9955.mp4,MVI_9955.MOV,include_MVI_9955,,30.0,854x480,3.366016,CC-BY-4.0,https://doi.org/10.1145/3394171.3413528,https://github.com/AI4Bharat/INCLUDE,https://zenodo.org/records/4010759,0503ebd2f6f5ddde626a48c61f37612850928aa5db80e7493a3221f63cca2790,feeeeee6e6e60000,1.0,unique,accepted
hello,hello,INCLUDE,hello,hello/hello__INCLUDE__00582__MVI_9956.mp4,MVI_9956.MOV,include_MVI_9956,,30.0,854x480,3.033333,CC-BY-4.0,https://doi.org/10.1145/3394171.3413528,https://github.com/AI4Bharat/INCLUDE,https://zenodo.org/records/4010759,4aeba419d74d84dd5e0fb14d752718454acfd4aa504322b5f071a79814e6e622,fefeeee6f6e60000,1.0,unique,accepted
hello,hello,INCLUDE,hello,hello/hello__INCLUDE__00583__MVI_9957.mp4,MVI_9957.MOV,include_MVI_9957,,30.0,854x480,3.166667,CC-BY-4.0,https://doi.org/10.1145/3394171.3413528,https://github.com/AI4Bharat/INCLUDE,https://zenodo.org/records/4010759,a62a9d7561809e5f64deb9e8dbc8d206e1d4feae874516cbc5e29974b9ce5702,feeeeee6e6e60000,1.0,unique,accepted
hello,hello,INCLUDE,hello,hello/hello__INCLUDE__00584__MVI_9982.mp4,MVI_9982.MOV,include_MVI_9982,,30.0,854x480,2.033333,CC-BY-4.0,https://doi.org/10.1145/3394171.3413528,https://github.com/AI4Bharat/INCLUDE,https://zenodo.org/records/4010759,2e99985f66c072210b69b2ae3d6f7c0c3b6bf6fcf4ee8ac822d49ed3acc83c2b,7f7f6f67e7664000,1.0,unique,accepted
hello,hello,INCLUDE,hello,hello/hello__INCLUDE__00585__MVI_9983.mp4,MVI_9983.MOV,include_MVI_9983,,30.0,854x480,2.133333,CC-BY-4.0,https://doi.org/10.1145/3394171.3413528,https://github.com/AI4Bharat/INCLUDE,https://zenodo.org/records/4010759,8bf4c9285836af12e75978a311bc87184611a95cebb3d8564218eac10a9f3d2c,7f7f6f67e7664000,1.0,unique,accepted
hello,hello,INCLUDE,hello,hello/hello__INCLUDE__00586__MVI_9984.mp4,MVI_9984.MOV,include_MVI_9984,,30.0,854x480,1.866667,CC-BY-4.0,https://doi.org/10.1145/3394171.3413528,https://github.com/AI4Bharat/INCLUDE,https://zenodo.org/records/4010759,53d5f670b880c91c3e769aea21ea762dbb8986ed580619d56c85e87d81167db5,7f7f6f67e7664080,1.0,unique,accepted
okay,okay,INCLUDE,alright,okay/okay__INCLUDE__00587__MVI_0037.mp4,MVI_0037.MOV,include_MVI_0037,,30.0,854x480,2.933008,CC-BY-4.0,https://doi.org/10.1145/3394171.3413528,https://github.com/AI4Bharat/INCLUDE,https://zenodo.org/records/4010759,4b211f90901803ef107348e161c829ac09c853d90dd0d9b9f24bcaf2aa9c07c7,fefee6e6e6e00000,1.0,unique,Needs Manual Review
okay,okay,INCLUDE,alright,okay/okay__INCLUDE__00588__MVI_0038.mp4,MVI_0038.MOV,include_MVI_0038,,30.0,854x480,3.366016,CC-BY-4.0,https://doi.org/10.1145/3394171.3413528,https://github.com/AI4Bharat/INCLUDE,https://zenodo.org/records/4010759,75d3a3960962c8b6cff22433dbe63c8e92a89f16bf4614542c82ebe2507bcc0c,fefee6e6e6e00000,1.0,unique,Needs Manual Review
okay,okay,INCLUDE,alright,okay/okay__INCLUDE__00589__MVI_0039.mp4,MVI_0039.MOV,include_MVI_0039,,30.0,854x480,3.166016,CC-BY-4.0,https://doi.org/10.1145/3394171.3413528,https://github.com/AI4Bharat/INCLUDE,https://zenodo.org/records/4010759,171670eb40f419ae4c238e52ae6ce0b2f97be7cffeaaa323e1d2a184ee33bf02,feeee6e6e6e00000,1.0,unique,Needs Manual Review
okay,okay,INCLUDE,alright,okay/okay__INCLUDE__00590__MVI_0040.mp4,MVI_0040.MOV,include_MVI_0040,,30.0,854x480,3.2,CC-BY-4.0,https://doi.org/10.1145/3394171.3413528,https://github.com/AI4Bharat/INCLUDE,https://zenodo.org/records/4010759,5cf84fee617a8de324057e2ec3894794f9b8d5afbc7d691018476409976050bf,fefee6e6e6e00000,1.0,unique,Needs Manual Review
okay,okay,INCLUDE,alright,okay/okay__INCLUDE__00591__MVI_0043.mp4,MVI_0043.MOV,include_MVI_0043,,30.0,854x480,2.233333,CC-BY-4.0,https://doi.org/10.1145/3394171.3413528,https://github.com/AI4Bharat/INCLUDE,https://zenodo.org/records/4010759,8dacb2669f959b74aea888c90d6d36ca966d80321c1263d0da04db81ed61e96e,7f7f7767e7744080,1.0,unique,Needs Manual Review
okay,okay,INCLUDE,alright,okay/okay__INCLUDE__00592__MVI_0044.mp4,MVI_0044.MOV,include_MVI_0044,,30.0,854x480,2.333008,CC-BY-4.0,https://doi.org/10.1145/3394171.3413528,https://github.com/AI4Bharat/INCLUDE,https://zenodo.org/records/4010759,bbccc07e3b9d8c77d085d358d67a25b1acab4d7dc997751fb4328cff1b33e853,7f777767f7744080,1.0,unique,Needs Manual Review
okay,okay,INCLUDE,alright,okay/okay__INCLUDE__00593__MVI_0045.mp4,MVI_0045.MOV,include_MVI_0045,,30.0,854x480,2.533333,CC-BY-4.0,https://doi.org/10.1145/3394171.3413528,https://github.com/AI4Bharat/INCLUDE,https://zenodo.org/records/4010759,569343011d192cbdac3d7a89dae8d62c0928fe2f048b9cdc0ab904fec1154336,7f777767f7744080,1.0,unique,Needs Manual Review
okay,okay,INCLUDE,alright,okay/okay__INCLUDE__00594__MVI_0095.mp4,MVI_0095.MOV,include_MVI_0095,,30.0,854x480,2.533008,CC-BY-4.0,https://doi.org/10.1145/3394171.3413528,https://github.com/AI4Bharat/INCLUDE,https://zenodo.org/records/4010759,6163bcbdd2c7f818dfb85c4bc2ac1a5237ad560b117306ce7e9cfd809af39174,7f7f7f6767620000,1.0,unique,Needs Manual Review
okay,okay,INCLUDE,alright,okay/okay__INCLUDE__00595__MVI_0096.mp4,MVI_0096.MOV,include_MVI_0096,,30.0,854x480,3.266016,CC-BY-4.0,https://doi.org/10.1145/3394171.3413528,https://github.com/AI4Bharat/INCLUDE,https://zenodo.org/records/4010759,b223b3c68ee5992b7cd9616c48e2e179b554af73fd685a8904b9563a97d08213,7f7f7f6767620000,1.0,unique,Needs Manual Review
okay,okay,INCLUDE,alright,okay/okay__INCLUDE__00596__MVI_0097.mp4,MVI_0097.MOV,include_MVI_0097,,30.0,854x480,3.466016,CC-BY-4.0,https://doi.org/10.1145/3394171.3413528,https://github.com/AI4Bharat/INCLUDE,https://zenodo.org/records/4010759,67b227eea723d4ca5042d9ec558581cdb639f6c3159e4ed7a918340eac2d7020,7f7f6f6f67660000,1.0,unique,Needs Manual Review
okay,okay,INCLUDE,alright,okay/okay__INCLUDE__00597__MVI_9923.mp4,MVI_9923.MOV,include_MVI_9923,,30.0,854x480,2.166016,CC-BY-4.0,https://doi.org/10.1145/3394171.3413528,https://github.com/AI4Bharat/INCLUDE,https://zenodo.org/records/4010759,392c82f6bc90e86521656a594160b533961a558dfdc6025b5ba9a5a6a9bff337,7f7f7f67e7260000,1.0,unique,Needs Manual Review
okay,okay,INCLUDE,alright,okay/okay__INCLUDE__00598__MVI_9924.mp4,MVI_9924.MOV,include_MVI_9924,,30.0,854x480,2.2,CC-BY-4.0,https://doi.org/10.1145/3394171.3413528,https://github.com/AI4Bharat/INCLUDE,https://zenodo.org/records/4010759,49280e0ead3312fe38cb3780016b4b73372ea5ed70a3216a2b608250b7a9bb4e,7f7f7f67e7260000,1.0,unique,Needs Manual Review
okay,okay,INCLUDE,alright,okay/okay__INCLUDE__00599__MVI_9925.mp4,MVI_9925.MOV,include_MVI_9925,,30.0,854x480,2.133333,CC-BY-4.0,https://doi.org/10.1145/3394171.3413528,https://github.com/AI4Bharat/INCLUDE,https://zenodo.org/records/4010759,efa59fa5fe2a71c37703fce1cea3a9071255b64181e0c36613c1a70719d9b877,7f7f7f67e7260000,1.0,unique,Needs Manual Review
okay,okay,INCLUDE,alright,okay/okay__INCLUDE__00600__MVI_9926.mp4,MVI_9926.MOV,include_MVI_9926,,30.0,854x480,2.033008,CC-BY-4.0,https://doi.org/10.1145/3394171.3413528,https://github.com/AI4Bharat/INCLUDE,https://zenodo.org/records/4010759,2e1f9b50d05d8b4218858a2ae7e95d2de3e456b7af82283fe2088f90ce7aea5f,7f7f7f67e7260000,1.0,unique,Needs Manual Review
okay,okay,INCLUDE,alright,okay/okay__INCLUDE__00601__MVI_9963.mp4,MVI_9963.MOV,include_MVI_9963,,30.0,854x480,3.033008,CC-BY-4.0,https://doi.org/10.1145/3394171.3413528,https://github.com/AI4Bharat/INCLUDE,https://zenodo.org/records/4010759,3b89f8c04e38239535fe9110ec33fc0cf033822c8d239cf266c7758205e0a7a7,fefefee6e6e60000,1.0,unique,Needs Manual Review
okay,okay,INCLUDE,alright,okay/okay__INCLUDE__00602__MVI_9964.mp4,MVI_9964.MOV,include_MVI_9964,,30.0,854x480,3.433333,CC-BY-4.0,https://doi.org/10.1145/3394171.3413528,https://github.com/AI4Bharat/INCLUDE,https://zenodo.org/records/4010759,53b751a6d9dde09d686c18e0d52aa03b7197715f499240de6972aab3198acad6,fefefee6e6e60000,1.0,unique,Needs Manual Review
okay,okay,INCLUDE,alright,okay/okay__INCLUDE__00603__MVI_9965.mp4,MVI_9965.MOV,include_MVI_9965,,30.0,854x480,3.133008,CC-BY-4.0,https://doi.org/10.1145/3394171.3413528,https://github.com/AI4Bharat/INCLUDE,https://zenodo.org/records/4010759,d7e89ebfb37d10d4565d0c0ea80bce98971fbdb966d1adfb8787e48f51d1e79e,fefee6e6e6e60000,1.0,unique,Needs Manual Review
okay,okay,INCLUDE,alright,okay/okay__INCLUDE__00604__MVI_9966.mp4,MVI_9966.MOV,include_MVI_9966,,30.0,854x480,2.866016,CC-BY-4.0,https://doi.org/10.1145/3394171.3413528,https://github.com/AI4Bharat/INCLUDE,https://zenodo.org/records/4010759,20b4992df9d7fa16c2f1d57456664f6ffda5192be409666fdb14dfae6a39993c,fefee6e6e6e60000,1.0,unique,Needs Manual Review
okay,okay,INCLUDE,alright,okay/okay__INCLUDE__00605__MVI_9988.mp4,MVI_9988.MOV,include_MVI_9988,,30.0,854x480,2.133008,CC-BY-4.0,https://doi.org/10.1145/3394171.3413528,https://github.com/AI4Bharat/INCLUDE,https://zenodo.org/records/4010759,9ae03bcefd35bde0d2d4928415070a170ee159c8dee9301eb9055025efdcf510,7f7f7767e7664080,1.0,unique,Needs Manual Review
okay,okay,INCLUDE,alright,okay/okay__INCLUDE__00606__MVI_9989.mp4,MVI_9989.MOV,include_MVI_9989,,30.0,854x480,2.4,CC-BY-4.0,https://doi.org/10.1145/3394171.3413528,https://github.com/AI4Bharat/INCLUDE,https://zenodo.org/records/4010759,7211017d13c400fed2bbd9efc8215dc7e55bb1651b45eb18d2b87b415f451a6f,7f7f6f67e7664080,1.0,unique,Needs Manual Review
okay,okay,INCLUDE,alright,okay/okay__INCLUDE__00607__MVI_9990.mp4,MVI_9990.MOV,include_MVI_9990,,30.0,854x480,2.166667,CC-BY-4.0,https://doi.org/10.1145/3394171.3413528,https://github.com/AI4Bharat/INCLUDE,https://zenodo.org/records/4010759,9522814628149f5783f4336e41219cd7d4643b80204bbcef374710d0721d8beb,7f7f7767e7664080,1.0,unique,Needs Manual Review
thank you,thank you,INCLUDE,thank you,thank_you/thank_you__INCLUDE__00608__MVI_0006.mp4,MVI_0006.MOV,include_MVI_0006,,30.0,854x480,2.133008,CC-BY-4.0,https://doi.org/10.1145/3394171.3413528,https://github.com/AI4Bharat/INCLUDE,https://zenodo.org/records/4010759,4c46b72d1d2647723f00c384914ddd3c4c92671c295266d657ced66d3d8263dd,7f7f7767e7664080,1.0,unique,accepted
thank you,thank you,INCLUDE,thank you,thank_you/thank_you__INCLUDE__00609__MVI_0007.mp4,MVI_0007.MOV,include_MVI_0007,,30.0,854x480,2.233333,CC-BY-4.0,https://doi.org/10.1145/3394171.3413528,https://github.com/AI4Bharat/INCLUDE,https://zenodo.org/records/4010759,1f6a869d72a8a2f714dd87c8763850519b32f2acb5645b69608264ad99e993cb,7f7f7767e7664080,1.0,unique,accepted
thank you,thank you,INCLUDE,thank you,thank_you/thank_you__INCLUDE__00610__MVI_0008.mp4,MVI_0008.MOV,include_MVI_0008,,30.0,854x480,2.266016,CC-BY-4.0,https://doi.org/10.1145/3394171.3413528,https://github.com/AI4Bharat/INCLUDE,https://zenodo.org/records/4010759,06c8039cc2e73ec022ca6fb15b6941e1d72bc797b38cbba30389a9bf06cc2624,7f7f7767e7664080,1.0,unique,accepted
thank you,thank you,INCLUDE,thank you,thank_you/thank_you__INCLUDE__00611__MVI_0058.mp4,MVI_0058.MOV,include_MVI_0058,,30.0,854x480,2.4,CC-BY-4.0,https://doi.org/10.1145/3394171.3413528,https://github.com/AI4Bharat/INCLUDE,https://zenodo.org/records/4010759,2acd0d912ed6b19d265ae0414ce52a5573a76fca42475a4a6f57c58c9af84093,7f7f7767e7660080,1.0,unique,accepted
thank you,thank you,INCLUDE,thank you,thank_you/thank_you__INCLUDE__00612__MVI_0059.mp4,MVI_0059.MOV,include_MVI_0059,,30.0,854x480,2.233008,CC-BY-4.0,https://doi.org/10.1145/3394171.3413528,https://github.com/AI4Bharat/INCLUDE,https://zenodo.org/records/4010759,99b92906ead8080a47486873766c7543dd06dd60ecb686631ec84389c6435d65,7f7f7767e7664080,1.0,unique,accepted
thank you,thank you,INCLUDE,thank you,thank_you/thank_you__INCLUDE__00613__MVI_0060.mp4,MVI_0060.MOV,include_MVI_0060,,30.0,854x480,2.233333,CC-BY-4.0,https://doi.org/10.1145/3394171.3413528,https://github.com/AI4Bharat/INCLUDE,https://zenodo.org/records/4010759,633138c7197fdf1ba9abf2c91b77a22a4f81f88b4e64667368a315451bf3a05a,7f7f7767e7664080,1.0,unique,accepted
thank you,thank you,INCLUDE,thank you,thank_you/thank_you__INCLUDE__00614__MVI_0060_.mp4,MVI_0060_.MOV,include_MVI_0060_,,30.0,854x480,3.233008,CC-BY-4.0,https://doi.org/10.1145/3394171.3413528,https://github.com/AI4Bharat/INCLUDE,https://zenodo.org/records/4010759,ba06a6d1a44a0f715384df6623a1faddf4a667afaf983e826d41c59b9b668a7c,eefee6e6e6e00000,1.0,unique,accepted
thank you,thank you,INCLUDE,thank you,thank_you/thank_you__INCLUDE__00615__MVI_0061.mp4,MVI_0061.MOV,include_MVI_0061,,30.0,854x480,3.266016,CC-BY-4.0,https://doi.org/10.1145/3394171.3413528,https://github.com/AI4Bharat/INCLUDE,https://zenodo.org/records/4010759,23b58ecbae3500623dd49e9de990c58a4526e738995eb17754f00a7f1a6f7bea,eefee6e6e6e00000,1.0,unique,accepted
thank you,thank you,INCLUDE,thank you,thank_you/thank_you__INCLUDE__00616__MVI_0062.mp4,MVI_0062.MOV,include_MVI_0062,,30.0,854x480,3.166016,CC-BY-4.0,https://doi.org/10.1145/3394171.3413528,https://github.com/AI4Bharat/INCLUDE,https://zenodo.org/records/4010759,b533ac35d5a0711f9663c098d51bcf65e1c4388b9572eff7c21ea32ca2afb87b,eeeee6e6e6e00000,1.0,unique,accepted
thank you,thank you,INCLUDE,thank you,thank_you/thank_you__INCLUDE__00617__MVI_0063.mp4,MVI_0063.MOV,include_MVI_0063,,30.0,854x480,3.433333,CC-BY-4.0,https://doi.org/10.1145/3394171.3413528,https://github.com/AI4Bharat/INCLUDE,https://zenodo.org/records/4010759,82949bf667a70648e83e838ad6b497b922523a72bdfe6c329d1a52a1670b5e83,eeeee6e6e6e00000,1.0,unique,accepted
thank you,thank you,INCLUDE,thank you,thank_you/thank_you__INCLUDE__00618__MVI_0111.mp4,MVI_0111.MOV,include_MVI_0111,,30.0,854x480,2.466016,CC-BY-4.0,https://doi.org/10.1145/3394171.3413528,https://github.com/AI4Bharat/INCLUDE,https://zenodo.org/records/4010759,63311c1079c1a1dbacd421fda7dbfd64d79cd0737b0d53e13873efa61e13359a,7f6f6f6767664000,1.0,unique,accepted
thank you,thank you,INCLUDE,thank you,thank_you/thank_you__INCLUDE__00619__MVI_0112.mp4,MVI_0112.MOV,include_MVI_0112,,30.0,854x480,3.0,CC-BY-4.0,https://doi.org/10.1145/3394171.3413528,https://github.com/AI4Bharat/INCLUDE,https://zenodo.org/records/4010759,bccb83f4a4cacb7e68e3461d15ab51986ad0561ef234ffc2879041e359319fd1,7f6f6f6f67660000,1.0,unique,accepted
thank you,thank you,INCLUDE,thank you,thank_you/thank_you__INCLUDE__00620__MVI_0113.mp4,MVI_0113.MOV,include_MVI_0113,,30.0,854x480,3.166016,CC-BY-4.0,https://doi.org/10.1145/3394171.3413528,https://github.com/AI4Bharat/INCLUDE,https://zenodo.org/records/4010759,4446819b4aeefa98745296ef23480750b5d008431486c580d58fdae6b0e6b32b,7f7f7f6767664000,1.0,unique,accepted
thank you,thank you,INCLUDE,thank you,thank_you/thank_you__INCLUDE__00621__MVI_9948.mp4,MVI_9948.MOV,include_MVI_9948,,30.0,854x480,2.133008,CC-BY-4.0,https://doi.org/10.1145/3394171.3413528,https://github.com/AI4Bharat/INCLUDE,https://zenodo.org/records/4010759,8bb6556468df72d19d95ad377121934575b74f04d5a9f7d4d1df75be31ea2594,7f7f7f67e7660000,1.0,unique,accepted
thank you,thank you,INCLUDE,thank you,thank_you/thank_you__INCLUDE__00622__MVI_9949.mp4,MVI_9949.MOV,include_MVI_9949,,30.0,854x480,2.266667,CC-BY-4.0,https://doi.org/10.1145/3394171.3413528,https://github.com/AI4Bharat/INCLUDE,https://zenodo.org/records/4010759,eb6aff345f7cbad5ceb4d9ab2f58ae36d23685e7f9ec80212d2fab1e4d416500,7f7f7f67e7660000,1.0,unique,accepted
thank you,thank you,INCLUDE,thank you,thank_you/thank_you__INCLUDE__00623__MVI_9950.mp4,MVI_9950.MOV,include_MVI_9950,,30.0,854x480,2.066667,CC-BY-4.0,https://doi.org/10.1145/3394171.3413528,https://github.com/AI4Bharat/INCLUDE,https://zenodo.org/records/4010759,683933eeb27518135267c6930c0ddf431d7da8730d16160797fb9faad96ec5f7,7f7f7f67e7660000,1.0,unique,accepted
thank you,thank you,INCLUDE,thank you,thank_you/thank_you__INCLUDE__00624__MVI_9951.mp4,MVI_9951.MOV,include_MVI_9951,,30.0,854x480,2.166016,CC-BY-4.0,https://doi.org/10.1145/3394171.3413528,https://github.com/AI4Bharat/INCLUDE,https://zenodo.org/records/4010759,06f431fe2d48a4432bf6b0baf609c8322a6fff77816c7fa6e7d7e5d407efdb07,7f7f7f67e7660000,1.0,unique,accepted
thank you,thank you,INCLUDE,thank you,thank_you/thank_you__INCLUDE__00625__MVI_9984.mp4,MVI_9984.MOV,include_MVI_9984,,30.0,854x480,2.433008,CC-BY-4.0,https://doi.org/10.1145/3394171.3413528,https://github.com/AI4Bharat/INCLUDE,https://zenodo.org/records/4010759,9d52dbba749fced415fed53fc6e4686921b73c727a82b6b2379c05f1bdd0df12,fefef6e6e6f60000,1.0,unique,accepted
thank you,thank you,INCLUDE,thank you,thank_you/thank_you__INCLUDE__00626__MVI_9985.mp4,MVI_9985.MOV,include_MVI_9985,,30.0,854x480,2.666667,CC-BY-4.0,https://doi.org/10.1145/3394171.3413528,https://github.com/AI4Bharat/INCLUDE,https://zenodo.org/records/4010759,7fe836a63490a820f58c304c1a700dcb77f8dc55f74493c8d82ad5496119679b,fefef6e6e6f60000,1.0,unique,accepted
thank you,thank you,INCLUDE,thank you,thank_you/thank_you__INCLUDE__00627__MVI_9986.mp4,MVI_9986.MOV,include_MVI_9986,,30.0,854x480,2.233333,CC-BY-4.0,https://doi.org/10.1145/3394171.3413528,https://github.com/AI4Bharat/INCLUDE,https://zenodo.org/records/4010759,f9e16cbd689829d301bc8c12ad210fb2bca8e1bf7564d9aceda475be6865caee,fefee6e6e6f60000,1.0,unique,accepted
thank you,thank you,INCLUDE,thank you,thank_you/thank_you__INCLUDE__00628__MVI_9987.mp4,MVI_9987.MOV,include_MVI_9987,,30.0,854x480,2.533008,CC-BY-4.0,https://doi.org/10.1145/3394171.3413528,https://github.com/AI4Bharat/INCLUDE,https://zenodo.org/records/4010759,f2428d6a27bb1c48d4ac1dc8593ae0e95abcf4712f6efb78caaa2ae2528e56d1,fefef6e6e6f60000,1.0,unique,accepted
goodbye,goodbye,ISLRTC_dictionary,Bye,goodbye/goodbye__ISLRTC_dictionary__00629__Bye.mp4,Bye.mp4,islrtc_dict,,30.0,854x480,14.266016,Government open data / check data.gov.in,,https://huggingface.co/datasets/Vignesh3816/Indian_Sign_Language_Data.gov_Rencoded,https://www.data.gov.in/resource/indian-sign-language-dictionary-till-january-2024,aa9fb5e3652bb546625325a00ff7cfbc9a56f1ebc89597f93208979d5e43d941,ffff0b0b010191f3,1.0,unique,Needs Manual Review
goodbye,goodbye,ISLRTC_dictionary,Bye_Goodbye,goodbye/goodbye__ISLRTC_dictionary__00630__Bye_Goodbye.mp4,Bye_Goodbye.mp4,islrtc_dict,,30.0,854x480,4.333333,Government open data / check data.gov.in,,https://huggingface.co/datasets/Vignesh3816/Indian_Sign_Language_Data.gov_Rencoded,https://www.data.gov.in/resource/indian-sign-language-dictionary-till-january-2024,aa52c8a53e4ee5053f4035ecec1673add2cf5006b99abbb69f9eaea8296522aa,ffefffe7c7c7e7e7,1.0,unique,accepted
stop,stop,ISLRTC_dictionary,Cease_Discontinue_Halt_Stop,stop/stop__ISLRTC_dictionary__00631__Cease_Discontinue_Halt_Stop.mp4,Cease_Discontinue_Halt_Stop.mp4,islrtc_dict,,30.0,854x480,4.3,Government open data / check data.gov.in,,https://huggingface.co/datasets/Vignesh3816/Indian_Sign_Language_Data.gov_Rencoded,https://www.data.gov.in/resource/indian-sign-language-dictionary-till-january-2024,4abdd0baa7839f809a42d52628869881b579a05c2b128abdbbdbbfe11e439692,ffbfb3f3b1f3f3f3,1.0,unique,Needs Manual Review
come,come,ISLRTC_dictionary,Come,come/come__ISLRTC_dictionary__00632__Come.mp4,Come.mp4,islrtc_dict,,30.0,854x480,4.4,Government open data / check data.gov.in,,https://huggingface.co/datasets/Vignesh3816/Indian_Sign_Language_Data.gov_Rencoded,https://www.data.gov.in/resource/indian-sign-language-dictionary-till-january-2024,0cc96de5aa3194db684cad1f50054510dace10b40e5c38a956bce4220a8c3df2,fff7ffe7e7e7e7e6,1.0,unique,accepted
me,me,ISLRTC_dictionary,Myself,me/me__ISLRTC_dictionary__00633__Myself.mp4,Myself.mp4,islrtc_dict,,30.0,854x480,3.033008,Government open data / check data.gov.in,,https://huggingface.co/datasets/Vignesh3816/Indian_Sign_Language_Data.gov_Rencoded,https://www.data.gov.in/resource/indian-sign-language-dictionary-till-january-2024,1f0b5cd9152e85781efc749af43348a17f8700e4a3918c39fee490adea9b54a5,ffeffff7e7c3e7e6,1.0,unique,Needs Manual Review
okay,okay,ISLRTC_dictionary,Okay,okay/okay__ISLRTC_dictionary__00634__Okay.mp4,Okay.mp4,islrtc_dict,,30.0,854x480,4.0,Government open data / check data.gov.in,,https://huggingface.co/datasets/Vignesh3816/Indian_Sign_Language_Data.gov_Rencoded,https://www.data.gov.in/resource/indian-sign-language-dictionary-till-january-2024,9b7ac1229fdf7f938c0b5ecf423fa7d674b94a9bf4b8c5a6ab0f4d3b43960ae1,fffff7e7e3e3e3e3,1.0,unique,accepted
read,read,ISLRTC_dictionary,Read,read/read__ISLRTC_dictionary__00635__Read.mp4,Read.mp4,islrtc_dict,,30.0,854x480,4.033008,Government open data / check data.gov.in,,https://huggingface.co/datasets/Vignesh3816/Indian_Sign_Language_Data.gov_Rencoded,https://www.data.gov.in/resource/indian-sign-language-dictionary-till-january-2024,2a94441f74cdb453f82f61580ed0d7ac9e1dda93a2ead6855ef5150c6a456ec9,ffe7efe7e7e7e7e6,1.0,unique,accepted
sorry,sorry,ISLRTC_dictionary,Sorry,sorry/sorry__ISLRTC_dictionary__00636__Sorry.mp4,Sorry.mp4,islrtc_dict,,30.0,854x480,3.433008,Government open data / check data.gov.in,,https://huggingface.co/datasets/Vignesh3816/Indian_Sign_Language_Data.gov_Rencoded,https://www.data.gov.in/resource/indian-sign-language-dictionary-till-january-2024,571d94e79a47a1a41ce8ebf65a08c4c948c3e7051f824edf974ae5305dda75f6,ffe7efe7c7c7c7e7,1.0,unique,accepted
sorry,sorry,ISLRTC_dictionary,Sorry_(Sign_2),sorry/sorry__ISLRTC_dictionary__00637__Sorry_(Sign_2).mp4,Sorry_(Sign_2).mp4,islrtc_dict,,30.0,854x480,2.933008,Government open data / check data.gov.in,,https://huggingface.co/datasets/Vignesh3816/Indian_Sign_Language_Data.gov_Rencoded,https://www.data.gov.in/resource/indian-sign-language-dictionary-till-january-2024,e8396104aa12c88c8f63b1b54a8f4dc1337d8aef39f4383e34e27e7c81747e96,ffefffe7c7e7e7e6,1.0,unique,accepted
stand,stand,ISLRTC_dictionary,Stand,stand/stand__ISLRTC_dictionary__00638__Stand.mp4,Stand.mp4,islrtc_dict,,30.0,854x480,3.066667,Government open data / check data.gov.in,,https://huggingface.co/datasets/Vignesh3816/Indian_Sign_Language_Data.gov_Rencoded,https://www.data.gov.in/resource/indian-sign-language-dictionary-till-january-2024,3904190635f9b40bff19d7f1aed9e15327510259aecc78f86d71291c0741d5b2,ffa7ffe7c7c7e7e7,1.0,unique,accepted
stop,stop,ISLRTC_dictionary,Stop,stop/stop__ISLRTC_dictionary__00639__Stop.mp4,Stop.mp4,islrtc_dict,,30.0,854x480,4.266667,Government open data / check data.gov.in,,https://huggingface.co/datasets/Vignesh3816/Indian_Sign_Language_Data.gov_Rencoded,https://www.data.gov.in/resource/indian-sign-language-dictionary-till-january-2024,66df5ad7a6aaab08b8a991dc7ad90cf8ccd23de8b6d237f503a6dae4f8a3813e,ffeffff7e7e7e7e6,1.0,unique,accepted
when,when,ISLRTC_dictionary,When_(For_Days),when/when__ISLRTC_dictionary__00640__When_(For_Days).mp4,When_(For_Days).mp4,islrtc_dict,,30.0,854x480,2.733008,Government open data / check data.gov.in,,https://huggingface.co/datasets/Vignesh3816/Indian_Sign_Language_Data.gov_Rencoded,https://www.data.gov.in/resource/indian-sign-language-dictionary-till-january-2024,6403c8f5081f6d5fcebc0581a7d027f1bc597568a3567270e834b5bf735481aa,ff273fe7e3e3e7e7,1.0,unique,Needs Manual Review
write,write,ISLRTC_dictionary,Write,write/write__ISLRTC_dictionary__00641__Write.mp4,Write.mp4,islrtc_dict,,30.0,854x480,3.533333,Government open data / check data.gov.in,,https://huggingface.co/datasets/Vignesh3816/Indian_Sign_Language_Data.gov_Rencoded,https://www.data.gov.in/resource/indian-sign-language-dictionary-till-january-2024,d8868c59ae63f250ea17b0fd843875d0d86c33a821128b4d5ab64033937290a8,ffa7efe7c7c7e7e7,1.0,unique,accepted
